modelElementID,codeId
57,akka-bbb-fsesl/src/main/java/org/bigbluebutton/freeswitch/voice/events/ConfMember.java
66,akka-bbb-fsesl/src/main/java/org/bigbluebutton/freeswitch/voice/events/VoiceStartRecordingEvent.java
59,bbb-fsesl-client/src/main/java/org/freeswitch/esl/client/outbound/AbstractOutboundPipelineFactory.java
57,akka-bbb-fsesl/src/main/java/org/bigbluebutton/freeswitch/voice/freeswitch/actions/GetAllUsersCommand.java
62,akka-bbb-fsesl/src/main/java/org/bigbluebutton/freeswitch/voice/events/FreeswitchStatusReplyEvent.java
72,bbb-fsesl-client/src/main/java/org/freeswitch/esl/client/example/EslEventListener.java
30,bbb-common-web/src/main/java/org/bigbluebutton/web/services/EnteredUserCleanupTimerTask.java
36,bbb-common-web/src/main/java/org/bigbluebutton/web/services/callback/DelayCallback.java
9,build/packages-template/bbb-html5-nodejs/build.sh
60,akka-bbb-fsesl/src/main/java/org/bigbluebutton/freeswitch/voice/freeswitch/response/XMLResponseConferenceListParser.java
62,bbb-fsesl-client/src/main/java/org/freeswitch/esl/client/outbound/SocketClient.java
72,akka-bbb-fsesl/src/main/java/org/bigbluebutton/freeswitch/voice/events/ConfRecording.java
60,akka-bbb-fsesl/src/main/java/org/bigbluebutton/freeswitch/voice/freeswitch/actions/HoldUserCommand.java
39,build/packages-template/bbb-html5/after-install.sh
46,bbb-common-message/src/main/java/org/bigbluebutton/common2/redis/pubsub/MessageHandler.java
60,akka-bbb-fsesl/src/main/java/org/bigbluebutton/freeswitch/voice/freeswitch/actions/FreeswitchCommand.java
60,bbb-fsesl-client/src/test/java/org/freeswitch/esl/client/transport/message/EslFrameDecoderTest.java
62,bbb-fsesl-client/src/main/java/org/freeswitch/esl/client/example/ExampleClient.java
10,build/packages-template/bbb-html5/workers-start.sh
66,akka-bbb-fsesl/src/main/java/org/bigbluebutton/freeswitch/voice/events/VoiceUserMutedEvent.java
36,bbb-common-web/src/main/java/org/bigbluebutton/web/services/callback/ICallbackEvent.java
61,freeswitch.placeholder.sh
63,akka-bbb-fsesl/src/main/java/org/bigbluebutton/freeswitch/voice/freeswitch/actions/ForceEjectUserCommand.java
81,bbb-common-web/src/main/java/org/bigbluebutton/presentation/imp/PresentationFileProcessor.java
61,bbb-fsesl-client/src/main/java/org/freeswitch/esl/client/internal/debug/ExecutionHandler.java
9,build/packages-template/bbb-html5/before-install.sh
60,bbb-common-message/src/main/java/org/bigbluebutton/common2/redis/pubsub/MessageDistributor.java
8,build/packages-template/bbb-html5/kill_mongo.sh
78,bbb-common-web/src/main/java/org/bigbluebutton/web/services/turn/StunServer.java
78,bbb-common-web/src/main/java/org/bigbluebutton/web/services/turn/TurnServer.java
66,bbb-fsesl-client/src/main/java/org/freeswitch/esl/client/internal/debug/ExecutionHandler.java
12,build/packages-template/bbb-html5/workers-start.sh
60,akka-bbb-apps/src/main/scala/org/bigbluebutton/core/util/jhotdraw/Geom.java
72,akka-bbb-fsesl/src/main/java/org/bigbluebutton/freeswitch/voice/events/ConfMember.java
51,akka-bbb-apps/run.sh
51,akka-bbb-apps/src/main/scala/org/bigbluebutton/core/util/jhotdraw/BezierPath.java
73,build/packages-template/bbb-html5/after-install.sh
59,bbb-fsesl-client/src/main/java/org/freeswitch/esl/client/transport/SendMsg.java
81,bbb-common-web/src/main/java/org/bigbluebutton/presentation/handlers/ImageResizerHandler.java
39,build/packages-template/bbb-graphql-server/before-remove.sh
62,bbb-fsesl-client/src/main/java/org/freeswitch/esl/client/manager/internal/ManagerConnectionImpl.java
80,bbb-common-web/src/main/java/org/bigbluebutton/presentation/messages/UploadFileTooLargeMessage.java
57,bbb-fsesl-client/src/main/java/org/freeswitch/esl/client/example/HeartbeatThread.java
58,bbb-fsesl-client/src/main/java/org/freeswitch/esl/client/internal/IEslProtocolListener.java
72,akka-bbb-fsesl/src/main/java/org/bigbluebutton/freeswitch/voice/commands/MuteUserCommand.java
63,akka-bbb-fsesl/src/main/java/org/bigbluebutton/freeswitch/voice/events/ConfMember.java
5,bigbluebutton-html5/deploy_to_usr_share.sh
66,bbb-fsesl-client/src/main/java/org/freeswitch/esl/client/outbound/AbstractOutboundClientHandler.java
58,akka-bbb-fsesl/src/main/java/org/bigbluebutton/freeswitch/voice/freeswitch/actions/BroadcastConferenceCommand.java
60,build/packages-template/bbb-freeswitch-core/fs_clibbb
39,build/packages-template/bbb-html5/run_mongo.sh
6,build/packages-template/bbb-graphql-server/opts-jammy.sh
66,bbb-fsesl-client/src/main/java/org/freeswitch/esl/client/manager/internal/ManagerConnectionImpl.java
60,bigbluebutton-config/cron.hourly/bbb-resync-freeswitch
47,bbb-graphql-server/install-hasura.sh
58,akka-bbb-fsesl/src/main/java/org/bigbluebutton/freeswitch/voice/events/VoiceConferenceEvent.java
59,build/packages-template/bbb-freeswitch-core/build.sh
61,akka-bbb-fsesl/src/main/java/org/bigbluebutton/freeswitch/voice/events/AudioFloorChangedEvent.java
59,akka-bbb-fsesl/src/main/java/org/bigbluebutton/freeswitch/voice/commands/MuteUserCommand.java
5,bigbluebutton-html5/transifex.sh
61,akka-bbb-fsesl/src/main/java/org/bigbluebutton/freeswitch/voice/freeswitch/actions/BroadcastConferenceCommand.java
63,akka-bbb-fsesl/src/main/java/org/bigbluebutton/freeswitch/voice/freeswitch/ESLEventListener.java
68,build/packages-template/bbb-html5/before-install.sh
59,bbb-fsesl-client/src/main/java/org/freeswitch/esl/client/internal/debug/ChannelEventRunnable.java
81,bbb-common-web/src/main/java/org/bigbluebutton/presentation/PageExtractor.java
8,bigbluebutton-html5/transifex.sh
59,akka-bbb-fsesl/src/main/java/org/bigbluebutton/freeswitch/voice/freeswitch/actions/GetAllUsersCommand.java
4,bbb-graphql-client-test/deploy.sh
51,bbb-common-web/src/main/java/org/bigbluebutton/common/messages/BbbAppsIsAliveMessage.java
66,akka-bbb-fsesl/src/main/java/org/bigbluebutton/freeswitch/voice/events/VoiceUserLeftEvent.java
80,bbb-common-web/src/main/java/org/bigbluebutton/presentation/imp/OfficeDocumentValidator2.java
39,build/packages-template/bbb-html5/systemd_start.sh
62,build/packages-template/bbb-freeswitch-core/opts-jammy.sh
72,akka-bbb-fsesl/src/main/java/org/bigbluebutton/freeswitch/voice/freeswitch/response/XMLResponseConferenceListParser.java
80,bbb-common-web/src/main/java/org/bigbluebutton/presentation/imp/PdfPageCounter.java
30,build/packages-template/bbb-web/before-install.sh
12,build/packages-template/bbb-html5/kill_mongo.sh
58,akka-bbb-fsesl/src/main/java/org/bigbluebutton/freeswitch/voice/events/VoiceUserLeftEvent.java
8,build/packages-template/bbb-html5/systemd_start.sh
80,bbb-common-web/src/main/java/org/bigbluebutton/presentation/imp/SvgImageCreatorImp.java
67,build/packages-template/bbb-webrtc-sfu/after-install.sh
81,build/packages-template/bbb-playback-presentation/build.sh
81,bbb-common-web/src/main/java/org/bigbluebutton/presentation/messages/DocPageCountFailed.java
12,build/packages-template/bbb-html5/after-remove.sh
59,akka-bbb-fsesl/src/main/java/org/bigbluebutton/freeswitch/voice/events/VoiceUsersStatusEvent.java
63,bbb-fsesl-client/src/main/java/org/freeswitch/esl/client/internal/debug/ChannelEventRunnable.java
73,bigbluebutton-html5/test-html5.sh
81,bbb-common-web/src/main/java/org/bigbluebutton/presentation/imp/PdfSlidesGenerationService.java
81,bbb-common-web/src/main/java/org/bigbluebutton/presentation/messages/DocConversionProgress.java
57,akka-bbb-fsesl/src/main/java/org/bigbluebutton/freeswitch/voice/events/VoiceStartRecordingEvent.java
46,bbb-common-message/src/main/java/org/bigbluebutton/common2/redis/pubsub/MessageSender.java
59,bbb-fsesl-client/src/main/java/org/freeswitch/esl/client/manager/ManagerConnection.java
66,akka-bbb-fsesl/src/main/java/org/bigbluebutton/freeswitch/voice/events/VoiceUsersStatusEvent.java
59,akka-bbb-fsesl/src/main/java/org/bigbluebutton/freeswitch/voice/freeswitch/actions/GetUsersStatusCommand.java
66,bbb-fsesl-client/src/main/java/org/freeswitch/esl/client/inbound/Client.java
51,akka-bbb-apps/src/test/java/org/bigbluebutton/xml/Simple.java
61,akka-bbb-fsesl/src/main/java/org/bigbluebutton/freeswitch/voice/freeswitch/actions/HoldUserCommand.java
46,bbb-common-message/src/main/java/org/bigbluebutton/common2/redis/pubsub/ReceivedMessage.java
72,akka-bbb-fsesl/src/main/java/org/bigbluebutton/freeswitch/voice/freeswitch/response/ConferenceMemberFlags.java
48,bbb-common-message/src/main/java/org/bigbluebutton/common2/redis/Keys.java
80,bbb-common-web/src/main/java/org/bigbluebutton/presentation/imp/PngCreatorImp.java
59,bbb-fsesl-client/src/test/java/org/freeswitch/esl/client/inbound/ClientTest.java
66,akka-bbb-fsesl/src/main/java/org/bigbluebutton/freeswitch/voice/events/VoiceUserJoinedEvent.java
6,build/packages-template/bbb-graphql-server/after-remove.sh
81,bbb-common-web/src/main/java/org/bigbluebutton/presentation/Util.java
36,bbb-common-web/src/main/java/org/bigbluebutton/web/services/KeepAliveService.java
12,build/packages-template/bbb-graphql-server/before-remove.sh
80,bbb-common-web/src/main/java/org/bigbluebutton/presentation/messages/DocInvalidMimeType.java
8,build/packages-template/bbb-html5/before-remove.sh
58,bbb-fsesl-client/src/main/java/org/freeswitch/esl/client/inbound/InboundConnectionFailure.java
63,akka-bbb-fsesl/src/main/java/org/bigbluebutton/freeswitch/voice/freeswitch/actions/MuteUserCommand.java
66,akka-bbb-fsesl/src/main/java/org/bigbluebutton/freeswitch/voice/events/ConfMember.java
65,build/packages-template/bbb-webrtc-sfu/after-install.sh
6,build/packages-template/bbb-html5/systemd_start_frontend.sh
6,build/packages-template/bbb-html5/systemd_start_frontend.sh
81,bbb-common-web/src/main/java/org/bigbluebutton/presentation/messages/DocPageCompletedProgress.java
6,bigbluebutton-html5/deploy_to_usr_share.sh
6,bigbluebutton-html5/deploy_to_usr_share.sh
79,bbb-common-message/src/main/java/org/bigbluebutton/common2/redis/pubsub/MessageReceiver.java
63,akka-bbb-fsesl/src/main/java/org/bigbluebutton/freeswitch/voice/events/VoiceStartRecordingEvent.java
60,build/packages-template/bbb-apps-akka/build.sh
80,bbb-common-web/src/main/java/org/bigbluebutton/presentation/OfficeToPdfConversionSuccessFilter.java
63,akka-bbb-fsesl/src/main/java/org/bigbluebutton/freeswitch/voice/commands/EjectUserCommand.java
57,akka-bbb-fsesl/src/main/java/org/bigbluebutton/freeswitch/voice/events/AudioFloorChangedEvent.java
59,akka-bbb-fsesl/src/main/java/org/bigbluebutton/freeswitch/voice/freeswitch/actions/FreeswitchCommand.java
72,bbb-fsesl-client/src/main/java/org/freeswitch/esl/client/IEslEventListener.java
66,bbb-fsesl-client/src/main/java/org/freeswitch/esl/client/example/ExampleClient.java
57,akka-bbb-fsesl/src/main/java/org/bigbluebutton/freeswitch/voice/freeswitch/actions/PlaySoundCommand.java
66,bbb-fsesl-client/src/main/java/org/freeswitch/esl/client/internal/debug/ChannelEventRunnable.java
60,akka-bbb-fsesl/src/main/java/org/bigbluebutton/freeswitch/voice/events/VoiceCallStateEvent.java
80,bbb-common-web/src/main/java/org/bigbluebutton/presentation/messages/PageConvertProgressMessage.java
39,build/packages-template/bbb-graphql-server/after-install.sh
78,bbb-common-web/src/main/java/org/bigbluebutton/web/services/turn/TurnEntry.java
78,bbb-common-web/src/main/java/org/bigbluebutton/web/services/KeepAliveMessage.java
73,build/packages-template/bbb-webrtc-sfu/before-install.sh
59,akka-bbb-fsesl/src/main/java/org/bigbluebutton/freeswitch/voice/commands/ConferenceCommand.java
5,build/packages-template/bbb-webrtc-sfu/build.sh
6,build/packages-template/bbb-html5/after-install.sh
6,build/packages-template/bbb-html5/after-install.sh
80,bbb-common-web/src/main/java/org/bigbluebutton/presentation/PageAnalyser.java
60,akka-bbb-fsesl/src/main/java/org/bigbluebutton/freeswitch/voice/freeswitch/actions/MuteUserCommand.java
58,bigbluebutton-config/cron.hourly/bbb-resync-freeswitch
65,build/packages-template/bbb-webrtc-sfu/opts-jammy.sh
78,build/packages-template/bbb-web/before-install.sh
63,bbb-fsesl-client/src/main/java/org/freeswitch/esl/client/outbound/AbstractOutboundClientHandler.java
72,akka-bbb-fsesl/src/main/java/org/bigbluebutton/freeswitch/voice/freeswitch/actions/ForceEjectUserCommand.java
81,bbb-common-web/src/main/java/org/bigbluebutton/presentation/PngCreator.java
72,akka-bbb-fsesl/src/main/java/org/bigbluebutton/freeswitch/voice/freeswitch/ESLEventListener.java
47,build/packages-template/bbb-html5/mongod_start_pre.sh
47,bbb-common-message/src/main/java/org/bigbluebutton/common2/redis/pubsub/ReceivedMessageHandler.java
5,bbb-graphql-middleware/demo/client/stress-test.sh
58,build/packages-template/bbb-freeswitch-core/after-remove.sh
54,akka-bbb-apps/src/debian/DEBIAN/preinst
14,build/packages-template/bbb-html5/systemd_start.sh
60,akka-bbb-apps/src/main/scala/org/bigbluebutton/core/util/jhotdraw/BezierPath.java
62,akka-bbb-fsesl/src/main/java/org/bigbluebutton/freeswitch/voice/freeswitch/ESLEventListener.java
65,bbb-webrtc-sfu.placeholder.sh
47,build/packages-template/bbb-html5-nodejs/build.sh
63,akka-bbb-fsesl/src/main/java/org/bigbluebutton/freeswitch/voice/freeswitch/ConnectionManager.java
58,akka-bbb-fsesl/src/main/java/org/bigbluebutton/freeswitch/voice/freeswitch/ESLEventListener.java
5,build/packages-template/bbb-html5/after-remove.sh
61,bbb-fsesl-client/src/test/java/org/freeswitch/esl/client/outbound/SocketClientTest.java
6,build/packages-template/bbb-html5/before-install.sh
6,build/packages-template/bbb-html5/before-install.sh
58,akka-bbb-fsesl/src/main/java/org/bigbluebutton/freeswitch/voice/events/VoiceStartRecordingEvent.java
59,akka-bbb-fsesl/src/main/java/org/bigbluebutton/freeswitch/voice/freeswitch/IDelayedCommandListener.java
62,bbb-fsesl-client/src/main/java/org/freeswitch/esl/client/internal/debug/ExecutionHandler.java
61,akka-bbb-fsesl/src/main/java/org/bigbluebutton/freeswitch/voice/events/ConfRecording.java
51,akka-bbb-apps/src/debian/DEBIAN/preinst
63,akka-bbb-fsesl/src/main/java/org/bigbluebutton/freeswitch/voice/events/FreeswitchHeartbeatEvent.java
39,build/packages-template/bbb-graphql-server/build.sh
12,build/packages-template/bbb-html5/systemd_start_frontend.sh
79,bbb-common-message/src/main/java/org/bigbluebutton/common2/redis/pubsub/MessageDistributor.java
60,akka-bbb-fsesl/src/main/java/org/bigbluebutton/freeswitch/voice/freeswitch/actions/BroadcastConferenceCommand.java
80,bbb-common-web/src/main/java/org/bigbluebutton/presentation/UploadedPresentation.java
57,bbb-fsesl-client/src/main/java/org/freeswitch/esl/client/inbound/Client.java
62,akka-bbb-fsesl/src/main/java/org/bigbluebutton/freeswitch/voice/freeswitch/IDelayedCommandListener.java
47,build/packages-template/bbb-graphql-server/build.sh
66,akka-bbb-fsesl/src/main/java/org/bigbluebutton/freeswitch/voice/commands/MuteUserCommand.java
73,build/packages-template/bbb-html5/mongod_start_pre.sh
59,bbb-fsesl-client/src/main/java/org/freeswitch/esl/client/manager/internal/ManagerConnectionImpl.java
70,build/packages-template/bbb-webrtc-sfu/build.sh
66,bbb-fsesl-client/src/main/java/org/freeswitch/esl/client/transport/message/EslHeaders.java
59,bbb-fsesl-client/src/test/java/org/freeswitch/esl/client/transport/message/EslFrameDecoderTest.java
63,akka-bbb-fsesl/src/main/java/org/bigbluebutton/freeswitch/voice/freeswitch/actions/PlaySoundCommand.java
12,bigbluebutton-html5/deploy_to_usr_share.sh
72,bbb-fsesl-client/src/main/java/org/freeswitch/esl/client/transport/CommandResponse.java
57,akka-bbb-fsesl/src/main/java/org/bigbluebutton/freeswitch/voice/commands/RecordCommand.java
78,bbb-common-web/src/main/java/org/bigbluebutton/web/services/turn/StunTurnService.java
49,bbb-common-message/src/main/java/org/bigbluebutton/common2/redis/RedisAwareCommunicator.java
60,akka-bbb-apps/run.sh
66,akka-bbb-fsesl/src/main/java/org/bigbluebutton/freeswitch/voice/FreeswitchConferenceEventListener.java
14,build/packages-template/bbb-html5/run_mongo.sh
30,bbb-common-web/src/main/java/org/bigbluebutton/web/services/callback/MeetingEndedEvent.java
80,bbb-common-web/src/main/java/org/bigbluebutton/presentation/handlers/ImageResizerHandler.java
58,bbb-fsesl-client/src/main/java/org/freeswitch/esl/client/transport/message/EslMessage.java
80,bbb-common-web/src/main/java/org/bigbluebutton/presentation/messages/DocConversionRequestReceived.java
57,bbb-fsesl-client/src/test/java/org/freeswitch/esl/client/transport/message/EslFrameDecoderTest.java
54,akka-bbb-apps/src/main/scala/org/bigbluebutton/core/util/jhotdraw/BezierPathIterator.java
62,bbb-fsesl-client/src/main/java/org/freeswitch/esl/client/internal/IEslProtocolListener.java
62,akka-bbb-fsesl/src/main/java/org/bigbluebutton/freeswitch/voice/events/VoiceUserLeftEvent.java
39,build/packages-template/bbb-html5/systemd_start_frontend.sh
30,bbb-common-web/src/main/java/org/bigbluebutton/web/services/KeepAlivePing.java
62,bbb-fsesl-client/src/main/java/org/freeswitch/esl/client/outbound/AbstractOutboundClientHandler.java
62,build/packages-template/bbb-freeswitch-core/build.sh
62,bbb-fsesl-client/src/main/java/org/freeswitch/esl/client/inbound/Client.java
81,bbb-common-web/src/main/java/org/bigbluebutton/presentation/messages/DocPageCountExceeded.java
59,akka-bbb-fsesl/src/main/java/org/bigbluebutton/freeswitch/voice/freeswitch/ConnectionManager.java
30,bbb-common-web/src/main/java/org/bigbluebutton/web/services/callback/DelayCallback.java
60,build/packages-template/bbb-freeswitch-core/after-remove.sh
9,build/packages-template/bbb-graphql-server/build.sh
60,akka-bbb-apps/deploy.sh
63,akka-bbb-fsesl/src/main/java/org/bigbluebutton/freeswitch/voice/freeswitch/response/ConferenceMember.java
59,bbb-fsesl-client/src/main/java/org/freeswitch/esl/client/example/ExampleClient.java
47,bbb-common-message/src/main/java/org/bigbluebutton/common2/redis/pubsub/MessageDistributor.java
60,bbb-fsesl-client/src/main/java/org/freeswitch/esl/client/internal/HeaderParser.java
60,bbb-fsesl-client/src/test/java/org/freeswitch/esl/client/inbound/ClientTest.java
15,build/packages-template/bbb-html5/kill_mongo.sh
81,bbb-common-web/src/main/java/org/bigbluebutton/presentation/PageConverter.java
51,akka-bbb-apps/src/main/scala/org/bigbluebutton/core/util/jhotdraw/Bezier.java
73,build/packages-template/bbb-webrtc-sfu/build.sh
62,bbb-fsesl-client/src/main/java/org/freeswitch/esl/client/example/HeartbeatThread.java
57,akka-bbb-fsesl/src/main/java/org/bigbluebutton/freeswitch/voice/ConferenceServerListener.java
63,bbb-fsesl-client/src/main/java/org/freeswitch/esl/client/example/ExampleClient.java
72,bbb-fsesl-client/src/test/java/org/freeswitch/esl/client/outbound/SocketClientTest.java
9,bigbluebutton-html5/run-dev.sh
72,akka-bbb-fsesl/src/main/java/org/bigbluebutton/freeswitch/voice/events/VoiceUserJoinedEvent.java
63,akka-bbb-fsesl/src/main/java/org/bigbluebutton/freeswitch/voice/freeswitch/actions/RecordConferenceCommand.java
10,build/packages-template/bbb-html5/build.sh
5,build/packages-template/bbb-html5/mongod_start_pre.sh
73,build/packages-template/bbb-html5/run_mongo.sh
26,akka-bbb-apps/src/main/scala/org/bigbluebutton/core/util/jhotdraw/PathCommands.java
79,bbb-common-message/src/main/java/org/bigbluebutton/common2/redis/pubsub/MessageSender.java
81,bbb-common-web/src/main/java/org/bigbluebutton/presentation/handlers/AbstractCommandHandler.java
62,akka-bbb-fsesl/src/main/java/org/bigbluebutton/freeswitch/voice/commands/RecordCommand.java
13,bigbluebutton-html5/deploy_to_usr_share.sh
57,bbb-fsesl-client/src/main/java/org/freeswitch/esl/client/internal/AbstractEslClientHandler.java
78,bbb-common-web/src/main/java/org/bigbluebutton/web/services/KeepAlivePong.java
80,bbb-common-web/src/main/java/org/bigbluebutton/presentation/imp/PageToConvert.java
72,bbb-fsesl-client/src/main/java/org/freeswitch/esl/client/outbound/AbstractOutboundClientHandler.java
60,akka-bbb-fsesl/src/main/java/org/bigbluebutton/freeswitch/voice/events/ConferenceEventListener.java
13,build/packages-template/bbb-html5/run_mongo.sh
52,akka-bbb-apps/src/debian/DEBIAN/postrm
60,akka-bbb-apps/src/main/scala/org/bigbluebutton/core/util/jhotdraw/PathData.java
63,freeswitch.placeholder.sh
59,akka-bbb-fsesl/src/main/java/org/bigbluebutton/freeswitch/voice/freeswitch/actions/ForceEjectUserCommand.java
72,akka-bbb-fsesl/src/main/java/org/bigbluebutton/freeswitch/voice/FreeswitchConferenceEventListener.java
58,akka-bbb-fsesl/src/main/java/org/bigbluebutton/freeswitch/voice/freeswitch/ConnectionManager.java
63,akka-bbb-fsesl/src/main/java/org/bigbluebutton/freeswitch/voice/events/UnknownConferenceEvent.java
60,akka-bbb-fsesl/src/main/java/org/bigbluebutton/freeswitch/voice/commands/MuteUserCommand.java
61,akka-bbb-fsesl/src/main/java/org/bigbluebutton/freeswitch/voice/events/FreeswitchHeartbeatEvent.java
18,build/packages-template/bbb-html5/before-remove.sh
81,bbb-common-web/src/main/java/org/bigbluebutton/presentation/PageCounter.java
80,bbb-common-web/src/main/java/org/bigbluebutton/presentation/DocumentConversionService.java
62,akka-bbb-fsesl/src/main/java/org/bigbluebutton/freeswitch/voice/freeswitch/ConnectionManager.java
81,bbb-common-web/src/main/java/org/bigbluebutton/presentation/handlers/PdfFontType3DetectorHandler.java
68,build/packages-template/bbb-graphql-server/before-remove.sh
57,bbb-fsesl-client/src/main/java/org/freeswitch/esl/client/manager/DefaultManagerConnection.java
80,bbb-common-web/src/main/java/org/bigbluebutton/presentation/messages/DocPageGeneratedProgress.java
61,akka-bbb-fsesl/src/main/java/org/bigbluebutton/freeswitch/voice/events/VoiceUserTalkingEvent.java
57,bbb-fsesl-client/src/main/java/org/freeswitch/esl/client/transport/message/EslHeaders.java
70,bbb-webrtc-sfu.placeholder.sh
57,bbb-fsesl-client/src/main/java/org/freeswitch/esl/client/internal/debug/ExecutionHandler.java
63,bbb-fsesl-client/src/main/java/org/freeswitch/esl/client/internal/HeaderParser.java
66,build/packages-template/bbb-freeswitch-core/before-install.sh
60,akka-bbb-fsesl/src/main/java/org/bigbluebutton/freeswitch/voice/IVoiceConferenceService.java
68,build/packages-template/bbb-html5/systemd_start.sh
72,bbb-fsesl-client/src/main/java/org/freeswitch/esl/client/transport/message/EslFrameDecoder.java
8,build/packages-template/bbb-graphql-server/build.sh
57,akka-bbb-fsesl/src/main/java/org/bigbluebutton/freeswitch/voice/freeswitch/actions/GetUsersStatusCommand.java
78,build/packages-template/bbb-web/setenv.sh
57,akka-bbb-fsesl/src/debian/DEBIAN/postinst
72,build/packages-template/bbb-freeswitch-core/opts-jammy.sh
39,build/packages-template/bbb-graphql-server/opts-jammy.sh
63,akka-bbb-fsesl/src/main/java/org/bigbluebutton/freeswitch/voice/freeswitch/actions/GetAllUsersCommand.java
80,bbb-common-web/src/main/java/org/bigbluebutton/presentation/handlers/Office2PdfConverterHandler.java
61,akka-bbb-fsesl/src/main/java/org/bigbluebutton/freeswitch/voice/freeswitch/ESLEventListener.java
63,akka-bbb-fsesl/src/main/java/org/bigbluebutton/freeswitch/voice/commands/ConferenceCommandResult.java
58,akka-bbb-fsesl/src/main/java/org/bigbluebutton/freeswitch/voice/freeswitch/DelayedCommandSenderService.java
58,akka-bbb-fsesl/src/main/java/org/bigbluebutton/freeswitch/voice/freeswitch/actions/RecordConferenceCommand.java
63,build/packages-template/bbb-freeswitch-core/build.sh
59,bbb-fsesl-client/src/main/java/org/freeswitch/esl/client/internal/debug/ExecutionHandler.java
62,akka-bbb-fsesl/src/main/java/org/bigbluebutton/freeswitch/voice/freeswitch/actions/DelayedCommand.java
26,akka-bbb-apps/src/main/scala/org/bigbluebutton/core/util/jhotdraw/BezierWrapper.java
58,build/packages-template/bbb-freeswitch-sounds/build.sh
5,build/packages-template/bbb-html5/kill_mongo.sh
57,bbb-fsesl-client/src/main/java/org/freeswitch/esl/client/inbound/InboundClientHandler.java
68,build/packages-template/bbb-html5-nodejs/build.sh
66,akka-bbb-fsesl/src/main/java/org/bigbluebutton/freeswitch/voice/events/VoiceConferenceEvent.java
59,build/packages-template/bbb-freeswitch-core/opts-jammy.sh
63,akka-bbb-fsesl/src/main/java/org/bigbluebutton/freeswitch/voice/events/VoiceConfRunningAndRecordingEvent.java
80,bbb-common-web/src/main/java/org/bigbluebutton/presentation/SvgImageCreator.java
4,bbb-graphql-middleware/demo/client/run.sh
58,bbb-fsesl-client/src/main/java/org/freeswitch/esl/client/internal/HeaderParser.java
36,bbb-common-web/src/main/java/org/bigbluebutton/web/services/turn/RemoteIceCandidate.java
58,akka-bbb-fsesl/src/main/java/org/bigbluebutton/freeswitch/voice/freeswitch/actions/EjectUserCommand.java
58,akka-bbb-fsesl/src/main/java/org/bigbluebutton/freeswitch/voice/freeswitch/response/ConferenceMember.java
66,akka-bbb-fsesl/src/main/java/org/bigbluebutton/freeswitch/voice/events/ConfRecording.java
9,build/packages-template/bbb-graphql-server/before-remove.sh
80,bbb-common-web/src/main/java/org/bigbluebutton/presentation/imp/CountingPageException.java
59,akka-bbb-fsesl/src/main/java/org/bigbluebutton/freeswitch/voice/freeswitch/actions/EjectAllUsersCommand.java
67,build/packages-template/bbb-webrtc-sfu/opts-jammy.sh
9,build/packages-template/bbb-html5/after-remove.sh
57,akka-bbb-fsesl/src/main/java/org/bigbluebutton/freeswitch/voice/events/ConfRecording.java
26,akka-bbb-apps/src/debian/DEBIAN/postrm
12,build/packages-template/bbb-html5/build.sh
62,build/packages-template/bbb-freeswitch-core/fs_clibbb
60,akka-bbb-apps/src/main/scala/org/bigbluebutton/core/util/jhotdraw/BezierPathIterator.java
4,bbb-graphql-middleware/demo/client/stress-test.sh
36,bbb-common-web/src/main/java/org/bigbluebutton/web/services/WaitingGuestCleanupTimerTask.java
63,akka-bbb-fsesl/src/main/java/org/bigbluebutton/freeswitch/voice/events/VoiceUserMutedEvent.java
72,bbb-fsesl-client/src/main/java/org/freeswitch/esl/client/inbound/InboundConnectionFailure.java
66,akka-bbb-fsesl/src/main/java/org/bigbluebutton/freeswitch/voice/commands/EjectUserCommand.java
59,bbb-fsesl-client/src/main/java/org/freeswitch/esl/client/outbound/example/SimpleHangupOutboundHandler.java
5,bigbluebutton-html5/test-html5.sh
59,bigbluebutton-config/cron.hourly/bbb-resync-freeswitch
57,bbb-fsesl-client/src/main/java/org/freeswitch/esl/client/outbound/AbstractOutboundPipelineFactory.java
59,akka-bbb-fsesl/src/main/java/org/bigbluebutton/freeswitch/voice/ConferenceServerListener.java
58,build/packages-template/bbb-freeswitch-core/fs_clibbb
59,build/packages-template/bbb-freeswitch-sounds/opts-jammy.sh
5,bbb-graphql-middleware/demo/client/run.sh
58,akka-bbb-fsesl/src/main/java/org/bigbluebutton/freeswitch/voice/freeswitch/actions/CheckIfConfIsRunningCommand.java
66,bbb-fsesl-client/src/main/java/org/freeswitch/esl/client/transport/CommandResponse.java
65,build/packages-template/bbb-webrtc-sfu/build.sh
60,akka-bbb-fsesl/src/main/java/org/bigbluebutton/freeswitch/voice/freeswitch/actions/DeafUserCommand.java
58,akka-bbb-fsesl/src/main/java/org/bigbluebutton/freeswitch/voice/commands/MuteUserCommand.java
14,bigbluebutton-html5/test-html5.sh
52,build/packages-template/bbb-apps-akka/build.sh
8,build/packages-template/bbb-html5/before-install.sh
81,bbb-common-web/src/main/java/org/bigbluebutton/presentation/imp/PresentationConversionCompletionService.java
80,bbb-common-web/src/main/java/org/bigbluebutton/presentation/handlers/Png2SvgConversionHandler.java
62,akka-bbb-fsesl/src/main/java/org/bigbluebutton/freeswitch/voice/events/VoiceUserTalkingEvent.java
81,bbb-common-web/src/main/java/org/bigbluebutton/presentation/OfficeToPdfConversionSuccessFilter.java
5,build/packages-template/bbb-html5-nodejs/build.sh
61,bbb-fsesl-client/src/main/java/org/freeswitch/esl/client/example/EslEventListener.java
26,akka-bbb-apps/deploy.sh
52,akka-bbb-apps/deploy.sh
78,bbb-common-web/src/main/java/org/bigbluebutton/web/services/callback/CallbackUrlService.java
61,bbb-fsesl-client/src/main/java/org/freeswitch/esl/client/transport/event/EslEventHeaderNames.java
59,akka-bbb-fsesl/src/main/java/org/bigbluebutton/freeswitch/voice/events/VoiceUserTalkingEvent.java
63,akka-bbb-fsesl/src/main/java/org/bigbluebutton/freeswitch/voice/events/AudioFloorChangedEvent.java
66,bbb-fsesl-client/src/main/java/org/freeswitch/esl/client/manager/DefaultManagerConnection.java
78,bbb-common-web/src/main/java/org/bigbluebutton/web/services/EnteredUserCleanupTimerTask.java
57,akka-bbb-fsesl/src/main/java/org/bigbluebutton/freeswitch/voice/events/VoiceConfRunningAndRecordingEvent.java
15,bigbluebutton-html5/test-html5.sh
6,build/packages-template/bbb-graphql-server/before-remove.sh
59,bbb-fsesl-client/src/main/java/org/freeswitch/esl/client/internal/HeaderParser.java
63,build/packages-template/bbb-freeswitch-core/before-install.sh
72,akka-bbb-fsesl/src/main/java/org/bigbluebutton/freeswitch/voice/freeswitch/actions/RecordConferenceCommand.java
60,bbb-fsesl-client/src/main/java/org/freeswitch/esl/client/internal/debug/ChannelEventRunnable.java
59,build/packages-template/bbb-freeswitch-core/before-remove.sh
81,bbb-common-web/src/main/java/org/bigbluebutton/presentation/PresentationUrlDownloadService.java
6,build/packages-template/bbb-html5/run_mongo.sh
6,build/packages-template/bbb-html5/run_mongo.sh
63,akka-bbb-fsesl/src/main/java/org/bigbluebutton/freeswitch/voice/events/VoiceConferenceEvent.java
66,build/packages-template/bbb-freeswitch-core/after-remove.sh
57,akka-bbb-fsesl/src/main/java/org/bigbluebutton/freeswitch/voice/events/ConferenceEventListener.java
4,build/packages-template/bbb-html5/workers-start.sh
68,bigbluebutton-html5/deploy_to_usr_share.sh
54,akka-bbb-apps/src/main/scala/org/bigbluebutton/core/util/jhotdraw/Bezier.java
36,bbb-common-web/src/main/java/org/bigbluebutton/web/services/KeepAlivePong.java
59,bbb-fsesl-client/src/main/java/org/freeswitch/esl/client/IEslEventListener.java
18,build/packages-template/bbb-html5/opts-jammy.sh
68,build/packages-template/bbb-graphql-server/build.sh
60,bbb-fsesl-client/src/main/java/org/freeswitch/esl/client/transport/message/EslFrameDecoder.java
60,akka-bbb-apps/src/main/scala/org/bigbluebutton/core/util/jhotdraw/Shapes.java
60,bbb-fsesl-client/src/main/java/org/freeswitch/esl/client/inbound/InboundConnectionFailure.java
60,bbb-fsesl-client/src/main/java/org/freeswitch/esl/client/outbound/AbstractOutboundPipelineFactory.java
63,bbb-fsesl-client/src/main/java/org/freeswitch/esl/client/transport/event/EslEvent.java
57,akka-bbb-fsesl/src/main/java/org/bigbluebutton/freeswitch/voice/freeswitch/actions/EjectUserCommand.java
74,build/packages-template/bbb-webrtc-sfu/before-remove.sh
57,bbb-fsesl-client/src/main/java/org/freeswitch/esl/client/example/EslEventListener.java
73,build/packages-template/bbb-graphql-server/build.sh
66,akka-bbb-fsesl/src/main/java/org/bigbluebutton/freeswitch/voice/freeswitch/actions/GetAllUsersCommand.java
81,bbb-common-web/src/main/java/org/bigbluebutton/presentation/imp/ImageResizerImp.java
70,build/packages-template/bbb-webrtc-sfu/after-install.sh
58,akka-bbb-fsesl/src/main/java/org/bigbluebutton/freeswitch/voice/events/ConfRecording.java
59,akka-bbb-fsesl/src/main/java/org/bigbluebutton/freeswitch/voice/freeswitch/DelayedCommandSenderService.java
39,bigbluebutton-html5/transifex.sh
73,build/packages-template/bbb-html5/systemd_start.sh
66,bbb-fsesl-client/src/main/java/org/freeswitch/esl/client/outbound/example/SimpleHangupOutboundHandler.java
59,bbb-fsesl-client/src/main/java/org/freeswitch/esl/client/example/HeartbeatThread.java
72,akka-bbb-fsesl/src/main/java/org/bigbluebutton/freeswitch/voice/freeswitch/actions/BroadcastConferenceCommand.java
68,bigbluebutton-html5/test-html5.sh
61,akka-bbb-fsesl/src/main/java/org/bigbluebutton/freeswitch/voice/freeswitch/DelayedCommandSenderService.java
60,bbb-fsesl-client/src/main/java/org/freeswitch/esl/client/outbound/example/SimpleHangupOutboundHandler.java
80,bbb-common-web/src/main/java/org/bigbluebutton/presentation/imp/PageExtractorImp.java
58,akka-bbb-fsesl/src/main/java/org/bigbluebutton/freeswitch/voice/freeswitch/FreeswitchApplication.java
79,bbb-common-message/src/main/java/org/bigbluebutton/common2/redis/pubsub/MessageHandler.java
12,build/packages-template/bbb-html5/opts-jammy.sh
60,build/packages-template/bbb-freeswitch-sounds/build.sh
72,build/packages-template/bbb-freeswitch-sounds/build.sh
63,akka-bbb-fsesl/src/main/java/org/bigbluebutton/freeswitch/voice/freeswitch/actions/CheckFreeswitchStatusCommand.java
72,akka-bbb-fsesl/src/main/java/org/bigbluebutton/freeswitch/voice/events/UnknownConferenceEvent.java
13,build/packages-template/bbb-html5/systemd_start_frontend.sh
12,build/packages-template/bbb-html5-nodejs/build.sh
80,bbb-common-web/src/main/java/org/bigbluebutton/presentation/handlers/Pdf2PngPageConverterHandler.java
30,bbb-common-web/src/main/java/org/bigbluebutton/web/services/callback/ICallbackEvent.java
57,bbb-fsesl-client/src/main/java/org/freeswitch/esl/client/internal/HeaderParser.java
72,bbb-fsesl-client/src/main/java/org/freeswitch/esl/client/outbound/example/SimpleHangupOutboundHandler.java
57,akka-bbb-fsesl/src/main/java/org/bigbluebutton/freeswitch/voice/events/VoiceUsersStatusEvent.java
72,freeswitch.placeholder.sh
36,bbb-common-web/src/main/java/org/bigbluebutton/web/services/turn/StunServer.java
63,bbb-fsesl-client/src/main/java/org/freeswitch/esl/client/inbound/InboundPipelineFactory.java
58,akka-bbb-fsesl/src/main/java/org/bigbluebutton/freeswitch/voice/freeswitch/actions/DeafUserCommand.java
57,akka-bbb-fsesl/src/main/java/org/bigbluebutton/freeswitch/voice/freeswitch/response/ConferenceMember.java
57,akka-bbb-fsesl/src/main/java/org/bigbluebutton/freeswitch/voice/events/VoiceUserMutedEvent.java
66,akka-bbb-fsesl/src/main/java/org/bigbluebutton/freeswitch/voice/events/VoiceConfRunningEvent.java
47,build/packages-template/bbb-html5/run_mongo.sh
62,bbb-fsesl-client/src/main/java/org/freeswitch/esl/client/manager/ManagerConnection.java
66,akka-bbb-fsesl/src/main/java/org/bigbluebutton/freeswitch/voice/freeswitch/ConnectionManager.java
57,akka-bbb-fsesl/src/main/java/org/bigbluebutton/freeswitch/voice/commands/MuteUserCommand.java
36,build/packages-template/bbb-web/after-install.sh
58,bbb-fsesl-client/src/main/java/org/freeswitch/esl/client/outbound/example/SimpleHangupOutboundHandler.java
66,bbb-fsesl-client/src/main/java/org/freeswitch/esl/client/transport/SendMsg.java
60,akka-bbb-apps/src/main/scala/org/bigbluebutton/core/util/jhotdraw/Bezier.java
66,akka-bbb-fsesl/src/main/java/org/bigbluebutton/freeswitch/voice/events/ConferenceEventListener.java
62,build/packages-template/bbb-freeswitch-core/before-remove.sh
66,akka-bbb-fsesl/src/main/java/org/bigbluebutton/freeswitch/voice/events/VoiceCallStateEvent.java
57,akka-bbb-fsesl/src/main/java/org/bigbluebutton/freeswitch/voice/events/UnknownConferenceEvent.java
6,bbb-graphql-server/build_hasura.sh
62,akka-bbb-fsesl/src/main/java/org/bigbluebutton/freeswitch/voice/freeswitch/actions/TransferUserToMeetingCommand.java
72,akka-bbb-fsesl/src/main/java/org/bigbluebutton/freeswitch/voice/commands/ConferenceCommandResult.java
63,bbb-fsesl-client/src/main/java/org/freeswitch/esl/client/manager/internal/ManagerConnectionImpl.java
63,akka-bbb-fsesl/src/main/java/org/bigbluebutton/freeswitch/voice/events/FreeswitchStatusReplyEvent.java
81,bbb-common-web/src/main/java/org/bigbluebutton/presentation/messages/PageConvertProgressMessage.java
72,akka-bbb-fsesl/src/main/java/org/bigbluebutton/freeswitch/voice/freeswitch/actions/TransferUserToMeetingCommand.java
81,bbb-common-web/src/main/java/org/bigbluebutton/presentation/messages/DocPageConversionStarted.java
80,build/packages-template/bbb-playback-presentation/after-install.sh
58,akka-bbb-fsesl/src/main/java/org/bigbluebutton/freeswitch/voice/events/VoiceConfRunningAndRecordingEvent.java
70,build/packages-template/bbb-webrtc-sfu/before-remove.sh
59,akka-bbb-fsesl/src/main/java/org/bigbluebutton/freeswitch/voice/events/ConfMember.java
9,build/packages-template/bbb-html5/workers-start.sh
80,bbb-common-web/src/main/java/org/bigbluebutton/presentation/handlers/SvgConversionHandler.java
59,akka-bbb-fsesl/src/main/java/org/bigbluebutton/freeswitch/voice/IVoiceConferenceService.java
63,akka-bbb-fsesl/src/main/java/org/bigbluebutton/freeswitch/voice/freeswitch/actions/TransferUserToMeetingCommand.java
13,build/packages-template/bbb-graphql-server/opts-jammy.sh
26,akka-bbb-apps/src/main/scala/org/bigbluebutton/core/util/jhotdraw/PathData.java
47,build/packages-template/bbb-html5/workers-start.sh
63,bbb-fsesl-client/src/main/java/org/freeswitch/esl/client/internal/AbstractEslClientHandler.java
61,akka-bbb-fsesl/src/main/java/org/bigbluebutton/freeswitch/voice/freeswitch/actions/DeafUserCommand.java
61,akka-bbb-fsesl/src/main/java/org/bigbluebutton/freeswitch/voice/commands/EjectUserCommand.java
52,akka-bbb-apps/src/main/scala/org/bigbluebutton/core/util/jhotdraw/BezierWrapper.java
30,bbb-common-web/src/main/java/org/bigbluebutton/web/services/turn/TurnEntry.java
61,bbb-fsesl-client/src/main/java/org/freeswitch/esl/client/outbound/SocketClient.java
60,akka-bbb-fsesl/src/main/java/org/bigbluebutton/freeswitch/voice/events/VoiceConfRunningEvent.java
81,bbb-common-web/src/main/java/org/bigbluebutton/presentation/ThumbnailCreator.java
81,bbb-common-web/src/main/java/org/bigbluebutton/presentation/imp/SlidesGenerationProgressNotifier.java
72,akka-bbb-fsesl/src/main/java/org/bigbluebutton/freeswitch/voice/commands/GetUsersCommand.java
58,akka-bbb-fsesl/src/main/java/org/bigbluebutton/freeswitch/voice/events/VoiceUserLockedEvent.java
66,bbb-fsesl-client/src/main/java/org/freeswitch/esl/client/transport/event/EslEvent.java
60,akka-bbb-fsesl/src/main/java/org/bigbluebutton/freeswitch/voice/events/VoiceUserJoinedEvent.java
13,build/packages-template/bbb-html5/after-remove.sh
80,bbb-common-web/src/main/java/org/bigbluebutton/presentation/imp/OfficeToPdfConversionService.java
60,akka-bbb-fsesl/src/main/java/org/bigbluebutton/freeswitch/voice/freeswitch/actions/CheckIfConfIsRunningCommand.java
72,akka-bbb-fsesl/src/main/java/org/bigbluebutton/freeswitch/voice/freeswitch/actions/EjectAllUsersCommand.java
60,build/packages-template/bbb-freeswitch-core/before-remove.sh
46,bbb-common-message/src/main/java/org/bigbluebutton/common2/redis/pubsub/ReceivedMessageHandler.java
58,akka-bbb-fsesl/src/main/java/org/bigbluebutton/freeswitch/voice/events/AudioFloorChangedEvent.java
66,bbb-fsesl-client/src/test/java/org/freeswitch/esl/client/inbound/ClientTest.java
72,bbb-fsesl-client/src/main/java/org/freeswitch/esl/client/transport/message/EslMessage.java
62,build/packages-template/bbb-freeswitch-core/after-remove.sh
72,akka-bbb-fsesl/src/main/java/org/bigbluebutton/freeswitch/voice/freeswitch/actions/ConferenceCheckRecordCommand.java
30,bbb-common-web/src/main/java/org/bigbluebutton/web/services/KeepAlivePong.java
60,bbb-fsesl-client/src/main/java/org/freeswitch/esl/client/transport/event/EslEventHeaderNames.java
8,build/packages-template/bbb-html5/workers-start.sh
72,akka-bbb-fsesl/src/main/java/org/bigbluebutton/freeswitch/voice/freeswitch/IDelayedCommandListener.java
62,akka-bbb-fsesl/src/main/java/org/bigbluebutton/freeswitch/voice/freeswitch/actions/FreeswitchCommand.java
8,build/packages-template/bbb-graphql-server/opts-jammy.sh
15,build/packages-template/bbb-graphql-server/after-remove.sh
59,bbb-fsesl-client/src/main/java/org/freeswitch/esl/client/transport/message/EslFrameDecoder.java
59,akka-bbb-fsesl/src/main/java/org/bigbluebutton/freeswitch/voice/freeswitch/response/ConferenceMemberFlags.java
63,akka-bbb-fsesl/src/main/java/org/bigbluebutton/freeswitch/voice/freeswitch/actions/ConferenceCheckRecordCommand.java
60,akka-bbb-fsesl/src/main/java/org/bigbluebutton/freeswitch/voice/freeswitch/actions/DelayedCommand.java
66,akka-bbb-fsesl/src/main/java/org/bigbluebutton/freeswitch/voice/freeswitch/actions/DelayedCommand.java
72,akka-bbb-fsesl/src/main/java/org/bigbluebutton/freeswitch/voice/events/VoiceConfRunningAndRecordingEvent.java
57,bbb-fsesl-client/src/main/java/org/freeswitch/esl/client/inbound/InboundPipelineFactory.java
52,akka-bbb-apps/src/main/scala/org/bigbluebutton/core/util/jhotdraw/BezierPath.java
61,bbb-fsesl-client/src/main/java/org/freeswitch/esl/client/outbound/example/SimpleHangupOutboundHandler.java
57,bbb-fsesl-client/src/main/java/org/freeswitch/esl/client/outbound/AbstractOutboundClientHandler.java
81,bbb-common-web/src/main/java/org/bigbluebutton/presentation/handlers/Office2PdfConverterHandler.java
72,akka-bbb-fsesl/src/main/java/org/bigbluebutton/freeswitch/voice/freeswitch/actions/StopSoundCommand.java
63,build/packages-template/bbb-freeswitch-sounds/opts-jammy.sh
59,akka-bbb-fsesl/src/main/java/org/bigbluebutton/freeswitch/voice/freeswitch/actions/CheckIfConfIsRunningCommand.java
63,bbb-fsesl-client/src/main/java/org/freeswitch/esl/client/inbound/InboundConnectionFailure.java
9,bbb-graphql-server/install-hasura.sh
66,freeswitch.placeholder.sh
66,bbb-fsesl-client/src/main/java/org/freeswitch/esl/client/outbound/SocketClient.java
73,build/packages-template/bbb-html5/opts-jammy.sh
62,akka-bbb-fsesl/src/main/java/org/bigbluebutton/freeswitch/voice/events/FreeswitchHeartbeatEvent.java
60,akka-bbb-fsesl/src/main/java/org/bigbluebutton/freeswitch/voice/events/ConfRecording.java
62,akka-bbb-fsesl/src/main/java/org/bigbluebutton/freeswitch/voice/events/VoiceConfRunningAndRecordingEvent.java
59,akka-bbb-fsesl/src/main/java/org/bigbluebutton/freeswitch/voice/FreeswitchConferenceEventListener.java
72,akka-bbb-fsesl/src/main/java/org/bigbluebutton/freeswitch/voice/freeswitch/actions/CheckIfConfIsRunningCommand.java
66,bbb-fsesl-client/src/main/java/org/freeswitch/esl/client/inbound/InboundPipelineFactory.java
4,build/packages-template/bbb-html5/systemd_start.sh
72,bbb-fsesl-client/src/main/java/org/freeswitch/esl/client/outbound/SocketClient.java
60,akka-bbb-fsesl/src/main/java/org/bigbluebutton/freeswitch/voice/events/ConfMember.java
81,bbb-common-web/src/main/java/org/bigbluebutton/presentation/imp/ThumbnailCreatorImp.java
57,bbb-fsesl-client/src/test/java/org/freeswitch/esl/client/outbound/SocketClientTest.java
60,build/packages-template/bbb-freeswitch-core/after-install.sh
26,akka-bbb-apps/src/debian/DEBIAN/preinst
80,build/packages-template/bbb-playback-presentation/opts-jammy.sh
81,bbb-common-web/src/main/java/org/bigbluebutton/presentation/imp/PresentationToConvert.java
61,bbb-fsesl-client/src/main/java/org/freeswitch/esl/client/outbound/AbstractOutboundPipelineFactory.java
63,build/packages-template/bbb-freeswitch-sounds/build.sh
66,akka-bbb-fsesl/src/main/java/org/bigbluebutton/freeswitch/voice/commands/RecordCommand.java
62,akka-bbb-fsesl/src/main/java/org/bigbluebutton/freeswitch/voice/freeswitch/actions/GetAllUsersCommand.java
18,bbb-graphql-server/build_hasura.sh
72,bbb-fsesl-client/src/main/java/org/freeswitch/esl/client/outbound/example/SimpleHangupPipelineFactory.java
58,bbb-fsesl-client/src/main/java/org/freeswitch/esl/client/transport/message/EslFrameDecoder.java
63,akka-bbb-fsesl/src/main/java/org/bigbluebutton/freeswitch/voice/freeswitch/actions/EjectAllUsersCommand.java
73,build/packages-template/bbb-html5/before-install.sh
58,akka-bbb-fsesl/src/main/java/org/bigbluebutton/freeswitch/voice/commands/ConferenceCommand.java
67,bbb-webrtc-sfu.placeholder.sh
80,bbb-common-web/src/main/java/org/bigbluebutton/presentation/imp/BigPdfException.java
72,akka-bbb-fsesl/src/main/java/org/bigbluebutton/freeswitch/voice/ConferenceServerListener.java
13,build/packages-template/bbb-html5/mongod_start_pre.sh
80,bbb-common-web/src/main/java/org/bigbluebutton/presentation/ConversionMessageConstants.java
66,akka-bbb-fsesl/src/main/java/org/bigbluebutton/freeswitch/voice/freeswitch/IDelayedCommandListener.java
39,build/packages-template/bbb-html5/after-remove.sh
62,akka-bbb-fsesl/src/main/java/org/bigbluebutton/freeswitch/voice/freeswitch/actions/StopSoundCommand.java
62,akka-bbb-fsesl/src/main/java/org/bigbluebutton/freeswitch/voice/freeswitch/actions/RecordConferenceCommand.java
14,build/packages-template/bbb-html5/build.sh
73,bbb-graphql-server/build_hasura.sh
15,build/packages-template/bbb-html5/mongod_start_pre.sh
47,bbb-common-message/src/main/java/org/bigbluebutton/common2/redis/pubsub/MessageHandler.java
58,bbb-fsesl-client/src/main/java/org/freeswitch/esl/client/transport/event/EslEventHeaderNames.java
61,akka-bbb-fsesl/src/main/java/org/bigbluebutton/freeswitch/voice/freeswitch/actions/CheckFreeswitchStatusCommand.java
58,akka-bbb-fsesl/src/main/java/org/bigbluebutton/freeswitch/voice/freeswitch/actions/HoldUserCommand.java
6,build/packages-template/bbb-graphql-server/after-install.sh
62,akka-bbb-fsesl/src/main/java/org/bigbluebutton/freeswitch/voice/freeswitch/actions/CheckFreeswitchStatusCommand.java
52,akka-bbb-apps/src/main/scala/org/bigbluebutton/core/util/jhotdraw/Bezier.java
78,build/packages-template/bbb-web/build.sh
47,build/packages-template/bbb-html5/opts-jammy.sh
68,build/packages-template/bbb-html5/build.sh
63,bbb-fsesl-client/src/test/java/org/freeswitch/esl/client/transport/message/EslFrameDecoderTest.java
80,bbb-common-web/src/main/java/org/bigbluebutton/presentation/imp/ThumbnailCreatorImp.java
66,akka-bbb-fsesl/src/main/java/org/bigbluebutton/freeswitch/voice/freeswitch/actions/MuteUserCommand.java
61,akka-bbb-fsesl/src/main/java/org/bigbluebutton/freeswitch/voice/freeswitch/actions/FreeswitchCommand.java
47,build/packages-template/bbb-graphql-server/opts-jammy.sh
81,bbb-common-web/src/main/java/org/bigbluebutton/presentation/handlers/AddNamespaceToSvgHandler.java
30,build/packages-template/bbb-web/setenv.sh
9,build/packages-template/bbb-html5/mongod_start_pre.sh
66,build/packages-template/bbb-freeswitch-core/fs_clibbb
72,bbb-fsesl-client/src/main/java/org/freeswitch/esl/client/manager/internal/ManagerConnectionImpl.java
9,build/packages-template/bbb-html5/systemd_start_frontend.sh
63,akka-bbb-fsesl/src/main/java/org/bigbluebutton/freeswitch/voice/freeswitch/actions/StopSoundCommand.java
66,akka-bbb-fsesl/src/main/java/org/bigbluebutton/freeswitch/voice/events/VoiceUserTalkingEvent.java
58,bbb-fsesl-client/src/main/java/org/freeswitch/esl/client/example/EslEventListener.java
30,build/packages-template/bbb-web/build.sh
62,akka-bbb-fsesl/src/main/java/org/bigbluebutton/freeswitch/voice/events/UnknownConferenceEvent.java
61,bbb-fsesl-client/src/test/java/org/freeswitch/esl/client/transport/message/EslFrameDecoderTest.java
13,build/packages-template/bbb-html5/after-install.sh
26,build/packages-template/bbb-apps-akka/build.sh
57,akka-bbb-fsesl/src/main/java/org/bigbluebutton/freeswitch/voice/events/FreeswitchStatusReplyEvent.java
6,build/packages-template/bbb-html5/before-remove.sh
6,build/packages-template/bbb-html5/before-remove.sh
59,akka-bbb-fsesl/src/main/java/org/bigbluebutton/freeswitch/voice/events/UnknownConferenceEvent.java
54,akka-bbb-apps/src/main/scala/org/bigbluebutton/core/util/jhotdraw/PathData.java
66,bbb-fsesl-client/src/main/java/org/freeswitch/esl/client/example/EslEventListener.java
62,build/packages-template/bbb-freeswitch-sounds/build.sh
26,akka-bbb-apps/run-dev.sh
66,akka-bbb-fsesl/src/main/java/org/bigbluebutton/freeswitch/voice/freeswitch/actions/DeafUserCommand.java
57,bbb-fsesl-client/src/main/java/org/freeswitch/esl/client/transport/message/EslFrameDecoder.java
49,bbb-common-message/src/main/java/org/bigbluebutton/common2/redis/RedisStorageService.java
80,bbb-common-web/src/main/java/org/bigbluebutton/presentation/imp/TextFileCreatorImp.java
66,akka-bbb-fsesl/src/main/java/org/bigbluebutton/freeswitch/voice/freeswitch/actions/TransferUserToMeetingCommand.java
52,akka-bbb-apps/run-dev.sh
70,build/packages-template/bbb-webrtc-sfu/before-install.sh
72,akka-bbb-fsesl/src/main/java/org/bigbluebutton/freeswitch/voice/events/VoiceUserLockedEvent.java
61,akka-bbb-fsesl/src/main/java/org/bigbluebutton/freeswitch/voice/events/VoiceUserMutedEvent.java
57,akka-bbb-fsesl/src/main/java/org/bigbluebutton/freeswitch/voice/commands/ConferenceCommandResult.java
62,akka-bbb-fsesl/src/main/java/org/bigbluebutton/freeswitch/voice/freeswitch/actions/PlaySoundCommand.java
12,build/packages-template/bbb-graphql-server/opts-jammy.sh
6,bbb-graphql-middleware/demo/client/run-watch.sh
81,bbb-common-web/src/main/java/org/bigbluebutton/presentation/messages/UploadFileTooLargeMessage.java
57,bbb-fsesl-client/src/test/java/org/freeswitch/esl/client/inbound/ClientTest.java
72,akka-bbb-fsesl/src/main/java/org/bigbluebutton/freeswitch/voice/events/FreeswitchHeartbeatEvent.java
57,akka-bbb-fsesl/src/main/java/org/bigbluebutton/freeswitch/voice/events/VoiceConferenceEvent.java
61,akka-bbb-fsesl/src/main/java/org/bigbluebutton/freeswitch/voice/commands/ConferenceCommand.java
14,bbb-graphql-middleware/demo/client/run.sh
80,bbb-common-web/src/main/java/org/bigbluebutton/presentation/messages/UploadFileTimedoutMessage.java
57,akka-bbb-fsesl/src/main/java/org/bigbluebutton/freeswitch/voice/events/VoiceUserLeftEvent.java
72,akka-bbb-fsesl/src/main/java/org/bigbluebutton/freeswitch/voice/events/VoiceUserLeftEvent.java
72,akka-bbb-fsesl/src/main/java/org/bigbluebutton/freeswitch/voice/events/VoiceConferenceEvent.java
15,build/packages-template/bbb-graphql-server/build.sh
62,akka-bbb-fsesl/src/main/java/org/bigbluebutton/freeswitch/voice/freeswitch/response/ConferenceMemberFlags.java
61,akka-bbb-fsesl/src/main/java/org/bigbluebutton/freeswitch/voice/events/ConferenceEventListener.java
63,build/packages-template/bbb-freeswitch-core/after-install.sh
12,bigbluebutton-html5/run-dev.sh
9,build/packages-template/bbb-html5/kill_mongo.sh
57,akka-bbb-fsesl/src/main/java/org/bigbluebutton/freeswitch/voice/freeswitch/actions/FreeswitchCommand.java
58,akka-bbb-fsesl/src/main/java/org/bigbluebutton/freeswitch/voice/events/ConfMember.java
63,bbb-fsesl-client/src/test/java/org/freeswitch/esl/client/outbound/SocketClientTest.java
66,bbb-fsesl-client/src/main/java/org/freeswitch/esl/client/transport/message/EslFrameDecoder.java
63,build/packages-template/bbb-freeswitch-core/after-remove.sh
47,build/packages-template/bbb-graphql-server/after-remove.sh
5,build/packages-template/bbb-html5/systemd_start.sh
61,akka-bbb-fsesl/src/main/java/org/bigbluebutton/freeswitch/voice/commands/GetUsersCommand.java
57,akka-bbb-fsesl/src/main/java/org/bigbluebutton/freeswitch/voice/freeswitch/actions/RecordConferenceCommand.java
80,bbb-common-web/src/main/java/org/bigbluebutton/presentation/imp/ImageResizerImp.java
68,build/packages-template/bbb-graphql-server/opts-jammy.sh
58,akka-bbb-fsesl/src/main/java/org/bigbluebutton/freeswitch/voice/freeswitch/actions/EjectAllUsersCommand.java
58,bbb-fsesl-client/src/main/java/org/freeswitch/esl/client/internal/debug/ChannelEventRunnable.java
67,build/packages-template/bbb-webrtc-sfu/build.sh
58,build/packages-template/bbb-freeswitch-core/before-remove.sh
72,akka-bbb-fsesl/src/main/java/org/bigbluebutton/freeswitch/voice/events/VoiceUserMutedEvent.java
57,akka-bbb-fsesl/src/main/java/org/bigbluebutton/freeswitch/voice/freeswitch/IDelayedCommandListener.java
80,bbb-common-web/src/main/java/org/bigbluebutton/presentation/imp/PresentationToConvert.java
81,bbb-common-web/src/main/java/org/bigbluebutton/presentation/ConversionMessageConstants.java
46,bbb-common-message/src/main/java/org/bigbluebutton/common2/redis/pubsub/MessageToSend.java
47,build/packages-template/bbb-html5/systemd_start_frontend.sh
57,bbb-fsesl-client/src/main/java/org/freeswitch/esl/client/manager/ManagerConnection.java
81,bbb-common-web/src/main/java/org/bigbluebutton/presentation/Page.java
39,build/packages-template/bbb-html5/workers-start.sh
57,akka-bbb-fsesl/src/main/java/org/bigbluebutton/freeswitch/voice/FreeswitchConferenceEventListener.java
59,bbb-fsesl-client/src/main/java/org/freeswitch/esl/client/inbound/InboundClientHandler.java
10,bigbluebutton-html5/test-html5.sh
60,akka-bbb-fsesl/src/main/java/org/bigbluebutton/freeswitch/voice/events/VoiceConfRunningAndRecordingEvent.java
66,bbb-fsesl-client/src/main/java/org/freeswitch/esl/client/outbound/AbstractOutboundPipelineFactory.java
10,build/packages-template/bbb-html5-nodejs/build.sh
66,build/packages-template/bbb-freeswitch-core/build.sh
8,build/packages-template/bbb-graphql-server/before-remove.sh
72,akka-bbb-fsesl/src/main/java/org/bigbluebutton/freeswitch/voice/events/FreeswitchStatusReplyEvent.java
61,bbb-fsesl-client/src/main/java/org/freeswitch/esl/client/IEslEventListener.java
8,build/packages-template/bbb-html5/after-remove.sh
9,build/packages-template/bbb-graphql-server/opts-jammy.sh
60,bbb-fsesl-client/src/test/java/org/freeswitch/esl/client/outbound/SocketClientTest.java
79,bbb-common-message/src/main/java/org/bigbluebutton/common2/redis/pubsub/ReceivedMessageHandler.java
12,build/packages-template/bbb-html5/run_mongo.sh
59,bbb-fsesl-client/src/main/java/org/freeswitch/esl/client/internal/AbstractEslClientHandler.java
58,akka-bbb-fsesl/src/main/java/org/bigbluebutton/freeswitch/voice/freeswitch/actions/MuteUserCommand.java
57,bbb-fsesl-client/src/main/java/org/freeswitch/esl/client/internal/debug/ChannelEventRunnable.java
80,bbb-common-web/src/main/java/org/bigbluebutton/presentation/imp/PresentationConversionCompletionService.java
61,build/packages-template/bbb-freeswitch-core/fs_clibbb
47,build/packages-template/bbb-graphql-server/before-remove.sh
60,akka-bbb-fsesl/src/main/java/org/bigbluebutton/freeswitch/voice/freeswitch/actions/EjectAllUsersCommand.java
63,bbb-fsesl-client/src/main/java/org/freeswitch/esl/client/transport/message/EslMessage.java
63,bbb-fsesl-client/src/test/java/org/freeswitch/esl/client/inbound/ClientTest.java
61,akka-bbb-fsesl/src/main/java/org/bigbluebutton/freeswitch/voice/freeswitch/actions/CheckIfConfIsRunningCommand.java
79,bbb-common-message/src/main/java/org/bigbluebutton/common2/redis/pubsub/ReceivedMessage.java
39,build/packages-template/bbb-html5/mongod_start_pre.sh
62,bbb-fsesl-client/src/main/java/org/freeswitch/esl/client/inbound/InboundPipelineFactory.java
15,build/packages-template/bbb-html5/opts-jammy.sh
15,build/packages-template/bbb-html5/build.sh
48,bbb-common-message/src/main/java/org/bigbluebutton/common2/redis/RedisStorageService.java
47,bigbluebutton-html5/run-dev.sh
60,bbb-fsesl-client/src/main/java/org/freeswitch/esl/client/outbound/SocketClient.java
62,akka-bbb-fsesl/src/main/java/org/bigbluebutton/freeswitch/voice/events/VoiceUserLockedEvent.java
57,akka-bbb-fsesl/wait-for-it.sh
61,build/packages-template/bbb-freeswitch-core/after-remove.sh
68,bbb-graphql-server/build_hasura.sh
66,bbb-fsesl-client/src/main/java/org/freeswitch/esl/client/internal/IEslProtocolListener.java
72,akka-bbb-fsesl/src/main/java/org/bigbluebutton/freeswitch/voice/events/VoiceCallStateEvent.java
47,bbb-graphql-server/build_hasura.sh
59,akka-bbb-fsesl/src/main/java/org/bigbluebutton/freeswitch/voice/freeswitch/actions/TransferUserToMeetingCommand.java
18,build/packages-template/bbb-graphql-server/opts-jammy.sh
10,build/packages-template/bbb-graphql-server/after-remove.sh
9,build/packages-template/bbb-graphql-server/after-remove.sh
81,bbb-common-web/src/main/java/org/bigbluebutton/presentation/imp/TextFileCreatorImp.java
67,build/packages-template/bbb-webrtc-sfu/before-install.sh
8,bigbluebutton-html5/test-html5.sh
51,akka-bbb-apps/src/main/scala/org/bigbluebutton/core/util/jhotdraw/BezierWrapper.java
46,bbb-common-message/src/main/java/org/bigbluebutton/common2/redis/pubsub/MessageDistributor.java
60,bbb-fsesl-client/src/main/java/org/freeswitch/esl/client/inbound/InboundClientHandler.java
47,build/packages-template/bbb-html5/before-install.sh
58,akka-bbb-fsesl/src/main/java/org/bigbluebutton/freeswitch/voice/freeswitch/actions/GetUsersStatusCommand.java
30,bbb-common-web/src/main/java/org/bigbluebutton/web/services/KeepAliveService.java
47,bbb-common-message/src/main/java/org/bigbluebutton/common2/redis/pubsub/MessageReceiver.java
61,bbb-fsesl-client/src/main/java/org/freeswitch/esl/client/inbound/InboundConnectionFailure.java
63,bbb-fsesl-client/src/main/java/org/freeswitch/esl/client/inbound/InboundClientHandler.java
57,bbb-fsesl-client/src/main/java/org/freeswitch/esl/client/transport/message/EslMessage.java
80,bbb-common-web/src/main/java/org/bigbluebutton/presentation/Page.java
6,bigbluebutton-html5/transifex.sh
6,bigbluebutton-html5/transifex.sh
60,bbb-fsesl-client/src/main/java/org/freeswitch/esl/client/IEslEventListener.java
57,akka-bbb-fsesl/src/debian/DEBIAN/preinst
72,build/packages-template/bbb-freeswitch-core/before-remove.sh
80,bbb-common-web/src/main/java/org/bigbluebutton/presentation/SupportedDocumentFilter.java
14,bbb-graphql-client-test/deploy.sh
39,build/packages-template/bbb-html5-nodejs/build.sh
62,akka-bbb-fsesl/src/main/java/org/bigbluebutton/freeswitch/voice/freeswitch/DelayedCommandSenderService.java
4,build/packages-template/bbb-html5/opts-jammy.sh
63,akka-bbb-fsesl/src/main/java/org/bigbluebutton/freeswitch/voice/freeswitch/actions/EjectUserCommand.java
60,akka-bbb-apps/src/debian/DEBIAN/postrm
14,build/packages-template/bbb-html5/kill_mongo.sh
61,build/packages-template/bbb-freeswitch-core/build.sh
58,akka-bbb-fsesl/src/main/java/org/bigbluebutton/freeswitch/voice/events/VoiceUserTalkingEvent.java
61,akka-bbb-fsesl/src/main/java/org/bigbluebutton/freeswitch/voice/events/VoiceUsersStatusEvent.java
68,bigbluebutton-html5/transifex.sh
65,build/packages-template/bbb-webrtc-sfu/before-install.sh
80,bbb-common-web/src/main/java/org/bigbluebutton/presentation/TextFileCreator.java
60,bbb-common-message/src/main/java/org/bigbluebutton/common2/redis/pubsub/MessageSender.java
18,bbb-graphql-server/install-hasura.sh
14,build/packages-template/bbb-html5/workers-start.sh
30,bbb-common-web/src/main/java/org/bigbluebutton/web/services/WaitingGuestCleanupTimerTask.java
30,bbb-common-web/src/main/java/org/bigbluebutton/web/services/turn/StunTurnService.java
61,akka-bbb-fsesl/src/main/java/org/bigbluebutton/freeswitch/voice/freeswitch/actions/ForceEjectUserCommand.java
81,bbb-common-web/src/main/java/org/bigbluebutton/presentation/messages/IDocConversionMsg.java
60,akka-bbb-fsesl/src/main/java/org/bigbluebutton/freeswitch/voice/events/AudioFloorChangedEvent.java
73,build/packages-template/bbb-graphql-server/opts-jammy.sh
80,bbb-common-web/src/main/java/org/bigbluebutton/presentation/PageExtractor.java
61,bbb-fsesl-client/src/main/java/org/freeswitch/esl/client/transport/SendMsg.java
63,akka-bbb-fsesl/src/main/java/org/bigbluebutton/freeswitch/voice/events/ConferenceEventListener.java
9,build/packages-template/bbb-html5/after-install.sh
81,bbb-common-web/src/main/java/org/bigbluebutton/presentation/messages/DocConversionRequestReceived.java
62,bbb-fsesl-client/src/main/java/org/freeswitch/esl/client/transport/message/EslMessage.java
13,build/packages-template/bbb-html5/kill_mongo.sh
18,build/packages-template/bbb-html5/workers-start.sh
58,bbb-fsesl-client/src/main/java/org/freeswitch/esl/client/outbound/example/SimpleHangupPipelineFactory.java
30,build/packages-template/bbb-web/after-install.sh
61,bbb-fsesl-client/src/main/java/org/freeswitch/esl/client/outbound/example/SimpleHangupPipelineFactory.java
18,bigbluebutton-html5/test-html5.sh
6,build/packages-template/bbb-graphql-server/build.sh
14,build/packages-template/bbb-html5/before-install.sh
51,akka-bbb-apps/run-dev.sh
61,bbb-fsesl-client/src/main/java/org/freeswitch/esl/client/manager/ManagerConnection.java
51,akka-bbb-apps/src/main/scala/org/bigbluebutton/core/util/jhotdraw/Geom.java
62,akka-bbb-fsesl/src/main/java/org/bigbluebutton/freeswitch/voice/freeswitch/actions/ForceEjectUserCommand.java
9,build/packages-template/bbb-html5/build.sh
57,akka-bbb-fsesl/src/main/java/org/bigbluebutton/freeswitch/voice/freeswitch/actions/HoldUserCommand.java
47,bigbluebutton-html5/test-html5.sh
66,akka-bbb-fsesl/src/main/java/org/bigbluebutton/freeswitch/voice/freeswitch/actions/EjectAllUsersCommand.java
58,akka-bbb-fsesl/src/main/java/org/bigbluebutton/freeswitch/voice/freeswitch/response/XMLResponseConferenceListParser.java
72,build/packages-template/bbb-freeswitch-sounds/opts-jammy.sh
61,akka-bbb-fsesl/src/main/java/org/bigbluebutton/freeswitch/voice/freeswitch/ConnectionManager.java
12,bigbluebutton-html5/test-html5.sh
80,bbb-common-web/src/main/java/org/bigbluebutton/presentation/imp/Office2PdfPageConverter.java
81,bbb-common-web/src/main/java/org/bigbluebutton/presentation/messages/IPresentationCompletionMessage.java
36,bbb-common-web/src/main/java/org/bigbluebutton/web/services/UserCleanupTimerTask.java
63,bbb-fsesl-client/src/main/java/org/freeswitch/esl/client/transport/message/EslFrameDecoder.java
61,akka-bbb-fsesl/src/main/java/org/bigbluebutton/freeswitch/voice/events/VoiceStartRecordingEvent.java
15,build/packages-template/bbb-html5/after-remove.sh
10,build/packages-template/bbb-html5/kill_mongo.sh
9,bigbluebutton-html5/transifex.sh
57,akka-bbb-fsesl/src/debian/DEBIAN/postrm
5,build/packages-template/bbb-html5/opts-jammy.sh
57,bbb-fsesl-client/deploy.sh
81,bbb-common-web/src/main/java/org/bigbluebutton/presentation/FileTypeConstants.java
18,build/packages-template/bbb-graphql-server/build.sh
80,bbb-common-web/src/main/java/org/bigbluebutton/presentation/imp/PresentationFileProcessor.java
61,bbb-fsesl-client/src/main/java/org/freeswitch/esl/client/outbound/AbstractOutboundClientHandler.java
65,build/packages-template/bbb-webrtc-sfu/before-remove.sh
26,akka-bbb-apps/src/main/scala/org/bigbluebutton/core/util/jhotdraw/Geom.java
54,build/packages-template/bbb-apps-akka/build.sh
61,akka-bbb-fsesl/src/main/java/org/bigbluebutton/freeswitch/voice/freeswitch/FreeswitchApplication.java
62,bbb-fsesl-client/src/main/java/org/freeswitch/esl/client/example/EslEventListener.java
61,bbb-fsesl-client/src/main/java/org/freeswitch/esl/client/manager/internal/ManagerConnectionImpl.java
54,akka-bbb-apps/deploy.sh
60,akka-bbb-fsesl/src/main/java/org/bigbluebutton/freeswitch/voice/events/VoiceConferenceEvent.java
63,akka-bbb-fsesl/src/main/java/org/bigbluebutton/freeswitch/voice/FreeswitchConferenceEventListener.java
62,akka-bbb-fsesl/src/main/java/org/bigbluebutton/freeswitch/voice/freeswitch/actions/EjectUserCommand.java
66,akka-bbb-fsesl/src/main/java/org/bigbluebutton/freeswitch/voice/freeswitch/actions/HoldUserCommand.java
10,build/packages-template/bbb-graphql-server/opts-jammy.sh
13,build/packages-template/bbb-html5/before-remove.sh
81,build/packages-template/bbb-playback-presentation/opts-jammy.sh
78,bbb-common-web/src/main/java/org/bigbluebutton/web/services/callback/DelayCallback.java
62,akka-bbb-fsesl/src/main/java/org/bigbluebutton/freeswitch/voice/freeswitch/actions/DeafUserCommand.java
58,akka-bbb-fsesl/src/main/java/org/bigbluebutton/freeswitch/voice/FreeswitchConferenceEventListener.java
60,akka-bbb-fsesl/src/main/java/org/bigbluebutton/freeswitch/voice/freeswitch/actions/StopSoundCommand.java
60,akka-bbb-fsesl/src/main/java/org/bigbluebutton/freeswitch/voice/freeswitch/actions/CheckFreeswitchStatusCommand.java
36,build/packages-template/bbb-web/setenv.sh
30,bbb-common-web/src/main/java/org/bigbluebutton/web/services/UserCleanupTimerTask.java
5,bbb-graphql-middleware/demo/client/run-watch.sh
63,akka-bbb-fsesl/src/main/java/org/bigbluebutton/freeswitch/voice/commands/ConferenceCommand.java
63,akka-bbb-fsesl/src/main/java/org/bigbluebutton/freeswitch/voice/IVoiceConferenceService.java
36,bbb-common-web/src/main/java/org/bigbluebutton/web/services/EnteredUserCleanupTimerTask.java
74,build/packages-template/bbb-webrtc-sfu/opts-jammy.sh
5,build/packages-template/bbb-html5/before-remove.sh
61,akka-bbb-fsesl/src/main/java/org/bigbluebutton/freeswitch/voice/events/FreeswitchStatusReplyEvent.java
72,bbb-fsesl-client/src/main/java/org/freeswitch/esl/client/transport/message/EslHeaders.java
51,akka-bbb-apps/src/main/scala/org/bigbluebutton/core/util/jhotdraw/Shapes.java
57,bbb-fsesl-client/src/main/java/org/freeswitch/esl/client/example/ExampleClient.java
61,akka-bbb-fsesl/src/main/java/org/bigbluebutton/freeswitch/voice/freeswitch/actions/RecordConferenceCommand.java
58,bbb-fsesl-client/src/main/java/org/freeswitch/esl/client/inbound/InboundClientHandler.java
81,bbb-common-web/src/main/java/org/bigbluebutton/presentation/ImageResizer.java
59,akka-bbb-fsesl/src/main/java/org/bigbluebutton/freeswitch/voice/freeswitch/actions/BroadcastConferenceCommand.java
10,build/packages-template/bbb-html5/systemd_start.sh
10,build/packages-template/bbb-html5/before-install.sh
39,bbb-graphql-server/build_hasura.sh
6,build/packages-template/bbb-html5/opts-jammy.sh
6,build/packages-template/bbb-html5/opts-jammy.sh
63,akka-bbb-fsesl/src/main/java/org/bigbluebutton/freeswitch/voice/freeswitch/IDelayedCommandListener.java
68,build/packages-template/bbb-html5/mongod_start_pre.sh
15,bbb-graphql-server/install-hasura.sh
58,akka-bbb-fsesl/src/main/java/org/bigbluebutton/freeswitch/voice/freeswitch/actions/DelayedCommand.java
80,bbb-common-web/src/main/java/org/bigbluebutton/presentation/PresentationUrlDownloadService.java
61,bbb-fsesl-client/src/main/java/org/freeswitch/esl/client/transport/message/EslMessage.java
60,akka-bbb-fsesl/src/main/java/org/bigbluebutton/freeswitch/voice/events/VoiceUserMutedEvent.java
66,bbb-fsesl-client/src/main/java/org/freeswitch/esl/client/outbound/example/SimpleHangupPipelineFactory.java
61,akka-bbb-fsesl/src/main/java/org/bigbluebutton/freeswitch/voice/freeswitch/response/ConferenceMemberFlags.java
14,bigbluebutton-html5/deploy_to_usr_share.sh
80,bbb-common-web/src/main/java/org/bigbluebutton/presentation/imp/ExternalProcessExecutor.java
58,akka-bbb-fsesl/src/main/java/org/bigbluebutton/freeswitch/voice/commands/ConferenceCommandResult.java
6,build/packages-template/bbb-html5-nodejs/build.sh
6,build/packages-template/bbb-html5-nodejs/build.sh
60,akka-bbb-fsesl/src/main/java/org/bigbluebutton/freeswitch/voice/freeswitch/actions/GetUsersStatusCommand.java
36,bbb-common-web/src/main/java/org/bigbluebutton/web/services/KeepAlivePing.java
58,akka-bbb-fsesl/src/main/java/org/bigbluebutton/freeswitch/voice/freeswitch/actions/StopSoundCommand.java
62,akka-bbb-fsesl/src/main/java/org/bigbluebutton/freeswitch/voice/IVoiceConferenceService.java
61,akka-bbb-fsesl/src/main/java/org/bigbluebutton/freeswitch/voice/events/VoiceConferenceEvent.java
10,build/packages-template/bbb-graphql-server/before-remove.sh
15,build/packages-template/bbb-html5/systemd_start_frontend.sh
61,akka-bbb-fsesl/src/main/java/org/bigbluebutton/freeswitch/voice/freeswitch/actions/PlaySoundCommand.java
81,bbb-common-web/src/main/java/org/bigbluebutton/presentation/handlers/SvgConversionHandler.java
81,bbb-common-web/src/main/java/org/bigbluebutton/presentation/imp/ImageSlidesGenerationService.java
72,bbb-fsesl-client/src/main/java/org/freeswitch/esl/client/inbound/InboundPipelineFactory.java
80,bbb-common-web/src/main/java/org/bigbluebutton/presentation/imp/PdfPageDownscaler.java
6,bigbluebutton-html5/run-dev.sh
6,bigbluebutton-html5/run-dev.sh
30,bbb-common-web/src/main/java/org/bigbluebutton/web/services/IStorageService.java
80,bbb-common-web/src/main/java/org/bigbluebutton/presentation/handlers/PdfPageCounterHandler.java
47,build/packages-template/bbb-html5/kill_mongo.sh
15,bigbluebutton-html5/deploy_to_usr_share.sh
61,akka-bbb-fsesl/src/main/java/org/bigbluebutton/freeswitch/voice/freeswitch/response/XMLResponseConferenceListParser.java
39,build/packages-template/bbb-html5/kill_mongo.sh
63,bbb-fsesl-client/src/main/java/org/freeswitch/esl/client/inbound/Client.java
5,build/packages-template/bbb-webrtc-sfu/opts-jammy.sh
81,bbb-common-web/src/main/java/org/bigbluebutton/presentation/ConversionUpdateMessage.java
8,build/packages-template/bbb-html5-nodejs/build.sh
59,bbb-fsesl-client/src/main/java/org/freeswitch/esl/client/transport/CommandResponse.java
58,bbb-fsesl-client/src/main/java/org/freeswitch/esl/client/transport/message/EslHeaders.java
12,bbb-graphql-server/install-hasura.sh
36,bbb-common-web/src/main/java/org/bigbluebutton/web/services/callback/MeetingEndedEvent.java
68,build/packages-template/bbb-html5/opts-jammy.sh
61,bbb-fsesl-client/src/main/java/org/freeswitch/esl/client/internal/HeaderParser.java
63,akka-bbb-fsesl/src/main/java/org/bigbluebutton/freeswitch/voice/commands/GetUsersCommand.java
61,akka-bbb-fsesl/src/main/java/org/bigbluebutton/freeswitch/voice/freeswitch/actions/EjectUserCommand.java
72,akka-bbb-fsesl/src/main/java/org/bigbluebutton/freeswitch/voice/freeswitch/actions/HoldUserCommand.java
80,bbb-common-web/src/main/java/org/bigbluebutton/presentation/messages/IPresentationCompletionMessage.java
58,akka-bbb-fsesl/src/main/java/org/bigbluebutton/freeswitch/voice/commands/GetUsersCommand.java
79,bbb-common-message/src/main/java/org/bigbluebutton/common2/redis/pubsub/MessageToSend.java
59,bbb-fsesl-client/src/test/java/org/freeswitch/esl/client/outbound/SocketClientTest.java
62,akka-bbb-fsesl/src/main/java/org/bigbluebutton/freeswitch/voice/commands/ConferenceCommand.java
9,build/packages-template/bbb-html5/before-remove.sh
60,bbb-fsesl-client/src/main/java/org/freeswitch/esl/client/example/EslEventListener.java
62,akka-bbb-fsesl/src/main/java/org/bigbluebutton/freeswitch/voice/freeswitch/actions/CheckIfConfIsRunningCommand.java
5,build/packages-template/bbb-html5/after-install.sh
60,bbb-fsesl-client/src/main/java/org/freeswitch/esl/client/internal/AbstractEslClientHandler.java
15,build/packages-template/bbb-html5/before-remove.sh
62,akka-bbb-fsesl/src/main/java/org/bigbluebutton/freeswitch/voice/events/VoiceConfRunningEvent.java
66,akka-bbb-fsesl/src/main/java/org/bigbluebutton/freeswitch/voice/freeswitch/actions/CheckIfConfIsRunningCommand.java
59,build/packages-template/bbb-freeswitch-sounds/build.sh
62,bbb-fsesl-client/src/main/java/org/freeswitch/esl/client/transport/SendMsg.java
73,build/packages-template/bbb-html5/systemd_start_frontend.sh
80,bbb-common-web/src/main/java/org/bigbluebutton/presentation/GeneratedSlidesInfoHelper.java
81,bbb-common-web/src/main/java/org/bigbluebutton/presentation/imp/PdfPageCounter.java
81,bbb-common-web/src/main/java/org/bigbluebutton/presentation/GeneratedSlidesInfoHelper.java
60,build/packages-template/bbb-freeswitch-core/build.sh
36,build/packages-template/bbb-web/before-install.sh
61,bbb-fsesl-client/src/main/java/org/freeswitch/esl/client/transport/CommandResponse.java
4,build/packages-template/bbb-html5/before-remove.sh
74,build/packages-template/bbb-webrtc-sfu/build.sh
58,akka-bbb-fsesl/src/main/java/org/bigbluebutton/freeswitch/voice/freeswitch/response/ConferenceMemberFlags.java
60,akka-bbb-fsesl/src/main/java/org/bigbluebutton/freeswitch/voice/events/VoiceUserLockedEvent.java
18,build/packages-template/bbb-html5/systemd_start_frontend.sh
63,akka-bbb-fsesl/src/main/java/org/bigbluebutton/freeswitch/voice/freeswitch/actions/DeafUserCommand.java
15,build/packages-template/bbb-graphql-server/after-install.sh
66,akka-bbb-fsesl/src/main/java/org/bigbluebutton/freeswitch/voice/freeswitch/actions/StopSoundCommand.java
62,bbb-fsesl-client/src/main/java/org/freeswitch/esl/client/outbound/example/SimpleHangupPipelineFactory.java
10,build/packages-template/bbb-graphql-server/build.sh
59,build/packages-template/bbb-freeswitch-core/before-install.sh
30,build/packages-template/bbb-web/opts-jammy.sh
60,akka-bbb-fsesl/src/main/java/org/bigbluebutton/freeswitch/voice/events/VoiceStartRecordingEvent.java
73,build/packages-template/bbb-html5/after-remove.sh
36,bbb-common-web/src/main/java/org/bigbluebutton/web/services/turn/TurnServer.java
8,bigbluebutton-html5/deploy_to_usr_share.sh
14,bbb-graphql-middleware/demo/client/stress-test.sh
80,bbb-common-web/src/main/java/org/bigbluebutton/presentation/imp/ImageSlidesGenerationService.java
4,build/packages-template/bbb-html5/after-remove.sh
62,akka-bbb-fsesl/src/main/java/org/bigbluebutton/freeswitch/voice/events/ConfMember.java
58,build/packages-template/bbb-freeswitch-core/build.sh
81,bbb-common-web/src/main/java/org/bigbluebutton/presentation/imp/PageCounterService.java
68,build/packages-template/bbb-html5/kill_mongo.sh
59,akka-bbb-fsesl/src/main/java/org/bigbluebutton/freeswitch/voice/events/VoiceConfRunningAndRecordingEvent.java
60,bbb-fsesl-client/src/main/java/org/freeswitch/esl/client/outbound/example/SimpleHangupPipelineFactory.java
66,akka-bbb-fsesl/src/main/java/org/bigbluebutton/freeswitch/voice/freeswitch/actions/BroadcastConferenceCommand.java
59,bbb-fsesl-client/src/main/java/org/freeswitch/esl/client/internal/IEslProtocolListener.java
14,build/packages-template/bbb-html5/systemd_start_frontend.sh
36,bbb-common-web/src/main/java/org/bigbluebutton/web/services/IStorageService.java
15,build/packages-template/bbb-html5/before-install.sh
61,bigbluebutton-config/cron.hourly/bbb-resync-freeswitch
26,akka-bbb-apps/run.sh
63,bbb-fsesl-client/src/main/java/org/freeswitch/esl/client/transport/message/EslHeaders.java
60,akka-bbb-fsesl/src/main/java/org/bigbluebutton/freeswitch/voice/events/FreeswitchHeartbeatEvent.java
66,bbb-fsesl-client/src/main/java/org/freeswitch/esl/client/inbound/InboundConnectionFailure.java
73,bbb-webrtc-sfu.placeholder.sh
66,build/packages-template/bbb-freeswitch-core/before-remove.sh
60,akka-bbb-fsesl/src/main/java/org/bigbluebutton/freeswitch/voice/freeswitch/actions/GetAllUsersCommand.java
14,build/packages-template/bbb-html5/opts-jammy.sh
80,bbb-common-web/src/main/java/org/bigbluebutton/presentation/MimeTypeUtils.java
63,akka-bbb-fsesl/src/main/java/org/bigbluebutton/freeswitch/voice/ConferenceServerListener.java
62,bbb-fsesl-client/src/main/java/org/freeswitch/esl/client/IEslEventListener.java
73,build/packages-template/bbb-html5/workers-start.sh
14,build/packages-template/bbb-html5/after-install.sh
57,akka-bbb-fsesl/src/main/java/org/bigbluebutton/freeswitch/voice/freeswitch/actions/CheckIfConfIsRunningCommand.java
72,akka-bbb-fsesl/src/main/java/org/bigbluebutton/freeswitch/voice/freeswitch/ConnectionManager.java
18,build/packages-template/bbb-html5/run_mongo.sh
58,bbb-fsesl-client/src/main/java/org/freeswitch/esl/client/outbound/AbstractOutboundPipelineFactory.java
59,akka-bbb-fsesl/src/main/java/org/bigbluebutton/freeswitch/voice/freeswitch/actions/RecordConferenceCommand.java
8,bigbluebutton-html5/run-dev.sh
66,akka-bbb-fsesl/src/main/java/org/bigbluebutton/freeswitch/voice/events/FreeswitchHeartbeatEvent.java
80,bbb-common-web/src/main/java/org/bigbluebutton/presentation/messages/DocConversionProgress.java
15,build/packages-template/bbb-html5/systemd_start.sh
80,bbb-common-web/src/main/java/org/bigbluebutton/presentation/FileTypeConstants.java
59,akka-bbb-fsesl/src/main/java/org/bigbluebutton/freeswitch/voice/commands/ConferenceCommandResult.java
59,akka-bbb-fsesl/src/main/java/org/bigbluebutton/freeswitch/voice/events/VoiceConferenceEvent.java
63,bbb-fsesl-client/src/main/java/org/freeswitch/esl/client/internal/IEslProtocolListener.java
5,bbb-webrtc-sfu.placeholder.sh
73,build/packages-template/bbb-webrtc-sfu/before-remove.sh
66,akka-bbb-fsesl/src/main/java/org/bigbluebutton/freeswitch/voice/commands/ConferenceCommandResult.java
66,akka-bbb-fsesl/src/main/java/org/bigbluebutton/freeswitch/voice/freeswitch/FreeswitchApplication.java
66,akka-bbb-fsesl/src/main/java/org/bigbluebutton/freeswitch/voice/freeswitch/ESLEventListener.java
57,akka-bbb-fsesl/src/main/java/org/bigbluebutton/freeswitch/voice/freeswitch/actions/BroadcastConferenceCommand.java
61,akka-bbb-fsesl/src/main/java/org/bigbluebutton/freeswitch/voice/freeswitch/IDelayedCommandListener.java
62,akka-bbb-fsesl/src/main/java/org/bigbluebutton/freeswitch/voice/events/VoiceUserJoinedEvent.java
78,bbb-common-web/src/main/java/org/bigbluebutton/web/services/callback/MeetingEndedEvent.java
54,akka-bbb-apps/run.sh
62,akka-bbb-fsesl/src/main/java/org/bigbluebutton/freeswitch/voice/events/VoiceUsersStatusEvent.java
59,bbb-fsesl-client/src/main/java/org/freeswitch/esl/client/transport/event/EslEventHeaderNames.java
72,akka-bbb-fsesl/src/main/java/org/bigbluebutton/freeswitch/voice/commands/RecordCommand.java
39,bigbluebutton-html5/test-html5.sh
73,build/packages-template/bbb-graphql-server/after-install.sh
15,build/packages-template/bbb-html5/after-install.sh
81,bbb-common-web/src/main/java/org/bigbluebutton/presentation/messages/PdfConversionInvalid.java
80,bbb-common-web/src/main/java/org/bigbluebutton/presentation/messages/DocPageCompletedProgress.java
57,akka-bbb-fsesl/src/main/java/org/bigbluebutton/freeswitch/voice/events/VoiceConfRunningEvent.java
78,bbb-common-web/src/main/java/org/bigbluebutton/web/services/IStorageService.java
59,bbb-fsesl-client/src/main/java/org/freeswitch/esl/client/inbound/InboundConnectionFailure.java
66,bbb-fsesl-client/src/main/java/org/freeswitch/esl/client/manager/ManagerConnection.java
4,bigbluebutton-html5/test-html5.sh
57,akka-bbb-fsesl/src/main/java/org/bigbluebutton/freeswitch/voice/commands/ConferenceCommand.java
74,build/packages-template/bbb-webrtc-sfu/after-install.sh
62,bbb-fsesl-client/src/main/java/org/freeswitch/esl/client/transport/message/EslHeaders.java
63,akka-bbb-fsesl/src/main/java/org/bigbluebutton/freeswitch/voice/events/VoiceUserLeftEvent.java
8,build/packages-template/bbb-html5/build.sh
61,bbb-fsesl-client/src/main/java/org/freeswitch/esl/client/internal/AbstractEslClientHandler.java
5,build/packages-template/bbb-html5/workers-start.sh
81,bbb-common-web/src/main/java/org/bigbluebutton/presentation/UploadedPresentation.java
13,build/packages-template/bbb-graphql-server/before-remove.sh
58,akka-bbb-fsesl/src/main/java/org/bigbluebutton/freeswitch/voice/freeswitch/IDelayedCommandListener.java
62,akka-bbb-fsesl/src/main/java/org/bigbluebutton/freeswitch/voice/FreeswitchConferenceEventListener.java
73,build/packages-template/bbb-webrtc-sfu/after-install.sh
9,bigbluebutton-html5/deploy_to_usr_share.sh
62,freeswitch.placeholder.sh
14,build/packages-template/bbb-html5/after-remove.sh
52,akka-bbb-apps/src/debian/DEBIAN/preinst
61,akka-bbb-fsesl/src/main/java/org/bigbluebutton/freeswitch/voice/events/VoiceCallStateEvent.java
72,bbb-fsesl-client/src/main/java/org/freeswitch/esl/client/inbound/Client.java
18,bigbluebutton-html5/run-dev.sh
72,akka-bbb-fsesl/src/main/java/org/bigbluebutton/freeswitch/voice/freeswitch/actions/PlaySoundCommand.java
10,bigbluebutton-html5/transifex.sh
58,akka-bbb-fsesl/src/main/java/org/bigbluebutton/freeswitch/voice/freeswitch/actions/ForceEjectUserCommand.java
63,akka-bbb-fsesl/src/main/java/org/bigbluebutton/freeswitch/voice/freeswitch/response/XMLResponseConferenceListParser.java
5,build/packages-template/bbb-html5/build.sh
62,bbb-fsesl-client/src/main/java/org/freeswitch/esl/client/internal/debug/ChannelEventRunnable.java
52,akka-bbb-apps/src/main/scala/org/bigbluebutton/core/util/jhotdraw/BezierPathIterator.java
81,bbb-common-web/src/main/java/org/bigbluebutton/presentation/imp/PageExtractorImp.java
66,bbb-fsesl-client/src/main/java/org/freeswitch/esl/client/example/HeartbeatThread.java
52,akka-bbb-apps/src/test/java/org/bigbluebutton/xml/Simple.java
66,build/packages-template/bbb-freeswitch-sounds/build.sh
58,akka-bbb-fsesl/src/main/java/org/bigbluebutton/freeswitch/voice/commands/RecordCommand.java
72,bbb-fsesl-client/src/main/java/org/freeswitch/esl/client/manager/ManagerConnection.java
8,bbb-graphql-server/build_hasura.sh
49,bbb-common-message/src/main/java/org/bigbluebutton/common2/redis/Keys.java
60,akka-bbb-fsesl/src/main/java/org/bigbluebutton/freeswitch/voice/commands/ConferenceCommandResult.java
58,akka-bbb-fsesl/src/main/java/org/bigbluebutton/freeswitch/voice/events/VoiceUserMutedEvent.java
78,bbb-common-web/src/main/java/org/bigbluebutton/web/services/turn/RemoteIceCandidate.java
59,akka-bbb-fsesl/src/main/java/org/bigbluebutton/freeswitch/voice/events/FreeswitchStatusReplyEvent.java
66,bbb-fsesl-client/src/test/java/org/freeswitch/esl/client/transport/message/EslFrameDecoderTest.java
30,bbb-common-web/src/main/java/org/bigbluebutton/web/services/KeepAliveMessage.java
60,bbb-fsesl-client/src/main/java/org/freeswitch/esl/client/transport/CommandResponse.java
5,build/packages-template/bbb-html5/run_mongo.sh
68,build/packages-template/bbb-html5/workers-start.sh
26,bbb-common-web/src/main/java/org/bigbluebutton/common/messages/BbbAppsIsAliveMessage.java
4,build/packages-template/bbb-html5/kill_mongo.sh
63,build/packages-template/bbb-freeswitch-core/fs_clibbb
68,build/packages-template/bbb-graphql-server/after-install.sh
60,akka-bbb-fsesl/src/main/java/org/bigbluebutton/freeswitch/voice/freeswitch/actions/PlaySoundCommand.java
66,akka-bbb-fsesl/src/main/java/org/bigbluebutton/freeswitch/voice/freeswitch/actions/GetUsersStatusCommand.java
81,bbb-common-web/src/main/java/org/bigbluebutton/presentation/messages/DocPageGeneratedProgress.java
81,bbb-common-web/src/main/java/org/bigbluebutton/presentation/imp/OfficeDocumentValidator.java
59,akka-bbb-fsesl/src/main/java/org/bigbluebutton/freeswitch/voice/freeswitch/response/XMLResponseConferenceListParser.java
62,akka-bbb-fsesl/src/main/java/org/bigbluebutton/freeswitch/voice/freeswitch/actions/EjectAllUsersCommand.java
61,akka-bbb-fsesl/src/main/java/org/bigbluebutton/freeswitch/voice/FreeswitchConferenceEventListener.java
63,bbb-fsesl-client/src/main/java/org/freeswitch/esl/client/internal/debug/ExecutionHandler.java
58,bbb-fsesl-client/src/main/java/org/freeswitch/esl/client/inbound/InboundPipelineFactory.java
63,akka-bbb-fsesl/src/main/java/org/bigbluebutton/freeswitch/voice/commands/MuteUserCommand.java
63,akka-bbb-fsesl/src/main/java/org/bigbluebutton/freeswitch/voice/events/VoiceUserTalkingEvent.java
80,bbb-common-web/src/main/java/org/bigbluebutton/presentation/ImageResizer.java
59,akka-bbb-fsesl/src/main/java/org/bigbluebutton/freeswitch/voice/freeswitch/ESLEventListener.java
60,build/packages-template/bbb-freeswitch-core/opts-jammy.sh
78,bbb-common-web/src/main/java/org/bigbluebutton/web/services/KeepAliveService.java
61,build/packages-template/bbb-freeswitch-core/before-install.sh
81,bbb-common-web/src/main/java/org/bigbluebutton/presentation/TextFileCreator.java
81,bbb-common-web/src/main/java/org/bigbluebutton/presentation/imp/SvgImageCreatorImp.java
81,bbb-common-web/src/main/java/org/bigbluebutton/presentation/imp/OfficeToPdfConversionService.java
58,akka-bbb-fsesl/src/main/java/org/bigbluebutton/freeswitch/voice/events/UnknownConferenceEvent.java
66,bbb-fsesl-client/src/main/java/org/freeswitch/esl/client/inbound/InboundClientHandler.java
39,build/packages-template/bbb-html5/build.sh
60,bbb-fsesl-client/src/main/java/org/freeswitch/esl/client/transport/message/EslMessage.java
26,akka-bbb-apps/src/main/scala/org/bigbluebutton/core/util/jhotdraw/BezierPathIterator.java
62,build/packages-template/bbb-freeswitch-core/after-install.sh
60,akka-bbb-fsesl/src/main/java/org/bigbluebutton/freeswitch/voice/freeswitch/response/ConferenceMember.java
60,akka-bbb-apps/src/test/java/org/bigbluebutton/xml/Simple.java
62,akka-bbb-fsesl/src/main/java/org/bigbluebutton/freeswitch/voice/commands/EjectUserCommand.java
58,build/packages-template/bbb-freeswitch-core/opts-jammy.sh
58,akka-bbb-fsesl/src/main/java/org/bigbluebutton/freeswitch/voice/commands/EjectUserCommand.java
80,bbb-common-web/src/main/java/org/bigbluebutton/presentation/PngCreator.java
66,akka-bbb-fsesl/src/main/java/org/bigbluebutton/freeswitch/voice/events/UnknownConferenceEvent.java
13,bbb-graphql-server/build_hasura.sh
80,bbb-common-web/src/main/java/org/bigbluebutton/presentation/Util.java
80,build/packages-template/bbb-playback-presentation/build.sh
60,bbb-common-message/src/main/java/org/bigbluebutton/common2/redis/pubsub/MessageReceiver.java
58,bbb-fsesl-client/src/test/java/org/freeswitch/esl/client/outbound/SocketClientTest.java
72,akka-bbb-fsesl/src/main/java/org/bigbluebutton/freeswitch/voice/events/VoiceUserTalkingEvent.java
62,bbb-fsesl-client/src/main/java/org/freeswitch/esl/client/internal/AbstractEslClientHandler.java
59,akka-bbb-fsesl/src/main/java/org/bigbluebutton/freeswitch/voice/events/VoiceCallStateEvent.java
61,bbb-fsesl-client/src/main/java/org/freeswitch/esl/client/example/ExampleClient.java
8,build/packages-template/bbb-html5/after-install.sh
59,akka-bbb-fsesl/src/main/java/org/bigbluebutton/freeswitch/voice/events/VoiceStartRecordingEvent.java
59,akka-bbb-fsesl/src/main/java/org/bigbluebutton/freeswitch/voice/freeswitch/actions/CheckFreeswitchStatusCommand.java
63,akka-bbb-fsesl/src/main/java/org/bigbluebutton/freeswitch/voice/freeswitch/DelayedCommandSenderService.java
59,akka-bbb-fsesl/src/main/java/org/bigbluebutton/freeswitch/voice/commands/GetUsersCommand.java
13,build/packages-template/bbb-graphql-server/after-remove.sh
63,akka-bbb-fsesl/src/main/java/org/bigbluebutton/freeswitch/voice/commands/RecordCommand.java
54,akka-bbb-apps/src/main/scala/org/bigbluebutton/core/util/jhotdraw/BezierPath.java
57,akka-bbb-fsesl/src/main/java/org/bigbluebutton/freeswitch/voice/freeswitch/actions/ForceEjectUserCommand.java
13,bbb-graphql-server/install-hasura.sh
18,bigbluebutton-html5/transifex.sh
59,akka-bbb-fsesl/src/main/java/org/bigbluebutton/freeswitch/voice/events/AudioFloorChangedEvent.java
62,bbb-fsesl-client/src/main/java/org/freeswitch/esl/client/inbound/InboundClientHandler.java
63,akka-bbb-fsesl/src/main/java/org/bigbluebutton/freeswitch/voice/freeswitch/actions/GetUsersStatusCommand.java
14,bigbluebutton-html5/transifex.sh
63,akka-bbb-fsesl/src/main/java/org/bigbluebutton/freeswitch/voice/events/VoiceUserJoinedEvent.java
66,akka-bbb-fsesl/src/main/java/org/bigbluebutton/freeswitch/voice/commands/GetUsersCommand.java
73,build/packages-template/bbb-webrtc-sfu/opts-jammy.sh
47,bbb-common-message/src/main/java/org/bigbluebutton/common2/redis/pubsub/MessageToSend.java
6,build/packages-template/bbb-html5/systemd_start.sh
78,bbb-common-web/src/main/java/org/bigbluebutton/web/services/UserCleanupTimerTask.java
6,build/packages-template/bbb-html5/systemd_start.sh
61,akka-bbb-fsesl/src/main/java/org/bigbluebutton/freeswitch/voice/freeswitch/actions/MuteUserCommand.java
8,bbb-graphql-server/install-hasura.sh
81,bbb-common-web/src/main/java/org/bigbluebutton/presentation/messages/UploadFileTimedoutMessage.java
58,bbb-fsesl-client/src/main/java/org/freeswitch/esl/client/internal/AbstractEslClientHandler.java
60,akka-bbb-apps/src/debian/DEBIAN/preinst
73,bigbluebutton-html5/deploy_to_usr_share.sh
60,akka-bbb-fsesl/src/main/java/org/bigbluebutton/freeswitch/voice/ConferenceServerListener.java
10,build/packages-template/bbb-html5/after-remove.sh
72,bbb-fsesl-client/src/main/java/org/freeswitch/esl/client/manager/DefaultManagerConnection.java
4,bigbluebutton-html5/transifex.sh
72,akka-bbb-fsesl/src/main/java/org/bigbluebutton/freeswitch/voice/events/VoiceUsersStatusEvent.java
57,akka-bbb-fsesl/src/main/java/org/bigbluebutton/freeswitch/voice/freeswitch/actions/ConferenceCheckRecordCommand.java
18,bigbluebutton-html5/deploy_to_usr_share.sh
6,bbb-graphql-middleware/demo/client/stress-test.sh
58,akka-bbb-fsesl/src/main/java/org/bigbluebutton/freeswitch/voice/IVoiceConferenceService.java
80,bbb-common-web/src/main/java/org/bigbluebutton/presentation/handlers/AddNamespaceToSvgHandler.java
36,bbb-common-web/src/main/java/org/bigbluebutton/web/services/callback/CallbackUrlService.java
63,bbb-fsesl-client/src/main/java/org/freeswitch/esl/client/transport/SendMsg.java
15,build/packages-template/bbb-html5/run_mongo.sh
57,akka-bbb-fsesl/src/main/java/org/bigbluebutton/freeswitch/voice/freeswitch/actions/MuteUserCommand.java
81,bbb-common-web/src/main/java/org/bigbluebutton/presentation/DocumentConversionService.java
13,bigbluebutton-html5/transifex.sh
10,bigbluebutton-html5/run-dev.sh
72,build/packages-template/bbb-freeswitch-core/after-install.sh
72,akka-bbb-fsesl/src/main/java/org/bigbluebutton/freeswitch/voice/freeswitch/actions/GetAllUsersCommand.java
57,akka-bbb-fsesl/src/main/java/org/bigbluebutton/freeswitch/voice/events/VoiceUserTalkingEvent.java
59,freeswitch.placeholder.sh
12,build/packages-template/bbb-html5/mongod_start_pre.sh
63,bbb-fsesl-client/src/main/java/org/freeswitch/esl/client/outbound/SocketClient.java
57,akka-bbb-fsesl/src/main/java/org/bigbluebutton/freeswitch/voice/commands/GetUsersCommand.java
61,akka-bbb-fsesl/src/main/java/org/bigbluebutton/freeswitch/voice/freeswitch/actions/GetAllUsersCommand.java
59,akka-bbb-fsesl/src/main/java/org/bigbluebutton/freeswitch/voice/events/VoiceConfRunningEvent.java
60,akka-bbb-apps/src/main/scala/org/bigbluebutton/core/util/jhotdraw/BezierWrapper.java
68,build/packages-template/bbb-html5/after-install.sh
63,bbb-fsesl-client/src/main/java/org/freeswitch/esl/client/outbound/example/SimpleHangupPipelineFactory.java
47,bigbluebutton-html5/transifex.sh
47,build/packages-template/bbb-html5/before-remove.sh
63,akka-bbb-fsesl/src/main/java/org/bigbluebutton/freeswitch/voice/events/VoiceUserLockedEvent.java
58,bbb-fsesl-client/src/main/java/org/freeswitch/esl/client/example/HeartbeatThread.java
57,akka-bbb-fsesl/src/main/java/org/bigbluebutton/freeswitch/voice/freeswitch/ConnectionManager.java
80,bbb-common-web/src/main/java/org/bigbluebutton/presentation/messages/DocPageConversionStarted.java
80,bbb-common-web/src/main/java/org/bigbluebutton/presentation/handlers/PdfFontType3DetectorHandler.java
52,akka-bbb-apps/src/main/scala/org/bigbluebutton/core/util/jhotdraw/Geom.java
10,build/packages-template/bbb-html5/after-install.sh
59,akka-bbb-fsesl/src/main/java/org/bigbluebutton/freeswitch/voice/events/VoiceUserJoinedEvent.java
66,akka-bbb-fsesl/src/main/java/org/bigbluebutton/freeswitch/voice/ConferenceServerListener.java
66,akka-bbb-fsesl/src/main/java/org/bigbluebutton/freeswitch/voice/freeswitch/response/ConferenceMemberFlags.java
63,akka-bbb-fsesl/src/main/java/org/bigbluebutton/freeswitch/voice/freeswitch/FreeswitchApplication.java
74,bbb-webrtc-sfu.placeholder.sh
59,akka-bbb-fsesl/src/main/java/org/bigbluebutton/freeswitch/voice/freeswitch/actions/EjectUserCommand.java
58,akka-bbb-fsesl/src/main/java/org/bigbluebutton/freeswitch/voice/freeswitch/actions/GetAllUsersCommand.java
54,akka-bbb-apps/src/debian/DEBIAN/postrm
57,bbb-fsesl-client/src/main/java/org/freeswitch/esl/client/inbound/InboundConnectionFailure.java
60,akka-bbb-fsesl/src/main/java/org/bigbluebutton/freeswitch/voice/freeswitch/FreeswitchApplication.java
14,build/packages-template/bbb-html5/before-remove.sh
81,bbb-common-web/src/main/java/org/bigbluebutton/presentation/handlers/PdfPageCounterHandler.java
15,build/packages-template/bbb-graphql-server/opts-jammy.sh
72,build/packages-template/bbb-freeswitch-core/build.sh
59,bbb-fsesl-client/src/main/java/org/freeswitch/esl/client/outbound/SocketClient.java
60,akka-bbb-fsesl/src/main/java/org/bigbluebutton/freeswitch/voice/freeswitch/ESLEventListener.java
63,akka-bbb-fsesl/src/main/java/org/bigbluebutton/freeswitch/voice/freeswitch/actions/BroadcastConferenceCommand.java
68,build/packages-template/bbb-html5/run_mongo.sh
72,bbb-fsesl-client/src/main/java/org/freeswitch/esl/client/internal/debug/ChannelEventRunnable.java
60,bbb-fsesl-client/src/main/java/org/freeswitch/esl/client/internal/debug/ExecutionHandler.java
63,akka-bbb-fsesl/src/main/java/org/bigbluebutton/freeswitch/voice/events/ConfRecording.java
80,bbb-common-web/src/main/java/org/bigbluebutton/presentation/imp/PdfSlidesGenerationService.java
14,bigbluebutton-html5/run-dev.sh
81,bbb-common-web/src/main/java/org/bigbluebutton/presentation/imp/CountingPageException.java
62,akka-bbb-fsesl/src/main/java/org/bigbluebutton/freeswitch/voice/commands/GetUsersCommand.java
13,build/packages-template/bbb-html5/systemd_start.sh
10,build/packages-template/bbb-html5/systemd_start_frontend.sh
63,build/packages-template/bbb-freeswitch-core/opts-jammy.sh
18,build/packages-template/bbb-html5/after-remove.sh
60,bbb-common-message/src/main/java/org/bigbluebutton/common2/redis/pubsub/ReceivedMessage.java
57,akka-bbb-fsesl/src/main/java/org/bigbluebutton/freeswitch/voice/freeswitch/response/XMLResponseConferenceListParser.java
59,akka-bbb-fsesl/src/main/java/org/bigbluebutton/freeswitch/voice/freeswitch/response/ConferenceMember.java
62,akka-bbb-fsesl/src/main/java/org/bigbluebutton/freeswitch/voice/events/AudioFloorChangedEvent.java
72,build/packages-template/bbb-freeswitch-core/fs_clibbb
60,akka-bbb-fsesl/src/main/java/org/bigbluebutton/freeswitch/voice/freeswitch/actions/ConferenceCheckRecordCommand.java
54,akka-bbb-apps/src/test/java/org/bigbluebutton/xml/Simple.java
63,bbb-fsesl-client/src/main/java/org/freeswitch/esl/client/outbound/AbstractOutboundPipelineFactory.java
61,akka-bbb-fsesl/src/main/java/org/bigbluebutton/freeswitch/voice/events/VoiceConfRunningEvent.java
73,build/packages-template/bbb-html5-nodejs/build.sh
58,bbb-fsesl-client/src/main/java/org/freeswitch/esl/client/internal/debug/ExecutionHandler.java
58,bbb-fsesl-client/src/main/java/org/freeswitch/esl/client/example/ExampleClient.java
62,bbb-fsesl-client/src/main/java/org/freeswitch/esl/client/internal/HeaderParser.java
72,bbb-fsesl-client/src/main/java/org/freeswitch/esl/client/example/HeartbeatThread.java
61,akka-bbb-fsesl/src/main/java/org/bigbluebutton/freeswitch/voice/freeswitch/actions/TransferUserToMeetingCommand.java
72,bbb-fsesl-client/src/main/java/org/freeswitch/esl/client/outbound/AbstractOutboundPipelineFactory.java
39,build/packages-template/bbb-html5/opts-jammy.sh
61,bbb-fsesl-client/src/main/java/org/freeswitch/esl/client/inbound/Client.java
59,akka-bbb-fsesl/src/main/java/org/bigbluebutton/freeswitch/voice/freeswitch/actions/StopSoundCommand.java
61,akka-bbb-fsesl/src/main/java/org/bigbluebutton/freeswitch/voice/events/VoiceUserJoinedEvent.java
8,build/packages-template/bbb-graphql-server/after-install.sh
58,bbb-fsesl-client/src/main/java/org/freeswitch/esl/client/transport/CommandResponse.java
61,akka-bbb-fsesl/src/main/java/org/bigbluebutton/freeswitch/voice/commands/RecordCommand.java
9,build/packages-template/bbb-html5/run_mongo.sh
72,akka-bbb-fsesl/src/main/java/org/bigbluebutton/freeswitch/voice/freeswitch/actions/GetUsersStatusCommand.java
68,bigbluebutton-html5/run-dev.sh
63,bbb-fsesl-client/src/main/java/org/freeswitch/esl/client/example/EslEventListener.java
73,build/packages-template/bbb-html5/before-remove.sh
57,bbb-fsesl-client/src/main/java/org/freeswitch/esl/client/transport/event/EslEventHeaderNames.java
62,akka-bbb-fsesl/src/main/java/org/bigbluebutton/freeswitch/voice/freeswitch/actions/HoldUserCommand.java
13,build/packages-template/bbb-html5/workers-start.sh
61,build/packages-template/bbb-freeswitch-core/before-remove.sh
8,build/packages-template/bbb-html5/mongod_start_pre.sh
61,build/packages-template/bbb-freeswitch-core/opts-jammy.sh
58,bbb-fsesl-client/src/main/java/org/freeswitch/esl/client/transport/SendMsg.java
60,akka-bbb-fsesl/src/main/java/org/bigbluebutton/freeswitch/voice/freeswitch/actions/RecordConferenceCommand.java
60,bbb-fsesl-client/src/main/java/org/freeswitch/esl/client/transport/SendMsg.java
73,build/packages-template/bbb-graphql-server/before-remove.sh
4,build/packages-template/bbb-html5/build.sh
58,akka-bbb-fsesl/src/main/java/org/bigbluebutton/freeswitch/voice/freeswitch/actions/PlaySoundCommand.java
59,bbb-fsesl-client/src/main/java/org/freeswitch/esl/client/outbound/example/SimpleHangupPipelineFactory.java
72,akka-bbb-fsesl/src/main/java/org/bigbluebutton/freeswitch/voice/commands/ConferenceCommand.java
81,bbb-common-web/src/main/java/org/bigbluebutton/presentation/messages/PresentationConvertMessage.java
58,akka-bbb-fsesl/src/main/java/org/bigbluebutton/freeswitch/voice/events/ConferenceEventListener.java
48,bbb-common-message/src/main/java/org/bigbluebutton/common2/redis/RedisAwareCommunicator.java
60,akka-bbb-fsesl/src/main/java/org/bigbluebutton/freeswitch/voice/commands/EjectUserCommand.java
18,build/packages-template/bbb-graphql-server/before-remove.sh
57,akka-bbb-fsesl/src/main/java/org/bigbluebutton/freeswitch/voice/freeswitch/DelayedCommandSenderService.java
62,akka-bbb-fsesl/src/main/java/org/bigbluebutton/freeswitch/voice/freeswitch/actions/ConferenceCheckRecordCommand.java
57,akka-bbb-fsesl/src/main/java/org/bigbluebutton/freeswitch/voice/freeswitch/FreeswitchApplication.java
8,build/packages-template/bbb-html5/run_mongo.sh
66,build/packages-template/bbb-freeswitch-core/opts-jammy.sh
59,build/packages-template/bbb-freeswitch-core/after-install.sh
61,bbb-fsesl-client/src/main/java/org/freeswitch/esl/client/internal/IEslProtocolListener.java
6,bbb-graphql-server/install-hasura.sh
63,akka-bbb-fsesl/src/main/java/org/bigbluebutton/freeswitch/voice/events/VoiceUsersStatusEvent.java
80,bbb-common-web/src/main/java/org/bigbluebutton/presentation/handlers/AbstractCommandHandler.java
14,build/packages-template/bbb-html5-nodejs/build.sh
81,bbb-common-web/src/main/java/org/bigbluebutton/presentation/imp/PdfPageDownscaler.java
57,bbb-fsesl-client/src/main/java/org/freeswitch/esl/client/outbound/SocketClient.java
66,akka-bbb-fsesl/src/main/java/org/bigbluebutton/freeswitch/voice/freeswitch/actions/EjectUserCommand.java
72,akka-bbb-fsesl/src/main/java/org/bigbluebutton/freeswitch/voice/events/ConferenceEventListener.java
66,akka-bbb-fsesl/src/main/java/org/bigbluebutton/freeswitch/voice/commands/ConferenceCommand.java
12,bbb-graphql-server/build_hasura.sh
58,bbb-fsesl-client/src/main/java/org/freeswitch/esl/client/manager/ManagerConnection.java
30,bbb-common-web/src/main/java/org/bigbluebutton/web/services/turn/StunServer.java
73,bigbluebutton-html5/transifex.sh
60,bbb-fsesl-client/src/main/java/org/freeswitch/esl/client/example/HeartbeatThread.java
10,build/packages-template/bbb-html5/run_mongo.sh
58,build/packages-template/bbb-freeswitch-sounds/opts-jammy.sh
47,bbb-common-message/src/main/java/org/bigbluebutton/common2/redis/pubsub/MessageSender.java
72,akka-bbb-fsesl/src/main/java/org/bigbluebutton/freeswitch/voice/events/AudioFloorChangedEvent.java
62,akka-bbb-fsesl/src/main/java/org/bigbluebutton/freeswitch/voice/events/VoiceUserMutedEvent.java
47,build/packages-template/bbb-graphql-server/after-install.sh
66,bbb-fsesl-client/src/main/java/org/freeswitch/esl/client/IEslEventListener.java
60,akka-bbb-fsesl/src/main/java/org/bigbluebutton/freeswitch/voice/events/UnknownConferenceEvent.java
61,bbb-fsesl-client/src/main/java/org/freeswitch/esl/client/internal/debug/ChannelEventRunnable.java
66,akka-bbb-fsesl/src/main/java/org/bigbluebutton/freeswitch/voice/freeswitch/DelayedCommandSenderService.java
60,akka-bbb-fsesl/src/main/java/org/bigbluebutton/freeswitch/voice/freeswitch/actions/EjectUserCommand.java
52,akka-bbb-apps/src/main/scala/org/bigbluebutton/core/util/jhotdraw/PathCommands.java
60,akka-bbb-fsesl/src/main/java/org/bigbluebutton/freeswitch/voice/freeswitch/ConnectionManager.java
78,bbb-common-web/src/main/java/org/bigbluebutton/web/services/KeepAlivePing.java
62,bbb-fsesl-client/src/main/java/org/freeswitch/esl/client/transport/CommandResponse.java
72,bbb-fsesl-client/src/main/java/org/freeswitch/esl/client/internal/IEslProtocolListener.java
12,bigbluebutton-html5/transifex.sh
57,bbb-fsesl-client/src/main/java/org/freeswitch/esl/client/manager/internal/ManagerConnectionImpl.java
81,bbb-common-web/src/main/java/org/bigbluebutton/presentation/imp/OfficeDocumentValidator2.java
15,bigbluebutton-html5/run-dev.sh
72,akka-bbb-fsesl/src/main/java/org/bigbluebutton/freeswitch/voice/freeswitch/actions/MuteUserCommand.java
13,build/packages-template/bbb-html5/opts-jammy.sh
58,build/packages-template/bbb-freeswitch-core/after-install.sh
57,akka-bbb-fsesl/run-dev.sh
66,bbb-fsesl-client/src/main/java/org/freeswitch/esl/client/transport/event/EslEventHeaderNames.java
13,build/packages-template/bbb-graphql-server/build.sh
8,build/packages-template/bbb-html5/opts-jammy.sh
62,akka-bbb-fsesl/src/main/java/org/bigbluebutton/freeswitch/voice/freeswitch/response/ConferenceMember.java
81,bbb-common-web/src/main/java/org/bigbluebutton/presentation/messages/DocInvalidMimeType.java
8,build/packages-template/bbb-graphql-server/after-remove.sh
4,build/packages-template/bbb-html5/mongod_start_pre.sh
39,bigbluebutton-html5/run-dev.sh
57,bbb-fsesl-client/src/main/java/org/freeswitch/esl/client/transport/SendMsg.java
66,akka-bbb-fsesl/src/main/java/org/bigbluebutton/freeswitch/voice/freeswitch/actions/ForceEjectUserCommand.java
10,bbb-graphql-server/install-hasura.sh
61,akka-bbb-fsesl/src/main/java/org/bigbluebutton/freeswitch/voice/events/ConfMember.java
6,bbb-graphql-client-test/deploy.sh
59,akka-bbb-fsesl/src/main/java/org/bigbluebutton/freeswitch/voice/freeswitch/actions/PlaySoundCommand.java
66,akka-bbb-fsesl/src/main/java/org/bigbluebutton/freeswitch/voice/events/VoiceConfRunningAndRecordingEvent.java
57,bbb-fsesl-client/src/main/java/org/freeswitch/esl/client/IEslEventListener.java
66,akka-bbb-fsesl/src/main/java/org/bigbluebutton/freeswitch/voice/freeswitch/actions/RecordConferenceCommand.java
58,akka-bbb-fsesl/src/main/java/org/bigbluebutton/freeswitch/voice/freeswitch/actions/ConferenceCheckRecordCommand.java
62,bbb-fsesl-client/src/main/java/org/freeswitch/esl/client/transport/event/EslEventHeaderNames.java
59,akka-bbb-fsesl/src/main/java/org/bigbluebutton/freeswitch/voice/events/ConferenceEventListener.java
78,build/packages-template/bbb-web/after-install.sh
61,akka-bbb-fsesl/src/main/java/org/bigbluebutton/freeswitch/voice/events/VoiceUserLeftEvent.java
9,build/packages-template/bbb-html5/systemd_start.sh
80,bbb-common-web/src/main/java/org/bigbluebutton/presentation/SupportedFileTypes.java
10,bigbluebutton-html5/deploy_to_usr_share.sh
81,bbb-common-web/src/main/java/org/bigbluebutton/presentation/imp/Office2PdfPageConverter.java
80,bbb-common-web/src/main/java/org/bigbluebutton/presentation/imp/OfficeDocumentValidator.java
57,akka-bbb-fsesl/src/main/java/org/bigbluebutton/freeswitch/voice/events/VoiceCallStateEvent.java
60,akka-bbb-fsesl/src/main/java/org/bigbluebutton/freeswitch/voice/freeswitch/IDelayedCommandListener.java
61,build/packages-template/bbb-freeswitch-sounds/build.sh
57,bbb-fsesl-client/src/main/java/org/freeswitch/esl/client/internal/IEslProtocolListener.java
36,build/packages-template/bbb-web/build.sh
4,build/packages-template/bbb-html5/before-install.sh
6,build/packages-template/bbb-html5/after-remove.sh
6,build/packages-template/bbb-html5/after-remove.sh
62,bbb-fsesl-client/src/test/java/org/freeswitch/esl/client/outbound/SocketClientTest.java
68,build/packages-template/bbb-html5/after-remove.sh
13,bigbluebutton-html5/run-dev.sh
73,build/packages-template/bbb-html5/kill_mongo.sh
80,bbb-common-web/src/main/java/org/bigbluebutton/presentation/messages/PdfConversionInvalid.java
61,akka-bbb-fsesl/src/main/java/org/bigbluebutton/freeswitch/voice/events/UnknownConferenceEvent.java
72,bbb-fsesl-client/src/main/java/org/freeswitch/esl/client/transport/SendMsg.java
5,bigbluebutton-html5/run-dev.sh
52,akka-bbb-apps/src/main/scala/org/bigbluebutton/core/util/jhotdraw/Shapes.java
57,build/packages-template/bbb-fsesl-akka/build.sh
58,akka-bbb-fsesl/src/main/java/org/bigbluebutton/freeswitch/voice/events/VoiceCallStateEvent.java
12,build/packages-template/bbb-html5/systemd_start.sh
81,bbb-common-web/src/main/java/org/bigbluebutton/presentation/PageAnalyser.java
9,build/packages-template/bbb-html5/opts-jammy.sh
58,bbb-fsesl-client/src/main/java/org/freeswitch/esl/client/manager/DefaultManagerConnection.java
63,bbb-fsesl-client/src/main/java/org/freeswitch/esl/client/transport/event/EslEventHeaderNames.java
60,akka-bbb-fsesl/src/main/java/org/bigbluebutton/freeswitch/voice/events/FreeswitchStatusReplyEvent.java
36,build/packages-template/bbb-web/opts-jammy.sh
81,bbb-common-web/src/main/java/org/bigbluebutton/presentation/DocumentConversionServiceImp.java
62,akka-bbb-fsesl/src/main/java/org/bigbluebutton/freeswitch/voice/ConferenceServerListener.java
4,bigbluebutton-html5/deploy_to_usr_share.sh
58,akka-bbb-fsesl/src/main/java/org/bigbluebutton/freeswitch/voice/events/VoiceUsersStatusEvent.java
81,bbb-common-web/src/main/java/org/bigbluebutton/presentation/imp/PageToConvert.java
61,akka-bbb-fsesl/src/main/java/org/bigbluebutton/freeswitch/voice/ConferenceServerListener.java
80,bbb-common-web/src/main/java/org/bigbluebutton/presentation/messages/PresentationConvertMessage.java
58,akka-bbb-fsesl/src/main/java/org/bigbluebutton/freeswitch/voice/freeswitch/actions/TransferUserToMeetingCommand.java
72,akka-bbb-fsesl/src/main/java/org/bigbluebutton/freeswitch/voice/freeswitch/FreeswitchApplication.java
36,bbb-common-web/src/main/java/org/bigbluebutton/web/services/turn/TurnEntry.java
59,akka-bbb-fsesl/src/main/java/org/bigbluebutton/freeswitch/voice/freeswitch/actions/ConferenceCheckRecordCommand.java
66,akka-bbb-fsesl/src/main/java/org/bigbluebutton/freeswitch/voice/IVoiceConferenceService.java
59,bbb-fsesl-client/src/main/java/org/freeswitch/esl/client/transport/event/EslEvent.java
80,bbb-common-web/src/main/java/org/bigbluebutton/presentation/imp/SlidesGenerationProgressNotifier.java
57,akka-bbb-fsesl/src/main/java/org/bigbluebutton/freeswitch/voice/freeswitch/actions/DelayedCommand.java
81,bbb-common-web/src/main/java/org/bigbluebutton/presentation/imp/PngCreatorImp.java
12,build/packages-template/bbb-html5/before-install.sh
73,bigbluebutton-html5/run-dev.sh
66,akka-bbb-fsesl/src/main/java/org/bigbluebutton/freeswitch/voice/events/FreeswitchStatusReplyEvent.java
62,akka-bbb-fsesl/src/main/java/org/bigbluebutton/freeswitch/voice/events/ConfRecording.java
47,build/packages-template/bbb-html5/after-install.sh
81,bbb-common-web/src/main/java/org/bigbluebutton/presentation/SvgImageCreator.java
47,bbb-common-message/src/main/java/org/bigbluebutton/common2/redis/pubsub/ReceivedMessage.java
6,build/packages-template/bbb-html5/mongod_start_pre.sh
6,build/packages-template/bbb-html5/mongod_start_pre.sh
39,bigbluebutton-html5/deploy_to_usr_share.sh
59,bbb-fsesl-client/src/main/java/org/freeswitch/esl/client/example/EslEventListener.java
60,bbb-fsesl-client/src/main/java/org/freeswitch/esl/client/outbound/AbstractOutboundClientHandler.java
78,build/packages-template/bbb-web/opts-jammy.sh
58,akka-bbb-fsesl/src/main/java/org/bigbluebutton/freeswitch/voice/events/FreeswitchHeartbeatEvent.java
18,build/packages-template/bbb-html5/before-install.sh
60,akka-bbb-fsesl/src/main/java/org/bigbluebutton/freeswitch/voice/events/VoiceUserTalkingEvent.java
51,akka-bbb-apps/src/debian/DEBIAN/postrm
66,bigbluebutton-config/cron.hourly/bbb-resync-freeswitch
78,bbb-common-web/src/main/java/org/bigbluebutton/web/services/WaitingGuestCleanupTimerTask.java
18,build/packages-template/bbb-html5/systemd_start.sh
10,build/packages-template/bbb-graphql-server/after-install.sh
18,build/packages-template/bbb-html5-nodejs/build.sh
60,akka-bbb-fsesl/src/main/java/org/bigbluebutton/freeswitch/voice/freeswitch/actions/ForceEjectUserCommand.java
72,bbb-fsesl-client/src/test/java/org/freeswitch/esl/client/transport/message/EslFrameDecoderTest.java
61,akka-bbb-fsesl/src/main/java/org/bigbluebutton/freeswitch/voice/freeswitch/response/ConferenceMember.java
39,bbb-graphql-server/install-hasura.sh
9,build/packages-template/bbb-graphql-server/after-install.sh
70,build/packages-template/bbb-webrtc-sfu/opts-jammy.sh
60,freeswitch.placeholder.sh
60,bbb-fsesl-client/src/main/java/org/freeswitch/esl/client/example/ExampleClient.java
66,akka-bbb-fsesl/src/main/java/org/bigbluebutton/freeswitch/voice/events/VoiceUserLockedEvent.java
18,build/packages-template/bbb-html5/mongod_start_pre.sh
60,bbb-fsesl-client/src/main/java/org/freeswitch/esl/client/transport/message/EslHeaders.java
72,akka-bbb-fsesl/src/main/java/org/bigbluebutton/freeswitch/voice/freeswitch/actions/DeafUserCommand.java
59,akka-bbb-fsesl/src/main/java/org/bigbluebutton/freeswitch/voice/commands/EjectUserCommand.java
12,build/packages-template/bbb-graphql-server/build.sh
66,akka-bbb-fsesl/src/main/java/org/bigbluebutton/freeswitch/voice/freeswitch/actions/PlaySoundCommand.java
58,bbb-fsesl-client/src/main/java/org/freeswitch/esl/client/IEslEventListener.java
81,bbb-common-web/src/main/java/org/bigbluebutton/presentation/imp/ExternalProcessExecutor.java
59,akka-bbb-fsesl/src/main/java/org/bigbluebutton/freeswitch/voice/events/ConfRecording.java
60,akka-bbb-fsesl/src/main/java/org/bigbluebutton/freeswitch/voice/freeswitch/response/ConferenceMemberFlags.java
61,akka-bbb-fsesl/src/main/java/org/bigbluebutton/freeswitch/voice/events/VoiceUserLockedEvent.java
30,bbb-common-web/src/main/java/org/bigbluebutton/web/services/turn/TurnServer.java
8,build/packages-template/bbb-html5/systemd_start_frontend.sh
13,build/packages-template/bbb-html5-nodejs/build.sh
30,bbb-common-web/src/main/java/org/bigbluebutton/web/services/turn/RemoteIceCandidate.java
57,akka-bbb-fsesl/run.sh
62,bbb-fsesl-client/src/main/java/org/freeswitch/esl/client/transport/event/EslEvent.java
51,akka-bbb-apps/deploy.sh
72,akka-bbb-fsesl/src/main/java/org/bigbluebutton/freeswitch/voice/freeswitch/actions/DelayedCommand.java
63,akka-bbb-fsesl/src/main/java/org/bigbluebutton/freeswitch/voice/freeswitch/actions/HoldUserCommand.java
58,bbb-fsesl-client/src/main/java/org/freeswitch/esl/client/manager/internal/ManagerConnectionImpl.java
18,build/packages-template/bbb-graphql-server/after-remove.sh
13,bigbluebutton-html5/test-html5.sh
51,akka-bbb-apps/src/main/scala/org/bigbluebutton/core/util/jhotdraw/PathData.java
51,akka-bbb-apps/src/main/scala/org/bigbluebutton/core/util/jhotdraw/PathCommands.java
62,akka-bbb-fsesl/src/main/java/org/bigbluebutton/freeswitch/voice/commands/ConferenceCommandResult.java
73,build/packages-template/bbb-html5/build.sh
59,bbb-fsesl-client/src/main/java/org/freeswitch/esl/client/transport/message/EslHeaders.java
60,akka-bbb-fsesl/src/main/java/org/bigbluebutton/freeswitch/voice/events/VoiceUserLeftEvent.java
60,bbb-common-message/src/main/java/org/bigbluebutton/common2/redis/pubsub/MessageToSend.java
59,akka-bbb-fsesl/src/main/java/org/bigbluebutton/freeswitch/voice/events/VoiceUserMutedEvent.java
60,akka-bbb-fsesl/src/main/java/org/bigbluebutton/freeswitch/voice/commands/ConferenceCommand.java
62,akka-bbb-fsesl/src/main/java/org/bigbluebutton/freeswitch/voice/freeswitch/response/XMLResponseConferenceListParser.java
26,akka-bbb-apps/src/main/scala/org/bigbluebutton/core/util/jhotdraw/Bezier.java
61,akka-bbb-fsesl/src/main/java/org/bigbluebutton/freeswitch/voice/freeswitch/actions/ConferenceCheckRecordCommand.java
72,bbb-fsesl-client/src/main/java/org/freeswitch/esl/client/internal/AbstractEslClientHandler.java
80,bbb-common-web/src/main/java/org/bigbluebutton/presentation/messages/DocPageCountExceeded.java
58,freeswitch.placeholder.sh
72,bbb-fsesl-client/src/main/java/org/freeswitch/esl/client/internal/debug/ExecutionHandler.java
47,build/packages-template/bbb-html5/systemd_start.sh
66,bbb-fsesl-client/src/main/java/org/freeswitch/esl/client/internal/HeaderParser.java
81,bbb-common-web/src/main/java/org/bigbluebutton/presentation/SupportedDocumentFilter.java
59,akka-bbb-fsesl/src/main/java/org/bigbluebutton/freeswitch/voice/freeswitch/actions/DeafUserCommand.java
15,build/packages-template/bbb-html5/workers-start.sh
59,akka-bbb-fsesl/src/main/java/org/bigbluebutton/freeswitch/voice/events/FreeswitchHeartbeatEvent.java
63,bbb-fsesl-client/src/main/java/org/freeswitch/esl/client/example/HeartbeatThread.java
36,bbb-common-web/src/main/java/org/bigbluebutton/web/services/turn/StunTurnService.java
61,akka-bbb-fsesl/src/main/java/org/bigbluebutton/freeswitch/voice/commands/MuteUserCommand.java
63,bbb-fsesl-client/src/main/java/org/freeswitch/esl/client/manager/ManagerConnection.java
60,build/packages-template/bbb-freeswitch-sounds/opts-jammy.sh
68,build/packages-template/bbb-html5/before-remove.sh
73,build/packages-template/bbb-graphql-server/after-remove.sh
61,akka-bbb-fsesl/src/main/java/org/bigbluebutton/freeswitch/voice/commands/ConferenceCommandResult.java
62,build/packages-template/bbb-freeswitch-core/before-install.sh
66,akka-bbb-fsesl/src/main/java/org/bigbluebutton/freeswitch/voice/freeswitch/actions/ConferenceCheckRecordCommand.java
15,build/packages-template/bbb-graphql-server/before-remove.sh
12,build/packages-template/bbb-graphql-server/after-install.sh
61,akka-bbb-fsesl/src/main/java/org/bigbluebutton/freeswitch/voice/events/VoiceConfRunningAndRecordingEvent.java
58,bbb-fsesl-client/src/main/java/org/freeswitch/esl/client/outbound/SocketClient.java
39,build/packages-template/bbb-graphql-server/after-remove.sh
72,akka-bbb-fsesl/src/main/java/org/bigbluebutton/freeswitch/voice/freeswitch/actions/EjectUserCommand.java
59,bbb-fsesl-client/src/main/java/org/freeswitch/esl/client/manager/DefaultManagerConnection.java
63,bbb-fsesl-client/src/main/java/org/freeswitch/esl/client/IEslEventListener.java
66,akka-bbb-fsesl/src/main/java/org/bigbluebutton/freeswitch/voice/freeswitch/actions/FreeswitchCommand.java
59,akka-bbb-fsesl/src/main/java/org/bigbluebutton/freeswitch/voice/commands/RecordCommand.java
5,build/packages-template/bbb-html5/before-install.sh
63,bbb-fsesl-client/src/main/java/org/freeswitch/esl/client/manager/DefaultManagerConnection.java
67,build/packages-template/bbb-webrtc-sfu/before-remove.sh
30,bbb-common-web/src/main/java/org/bigbluebutton/web/services/callback/CallbackUrlService.java
81,bbb-common-web/src/main/java/org/bigbluebutton/presentation/handlers/Png2SvgConversionHandler.java
62,akka-bbb-fsesl/src/main/java/org/bigbluebutton/freeswitch/voice/commands/MuteUserCommand.java
13,build/packages-template/bbb-graphql-server/after-install.sh
66,akka-bbb-fsesl/src/main/java/org/bigbluebutton/freeswitch/voice/events/AudioFloorChangedEvent.java
80,bbb-common-web/src/main/java/org/bigbluebutton/presentation/imp/PageCounterService.java
66,bbb-fsesl-client/src/test/java/org/freeswitch/esl/client/outbound/SocketClientTest.java
57,akka-bbb-fsesl/src/main/java/org/bigbluebutton/freeswitch/voice/freeswitch/response/ConferenceMemberFlags.java
61,bbb-fsesl-client/src/main/java/org/freeswitch/esl/client/manager/DefaultManagerConnection.java
63,bbb-fsesl-client/src/main/java/org/freeswitch/esl/client/outbound/example/SimpleHangupOutboundHandler.java
9,bigbluebutton-html5/test-html5.sh
61,akka-bbb-fsesl/src/main/java/org/bigbluebutton/freeswitch/voice/freeswitch/actions/GetUsersStatusCommand.java
54,bbb-common-web/src/main/java/org/bigbluebutton/common/messages/BbbAppsIsAliveMessage.java
54,akka-bbb-apps/run-dev.sh
59,akka-bbb-fsesl/src/main/java/org/bigbluebutton/freeswitch/voice/events/VoiceUserLockedEvent.java
57,akka-bbb-fsesl/src/main/java/org/bigbluebutton/freeswitch/voice/freeswitch/actions/TransferUserToMeetingCommand.java
62,bbb-fsesl-client/src/main/java/org/freeswitch/esl/client/manager/DefaultManagerConnection.java
72,akka-bbb-fsesl/src/main/java/org/bigbluebutton/freeswitch/voice/commands/EjectUserCommand.java
63,akka-bbb-fsesl/src/main/java/org/bigbluebutton/freeswitch/voice/freeswitch/actions/CheckIfConfIsRunningCommand.java
78,bbb-common-web/src/main/java/org/bigbluebutton/web/services/callback/ICallbackEvent.java
60,build/packages-template/bbb-freeswitch-core/before-install.sh
26,akka-bbb-apps/src/main/scala/org/bigbluebutton/core/util/jhotdraw/Shapes.java
5,build/packages-template/bbb-html5/systemd_start_frontend.sh
61,akka-bbb-fsesl/src/main/java/org/bigbluebutton/freeswitch/voice/IVoiceConferenceService.java
62,akka-bbb-fsesl/src/main/java/org/bigbluebutton/freeswitch/voice/events/VoiceCallStateEvent.java
61,bbb-fsesl-client/src/main/java/org/freeswitch/esl/client/inbound/InboundClientHandler.java
58,akka-bbb-fsesl/src/main/java/org/bigbluebutton/freeswitch/voice/ConferenceServerListener.java
51,build/packages-template/bbb-apps-akka/build.sh
6,bigbluebutton-html5/test-html5.sh
6,bigbluebutton-html5/test-html5.sh
72,build/packages-template/bbb-freeswitch-core/after-remove.sh
60,bbb-fsesl-client/src/main/java/org/freeswitch/esl/client/transport/event/EslEvent.java
60,akka-bbb-fsesl/src/main/java/org/bigbluebutton/freeswitch/voice/commands/RecordCommand.java
80,bbb-common-web/src/main/java/org/bigbluebutton/presentation/ThumbnailCreator.java
12,build/packages-template/bbb-graphql-server/after-remove.sh
57,bbb-fsesl-client/src/main/java/org/freeswitch/esl/client/outbound/example/SimpleHangupPipelineFactory.java
10,build/packages-template/bbb-html5/before-remove.sh
6,build/packages-template/bbb-html5/build.sh
6,build/packages-template/bbb-html5/build.sh
63,build/packages-template/bbb-freeswitch-core/before-remove.sh
58,bbb-fsesl-client/src/test/java/org/freeswitch/esl/client/transport/message/EslFrameDecoderTest.java
5,build/packages-template/bbb-webrtc-sfu/before-remove.sh
81,bbb-common-web/src/main/java/org/bigbluebutton/presentation/SupportedFileTypes.java
59,bbb-fsesl-client/src/main/java/org/freeswitch/esl/client/outbound/AbstractOutboundClientHandler.java
58,bbb-fsesl-client/src/main/java/org/freeswitch/esl/client/transport/event/EslEvent.java
61,akka-bbb-fsesl/src/main/java/org/bigbluebutton/freeswitch/voice/freeswitch/actions/DelayedCommand.java
4,bbb-graphql-middleware/demo/client/run-watch.sh
47,build/packages-template/bbb-html5/after-remove.sh
15,build/packages-template/bbb-html5-nodejs/build.sh
80,bbb-common-web/src/main/java/org/bigbluebutton/presentation/messages/IDocConversionMsg.java
72,bbb-fsesl-client/src/main/java/org/freeswitch/esl/client/transport/event/EslEvent.java
60,akka-bbb-fsesl/src/main/java/org/bigbluebutton/freeswitch/voice/freeswitch/actions/TransferUserToMeetingCommand.java
66,build/packages-template/bbb-freeswitch-sounds/opts-jammy.sh
63,akka-bbb-fsesl/src/main/java/org/bigbluebutton/freeswitch/voice/freeswitch/response/ConferenceMemberFlags.java
59,akka-bbb-fsesl/src/main/java/org/bigbluebutton/freeswitch/voice/freeswitch/actions/DelayedCommand.java
59,build/packages-template/bbb-freeswitch-core/fs_clibbb
60,bbb-common-message/src/main/java/org/bigbluebutton/common2/redis/pubsub/ReceivedMessageHandler.java
15,bigbluebutton-html5/transifex.sh
62,bbb-fsesl-client/src/test/java/org/freeswitch/esl/client/inbound/ClientTest.java
61,bbb-fsesl-client/src/main/java/org/freeswitch/esl/client/example/HeartbeatThread.java
81,bbb-common-web/src/main/java/org/bigbluebutton/presentation/MimeTypeUtils.java
57,akka-bbb-fsesl/src/main/java/org/bigbluebutton/freeswitch/voice/freeswitch/actions/EjectAllUsersCommand.java
62,akka-bbb-fsesl/src/main/java/org/bigbluebutton/freeswitch/voice/events/VoiceConferenceEvent.java
66,akka-bbb-fsesl/src/main/java/org/bigbluebutton/freeswitch/voice/freeswitch/actions/CheckFreeswitchStatusCommand.java
26,akka-bbb-apps/src/test/java/org/bigbluebutton/xml/Simple.java
61,bbb-fsesl-client/src/test/java/org/freeswitch/esl/client/inbound/ClientTest.java
57,akka-bbb-fsesl/src/main/java/org/bigbluebutton/freeswitch/voice/events/FreeswitchHeartbeatEvent.java
4,build/packages-template/bbb-html5-nodejs/build.sh
59,bbb-fsesl-client/src/main/java/org/freeswitch/esl/client/transport/message/EslMessage.java
57,akka-bbb-fsesl/src/main/java/org/bigbluebutton/freeswitch/voice/freeswitch/actions/CheckFreeswitchStatusCommand.java
10,bbb-graphql-server/build_hasura.sh
58,akka-bbb-fsesl/src/main/java/org/bigbluebutton/freeswitch/voice/events/VoiceUserJoinedEvent.java
61,bbb-fsesl-client/src/main/java/org/freeswitch/esl/client/transport/event/EslEvent.java
62,bigbluebutton-config/cron.hourly/bbb-resync-freeswitch
72,akka-bbb-fsesl/src/main/java/org/bigbluebutton/freeswitch/voice/freeswitch/DelayedCommandSenderService.java
4,build/packages-template/bbb-html5/after-install.sh
62,akka-bbb-fsesl/src/main/java/org/bigbluebutton/freeswitch/voice/events/VoiceStartRecordingEvent.java
60,akka-bbb-fsesl/src/main/java/org/bigbluebutton/freeswitch/voice/commands/GetUsersCommand.java
60,bbb-fsesl-client/src/main/java/org/freeswitch/esl/client/internal/IEslProtocolListener.java
51,akka-bbb-apps/src/main/scala/org/bigbluebutton/core/util/jhotdraw/BezierPathIterator.java
58,akka-bbb-fsesl/src/main/java/org/bigbluebutton/freeswitch/voice/freeswitch/actions/FreeswitchCommand.java
72,akka-bbb-fsesl/src/main/java/org/bigbluebutton/freeswitch/voice/freeswitch/response/ConferenceMember.java
57,akka-bbb-fsesl/src/main/java/org/bigbluebutton/freeswitch/voice/IVoiceConferenceService.java
39,build/packages-template/bbb-html5/before-install.sh
6,build/packages-template/bbb-html5/kill_mongo.sh
6,build/packages-template/bbb-html5/kill_mongo.sh
5,build/packages-template/bbb-webrtc-sfu/after-install.sh
57,akka-bbb-fsesl/src/main/java/org/bigbluebutton/freeswitch/voice/events/VoiceUserLockedEvent.java
62,bbb-fsesl-client/src/main/java/org/freeswitch/esl/client/transport/message/EslFrameDecoder.java
61,build/packages-template/bbb-freeswitch-sounds/opts-jammy.sh
58,akka-bbb-fsesl/src/main/java/org/bigbluebutton/freeswitch/voice/events/VoiceConfRunningEvent.java
62,bbb-fsesl-client/src/test/java/org/freeswitch/esl/client/transport/message/EslFrameDecoderTest.java
62,akka-bbb-fsesl/src/main/java/org/bigbluebutton/freeswitch/voice/events/ConferenceEventListener.java
58,build/packages-template/bbb-freeswitch-core/before-install.sh
81,build/packages-template/bbb-playback-presentation/after-install.sh
74,build/packages-template/bbb-webrtc-sfu/before-install.sh
14,bbb-graphql-middleware/demo/client/run-watch.sh
60,bbb-fsesl-client/src/main/java/org/freeswitch/esl/client/inbound/Client.java
5,bbb-graphql-client-test/deploy.sh
60,bbb-fsesl-client/src/main/java/org/freeswitch/esl/client/manager/DefaultManagerConnection.java
57,bbb-fsesl-client/src/main/java/org/freeswitch/esl/client/transport/event/EslEvent.java
58,akka-bbb-fsesl/src/main/java/org/bigbluebutton/freeswitch/voice/events/FreeswitchStatusReplyEvent.java
80,bbb-common-web/src/main/java/org/bigbluebutton/presentation/messages/DocPageCountFailed.java
5,build/packages-template/bbb-webrtc-sfu/before-install.sh
18,build/packages-template/bbb-html5/build.sh
15,bbb-graphql-server/build_hasura.sh
18,build/packages-template/bbb-html5/kill_mongo.sh
59,akka-bbb-fsesl/src/main/java/org/bigbluebutton/freeswitch/voice/freeswitch/actions/HoldUserCommand.java
59,akka-bbb-fsesl/src/main/java/org/bigbluebutton/freeswitch/voice/freeswitch/FreeswitchApplication.java
57,akka-bbb-fsesl/src/main/java/org/bigbluebutton/freeswitch/voice/freeswitch/ESLEventListener.java
66,akka-bbb-fsesl/src/main/java/org/bigbluebutton/freeswitch/voice/freeswitch/response/XMLResponseConferenceListParser.java
57,bbb-fsesl-client/src/main/java/org/freeswitch/esl/client/transport/CommandResponse.java
62,bbb-fsesl-client/src/main/java/org/freeswitch/esl/client/outbound/AbstractOutboundPipelineFactory.java
6,bbb-graphql-middleware/demo/client/run.sh
61,akka-bbb-fsesl/src/main/java/org/bigbluebutton/freeswitch/voice/freeswitch/actions/StopSoundCommand.java
66,bbb-fsesl-client/src/main/java/org/freeswitch/esl/client/transport/message/EslMessage.java
72,akka-bbb-fsesl/src/main/java/org/bigbluebutton/freeswitch/voice/IVoiceConferenceService.java
62,bbb-fsesl-client/src/main/java/org/freeswitch/esl/client/inbound/InboundConnectionFailure.java
72,bbb-fsesl-client/src/main/java/org/freeswitch/esl/client/transport/event/EslEventHeaderNames.java
72,bbb-fsesl-client/src/main/java/org/freeswitch/esl/client/internal/HeaderParser.java
62,bbb-fsesl-client/src/main/java/org/freeswitch/esl/client/outbound/example/SimpleHangupOutboundHandler.java
60,akka-bbb-apps/run-dev.sh
58,akka-bbb-fsesl/src/main/java/org/bigbluebutton/freeswitch/voice/freeswitch/actions/CheckFreeswitchStatusCommand.java
57,akka-bbb-fsesl/src/main/java/org/bigbluebutton/freeswitch/voice/events/VoiceUserJoinedEvent.java
80,bbb-common-web/src/main/java/org/bigbluebutton/presentation/PageConverter.java
54,akka-bbb-apps/src/main/scala/org/bigbluebutton/core/util/jhotdraw/Geom.java
68,build/packages-template/bbb-graphql-server/after-remove.sh
61,akka-bbb-fsesl/src/main/java/org/bigbluebutton/freeswitch/voice/freeswitch/actions/EjectAllUsersCommand.java
59,build/packages-template/bbb-freeswitch-core/after-remove.sh
12,build/packages-template/bbb-html5/after-install.sh
60,bbb-common-message/src/main/java/org/bigbluebutton/common2/redis/pubsub/MessageHandler.java
80,bbb-common-web/src/main/java/org/bigbluebutton/presentation/ConversionUpdateMessage.java
72,akka-bbb-fsesl/src/main/java/org/bigbluebutton/freeswitch/voice/freeswitch/actions/CheckFreeswitchStatusCommand.java
81,bbb-common-web/src/main/java/org/bigbluebutton/presentation/handlers/Pdf2PngPageConverterHandler.java
61,bbb-fsesl-client/src/main/java/org/freeswitch/esl/client/inbound/InboundPipelineFactory.java
80,bbb-common-web/src/main/java/org/bigbluebutton/presentation/DocumentConversionServiceImp.java
62,akka-bbb-fsesl/src/main/java/org/bigbluebutton/freeswitch/voice/freeswitch/actions/MuteUserCommand.java
60,bbb-common-web/src/main/java/org/bigbluebutton/common/messages/BbbAppsIsAliveMessage.java
61,bbb-fsesl-client/src/main/java/org/freeswitch/esl/client/transport/message/EslHeaders.java
72,akka-bbb-fsesl/src/main/java/org/bigbluebutton/freeswitch/voice/events/VoiceConfRunningEvent.java
63,akka-bbb-fsesl/src/main/java/org/bigbluebutton/freeswitch/voice/freeswitch/actions/DelayedCommand.java
10,build/packages-template/bbb-html5/mongod_start_pre.sh
60,bbb-fsesl-client/src/main/java/org/freeswitch/esl/client/manager/internal/ManagerConnectionImpl.java
4,build/packages-template/bbb-html5/systemd_start_frontend.sh
58,bbb-fsesl-client/src/main/java/org/freeswitch/esl/client/outbound/AbstractOutboundClientHandler.java
72,bbb-fsesl-client/src/main/java/org/freeswitch/esl/client/inbound/InboundClientHandler.java
13,build/packages-template/bbb-html5/before-install.sh
66,bbb-fsesl-client/src/main/java/org/freeswitch/esl/client/internal/AbstractEslClientHandler.java
62,akka-bbb-fsesl/src/main/java/org/bigbluebutton/freeswitch/voice/freeswitch/actions/BroadcastConferenceCommand.java
52,akka-bbb-apps/src/main/scala/org/bigbluebutton/core/util/jhotdraw/PathData.java
52,bbb-common-web/src/main/java/org/bigbluebutton/common/messages/BbbAppsIsAliveMessage.java
46,bbb-common-message/src/main/java/org/bigbluebutton/common2/redis/pubsub/MessageReceiver.java
60,bbb-fsesl-client/src/main/java/org/freeswitch/esl/client/inbound/InboundPipelineFactory.java
61,bbb-fsesl-client/src/main/java/org/freeswitch/esl/client/transport/message/EslFrameDecoder.java
59,akka-bbb-fsesl/src/main/java/org/bigbluebutton/freeswitch/voice/freeswitch/actions/MuteUserCommand.java
58,bbb-fsesl-client/src/test/java/org/freeswitch/esl/client/inbound/ClientTest.java
59,bbb-fsesl-client/src/main/java/org/freeswitch/esl/client/inbound/Client.java
57,bbb-fsesl-client/src/main/java/org/freeswitch/esl/client/outbound/example/SimpleHangupOutboundHandler.java
63,bigbluebutton-config/cron.hourly/bbb-resync-freeswitch
62,akka-bbb-fsesl/src/main/java/org/bigbluebutton/freeswitch/voice/freeswitch/FreeswitchApplication.java
66,build/packages-template/bbb-freeswitch-core/after-install.sh
13,build/packages-template/bbb-html5/build.sh
72,bbb-fsesl-client/src/test/java/org/freeswitch/esl/client/inbound/ClientTest.java
59,akka-bbb-fsesl/src/main/java/org/bigbluebutton/freeswitch/voice/events/VoiceUserLeftEvent.java
57,akka-bbb-fsesl/src/main/java/org/bigbluebutton/freeswitch/voice/freeswitch/actions/DeafUserCommand.java
57,akka-bbb-fsesl/src/main/java/org/bigbluebutton/freeswitch/voice/freeswitch/actions/StopSoundCommand.java
80,bbb-common-web/src/main/java/org/bigbluebutton/presentation/PageCounter.java
63,akka-bbb-fsesl/src/main/java/org/bigbluebutton/freeswitch/voice/freeswitch/actions/FreeswitchCommand.java
63,akka-bbb-fsesl/src/main/java/org/bigbluebutton/freeswitch/voice/events/VoiceConfRunningEvent.java
54,akka-bbb-apps/src/main/scala/org/bigbluebutton/core/util/jhotdraw/PathCommands.java
63,akka-bbb-fsesl/src/main/java/org/bigbluebutton/freeswitch/voice/events/VoiceCallStateEvent.java
6,build/packages-template/bbb-html5/workers-start.sh
6,build/packages-template/bbb-html5/workers-start.sh
60,akka-bbb-fsesl/src/main/java/org/bigbluebutton/freeswitch/voice/freeswitch/DelayedCommandSenderService.java
57,akka-bbb-fsesl/src/main/java/org/bigbluebutton/freeswitch/voice/commands/EjectUserCommand.java
4,build/packages-template/bbb-html5/run_mongo.sh
60,akka-bbb-fsesl/src/main/java/org/bigbluebutton/freeswitch/voice/FreeswitchConferenceEventListener.java
26,akka-bbb-apps/src/main/scala/org/bigbluebutton/core/util/jhotdraw/BezierPath.java
60,bbb-fsesl-client/src/main/java/org/freeswitch/esl/client/manager/ManagerConnection.java
47,build/packages-template/bbb-html5/build.sh
66,akka-bbb-fsesl/src/main/java/org/bigbluebutton/freeswitch/voice/freeswitch/response/ConferenceMember.java
62,build/packages-template/bbb-freeswitch-sounds/opts-jammy.sh
61,build/packages-template/bbb-freeswitch-core/after-install.sh
62,akka-bbb-fsesl/src/main/java/org/bigbluebutton/freeswitch/voice/freeswitch/actions/GetUsersStatusCommand.java
4,bigbluebutton-html5/run-dev.sh
10,build/packages-template/bbb-html5/opts-jammy.sh
73,bbb-graphql-server/install-hasura.sh
72,akka-bbb-fsesl/src/main/java/org/bigbluebutton/freeswitch/voice/freeswitch/actions/FreeswitchCommand.java
72,akka-bbb-fsesl/src/main/java/org/bigbluebutton/freeswitch/voice/events/VoiceStartRecordingEvent.java
47,bigbluebutton-html5/deploy_to_usr_share.sh
52,akka-bbb-apps/run.sh
54,akka-bbb-apps/src/main/scala/org/bigbluebutton/core/util/jhotdraw/BezierWrapper.java
72,bigbluebutton-config/cron.hourly/bbb-resync-freeswitch
39,build/packages-template/bbb-html5/before-remove.sh
18,build/packages-template/bbb-html5/after-install.sh
36,bbb-common-web/src/main/java/org/bigbluebutton/web/services/KeepAliveMessage.java
14,build/packages-template/bbb-html5/mongod_start_pre.sh
63,bbb-fsesl-client/src/main/java/org/freeswitch/esl/client/transport/CommandResponse.java
58,bbb-fsesl-client/src/main/java/org/freeswitch/esl/client/inbound/Client.java
72,bbb-fsesl-client/src/main/java/org/freeswitch/esl/client/example/ExampleClient.java
54,akka-bbb-apps/src/main/scala/org/bigbluebutton/core/util/jhotdraw/Shapes.java
12,build/packages-template/bbb-html5/before-remove.sh
60,akka-bbb-apps/src/main/scala/org/bigbluebutton/core/util/jhotdraw/PathCommands.java
9,bbb-graphql-server/build_hasura.sh
18,build/packages-template/bbb-graphql-server/after-install.sh
60,akka-bbb-fsesl/src/main/java/org/bigbluebutton/freeswitch/voice/events/VoiceUsersStatusEvent.java
81,bbb-common-web/src/main/java/org/bigbluebutton/presentation/imp/BigPdfException.java
59,bbb-fsesl-client/src/main/java/org/freeswitch/esl/client/inbound/InboundPipelineFactory.java
68,build/packages-template/bbb-html5/systemd_start_frontend.sh
68,bbb-graphql-server/install-hasura.sh
72,build/packages-template/bbb-freeswitch-core/before-install.sh
