sentenceID,codeID
_zUmhEKESEeu-mYqkDskRow,src/test/java/teammates/common/datatransfer/questions/FeedbackRankRecipientsQuestionDetailsTest.java
_zUmhEKESEeu-mYqkDskRow,src/main/java/teammates/common/datatransfer/questions/FeedbackResponseDetails.java
_1lMqsKESEeu-mYqkDskRow,src/main/java/teammates/ui/output/ReadNotificationsData.java
_1lMqsKESEeu-mYqkDskRow,src/main/java/teammates/ui/webapi/CreateCourseAction.java
_9JlCIKESEeu-mYqkDskRow,src/main/java/teammates/storage/search/SearchDocument.java
_9JlCIKESEeu-mYqkDskRow,src/test/java/teammates/storage/api/AccountRequestsDbTest.java
_EIoe8KETEeu-mYqkDskRow,src/e2e/java/teammates/e2e/cases/InstructorStudentRecordsPageE2ETest.java
_C6tTQKETEeu-mYqkDskRow,src/e2e/java/teammates/e2e/cases/FeedbackConstSumRecipientQuestionE2ETest.java
_1lMqsKESEeu-mYqkDskRow,src/test/java/teammates/ui/webapi/GetSessionResponseStatsActionTest.java
_ylL2UKESEeu-mYqkDskRow,src/test/java/teammates/common/datatransfer/questions/FeedbackResponseDetailsTest.java
_2dI_UKESEeu-mYqkDskRow,src/test/java/teammates/logic/api/EmailSenderTest.java
_1lMqsKESEeu-mYqkDskRow,src/main/java/teammates/ui/webapi/GetStudentAction.java
_C6tTQKETEeu-mYqkDskRow,src/e2e/java/teammates/e2e/cases/axe/InstructorCourseStudentDetailsEditPageAxeTest.java
_0kie8KESEeu-mYqkDskRow,src/main/java/teammates/ui/servlets/package-info.java
_GaP8QKETEeu-mYqkDskRow,src/client/java/teammates/client/scripts/DataMigrationForUnencryptedKeyForInstructors.java
_0kie8KESEeu-mYqkDskRow,src/main/java/teammates/ui/webapi/GetFeedbackResponsesAction.java
_1lMqsKESEeu-mYqkDskRow,src/main/java/teammates/ui/output/SessionVisibleSetting.java
_1lMqsKESEeu-mYqkDskRow,src/main/java/teammates/ui/webapi/DeleteFeedbackQuestionAction.java
_0kie8KESEeu-mYqkDskRow,src/main/java/teammates/ui/webapi/SearchAccountRequestsAction.java
_C6tTQKETEeu-mYqkDskRow,src/e2e/java/teammates/e2e/cases/BaseFeedbackQuestionE2ETest.java
_ylL2UKESEeu-mYqkDskRow,src/main/java/teammates/common/datatransfer/questions/FeedbackConstantSumResponseDetails.java
_0kie8KESEeu-mYqkDskRow,src/main/java/teammates/ui/webapi/DeleteInstructorAction.java
_1lMqsKESEeu-mYqkDskRow,src/main/java/teammates/ui/output/FeedbackSessionLogData.java
_EIoe8KETEeu-mYqkDskRow,src/e2e/java/teammates/e2e/pageobjects/AppPage.java
_1lMqsKESEeu-mYqkDskRow,src/main/java/teammates/ui/servlets/RequestTraceFilter.java
_0kie8KESEeu-mYqkDskRow,src/test/java/teammates/ui/webapi/DeleteFeedbackQuestionActionTest.java
_0kie8KESEeu-mYqkDskRow,src/main/java/teammates/ui/webapi/GetAccountRequestAction.java
_1lMqsKESEeu-mYqkDskRow,src/main/java/teammates/ui/webapi/SendLoginEmailAction.java
_1lMqsKESEeu-mYqkDskRow,src/main/java/teammates/ui/constants/ApiConst.java
_0kie8KESEeu-mYqkDskRow,src/main/java/teammates/ui/webapi/GetInstructorsAction.java
_0kie8KESEeu-mYqkDskRow,src/main/java/teammates/ui/request/InstructorCreateRequest.java
_ylL2UKESEeu-mYqkDskRow,src/main/java/teammates/common/datatransfer/logs/LogEvent.java
_0kie8KESEeu-mYqkDskRow,src/main/java/teammates/ui/webapi/DeleteFeedbackResponseCommentAction.java
_0kie8KESEeu-mYqkDskRow,src/main/java/teammates/ui/webapi/SendLoginEmailAction.java
_0kie8KESEeu-mYqkDskRow,src/main/java/teammates/ui/webapi/StudentCourseJoinEmailWorkerAction.java
_1lMqsKESEeu-mYqkDskRow,src/main/java/teammates/ui/request/NotificationCreateRequest.java
_zUmhEKESEeu-mYqkDskRow,src/main/java/teammates/common/exception/EmailSendingException.java
_ylL2UKESEeu-mYqkDskRow,src/main/java/teammates/common/exception/package-info.java
_777jQKESEeu-mYqkDskRow,src/test/java/teammates/storage/api/AccountsDbTest.java
_C6tTQKETEeu-mYqkDskRow,src/e2e/java/teammates/e2e/cases/InstructorCoursesPageE2ETest.java
_ylL2UKESEeu-mYqkDskRow,src/test/java/teammates/common/datatransfer/attributes/FeedbackResponseCommentAttributesTest.java
_2dI_UKESEeu-mYqkDskRow,src/test/java/teammates/logic/api/UserProvisionTest.java
_1lMqsKESEeu-mYqkDskRow,src/test/java/teammates/ui/webapi/RegenerateInstructorKeyActionTest.java
_777jQKESEeu-mYqkDskRow,src/main/java/teammates/storage/entity/FeedbackResponse.java
_0kie8KESEeu-mYqkDskRow,src/main/java/teammates/ui/output/NumberOfEntitiesToGiveFeedbackToSetting.java
_0kie8KESEeu-mYqkDskRow,src/main/java/teammates/ui/webapi/UpdateFeedbackResponseCommentAction.java
_GaP8QKETEeu-mYqkDskRow,src/client/java/teammates/client/scripts/DataBundleRegenerator.java
_1lMqsKESEeu-mYqkDskRow,src/test/java/teammates/ui/webapi/RestoreCourseActionTest.java
_0kie8KESEeu-mYqkDskRow,src/main/java/teammates/ui/webapi/SearchInstructorsAction.java
_Bae2oKETEeu-mYqkDskRow,src/test/java/teammates/test/MockFilterChain.java
_ylL2UKESEeu-mYqkDskRow,src/main/java/teammates/common/datatransfer/questions/FeedbackRubricQuestionDetails.java
_3LCnIKESEeu-mYqkDskRow,src/test/java/teammates/logic/core/FeedbackQuestionsLogicTest.java
_0kie8KESEeu-mYqkDskRow,src/main/java/teammates/ui/webapi/CreateFeedbackResponseCommentAction.java
_0kie8KESEeu-mYqkDskRow,src/main/java/teammates/ui/output/NotificationData.java
_FMKYgKETEeu-mYqkDskRow,src/client/java/teammates/client/scripts/statistics/StatisticsPerInstitute.java
_EIoe8KETEeu-mYqkDskRow,src/e2e/java/teammates/e2e/cases/AdminSessionsPageE2ETest.java
_ylL2UKESEeu-mYqkDskRow,src/main/java/teammates/common/datatransfer/questions/FeedbackRankQuestionDetails.java
_0kie8KESEeu-mYqkDskRow,src/main/java/teammates/ui/webapi/GetSessionResponseStatsAction.java
_C6tTQKETEeu-mYqkDskRow,src/e2e/java/teammates/e2e/cases/BaseE2ETestCase.java
_C6tTQKETEeu-mYqkDskRow,src/e2e/java/teammates/e2e/util/Retryable.java
_0kie8KESEeu-mYqkDskRow,src/test/java/teammates/ui/webapi/GetInstructorsActionTest.java
_zUmhEKESEeu-mYqkDskRow,src/main/java/teammates/common/datatransfer/questions/package-info.java
_0kie8KESEeu-mYqkDskRow,src/main/java/teammates/ui/output/InstructorsData.java
_2dI_UKESEeu-mYqkDskRow,src/main/java/teammates/logic/api/Logic.java
_1lMqsKESEeu-mYqkDskRow,src/test/java/teammates/ui/webapi/InstructorCourseJoinEmailWorkerActionTest.java
_0kie8KESEeu-mYqkDskRow,src/main/java/teammates/ui/request/CourseArchiveRequest.java
_C6tTQKETEeu-mYqkDskRow,src/e2e/java/teammates/e2e/cases/TimezoneSyncerTest.java
_zUmhEKESEeu-mYqkDskRow,src/test/java/teammates/common/util/TimeHelperExtension.java
_0kie8KESEeu-mYqkDskRow,src/main/java/teammates/ui/webapi/FeedbackSessionClosedRemindersAction.java
_0kie8KESEeu-mYqkDskRow,src/main/java/teammates/ui/webapi/SendJoinReminderEmailAction.java
_C6tTQKETEeu-mYqkDskRow,src/e2e/java/teammates/e2e/cases/axe/FeedbackResultsPageAxeTest.java
_1lMqsKESEeu-mYqkDskRow,src/test/java/teammates/ui/webapi/GetAuthInfoActionTest.java
_9JlCIKESEeu-mYqkDskRow,src/test/java/teammates/storage/api/CoursesDbTest.java
_ylL2UKESEeu-mYqkDskRow,src/main/java/teammates/common/exception/InstructorUpdateException.java
_EIoe8KETEeu-mYqkDskRow,src/e2e/java/teammates/e2e/cases/InstructorCourseStudentDetailsEditPageE2ETest.java
_EIoe8KETEeu-mYqkDskRow,src/e2e/java/teammates/e2e/cases/StudentCourseDetailsPageE2ETest.java
_9JlCIKESEeu-mYqkDskRow,src/test/java/teammates/storage/api/FeedbackQuestionsDbTest.java
_1lMqsKESEeu-mYqkDskRow,src/main/java/teammates/ui/webapi/GetNotificationAction.java
_C6tTQKETEeu-mYqkDskRow,src/e2e/java/teammates/e2e/pageobjects/Browser.java
_ylL2UKESEeu-mYqkDskRow,src/main/java/teammates/common/util/AppUrl.java
_0kie8KESEeu-mYqkDskRow,src/main/java/teammates/ui/output/ApiOutput.java
_9JlCIKESEeu-mYqkDskRow,src/main/java/teammates/storage/search/SearchManager.java
_0kie8KESEeu-mYqkDskRow,src/test/java/teammates/ui/webapi/GetUsageStatisticsActionTest.java
_0kie8KESEeu-mYqkDskRow,src/main/java/teammates/ui/webapi/GetUserCookieAction.java
_EIoe8KETEeu-mYqkDskRow,src/e2e/java/teammates/e2e/pageobjects/Browser.java
_2dI_UKESEeu-mYqkDskRow,src/test/java/teammates/logic/core/AccountRequestsLogicTest.java
_9JlCIKESEeu-mYqkDskRow,src/main/java/teammates/storage/entity/AccountRequest.java
_1lMqsKESEeu-mYqkDskRow,src/main/java/teammates/ui/webapi/QueryLogsAction.java
_zUmhEKESEeu-mYqkDskRow,src/main/java/teammates/common/datatransfer/logs/LogDetails.java
_0kie8KESEeu-mYqkDskRow,src/main/java/teammates/ui/webapi/AuthType.java
_FMKYgKETEeu-mYqkDskRow,src/client/java/teammates/client/scripts/DataMigrationForGoogleIdToGmail.java
_2dI_UKESEeu-mYqkDskRow,src/test/java/teammates/logic/api/MockRecaptchaVerifier.java
_zUmhEKESEeu-mYqkDskRow,src/main/java/teammates/common/datatransfer/questions/FeedbackTextResponseDetails.java
_0kie8KESEeu-mYqkDskRow,src/main/java/teammates/ui/webapi/GetCourseSectionNamesAction.java
_zUmhEKESEeu-mYqkDskRow,src/test/java/teammates/common/datatransfer/questions/package-info.java
_1lMqsKESEeu-mYqkDskRow,src/main/java/teammates/ui/webapi/GetSessionResponseStatsAction.java
_1lMqsKESEeu-mYqkDskRow,src/main/java/teammates/ui/webapi/GetRegkeyValidityAction.java
_1lMqsKESEeu-mYqkDskRow,src/main/java/teammates/ui/request/CourseCreateRequest.java
_FMKYgKETEeu-mYqkDskRow,src/client/java/teammates/client/scripts/DataMigrationForInstructorFeedbackResponseComments.java
_0kie8KESEeu-mYqkDskRow,src/main/java/teammates/ui/webapi/StudentSearchIndexingWorkerAction.java
_0kie8KESEeu-mYqkDskRow,src/main/java/teammates/ui/output/FeedbackResponseCommentData.java
_1lMqsKESEeu-mYqkDskRow,src/main/java/teammates/ui/webapi/GetAccountAction.java
_zUmhEKESEeu-mYqkDskRow,src/main/java/teammates/common/datatransfer/questions/FeedbackConstantSumQuestionDetails.java
_ylL2UKESEeu-mYqkDskRow,src/test/java/teammates/common/datatransfer/attributes/StudentAttributesTest.java
_zUmhEKESEeu-mYqkDskRow,src/main/java/teammates/common/datatransfer/SessionResultsBundle.java
_1lMqsKESEeu-mYqkDskRow,src/main/java/teammates/ui/webapi/DeleteFeedbackResponseCommentAction.java
_1lMqsKESEeu-mYqkDskRow,src/main/java/teammates/ui/webapi/FeedbackSessionPublishedEmailWorkerAction.java
_GaP8QKETEeu-mYqkDskRow,src/client/java/teammates/client/scripts/DataMigrationForSampleGoogleIdInStudentAttributes.java
_3LCnIKESEeu-mYqkDskRow,src/test/java/teammates/logic/core/AccountsLogicTest.java
_EIoe8KETEeu-mYqkDskRow,src/e2e/java/teammates/e2e/cases/axe/InstructorHomePageAxeTest.java
_1lMqsKESEeu-mYqkDskRow,src/main/java/teammates/ui/output/InstructorData.java
_1lMqsKESEeu-mYqkDskRow,src/test/java/teammates/ui/webapi/RestoreFeedbackSessionActionTest.java
_ylL2UKESEeu-mYqkDskRow,src/main/java/teammates/common/exception/AuthException.java
_0kie8KESEeu-mYqkDskRow,src/test/java/teammates/ui/webapi/FeedbackSessionPublishedRemindersActionTest.java
_9JlCIKESEeu-mYqkDskRow,src/main/java/teammates/storage/api/CoursesDb.java
_FMKYgKETEeu-mYqkDskRow,src/client/java/teammates/client/scripts/PopulateCourseSearchDocuments.java
_GaP8QKETEeu-mYqkDskRow,src/client/java/teammates/client/scripts/DataMigrationForTeamNameInResponseGiver.java
_1lMqsKESEeu-mYqkDskRow,src/main/java/teammates/ui/request/FeedbackSessionUpdateRequest.java
_EIoe8KETEeu-mYqkDskRow,src/e2e/java/teammates/e2e/cases/BaseE2ETestCase.java
_zUmhEKESEeu-mYqkDskRow,src/main/java/teammates/common/datatransfer/questions/FeedbackConstantSumDistributePointsType.java
_0kie8KESEeu-mYqkDskRow,src/main/java/teammates/ui/output/GeneralLogsData.java
_1lMqsKESEeu-mYqkDskRow,src/main/java/teammates/ui/webapi/GateKeeper.java
_0kie8KESEeu-mYqkDskRow,src/main/java/teammates/ui/output/StudentsData.java
_zUmhEKESEeu-mYqkDskRow,src/main/java/teammates/common/datatransfer/UserInfo.java
_1lMqsKESEeu-mYqkDskRow,src/main/java/teammates/ui/output/CoursesData.java
_9JlCIKESEeu-mYqkDskRow,src/main/java/teammates/storage/search/SearchManagerFactory.java
_1lMqsKESEeu-mYqkDskRow,src/main/java/teammates/ui/output/UsageStatisticsRangeData.java
_1lMqsKESEeu-mYqkDskRow,src/main/java/teammates/ui/webapi/SubmitFeedbackResponsesAction.java
_C6tTQKETEeu-mYqkDskRow,src/e2e/java/teammates/e2e/pageobjects/InstructorStudentRecordsPage.java
_1lMqsKESEeu-mYqkDskRow,src/main/java/teammates/ui/webapi/UpdateInstructorPrivilegeAction.java
_0kie8KESEeu-mYqkDskRow,src/main/java/teammates/ui/webapi/GetNotificationsAction.java
_1lMqsKESEeu-mYqkDskRow,src/main/java/teammates/ui/webapi/GetFeedbackSessionSubmittedGiverSetAction.java
_1lMqsKESEeu-mYqkDskRow,src/main/java/teammates/ui/output/JoinState.java
_zUmhEKESEeu-mYqkDskRow,src/main/java/teammates/common/exception/AuthException.java
_3LCnIKESEeu-mYqkDskRow,src/main/java/teammates/logic/core/DeadlineExtensionsLogic.java
_1lMqsKESEeu-mYqkDskRow,src/test/java/teammates/ui/webapi/ResetAccountActionTest.java
_3LCnIKESEeu-mYqkDskRow,src/main/java/teammates/logic/external/EmptyAuthService.java
_ylL2UKESEeu-mYqkDskRow,src/test/java/teammates/common/datatransfer/attributes/BaseAttributesTest.java
_ylL2UKESEeu-mYqkDskRow,src/test/java/teammates/common/datatransfer/SessionResultsBundleTest.java
_ylL2UKESEeu-mYqkDskRow,src/main/java/teammates/common/datatransfer/logs/LogDetails.java
_C6tTQKETEeu-mYqkDskRow,src/e2e/java/teammates/e2e/cases/FeedbackMcqQuestionE2ETest.java
_0kie8KESEeu-mYqkDskRow,src/main/java/teammates/ui/webapi/GetFeedbackQuestionRecipientsAction.java
_zUmhEKESEeu-mYqkDskRow,src/test/java/teammates/common/datatransfer/attributes/DeadlineExtensionAttributesTest.java
_0kie8KESEeu-mYqkDskRow,src/test/java/teammates/ui/webapi/GetFeedbackResponsesActionTest.java
_C6tTQKETEeu-mYqkDskRow,src/e2e/java/teammates/e2e/cases/InstructorFeedbackSessionsPageE2ETest.java
_zUmhEKESEeu-mYqkDskRow,src/main/java/teammates/common/datatransfer/questions/FeedbackTextQuestionDetails.java
_1lMqsKESEeu-mYqkDskRow,src/test/java/teammates/ui/webapi/DeleteInstructorActionTest.java
_777jQKESEeu-mYqkDskRow,src/main/java/teammates/storage/api/DatastoreEmulatorRunner.java
_EIoe8KETEeu-mYqkDskRow,src/e2e/java/teammates/e2e/cases/axe/InstructorCourseEditPageAxeTest.java
_C6tTQKETEeu-mYqkDskRow,src/e2e/java/teammates/e2e/cases/axe/AdminHomePageAxeTest.java
_GaP8QKETEeu-mYqkDskRow,src/client/java/teammates/client/scripts/GenerateUsageStatisticsObjects.java
_C6tTQKETEeu-mYqkDskRow,src/e2e/java/teammates/e2e/cases/axe/InstructorHomePageAxeTest.java
_C6tTQKETEeu-mYqkDskRow,src/e2e/java/teammates/e2e/cases/InstructorCourseEnrollPageE2ETest.java
_EIoe8KETEeu-mYqkDskRow,src/e2e/java/teammates/e2e/cases/axe/InstructorCourseDetailsPageAxeTest.java
_zUmhEKESEeu-mYqkDskRow,src/test/java/teammates/common/util/StringHelperExtension.java
_zUmhEKESEeu-mYqkDskRow,src/main/java/teammates/common/datatransfer/logs/GeneralLogEntry.java
_1lMqsKESEeu-mYqkDskRow,src/main/java/teammates/ui/output/FeedbackSessionSubmissionStatus.java
_zUmhEKESEeu-mYqkDskRow,src/main/java/teammates/common/datatransfer/NotificationStyle.java
_9JlCIKESEeu-mYqkDskRow,src/main/java/teammates/storage/entity/Instructor.java
_0kie8KESEeu-mYqkDskRow,src/test/java/teammates/ui/webapi/FeedbackSessionRemindParticularUsersEmailWorkerActionTest.java
_zUmhEKESEeu-mYqkDskRow,src/main/java/teammates/common/datatransfer/InstructorPermissionSet.java
_0kie8KESEeu-mYqkDskRow,src/main/java/teammates/ui/webapi/BinCourseAction.java
_1lMqsKESEeu-mYqkDskRow,src/test/java/teammates/ui/webapi/CreateInstructorActionTest.java
_1lMqsKESEeu-mYqkDskRow,src/main/java/teammates/ui/output/InstructorPrivilegeData.java
_zUmhEKESEeu-mYqkDskRow,src/main/java/teammates/common/datatransfer/package-info.java
_1lMqsKESEeu-mYqkDskRow,src/test/java/teammates/ui/webapi/JsonResultTest.java
_9JlCIKESEeu-mYqkDskRow,src/main/java/teammates/storage/entity/Notification.java
_zUmhEKESEeu-mYqkDskRow,src/test/java/teammates/common/util/StringHelperTest.java
_1lMqsKESEeu-mYqkDskRow,src/main/java/teammates/ui/webapi/ResetAccountRequestAction.java
_zUmhEKESEeu-mYqkDskRow,src/main/java/teammates/common/datatransfer/attributes/AccountAttributes.java
_777jQKESEeu-mYqkDskRow,src/test/java/teammates/storage/api/EntitiesDbTest.java
_1lMqsKESEeu-mYqkDskRow,src/main/java/teammates/ui/output/JoinStatus.java
_3LCnIKESEeu-mYqkDskRow,src/main/java/teammates/logic/external/LocalLoggingService.java
_777jQKESEeu-mYqkDskRow,src/main/java/teammates/storage/search/StudentSearchDocument.java
_1lMqsKESEeu-mYqkDskRow,src/main/java/teammates/ui/webapi/GetCourseJoinStatusAction.java
_C6tTQKETEeu-mYqkDskRow,src/e2e/java/teammates/e2e/cases/axe/InstructorSessionIndividualExtensionPageAxeTest.java
_ylL2UKESEeu-mYqkDskRow,src/main/java/teammates/common/exception/EnrollException.java
_0kie8KESEeu-mYqkDskRow,src/main/java/teammates/ui/webapi/GetUsageStatisticsAction.java
_1lMqsKESEeu-mYqkDskRow,src/main/java/teammates/ui/webapi/RestoreFeedbackSessionAction.java
_3LCnIKESEeu-mYqkDskRow,src/main/java/teammates/logic/core/package-info.java
_2dI_UKESEeu-mYqkDskRow,src/test/java/teammates/logic/core/package-info.java
_0kie8KESEeu-mYqkDskRow,src/main/java/teammates/ui/output/FeedbackSessionPublishStatus.java
_Bae2oKETEeu-mYqkDskRow,src/test/java/teammates/test/BaseTestCaseWithLocalDatabaseAccess.java
_1lMqsKESEeu-mYqkDskRow,src/main/java/teammates/ui/output/EnrollStudentsData.java
_FMKYgKETEeu-mYqkDskRow,src/client/java/teammates/client/scripts/package-info.java
_0kie8KESEeu-mYqkDskRow,src/main/java/teammates/ui/webapi/DeleteStudentAction.java
_0kie8KESEeu-mYqkDskRow,src/main/java/teammates/ui/request/FeedbackQuestionBasicRequest.java
_ylL2UKESEeu-mYqkDskRow,src/test/java/teammates/common/datatransfer/questions/FeedbackTextQuestionDetailsTest.java
_zUmhEKESEeu-mYqkDskRow,src/main/java/teammates/common/datatransfer/attributes/UsageStatisticsAttributes.java
_0kie8KESEeu-mYqkDskRow,src/main/java/teammates/ui/webapi/AdminExceptionTestAction.java
_ylL2UKESEeu-mYqkDskRow,src/main/java/teammates/common/datatransfer/attributes/AccountAttributes.java
_2dI_UKESEeu-mYqkDskRow,src/test/java/teammates/logic/api/MockEmailSender.java
_C6tTQKETEeu-mYqkDskRow,src/e2e/java/teammates/e2e/cases/InstructorStudentActivityLogsPageE2ETest.java
_EIoe8KETEeu-mYqkDskRow,src/e2e/java/teammates/e2e/cases/FeedbackRubricQuestionE2ETest.java
_0kie8KESEeu-mYqkDskRow,src/main/java/teammates/ui/webapi/EntityNotFoundException.java
_0kie8KESEeu-mYqkDskRow,src/main/java/teammates/ui/webapi/BasicFeedbackSubmissionAction.java
_C6tTQKETEeu-mYqkDskRow,src/e2e/java/teammates/e2e/util/TestDataValidityTest.java
_3LCnIKESEeu-mYqkDskRow,src/main/java/teammates/logic/external/MailgunService.java
_Bae2oKETEeu-mYqkDskRow,src/test/java/teammates/test/TestNgXmlTest.java
_EIoe8KETEeu-mYqkDskRow,src/e2e/java/teammates/e2e/pageobjects/AdminHomePage.java
_zUmhEKESEeu-mYqkDskRow,src/main/java/teammates/common/exception/DeadlineExceededException.java
_1lMqsKESEeu-mYqkDskRow,src/test/java/teammates/ui/webapi/AccountRequestSearchIndexingWorkerActionTest.java
_GaP8QKETEeu-mYqkDskRow,src/client/java/teammates/client/scripts/DataMigrationForTextQuestionRecommendedLength.java
_0kie8KESEeu-mYqkDskRow,src/main/java/teammates/ui/output/FeedbackQuestionRecipientsData.java
_EIoe8KETEeu-mYqkDskRow,src/e2e/java/teammates/e2e/cases/FeedbackNumScaleQuestionE2ETest.java
_EIoe8KETEeu-mYqkDskRow,src/e2e/java/teammates/e2e/cases/InstructorSessionIndividualExtensionPageE2ETest.java
_ylL2UKESEeu-mYqkDskRow,src/main/java/teammates/common/util/RequestTracer.java
_0kie8KESEeu-mYqkDskRow,src/main/java/teammates/ui/output/JoinState.java
_ylL2UKESEeu-mYqkDskRow,src/test/java/teammates/common/datatransfer/attributes/AccountRequestAttributesTest.java
__RE6IKESEeu-mYqkDskRow,src/test/java/teammates/test/package-info.java
_1lMqsKESEeu-mYqkDskRow,src/main/java/teammates/ui/request/ErrorReportRequest.java
_0kie8KESEeu-mYqkDskRow,src/main/java/teammates/ui/servlets/WebSecurityHeaderFilter.java
_1lMqsKESEeu-mYqkDskRow,src/test/java/teammates/ui/webapi/ActionFactoryTest.java
_0kie8KESEeu-mYqkDskRow,src/test/java/teammates/ui/webapi/FeedbackSessionUnpublishedEmailWorkerActionTest.java
_2dI_UKESEeu-mYqkDskRow,src/test/java/teammates/logic/api/MockTaskQueuer.java
_1lMqsKESEeu-mYqkDskRow,src/test/java/teammates/ui/webapi/FeedbackSessionOpeningRemindersActionTest.java
_Bae2oKETEeu-mYqkDskRow,src/test/java/teammates/test/FileHelper.java
_0kie8KESEeu-mYqkDskRow,src/main/java/teammates/ui/webapi/GetReadNotificationsAction.java
_0kie8KESEeu-mYqkDskRow,src/main/java/teammates/ui/servlets/WebApiServlet.java
_1lMqsKESEeu-mYqkDskRow,src/main/java/teammates/ui/output/FeedbackSessionLogEntryData.java
_1lMqsKESEeu-mYqkDskRow,src/main/java/teammates/ui/webapi/CreateFeedbackResponseCommentAction.java
_zUmhEKESEeu-mYqkDskRow,src/main/java/teammates/common/datatransfer/logs/ExceptionLogDetails.java
_2dI_UKESEeu-mYqkDskRow,src/test/java/teammates/logic/api/MockLogsProcessor.java
_1lMqsKESEeu-mYqkDskRow,src/main/java/teammates/ui/request/CourseUpdateRequest.java
_777jQKESEeu-mYqkDskRow,src/test/java/teammates/storage/api/FeedbackResponsesDbTest.java
_0kie8KESEeu-mYqkDskRow,src/main/java/teammates/ui/webapi/DeleteFeedbackQuestionAction.java
_0kie8KESEeu-mYqkDskRow,src/main/java/teammates/ui/webapi/CreateFeedbackQuestionAction.java
_1lMqsKESEeu-mYqkDskRow,src/main/java/teammates/ui/webapi/GetFeedbackQuestionsAction.java
_zUmhEKESEeu-mYqkDskRow,src/main/java/teammates/common/datatransfer/attributes/FeedbackQuestionAttributes.java
_1lMqsKESEeu-mYqkDskRow,src/main/java/teammates/ui/webapi/RemindFeedbackSessionSubmissionAction.java
_ylL2UKESEeu-mYqkDskRow,src/test/java/teammates/common/util/package-info.java
_ylL2UKESEeu-mYqkDskRow,src/test/java/teammates/common/util/TimeHelperTest.java
_3LCnIKESEeu-mYqkDskRow,src/main/java/teammates/logic/core/InstructorsLogic.java
_GaP8QKETEeu-mYqkDskRow,src/client/java/teammates/client/scripts/DataMigrationForTextQuestionDetailsFormat.java
_EIoe8KETEeu-mYqkDskRow,src/e2e/java/teammates/e2e/cases/AdminHomePageE2ETest.java
_1lMqsKESEeu-mYqkDskRow,src/main/java/teammates/ui/webapi/GetStudentsAction.java
_GaP8QKETEeu-mYqkDskRow,src/client/java/teammates/client/scripts/DataMigrationForSanitizedDataInInstructorAttributes.java
_ylL2UKESEeu-mYqkDskRow,src/test/java/teammates/common/util/TimeHelperExtension.java
_1lMqsKESEeu-mYqkDskRow,src/main/java/teammates/ui/webapi/GetInstructorsAction.java
_1lMqsKESEeu-mYqkDskRow,src/main/java/teammates/ui/webapi/FeedbackSessionRemindParticularUsersEmailWorkerAction.java
_3LCnIKESEeu-mYqkDskRow,src/main/java/teammates/logic/external/EmptyRecaptchaService.java
_C6tTQKETEeu-mYqkDskRow,src/e2e/java/teammates/e2e/util/EmailAccount.java
_ylL2UKESEeu-mYqkDskRow,src/main/java/teammates/common/datatransfer/attributes/DeadlineExtensionAttributes.java
_zUmhEKESEeu-mYqkDskRow,src/main/java/teammates/common/util/FieldValidator.java
_2dI_UKESEeu-mYqkDskRow,src/test/java/teammates/logic/core/FeedbackResponseCommentsLogicTest.java
_0kie8KESEeu-mYqkDskRow,src/main/java/teammates/ui/constants/package-info.java
_1lMqsKESEeu-mYqkDskRow,src/test/java/teammates/ui/webapi/DeleteFeedbackResponseCommentActionTest.java
_1lMqsKESEeu-mYqkDskRow,src/main/java/teammates/ui/webapi/StudentSearchIndexingWorkerAction.java
_9JlCIKESEeu-mYqkDskRow,src/main/java/teammates/storage/api/EntitiesDb.java
_0kie8KESEeu-mYqkDskRow,src/main/java/teammates/ui/output/UsageStatisticsRangeData.java
_GaP8QKETEeu-mYqkDskRow,src/client/java/teammates/client/scripts/DataMigrationForSanitizedInstructorName.java
_1lMqsKESEeu-mYqkDskRow,src/main/java/teammates/ui/webapi/GetReadNotificationsAction.java
_EIoe8KETEeu-mYqkDskRow,src/e2e/java/teammates/e2e/pageobjects/StudentHomePage.java
_2dI_UKESEeu-mYqkDskRow,src/test/java/teammates/logic/core/NotificationsLogicTest.java
_EIoe8KETEeu-mYqkDskRow,src/e2e/java/teammates/e2e/cases/InstructorFeedbackReportPageE2ETest.java
_zUmhEKESEeu-mYqkDskRow,src/main/java/teammates/common/util/Const.java
_EIoe8KETEeu-mYqkDskRow,src/e2e/java/teammates/e2e/cases/FeedbackRankRecipientQuestionE2ETest.java
_3LCnIKESEeu-mYqkDskRow,src/test/java/teammates/logic/api/MockAuthProxy.java
_0kie8KESEeu-mYqkDskRow,src/test/java/teammates/ui/webapi/package-info.java
_ylL2UKESEeu-mYqkDskRow,src/main/java/teammates/common/datatransfer/logs/GeneralLogEntry.java
_ylL2UKESEeu-mYqkDskRow,src/main/java/teammates/common/util/TaskWrapper.java
_EIoe8KETEeu-mYqkDskRow,src/e2e/java/teammates/e2e/cases/axe/InstructorCourseJoinConfirmationPageAxeTest.java
_1lMqsKESEeu-mYqkDskRow,src/test/java/teammates/ui/webapi/UpdateNotificationActionTest.java
_ylL2UKESEeu-mYqkDskRow,src/main/java/teammates/common/util/TimeHelper.java
_zUmhEKESEeu-mYqkDskRow,src/main/java/teammates/common/util/Config.java
_0kie8KESEeu-mYqkDskRow,src/test/java/teammates/ui/webapi/SubmitFeedbackResponsesActionTest.java
_3LCnIKESEeu-mYqkDskRow,src/main/java/teammates/logic/external/EmailSenderService.java
_ylL2UKESEeu-mYqkDskRow,src/test/java/teammates/common/util/SanitizationHelperTest.java
_1lMqsKESEeu-mYqkDskRow,src/main/java/teammates/ui/output/FeedbackVisibilityType.java
_777jQKESEeu-mYqkDskRow,src/test/java/teammates/storage/api/NotificationsDbTest.java
_1lMqsKESEeu-mYqkDskRow,src/main/java/teammates/ui/webapi/DeleteDataBundleAction.java
_777jQKESEeu-mYqkDskRow,src/test/java/teammates/storage/api/FeedbackSessionsDbTest.java
_0kie8KESEeu-mYqkDskRow,src/main/java/teammates/ui/webapi/FeedbackSessionPublishedEmailWorkerAction.java
_EIoe8KETEeu-mYqkDskRow,src/e2e/java/teammates/e2e/pageobjects/UserNotificationsPage.java
_zUmhEKESEeu-mYqkDskRow,src/main/java/teammates/common/datatransfer/logs/RequestLogUser.java
_zUmhEKESEeu-mYqkDskRow,src/main/java/teammates/common/datatransfer/questions/FeedbackRankOptionsQuestionDetails.java
_1lMqsKESEeu-mYqkDskRow,src/main/java/teammates/ui/servlets/OriginCheckFilter.java
_0kie8KESEeu-mYqkDskRow,src/test/java/teammates/ui/webapi/GetCourseJoinStatusActionTest.java
_zUmhEKESEeu-mYqkDskRow,src/main/java/teammates/common/util/JsonUtils.java
_3LCnIKESEeu-mYqkDskRow,src/main/java/teammates/logic/core/AccountsLogic.java
_2dI_UKESEeu-mYqkDskRow,src/main/java/teammates/logic/external/MailjetService.java
_zUmhEKESEeu-mYqkDskRow,src/main/java/teammates/common/datatransfer/questions/FeedbackQuestionType.java
_EIoe8KETEeu-mYqkDskRow,src/e2e/java/teammates/e2e/cases/axe/InstructorFeedbackReportPageAxeTest.java
_zUmhEKESEeu-mYqkDskRow,src/main/java/teammates/common/datatransfer/ErrorLogEntry.java
_0kie8KESEeu-mYqkDskRow,src/main/java/teammates/ui/output/FeedbackSessionSubmittedGiverSet.java
_zUmhEKESEeu-mYqkDskRow,src/main/java/teammates/common/datatransfer/questions/FeedbackNumericalScaleResponseDetails.java
_1lMqsKESEeu-mYqkDskRow,src/main/java/teammates/ui/output/OngoingSession.java
_ylL2UKESEeu-mYqkDskRow,src/main/java/teammates/common/util/StdOutConsoleHandler.java
_1lMqsKESEeu-mYqkDskRow,src/main/java/teammates/ui/constants/QuestionTypeStructures.java
_1lMqsKESEeu-mYqkDskRow,src/main/java/teammates/ui/webapi/InvalidHttpParameterException.java
_2dI_UKESEeu-mYqkDskRow,src/main/java/teammates/logic/external/LogService.java
_1lMqsKESEeu-mYqkDskRow,src/main/java/teammates/ui/webapi/UpdateCourseAction.java
_GaP8QKETEeu-mYqkDskRow,src/client/java/teammates/client/scripts/DataMigrationForConstSumForceUnevenDistribution.java
_0kie8KESEeu-mYqkDskRow,src/test/java/teammates/ui/webapi/CreateFeedbackQuestionActionTest.java
_zUmhEKESEeu-mYqkDskRow,src/main/java/teammates/common/datatransfer/DataBundle.java
_9JlCIKESEeu-mYqkDskRow,src/main/java/teammates/storage/entity/FeedbackSession.java
_ylL2UKESEeu-mYqkDskRow,src/main/java/teammates/common/datatransfer/logs/RequestLogUser.java
_FMKYgKETEeu-mYqkDskRow,src/client/java/teammates/client/scripts/SingleAccountGoogleIdMigrationScript.java
_EIoe8KETEeu-mYqkDskRow,src/e2e/java/teammates/e2e/cases/InstructorStudentListPageE2ETest.java
_C6tTQKETEeu-mYqkDskRow,src/e2e/java/teammates/e2e/cases/SystemErrorEmailReportE2ETest.java
_EIoe8KETEeu-mYqkDskRow,src/e2e/java/teammates/e2e/cases/AutomatedSessionRemindersE2ETest.java
_0kie8KESEeu-mYqkDskRow,src/main/java/teammates/ui/webapi/UpdateInstructorAction.java
_0kie8KESEeu-mYqkDskRow,src/test/java/teammates/ui/webapi/SearchStudentsActionTest.java
_FMKYgKETEeu-mYqkDskRow,src/client/java/teammates/client/scripts/IndexFeedbackSessionFields.java
_C6tTQKETEeu-mYqkDskRow,src/e2e/java/teammates/e2e/pageobjects/UserNotificationsPage.java
_1lMqsKESEeu-mYqkDskRow,src/main/java/teammates/ui/output/SessionResultsData.java
_zUmhEKESEeu-mYqkDskRow,src/main/java/teammates/common/datatransfer/questions/FeedbackMsqQuestionDetails.java
_C6tTQKETEeu-mYqkDskRow,src/e2e/java/teammates/e2e/cases/axe/AdminSearchPageAxeTest.java
_zUmhEKESEeu-mYqkDskRow,src/main/java/teammates/common/util/HttpRequest.java
_zUmhEKESEeu-mYqkDskRow,src/test/java/teammates/common/datatransfer/package-info.java
_1lMqsKESEeu-mYqkDskRow,src/main/java/teammates/ui/webapi/UpdateFeedbackQuestionAction.java
_zUmhEKESEeu-mYqkDskRow,src/test/java/teammates/common/datatransfer/questions/FeedbackTextResponseDetailsTest.java
_0kie8KESEeu-mYqkDskRow,src/main/java/teammates/ui/output/DeadlineExtensionData.java
_zUmhEKESEeu-mYqkDskRow,src/test/java/teammates/common/datatransfer/attributes/AccountAttributesTest.java
_ylL2UKESEeu-mYqkDskRow,src/test/java/teammates/common/util/BuildPropertiesTest.java
_2dI_UKESEeu-mYqkDskRow,src/main/java/teammates/logic/core/StudentsLogic.java
_1lMqsKESEeu-mYqkDskRow,src/test/java/teammates/ui/webapi/GetAccountRequestActionTest.java
_1lMqsKESEeu-mYqkDskRow,src/test/java/teammates/ui/webapi/CreateCourseActionTest.java
_1lMqsKESEeu-mYqkDskRow,src/test/java/teammates/ui/webapi/CreateFeedbackResponseCommentActionTest.java
_EIoe8KETEeu-mYqkDskRow,src/e2e/java/teammates/e2e/cases/axe/StudentHomePageAxeTest.java
_9JlCIKESEeu-mYqkDskRow,src/test/java/teammates/storage/api/FeedbackResponsesDbTest.java
_777jQKESEeu-mYqkDskRow,src/test/java/teammates/storage/api/CoursesDbTest.java
_1lMqsKESEeu-mYqkDskRow,src/test/java/teammates/ui/webapi/GetAccountsActionTest.java
_1lMqsKESEeu-mYqkDskRow,src/test/java/teammates/ui/webapi/FeedbackSessionRemindEmailWorkerActionTest.java
_EIoe8KETEeu-mYqkDskRow,src/e2e/java/teammates/e2e/pageobjects/AdminTimezonePage.java
_777jQKESEeu-mYqkDskRow,src/main/java/teammates/storage/entity/CourseStudent.java
_EIoe8KETEeu-mYqkDskRow,src/e2e/java/teammates/e2e/util/GmailServiceMaker.java
_EIoe8KETEeu-mYqkDskRow,src/e2e/java/teammates/e2e/pageobjects/InstructorStudentRecordsPage.java
_GaP8QKETEeu-mYqkDskRow,src/client/java/teammates/client/util/ClientProperties.java
_FMKYgKETEeu-mYqkDskRow,src/client/java/teammates/client/util/ClientProperties.java
_1lMqsKESEeu-mYqkDskRow,src/test/java/teammates/ui/webapi/FeedbackSessionClosingRemindersActionTest.java
_0kie8KESEeu-mYqkDskRow,src/main/java/teammates/ui/webapi/SearchStudentsAction.java
_0kie8KESEeu-mYqkDskRow,src/test/java/teammates/ui/webapi/GetFeedbackSessionLogsActionTest.java
_0kie8KESEeu-mYqkDskRow,src/main/java/teammates/ui/output/AccountData.java
_EIoe8KETEeu-mYqkDskRow,src/e2e/java/teammates/e2e/cases/axe/InstructorNotificationsPageAxeTest.java
_2dI_UKESEeu-mYqkDskRow,src/main/java/teammates/logic/external/AuthService.java
_0kie8KESEeu-mYqkDskRow,src/main/java/teammates/ui/webapi/DatastoreBackupAction.java
_ylL2UKESEeu-mYqkDskRow,src/test/java/teammates/common/datatransfer/attributes/DeadlineExtensionAttributesTest.java
_0kie8KESEeu-mYqkDskRow,src/main/java/teammates/ui/output/InstructorPrivilegeData.java
_zUmhEKESEeu-mYqkDskRow,src/main/java/teammates/common/datatransfer/attributes/FeedbackSessionAttributes.java
_C6tTQKETEeu-mYqkDskRow,src/e2e/java/teammates/e2e/pageobjects/ErrorReportingModal.java
_zUmhEKESEeu-mYqkDskRow,src/test/java/teammates/common/datatransfer/questions/FeedbackQuestionDetailsTest.java
_1lMqsKESEeu-mYqkDskRow,src/test/java/teammates/ui/webapi/GetCourseSectionNamesActionTest.java
_0kie8KESEeu-mYqkDskRow,src/main/java/teammates/ui/output/AuthInfo.java
_Bae2oKETEeu-mYqkDskRow,src/test/java/teammates/test/AbstractBackDoor.java
_C6tTQKETEeu-mYqkDskRow,src/e2e/java/teammates/e2e/cases/AutomatedSessionRemindersE2ETest.java
_C6tTQKETEeu-mYqkDskRow,src/e2e/java/teammates/e2e/util/BackDoor.java
_Bae2oKETEeu-mYqkDskRow,src/test/java/teammates/test/TestPropertiesTest.java
_EIoe8KETEeu-mYqkDskRow,src/e2e/java/teammates/e2e/pageobjects/IanaTimezonePage.java
_EIoe8KETEeu-mYqkDskRow,src/e2e/java/teammates/e2e/cases/InstructorSearchPageE2ETest.java
_1lMqsKESEeu-mYqkDskRow,src/main/java/teammates/ui/webapi/EnrollStudentsAction.java
_FMKYgKETEeu-mYqkDskRow,src/client/java/teammates/client/scripts/statistics/StatisticsBundle.java
_zUmhEKESEeu-mYqkDskRow,src/test/java/teammates/common/util/JsonUtilsTest.java
_0kie8KESEeu-mYqkDskRow,src/test/java/teammates/ui/webapi/RestoreCourseActionTest.java
_EIoe8KETEeu-mYqkDskRow,src/e2e/java/teammates/e2e/pageobjects/package-info.java
_777jQKESEeu-mYqkDskRow,src/main/java/teammates/storage/api/EntitiesDb.java
_9JlCIKESEeu-mYqkDskRow,src/main/java/teammates/storage/search/AccountRequestSearchDocument.java
_1lMqsKESEeu-mYqkDskRow,src/main/java/teammates/ui/servlets/LogoutServlet.java
_EIoe8KETEeu-mYqkDskRow,src/e2e/java/teammates/e2e/cases/axe/InstructorStudentListPageAxeTest.java
_1lMqsKESEeu-mYqkDskRow,src/main/java/teammates/ui/webapi/SessionLinksRecoveryAction.java
_EIoe8KETEeu-mYqkDskRow,src/e2e/java/teammates/e2e/cases/axe/FeedbackSubmitPageAxeTest.java
_0kie8KESEeu-mYqkDskRow,src/main/java/teammates/ui/webapi/RemindFeedbackSessionSubmissionAction.java
_0kie8KESEeu-mYqkDskRow,src/main/java/teammates/ui/webapi/DeleteNotificationAction.java
_1lMqsKESEeu-mYqkDskRow,src/main/java/teammates/ui/output/FeedbackQuestionRecipientsData.java
_zUmhEKESEeu-mYqkDskRow,src/main/java/teammates/common/datatransfer/questions/FeedbackNumericalScaleQuestionDetails.java
_zUmhEKESEeu-mYqkDskRow,src/main/java/teammates/common/util/StdOutConsoleHandler.java
_0kie8KESEeu-mYqkDskRow,src/main/java/teammates/ui/output/ActionClasses.java
_C6tTQKETEeu-mYqkDskRow,src/e2e/java/teammates/e2e/cases/axe/InstructorNotificationsPageAxeTest.java
_1lMqsKESEeu-mYqkDskRow,src/test/java/teammates/ui/servlets/package-info.java
_zUmhEKESEeu-mYqkDskRow,src/test/java/teammates/common/datatransfer/InstructorPrivilegesTest.java
_0kie8KESEeu-mYqkDskRow,src/main/java/teammates/ui/servlets/HealthCheckServlet.java
_1lMqsKESEeu-mYqkDskRow,src/test/java/teammates/ui/webapi/UpdateCourseActionTest.java
_ylL2UKESEeu-mYqkDskRow,src/test/java/teammates/common/datatransfer/questions/FeedbackConstantSumQuestionDetailsTest.java
_C6tTQKETEeu-mYqkDskRow,src/e2e/java/teammates/e2e/pageobjects/HomePage.java
_FMKYgKETEeu-mYqkDskRow,src/client/java/teammates/client/scripts/statistics/FileStore.java
_3LCnIKESEeu-mYqkDskRow,src/test/java/teammates/logic/api/EmailGeneratorTest.java
_0kie8KESEeu-mYqkDskRow,src/main/java/teammates/ui/request/StudentsEnrollRequest.java
_1lMqsKESEeu-mYqkDskRow,src/main/java/teammates/ui/output/EmailData.java
_3LCnIKESEeu-mYqkDskRow,src/test/java/teammates/logic/api/MockTaskQueuer.java
_0kie8KESEeu-mYqkDskRow,src/test/java/teammates/ui/webapi/AccountRequestSearchIndexingWorkerActionTest.java
_0kie8KESEeu-mYqkDskRow,src/test/java/teammates/ui/webapi/CalculateUsageStatisticsActionTest.java
_1lMqsKESEeu-mYqkDskRow,src/test/java/teammates/ui/webapi/CreateFeedbackSessionLogActionTest.java
_1lMqsKESEeu-mYqkDskRow,src/test/java/teammates/ui/webapi/UpdateFeedbackQuestionActionTest.java
_3LCnIKESEeu-mYqkDskRow,src/test/java/teammates/logic/api/MockRecaptchaVerifier.java
_zUmhEKESEeu-mYqkDskRow,src/main/java/teammates/common/datatransfer/attributes/AccountRequestAttributes.java
_zUmhEKESEeu-mYqkDskRow,src/main/java/teammates/common/datatransfer/logs/FeedbackSessionAuditLogDetails.java
_1lMqsKESEeu-mYqkDskRow,src/main/java/teammates/ui/webapi/GetFeedbackResponsesAction.java
_0kie8KESEeu-mYqkDskRow,src/main/java/teammates/ui/webapi/GetOngoingSessionsAction.java
_1lMqsKESEeu-mYqkDskRow,src/main/java/teammates/ui/webapi/ActionFactory.java
_C6tTQKETEeu-mYqkDskRow,src/e2e/java/teammates/e2e/cases/FeedbackRubricQuestionE2ETest.java
_0kie8KESEeu-mYqkDskRow,src/main/java/teammates/ui/servlets/OriginCheckFilter.java
_C6tTQKETEeu-mYqkDskRow,src/e2e/java/teammates/e2e/cases/AdminHomePageE2ETest.java
_zUmhEKESEeu-mYqkDskRow,src/test/java/teammates/common/datatransfer/attributes/FeedbackResponseCommentAttributesTest.java
_zUmhEKESEeu-mYqkDskRow,src/main/java/teammates/common/util/package-info.java
_zUmhEKESEeu-mYqkDskRow,src/test/java/teammates/common/datatransfer/questions/FeedbackConstantSumQuestionDetailsTest.java
_GaP8QKETEeu-mYqkDskRow,src/client/java/teammates/client/scripts/DataMigrationForStudentsAndTeamsRecipientType.java
_1lMqsKESEeu-mYqkDskRow,src/main/java/teammates/ui/webapi/Action.java
_0kie8KESEeu-mYqkDskRow,src/main/java/teammates/ui/webapi/SendErrorReportAction.java
_1lMqsKESEeu-mYqkDskRow,src/main/java/teammates/ui/webapi/GetAccountsAction.java
_C6tTQKETEeu-mYqkDskRow,src/e2e/java/teammates/e2e/cases/axe/InstructorFeedbackEditPageAxeTest.java
_1lMqsKESEeu-mYqkDskRow,src/main/java/teammates/ui/request/NotificationBasicRequest.java
_zUmhEKESEeu-mYqkDskRow,src/test/java/teammates/common/datatransfer/questions/FeedbackRankOptionsQuestionDetailsTest.java
_9JlCIKESEeu-mYqkDskRow,src/main/java/teammates/storage/entity/Course.java
_3LCnIKESEeu-mYqkDskRow,src/main/java/teammates/logic/api/UserProvision.java
_EIoe8KETEeu-mYqkDskRow,src/e2e/java/teammates/e2e/cases/TimezoneSyncerTest.java
_0kie8KESEeu-mYqkDskRow,src/test/java/teammates/ui/webapi/DeleteCourseActionTest.java
_1lMqsKESEeu-mYqkDskRow,src/main/java/teammates/ui/request/Intent.java
_C6tTQKETEeu-mYqkDskRow,src/e2e/java/teammates/e2e/pageobjects/AdminHomePage.java
_1lMqsKESEeu-mYqkDskRow,src/main/java/teammates/ui/request/SendEmailRequest.java
_1lMqsKESEeu-mYqkDskRow,src/test/java/teammates/ui/webapi/SendErrorReportActionTest.java
_0kie8KESEeu-mYqkDskRow,src/main/java/teammates/ui/webapi/RegenerateInstructorKeyAction.java
_2dI_UKESEeu-mYqkDskRow,src/main/java/teammates/logic/core/InstructorsLogic.java
_0kie8KESEeu-mYqkDskRow,src/main/java/teammates/ui/webapi/InvalidHttpParameterException.java
_zUmhEKESEeu-mYqkDskRow,src/test/java/teammates/common/util/SanitizationHelperTest.java
_zUmhEKESEeu-mYqkDskRow,src/test/java/teammates/common/util/TimeHelperTest.java
_1lMqsKESEeu-mYqkDskRow,src/main/java/teammates/ui/webapi/UnpublishFeedbackSessionAction.java
_0kie8KESEeu-mYqkDskRow,src/main/java/teammates/ui/output/FeedbackSessionLogData.java
_1lMqsKESEeu-mYqkDskRow,src/main/java/teammates/ui/output/FeedbackQuestionRecipientData.java
_3LCnIKESEeu-mYqkDskRow,src/test/java/teammates/logic/api/UserProvisionTest.java
_0kie8KESEeu-mYqkDskRow,src/main/java/teammates/ui/webapi/FeedbackSessionRemindParticularUsersEmailWorkerAction.java
_0kie8KESEeu-mYqkDskRow,src/test/java/teammates/ui/webapi/CreateNotificationActionTest.java
_1lMqsKESEeu-mYqkDskRow,src/main/java/teammates/ui/servlets/package-info.java
_ylL2UKESEeu-mYqkDskRow,src/main/java/teammates/common/exception/DeadlineExceededException.java
_9JlCIKESEeu-mYqkDskRow,src/main/java/teammates/storage/api/DatastoreEmulatorRunner.java
_0kie8KESEeu-mYqkDskRow,src/main/java/teammates/ui/webapi/UpdateCourseAction.java
_777jQKESEeu-mYqkDskRow,src/main/java/teammates/storage/entity/AccountRequest.java
_2dI_UKESEeu-mYqkDskRow,src/test/java/teammates/logic/core/AccountsLogicTest.java
_1lMqsKESEeu-mYqkDskRow,src/main/java/teammates/ui/output/SendLoginEmailResponseData.java
_C6tTQKETEeu-mYqkDskRow,src/e2e/java/teammates/e2e/cases/FeedbackResultsPageE2ETest.java
_1lMqsKESEeu-mYqkDskRow,src/test/java/teammates/ui/webapi/GetFeedbackSessionActionTest.java
_ylL2UKESEeu-mYqkDskRow,src/test/java/teammates/common/datatransfer/attributes/FeedbackQuestionAttributesTest.java
_2dI_UKESEeu-mYqkDskRow,src/test/java/teammates/logic/core/FeedbackSessionsLogicTest.java
_1lMqsKESEeu-mYqkDskRow,src/main/java/teammates/ui/webapi/RegenerateStudentKeyAction.java
_EIoe8KETEeu-mYqkDskRow,src/e2e/java/teammates/e2e/pageobjects/InstructorSessionIndividualExtensionPage.java
_9JlCIKESEeu-mYqkDskRow,src/test/java/teammates/storage/search/package-info.java
_zUmhEKESEeu-mYqkDskRow,src/test/java/teammates/common/datatransfer/questions/FeedbackTextQuestionDetailsTest.java
_1lMqsKESEeu-mYqkDskRow,src/main/java/teammates/ui/webapi/GetFeedbackSessionsAction.java
_GaP8QKETEeu-mYqkDskRow,src/client/java/teammates/client/scripts/MockCourseWithLargeResponseScript.java
_1lMqsKESEeu-mYqkDskRow,src/main/java/teammates/ui/webapi/SearchInstructorsAction.java
_1lMqsKESEeu-mYqkDskRow,src/test/java/teammates/ui/webapi/GetFeedbackSessionSubmittedGiverSetActionTest.java
_EIoe8KETEeu-mYqkDskRow,src/e2e/java/teammates/e2e/cases/axe/StudentCourseJoinConfirmationPageAxeTest.java
_FMKYgKETEeu-mYqkDskRow,src/client/java/teammates/client/scripts/DataMigrationForTeamNameInResponseGiver.java
_1lMqsKESEeu-mYqkDskRow,src/main/java/teammates/ui/output/InstructorsData.java
_0kie8KESEeu-mYqkDskRow,src/main/java/teammates/ui/webapi/GetFeedbackSessionsAction.java
_2dI_UKESEeu-mYqkDskRow,src/test/java/teammates/logic/core/DeadlineExtensionsLogicTest.java
_ylL2UKESEeu-mYqkDskRow,src/main/java/teammates/common/datatransfer/questions/FeedbackMcqResponseDetails.java
_0kie8KESEeu-mYqkDskRow,src/main/java/teammates/ui/webapi/FeedbackSessionUnpublishedEmailWorkerAction.java
_0kie8KESEeu-mYqkDskRow,src/main/java/teammates/ui/webapi/RestoreFeedbackSessionAction.java
_0kie8KESEeu-mYqkDskRow,src/main/java/teammates/ui/webapi/UpdateFeedbackSessionAction.java
_0kie8KESEeu-mYqkDskRow,src/main/java/teammates/ui/webapi/FeedbackSessionResendPublishedEmailWorkerAction.java
_1lMqsKESEeu-mYqkDskRow,src/main/java/teammates/ui/webapi/FeedbackSessionPublishedRemindersAction.java
_C6tTQKETEeu-mYqkDskRow,src/e2e/java/teammates/e2e/pageobjects/InstructorNotificationsPage.java
_EIoe8KETEeu-mYqkDskRow,src/e2e/java/teammates/e2e/util/package-info.java
_0kie8KESEeu-mYqkDskRow,src/test/java/teammates/ui/webapi/GetFeedbackQuestionRecipientsActionTest.java
_1lMqsKESEeu-mYqkDskRow,src/main/java/teammates/ui/webapi/ResetAccountAction.java
_C6tTQKETEeu-mYqkDskRow,src/e2e/java/teammates/e2e/pageobjects/InstructorStudentActivityLogsPage.java
_1lMqsKESEeu-mYqkDskRow,src/test/java/teammates/ui/webapi/DeleteAccountActionTest.java
_ylL2UKESEeu-mYqkDskRow,src/main/java/teammates/common/util/Logger.java
_3LCnIKESEeu-mYqkDskRow,src/test/java/teammates/logic/core/BaseLogicTest.java
_zUmhEKESEeu-mYqkDskRow,src/test/java/teammates/common/datatransfer/questions/FeedbackContributionQuestionDetailsTest.java
_GaP8QKETEeu-mYqkDskRow,src/client/java/teammates/client/scripts/DataMigrationForUnencryptedKeyForStudents.java
_ylL2UKESEeu-mYqkDskRow,src/main/java/teammates/common/datatransfer/FeedbackParticipantType.java
_0kie8KESEeu-mYqkDskRow,src/test/java/teammates/ui/webapi/RestoreFeedbackSessionActionTest.java
_0kie8KESEeu-mYqkDskRow,src/main/java/teammates/ui/output/NotificationsData.java
_0kie8KESEeu-mYqkDskRow,src/main/java/teammates/ui/webapi/UpdateStudentAction.java
_0kie8KESEeu-mYqkDskRow,src/main/java/teammates/ui/constants/ResourceEndpoints.java
_3LCnIKESEeu-mYqkDskRow,src/test/java/teammates/logic/api/EmailSenderTest.java
_FMKYgKETEeu-mYqkDskRow,src/client/java/teammates/client/util/LoopHelper.java
_1lMqsKESEeu-mYqkDskRow,src/main/java/teammates/ui/servlets/LoginServlet.java
_1lMqsKESEeu-mYqkDskRow,src/main/java/teammates/ui/webapi/BasicFeedbackSubmissionAction.java
_3LCnIKESEeu-mYqkDskRow,src/main/java/teammates/logic/api/EmailGenerator.java
_ylL2UKESEeu-mYqkDskRow,src/main/java/teammates/common/datatransfer/questions/FeedbackMsqResponseDetails.java
_1lMqsKESEeu-mYqkDskRow,src/test/java/teammates/ui/webapi/FeedbackSessionRemindParticularUsersEmailWorkerActionTest.java
_9JlCIKESEeu-mYqkDskRow,src/main/java/teammates/storage/entity/package-info.java
_9JlCIKESEeu-mYqkDskRow,src/main/java/teammates/storage/search/StudentSearchManager.java
_0kie8KESEeu-mYqkDskRow,src/main/java/teammates/ui/webapi/JsonResult.java
_3LCnIKESEeu-mYqkDskRow,src/main/java/teammates/logic/external/AuthService.java
_1lMqsKESEeu-mYqkDskRow,src/test/java/teammates/ui/webapi/GetStudentActionTest.java
_1lMqsKESEeu-mYqkDskRow,src/main/java/teammates/ui/webapi/DeleteCourseAction.java
_0kie8KESEeu-mYqkDskRow,src/main/java/teammates/ui/webapi/PutDataBundleAction.java
_0kie8KESEeu-mYqkDskRow,src/main/java/teammates/ui/output/FeedbackSessionLogEntryData.java
_3LCnIKESEeu-mYqkDskRow,src/main/java/teammates/logic/external/LocalTaskQueueService.java
_EIoe8KETEeu-mYqkDskRow,src/e2e/java/teammates/e2e/cases/axe/InstructorSessionIndividualExtensionPageAxeTest.java
_0kie8KESEeu-mYqkDskRow,src/main/java/teammates/ui/output/InstructorData.java
_zUmhEKESEeu-mYqkDskRow,src/main/java/teammates/common/datatransfer/logs/FeedbackSessionLogType.java
_3LCnIKESEeu-mYqkDskRow,src/main/java/teammates/logic/api/EmailSender.java
_1lMqsKESEeu-mYqkDskRow,src/main/java/teammates/ui/webapi/FeedbackSessionOpeningRemindersAction.java
_EIoe8KETEeu-mYqkDskRow,src/e2e/java/teammates/e2e/cases/axe/AdminSessionsPageAxeTest.java
_2dI_UKESEeu-mYqkDskRow,src/test/java/teammates/logic/api/MockUserProvision.java
_0kie8KESEeu-mYqkDskRow,src/test/java/teammates/ui/webapi/CreateFeedbackSessionLogActionTest.java
_0kie8KESEeu-mYqkDskRow,src/main/java/teammates/ui/webapi/BasicCommentSubmissionAction.java
_1lMqsKESEeu-mYqkDskRow,src/main/java/teammates/ui/webapi/DeleteInstructorAction.java
_C6tTQKETEeu-mYqkDskRow,src/e2e/java/teammates/e2e/cases/axe/InstructorFeedbackSessionsPageAxeTest.java
_EIoe8KETEeu-mYqkDskRow,src/e2e/java/teammates/e2e/cases/FeedbackMcqQuestionE2ETest.java
_0kie8KESEeu-mYqkDskRow,src/test/java/teammates/ui/webapi/GetFeedbackResponseCommentActionTest.java
_3LCnIKESEeu-mYqkDskRow,src/main/java/teammates/logic/core/CoursesLogic.java
_Bae2oKETEeu-mYqkDskRow,src/test/java/teammates/test/EmailCheckerTest.java
_C6tTQKETEeu-mYqkDskRow,src/e2e/java/teammates/e2e/cases/axe/AdminAccountsPageAxeTest.java
_0kie8KESEeu-mYqkDskRow,src/test/java/teammates/ui/webapi/BinFeedbackSessionActionTest.java
_zUmhEKESEeu-mYqkDskRow,src/main/java/teammates/common/exception/EntityAlreadyExistsException.java
_1lMqsKESEeu-mYqkDskRow,src/main/java/teammates/ui/webapi/FeedbackSessionOpeningSoonRemindersAction.java
_ylL2UKESEeu-mYqkDskRow,src/test/java/teammates/common/datatransfer/CourseRosterTest.java
_EIoe8KETEeu-mYqkDskRow,src/e2e/java/teammates/e2e/pageobjects/FeedbackSubmitPage.java
_0kie8KESEeu-mYqkDskRow,src/main/java/teammates/ui/output/FeedbackVisibilityType.java
_1lMqsKESEeu-mYqkDskRow,src/main/java/teammates/ui/webapi/DatastoreBackupAction.java
_0kie8KESEeu-mYqkDskRow,src/main/java/teammates/ui/request/FeedbackSessionBasicRequest.java
_777jQKESEeu-mYqkDskRow,src/test/java/teammates/storage/search/StudentSearchTest.java
_ylL2UKESEeu-mYqkDskRow,src/main/java/teammates/common/datatransfer/attributes/UsageStatisticsAttributes.java
_1lMqsKESEeu-mYqkDskRow,src/main/java/teammates/ui/output/AccountRequestData.java
_ylL2UKESEeu-mYqkDskRow,src/test/java/teammates/common/datatransfer/attributes/package-info.java
_1lMqsKESEeu-mYqkDskRow,src/main/java/teammates/ui/webapi/RestoreCourseAction.java
_9JlCIKESEeu-mYqkDskRow,src/test/java/teammates/storage/api/AccountsDbTest.java
_1lMqsKESEeu-mYqkDskRow,src/test/java/teammates/ui/webapi/RemindFeedbackSessionResultActionTest.java
_EIoe8KETEeu-mYqkDskRow,src/e2e/java/teammates/e2e/cases/axe/StudentNotificationsPageAxeTest.java
_C6tTQKETEeu-mYqkDskRow,src/e2e/java/teammates/e2e/pageobjects/package-info.java
_0kie8KESEeu-mYqkDskRow,src/main/java/teammates/ui/webapi/EnrollStudentsAction.java
_zUmhEKESEeu-mYqkDskRow,src/main/java/teammates/common/util/HttpRequestHelper.java
_EIoe8KETEeu-mYqkDskRow,src/e2e/java/teammates/e2e/cases/axe/AdminNotificationsPageAxeTest.java
_1lMqsKESEeu-mYqkDskRow,src/main/java/teammates/ui/output/AuthInfo.java
_1lMqsKESEeu-mYqkDskRow,src/test/java/teammates/ui/webapi/GetFeedbackSessionLogsActionTest.java
_0kie8KESEeu-mYqkDskRow,src/test/java/teammates/ui/webapi/GetCourseSectionNamesActionTest.java
_EIoe8KETEeu-mYqkDskRow,src/e2e/java/teammates/e2e/pageobjects/InstructorCourseStudentDetailsEditPage.java
_1lMqsKESEeu-mYqkDskRow,src/test/java/teammates/ui/webapi/SessionLinksRecoveryActionTest.java
_ylL2UKESEeu-mYqkDskRow,src/main/java/teammates/common/datatransfer/logs/EmailSentLogDetails.java
_777jQKESEeu-mYqkDskRow,src/main/java/teammates/storage/api/FeedbackQuestionsDb.java
_2dI_UKESEeu-mYqkDskRow,src/main/java/teammates/logic/external/GoogleCloudLoggingService.java
_3LCnIKESEeu-mYqkDskRow,src/main/java/teammates/logic/external/package-info.java
_9JlCIKESEeu-mYqkDskRow,src/test/java/teammates/storage/api/FeedbackSessionsDbTest.java
_777jQKESEeu-mYqkDskRow,src/main/java/teammates/storage/api/NotificationsDb.java
_0kie8KESEeu-mYqkDskRow,src/test/java/teammates/ui/webapi/UpdateFeedbackResponseCommentActionTest.java
_2dI_UKESEeu-mYqkDskRow,src/main/java/teammates/logic/api/TaskQueuer.java
_2dI_UKESEeu-mYqkDskRow,src/main/java/teammates/logic/core/AccountRequestsLogic.java
_0kie8KESEeu-mYqkDskRow,src/main/java/teammates/ui/output/AccountsData.java
_3LCnIKESEeu-mYqkDskRow,src/main/java/teammates/logic/external/FirebaseAuthService.java
_3LCnIKESEeu-mYqkDskRow,src/main/java/teammates/logic/external/TaskQueueService.java
_9JlCIKESEeu-mYqkDskRow,src/main/java/teammates/storage/api/FeedbackSessionsDb.java
_zUmhEKESEeu-mYqkDskRow,src/test/java/teammates/common/datatransfer/questions/FeedbackNumericalScaleQuestionDetailsTest.java
_ylL2UKESEeu-mYqkDskRow,src/main/java/teammates/common/datatransfer/questions/FeedbackRankOptionsQuestionDetails.java
_9JlCIKESEeu-mYqkDskRow,src/main/java/teammates/storage/search/SearchManagerStarter.java
_0kie8KESEeu-mYqkDskRow,src/main/java/teammates/ui/webapi/GetStudentAction.java
_zUmhEKESEeu-mYqkDskRow,src/main/java/teammates/common/datatransfer/NotificationTargetUser.java
_1lMqsKESEeu-mYqkDskRow,src/main/java/teammates/ui/webapi/GetDeadlineExtensionAction.java
_0kie8KESEeu-mYqkDskRow,src/main/java/teammates/ui/webapi/AccountRequestSearchIndexingWorkerAction.java
_C6tTQKETEeu-mYqkDskRow,src/e2e/java/teammates/e2e/pageobjects/InstructorCourseEditPage.java
_EIoe8KETEeu-mYqkDskRow,src/e2e/java/teammates/e2e/pageobjects/InstructorCourseDetailsPage.java
_2dI_UKESEeu-mYqkDskRow,src/test/java/teammates/logic/core/FeedbackQuestionsLogicTest.java
_777jQKESEeu-mYqkDskRow,src/main/java/teammates/storage/entity/UsageStatistics.java
_ylL2UKESEeu-mYqkDskRow,src/main/java/teammates/common/exception/EmailSendingException.java
_EIoe8KETEeu-mYqkDskRow,src/e2e/java/teammates/e2e/cases/FeedbackSubmitPageE2ETest.java
_777jQKESEeu-mYqkDskRow,src/test/java/teammates/storage/api/FeedbackResponseCommentsDbTest.java
_1lMqsKESEeu-mYqkDskRow,src/main/java/teammates/ui/webapi/package-info.java
_FMKYgKETEeu-mYqkDskRow,src/client/java/teammates/client/util/package-info.java
_zUmhEKESEeu-mYqkDskRow,src/main/java/teammates/common/datatransfer/questions/FeedbackMsqResponseDetails.java
_zUmhEKESEeu-mYqkDskRow,src/test/java/teammates/common/datatransfer/attributes/package-info.java
_C6tTQKETEeu-mYqkDskRow,src/e2e/java/teammates/e2e/cases/InstructorNotificationsPageE2ETest.java
_9JlCIKESEeu-mYqkDskRow,src/main/java/teammates/storage/entity/FeedbackResponse.java
_1lMqsKESEeu-mYqkDskRow,src/test/java/teammates/ui/webapi/FeedbackSessionClosedRemindersActionTest.java
_1lMqsKESEeu-mYqkDskRow,src/main/java/teammates/ui/output/FeedbackResponsesData.java
_C6tTQKETEeu-mYqkDskRow,src/e2e/java/teammates/e2e/util/EmailAccountTest.java
_0kie8KESEeu-mYqkDskRow,src/main/java/teammates/ui/webapi/DeleteDataBundleAction.java
_1lMqsKESEeu-mYqkDskRow,src/main/java/teammates/ui/request/StudentsEnrollRequest.java
_EIoe8KETEeu-mYqkDskRow,src/e2e/java/teammates/e2e/pageobjects/InstructorStudentActivityLogsPage.java
_0kie8KESEeu-mYqkDskRow,src/main/java/teammates/ui/output/AccountRequestsData.java
_1lMqsKESEeu-mYqkDskRow,src/main/java/teammates/ui/output/ActionClasses.java
_1lMqsKESEeu-mYqkDskRow,src/test/java/teammates/ui/webapi/UpdateFeedbackSessionActionTest.java
_EIoe8KETEeu-mYqkDskRow,src/e2e/java/teammates/e2e/cases/InstructorHomePageE2ETest.java
_zUmhEKESEeu-mYqkDskRow,src/main/java/teammates/common/datatransfer/logs/LogEvent.java
_1lMqsKESEeu-mYqkDskRow,src/test/java/teammates/ui/webapi/FeedbackSessionOpeningSoonRemindersActionTest.java
_0kie8KESEeu-mYqkDskRow,src/main/java/teammates/ui/webapi/FeedbackSessionPublishedRemindersAction.java
_0kie8KESEeu-mYqkDskRow,src/main/java/teammates/ui/request/BasicRequest.java
_1lMqsKESEeu-mYqkDskRow,src/test/java/teammates/ui/webapi/GetFeedbackSessionsActionTest.java
_EIoe8KETEeu-mYqkDskRow,src/e2e/java/teammates/e2e/cases/axe/InstructorFeedbackSessionsPageAxeTest.java
_1lMqsKESEeu-mYqkDskRow,src/main/java/teammates/ui/output/StudentsData.java
_GaP8QKETEeu-mYqkDskRow,src/client/java/teammates/client/util/package-info.java
_1lMqsKESEeu-mYqkDskRow,src/main/java/teammates/ui/request/FeedbackResponsesRequest.java
_0kie8KESEeu-mYqkDskRow,src/main/java/teammates/ui/request/package-info.java
_0kie8KESEeu-mYqkDskRow,src/test/java/teammates/ui/webapi/GetStudentsActionTest.java
_zUmhEKESEeu-mYqkDskRow,src/test/java/teammates/common/datatransfer/attributes/FeedbackSessionAttributesTest.java
_Bae2oKETEeu-mYqkDskRow,src/test/java/teammates/test/AssertHelper.java
_zUmhEKESEeu-mYqkDskRow,src/main/java/teammates/common/datatransfer/attributes/NotificationAttributes.java
_1lMqsKESEeu-mYqkDskRow,src/main/java/teammates/ui/servlets/DevServerLoginServlet.java
_9JlCIKESEeu-mYqkDskRow,src/test/java/teammates/storage/api/StudentsDbTest.java
_9JlCIKESEeu-mYqkDskRow,src/main/java/teammates/storage/entity/UsageStatistics.java
_0kie8KESEeu-mYqkDskRow,src/main/java/teammates/ui/webapi/GetRegkeyValidityAction.java
_zUmhEKESEeu-mYqkDskRow,src/main/java/teammates/common/datatransfer/CourseRoster.java
_0kie8KESEeu-mYqkDskRow,src/main/java/teammates/ui/request/NotificationCreateRequest.java
_ylL2UKESEeu-mYqkDskRow,src/main/java/teammates/common/datatransfer/logs/LogSeverity.java
_0kie8KESEeu-mYqkDskRow,src/main/java/teammates/ui/request/StudentUpdateRequest.java
_zUmhEKESEeu-mYqkDskRow,src/test/java/teammates/common/datatransfer/attributes/StudentAttributesTest.java
_2dI_UKESEeu-mYqkDskRow,src/main/java/teammates/logic/api/RecaptchaVerifier.java
_2dI_UKESEeu-mYqkDskRow,src/main/java/teammates/logic/core/NotificationsLogic.java
_0kie8KESEeu-mYqkDskRow,src/test/java/teammates/ui/webapi/UpdateCourseActionTest.java
_zUmhEKESEeu-mYqkDskRow,src/main/java/teammates/common/datatransfer/logs/SourceLocation.java
_777jQKESEeu-mYqkDskRow,src/main/java/teammates/storage/search/SearchDocument.java
_777jQKESEeu-mYqkDskRow,src/main/java/teammates/storage/api/StudentsDb.java
_1lMqsKESEeu-mYqkDskRow,src/main/java/teammates/ui/constants/package-info.java
_zUmhEKESEeu-mYqkDskRow,src/main/java/teammates/common/datatransfer/FeedbackSessionLogEntry.java
_2dI_UKESEeu-mYqkDskRow,src/main/java/teammates/logic/external/TaskQueueService.java
_3LCnIKESEeu-mYqkDskRow,src/main/java/teammates/logic/core/UsageStatisticsLogic.java
_1lMqsKESEeu-mYqkDskRow,src/main/java/teammates/ui/webapi/RegenerateInstructorKeyAction.java
_0kie8KESEeu-mYqkDskRow,src/main/java/teammates/ui/output/FeedbackSessionSubmissionStatus.java
_0kie8KESEeu-mYqkDskRow,src/test/java/teammates/ui/webapi/GetCoursesActionTest.java
_0kie8KESEeu-mYqkDskRow,src/main/java/teammates/ui/webapi/SessionLinksRecoveryAction.java
_1lMqsKESEeu-mYqkDskRow,src/main/java/teammates/ui/output/FeedbackQuestionData.java
_0kie8KESEeu-mYqkDskRow,src/main/java/teammates/ui/output/CoursesData.java
_0kie8KESEeu-mYqkDskRow,src/main/java/teammates/ui/webapi/GetFeedbackSessionLogsAction.java
_C6tTQKETEeu-mYqkDskRow,src/e2e/java/teammates/e2e/pageobjects/FeedbackSubmitPage.java
_ylL2UKESEeu-mYqkDskRow,src/test/java/teammates/common/datatransfer/AttributesDeletionQueryTest.java
_0kie8KESEeu-mYqkDskRow,src/main/java/teammates/ui/webapi/DeleteCourseAction.java
_1lMqsKESEeu-mYqkDskRow,src/main/java/teammates/ui/request/MarkNotificationAsReadRequest.java
_zUmhEKESEeu-mYqkDskRow,src/main/java/teammates/common/datatransfer/attributes/EntityAttributes.java
_1lMqsKESEeu-mYqkDskRow,src/main/java/teammates/ui/request/CourseArchiveRequest.java
_EIoe8KETEeu-mYqkDskRow,src/e2e/java/teammates/e2e/cases/InstructorCoursesPageE2ETest.java
_1lMqsKESEeu-mYqkDskRow,src/test/java/teammates/ui/webapi/CreateAccountRequestActionTest.java
_EIoe8KETEeu-mYqkDskRow,src/e2e/java/teammates/e2e/cases/axe/InstructorStudentActivityLogsPageAxeTest.java
_0kie8KESEeu-mYqkDskRow,src/test/java/teammates/ui/servlets/package-info.java
_1lMqsKESEeu-mYqkDskRow,src/main/java/teammates/ui/output/FeedbackQuestionsData.java
_1lMqsKESEeu-mYqkDskRow,src/main/java/teammates/ui/request/InvalidHttpRequestBodyException.java
_EIoe8KETEeu-mYqkDskRow,src/e2e/java/teammates/e2e/cases/InstructorCourseEnrollPageE2ETest.java
_ylL2UKESEeu-mYqkDskRow,src/test/java/teammates/common/datatransfer/questions/FeedbackNumericalScaleQuestionDetailsTest.java
_GaP8QKETEeu-mYqkDskRow,src/client/java/teammates/client/scripts/GoogleIdMigrationBaseScript.java
_777jQKESEeu-mYqkDskRow,src/main/java/teammates/storage/api/InstructorsDb.java
_EIoe8KETEeu-mYqkDskRow,src/e2e/java/teammates/e2e/pageobjects/DevServerLoginPage.java
_zUmhEKESEeu-mYqkDskRow,src/main/java/teammates/common/datatransfer/logs/LogSeverity.java
_1lMqsKESEeu-mYqkDskRow,src/main/java/teammates/ui/webapi/CalculateUsageStatisticsAction.java
_C6tTQKETEeu-mYqkDskRow,src/e2e/java/teammates/e2e/cases/axe/AdminSessionsPageAxeTest.java
_0kie8KESEeu-mYqkDskRow,src/test/java/teammates/ui/webapi/FeedbackSessionPublishedEmailWorkerActionTest.java
_0kie8KESEeu-mYqkDskRow,src/test/java/teammates/ui/webapi/DeleteFeedbackSessionActionTest.java
_1lMqsKESEeu-mYqkDskRow,src/main/java/teammates/ui/request/InstructorPrivilegeUpdateRequest.java
_0kie8KESEeu-mYqkDskRow,src/test/java/teammates/ui/webapi/StudentCourseJoinEmailWorkerActionTest.java
_ylL2UKESEeu-mYqkDskRow,src/test/java/teammates/common/datatransfer/ErrorLogEntryTest.java
_C6tTQKETEeu-mYqkDskRow,src/e2e/java/teammates/e2e/cases/StudentNotificationsPageE2ETest.java
_0kie8KESEeu-mYqkDskRow,src/main/java/teammates/ui/webapi/GetInstructorAction.java
_EIoe8KETEeu-mYqkDskRow,src/e2e/java/teammates/e2e/util/TestPropertiesTest.java
_777jQKESEeu-mYqkDskRow,src/main/java/teammates/storage/api/AccountsDb.java
_C6tTQKETEeu-mYqkDskRow,src/e2e/java/teammates/e2e/pageobjects/InstructorSearchPage.java
_9JlCIKESEeu-mYqkDskRow,src/main/java/teammates/storage/api/FeedbackQuestionsDb.java
_0kie8KESEeu-mYqkDskRow,src/main/java/teammates/ui/request/ErrorReportRequest.java
_zUmhEKESEeu-mYqkDskRow,src/main/java/teammates/common/datatransfer/questions/FeedbackRankRecipientsQuestionDetails.java
_ylL2UKESEeu-mYqkDskRow,src/main/java/teammates/common/datatransfer/questions/package-info.java
_zUmhEKESEeu-mYqkDskRow,src/main/java/teammates/common/datatransfer/FeedbackParticipantType.java
_2dI_UKESEeu-mYqkDskRow,src/test/java/teammates/logic/core/DataBundleLogicTest.java
_9JlCIKESEeu-mYqkDskRow,src/main/java/teammates/storage/api/OfyHelper.java
_C6tTQKETEeu-mYqkDskRow,src/e2e/java/teammates/e2e/pageobjects/StudentHomePage.java
_0kie8KESEeu-mYqkDskRow,src/main/java/teammates/ui/constants/DefaultInstructorPermissions.java
_1lMqsKESEeu-mYqkDskRow,src/test/java/teammates/ui/webapi/GetUsageStatisticsActionTest.java
_EIoe8KETEeu-mYqkDskRow,src/e2e/java/teammates/e2e/cases/axe/AdminAccountsPageAxeTest.java
_1lMqsKESEeu-mYqkDskRow,src/main/java/teammates/ui/request/NotificationUpdateRequest.java
_777jQKESEeu-mYqkDskRow,src/main/java/teammates/storage/search/SearchManagerFactory.java
_C6tTQKETEeu-mYqkDskRow,src/e2e/java/teammates/e2e/cases/axe/InstructorFeedbackReportPageAxeTest.java
_FMKYgKETEeu-mYqkDskRow,src/client/java/teammates/client/scripts/DataMigrationEntitiesBaseScript.java
_0kie8KESEeu-mYqkDskRow,src/test/java/teammates/ui/webapi/UpdateFeedbackQuestionActionTest.java
_2dI_UKESEeu-mYqkDskRow,src/test/java/teammates/logic/core/UsageStatisticsLogicTest.java
_ylL2UKESEeu-mYqkDskRow,src/main/java/teammates/common/exception/HttpRequestFailedException.java
_3LCnIKESEeu-mYqkDskRow,src/main/java/teammates/logic/core/DataBundleLogic.java
_1lMqsKESEeu-mYqkDskRow,src/main/java/teammates/ui/webapi/UpdateInstructorAction.java
_C6tTQKETEeu-mYqkDskRow,src/e2e/java/teammates/e2e/pageobjects/InstructorCourseDetailsPage.java
_ylL2UKESEeu-mYqkDskRow,src/main/java/teammates/common/datatransfer/attributes/FeedbackResponseAttributes.java
_0kie8KESEeu-mYqkDskRow,src/main/java/teammates/ui/request/FeedbackQuestionCreateRequest.java
_1lMqsKESEeu-mYqkDskRow,src/test/java/teammates/ui/webapi/GetCoursesActionTest.java
_3LCnIKESEeu-mYqkDskRow,src/test/java/teammates/logic/external/GoogleRecaptchaServiceTest.java
_C6tTQKETEeu-mYqkDskRow,src/e2e/java/teammates/e2e/cases/InstructorStudentListPageE2ETest.java
_0kie8KESEeu-mYqkDskRow,src/main/java/teammates/ui/webapi/MarkNotificationAsReadAction.java
_EIoe8KETEeu-mYqkDskRow,src/e2e/java/teammates/e2e/cases/AdminAccountsPageE2ETest.java
_0kie8KESEeu-mYqkDskRow,src/test/java/teammates/ui/webapi/FeedbackSessionClosingRemindersActionTest.java
_3LCnIKESEeu-mYqkDskRow,src/test/java/teammates/logic/api/MockUserProvision.java
_1lMqsKESEeu-mYqkDskRow,src/test/java/teammates/ui/webapi/GetFeedbackQuestionRecipientsActionTest.java
_GaP8QKETEeu-mYqkDskRow,src/client/java/teammates/client/scripts/TeamEvalResultCalculations.java
_C6tTQKETEeu-mYqkDskRow,src/e2e/java/teammates/e2e/pageobjects/AppPage.java
_EIoe8KETEeu-mYqkDskRow,src/e2e/java/teammates/e2e/cases/axe/FeedbackResultsPageAxeTest.java
_0kie8KESEeu-mYqkDskRow,src/test/java/teammates/ui/webapi/DeleteStudentsActionTest.java
_777jQKESEeu-mYqkDskRow,src/main/java/teammates/storage/entity/Account.java
_0kie8KESEeu-mYqkDskRow,src/main/java/teammates/ui/webapi/CreateAccountRequestAction.java
_C6tTQKETEeu-mYqkDskRow,src/e2e/java/teammates/e2e/pageobjects/CourseJoinConfirmationPage.java
_0kie8KESEeu-mYqkDskRow,src/main/java/teammates/ui/webapi/SubmitFeedbackResponsesAction.java
_1lMqsKESEeu-mYqkDskRow,src/main/java/teammates/ui/webapi/AdminExceptionTestAction.java
_9JlCIKESEeu-mYqkDskRow,src/main/java/teammates/storage/search/StudentSearchDocument.java
_ylL2UKESEeu-mYqkDskRow,src/test/java/teammates/common/datatransfer/questions/FeedbackRankOptionsQuestionDetailsTest.java
_FMKYgKETEeu-mYqkDskRow,src/client/java/teammates/client/scripts/ListActiveInstructors.java
_0kie8KESEeu-mYqkDskRow,src/main/java/teammates/ui/webapi/GetNotificationAction.java
_1lMqsKESEeu-mYqkDskRow,src/main/java/teammates/ui/webapi/CreateFeedbackSessionAction.java
_zUmhEKESEeu-mYqkDskRow,src/main/java/teammates/common/util/Templates.java
_3LCnIKESEeu-mYqkDskRow,src/main/java/teammates/logic/external/EmptyEmailService.java
_0kie8KESEeu-mYqkDskRow,src/main/java/teammates/ui/webapi/GetCourseJoinStatusAction.java
_1lMqsKESEeu-mYqkDskRow,src/main/java/teammates/ui/servlets/HealthCheckServlet.java
_0kie8KESEeu-mYqkDskRow,src/test/java/teammates/ui/webapi/GetTimeZonesActionTest.java
_9JlCIKESEeu-mYqkDskRow,src/main/java/teammates/storage/api/DeadlineExtensionsDb.java
_3LCnIKESEeu-mYqkDskRow,src/test/java/teammates/logic/core/StudentsLogicTest.java
_1lMqsKESEeu-mYqkDskRow,src/test/java/teammates/ui/webapi/SearchInstructorsActionTest.java
_GaP8QKETEeu-mYqkDskRow,src/client/java/teammates/client/scripts/package-info.java
_0kie8KESEeu-mYqkDskRow,src/main/java/teammates/ui/request/Intent.java
_FMKYgKETEeu-mYqkDskRow,src/client/java/teammates/client/scripts/DataBundleRegenerator.java
_9JlCIKESEeu-mYqkDskRow,src/test/java/teammates/storage/search/StudentSearchTest.java
_0kie8KESEeu-mYqkDskRow,src/main/java/teammates/ui/output/FeedbackQuestionRecipientData.java
_zUmhEKESEeu-mYqkDskRow,src/main/java/teammates/common/datatransfer/logs/package-info.java
_ylL2UKESEeu-mYqkDskRow,src/main/java/teammates/common/datatransfer/questions/FeedbackTextQuestionDetails.java
_0kie8KESEeu-mYqkDskRow,src/main/java/teammates/ui/output/package-info.java
_1lMqsKESEeu-mYqkDskRow,src/test/java/teammates/ui/webapi/GetStudentsActionTest.java
_ylL2UKESEeu-mYqkDskRow,src/main/java/teammates/common/util/StringHelper.java
_C6tTQKETEeu-mYqkDskRow,src/e2e/java/teammates/e2e/pageobjects/AdminTimezonePage.java
_0kie8KESEeu-mYqkDskRow,src/test/java/teammates/ui/webapi/SendJoinReminderEmailActionTest.java
_3LCnIKESEeu-mYqkDskRow,src/test/java/teammates/logic/core/InstructorsLogicTest.java
__RE6IKESEeu-mYqkDskRow,src/test/java/teammates/test/EmailChecker.java
_1lMqsKESEeu-mYqkDskRow,src/test/java/teammates/ui/webapi/GetAccountActionTest.java
_1lMqsKESEeu-mYqkDskRow,src/main/java/teammates/ui/webapi/RemindFeedbackSessionResultAction.java
_EIoe8KETEeu-mYqkDskRow,src/e2e/java/teammates/e2e/cases/StudentHomePageE2ETest.java
_3LCnIKESEeu-mYqkDskRow,src/test/java/teammates/logic/external/package-info.java
_9JlCIKESEeu-mYqkDskRow,src/main/java/teammates/storage/entity/CourseStudent.java
_1lMqsKESEeu-mYqkDskRow,src/main/java/teammates/ui/output/AccountsData.java
_GaP8QKETEeu-mYqkDskRow,src/client/java/teammates/client/scripts/DataMigrationForInstructorFeedbackResponseComments.java
_0kie8KESEeu-mYqkDskRow,src/main/java/teammates/ui/output/SessionResultsData.java
_C6tTQKETEeu-mYqkDskRow,src/e2e/java/teammates/e2e/cases/axe/package-info.java
_zUmhEKESEeu-mYqkDskRow,src/main/java/teammates/common/util/EmailSendingStatus.java
_ylL2UKESEeu-mYqkDskRow,src/test/java/teammates/common/util/FieldValidatorTest.java
_EIoe8KETEeu-mYqkDskRow,src/e2e/java/teammates/e2e/cases/AdminSearchPageE2ETest.java
_EIoe8KETEeu-mYqkDskRow,src/e2e/java/teammates/e2e/pageobjects/AdminSearchPage.java
_zUmhEKESEeu-mYqkDskRow,src/main/java/teammates/common/datatransfer/questions/FeedbackRankOptionsResponseDetails.java
_EIoe8KETEeu-mYqkDskRow,src/e2e/java/teammates/e2e/pageobjects/FeedbackResultsPage.java
_Bae2oKETEeu-mYqkDskRow,src/test/java/teammates/test/MockHttpServletRequest.java
_GaP8QKETEeu-mYqkDskRow,src/client/java/teammates/client/scripts/DataMigrationForInstructorNullIsArchivedField.java
_1lMqsKESEeu-mYqkDskRow,src/main/java/teammates/ui/webapi/AuthType.java
_0kie8KESEeu-mYqkDskRow,src/main/java/teammates/ui/request/FeedbackQuestionUpdateRequest.java
_3LCnIKESEeu-mYqkDskRow,src/test/java/teammates/logic/api/LogicExtension.java
_FMKYgKETEeu-mYqkDskRow,src/client/java/teammates/client/scripts/DataMigrationForContributionQuestionDetailsIsZeroSum.java
_ylL2UKESEeu-mYqkDskRow,src/main/java/teammates/common/datatransfer/questions/FeedbackResponseDetails.java
_C6tTQKETEeu-mYqkDskRow,src/e2e/java/teammates/e2e/cases/InstructorCourseStudentDetailsPageE2ETest.java
_Bae2oKETEeu-mYqkDskRow,src/test/java/teammates/test/TestProperties.java
_ylL2UKESEeu-mYqkDskRow,src/main/java/teammates/common/datatransfer/logs/ExceptionLogDetails.java
_0kie8KESEeu-mYqkDskRow,src/test/java/teammates/ui/webapi/DeleteAccountRequestActionTest.java
_9JlCIKESEeu-mYqkDskRow,src/test/java/teammates/storage/api/DeadlineExtensionsDbTest.java
_0kie8KESEeu-mYqkDskRow,src/test/java/teammates/ui/webapi/ArchiveCourseActionTest.java
_0kie8KESEeu-mYqkDskRow,src/test/java/teammates/ui/webapi/FeedbackSessionRemindEmailWorkerActionTest.java
_777jQKESEeu-mYqkDskRow,src/main/java/teammates/storage/entity/Instructor.java
_C6tTQKETEeu-mYqkDskRow,src/e2e/java/teammates/e2e/util/AxeUtil.java
_C6tTQKETEeu-mYqkDskRow,src/e2e/java/teammates/e2e/cases/FeedbackNumScaleQuestionE2ETest.java
_ylL2UKESEeu-mYqkDskRow,src/main/java/teammates/common/util/SanitizationHelper.java
_ylL2UKESEeu-mYqkDskRow,src/test/java/teammates/common/datatransfer/attributes/FeedbackSessionAttributesTest.java
_1lMqsKESEeu-mYqkDskRow,src/main/java/teammates/ui/output/FeedbackResponseData.java
_0kie8KESEeu-mYqkDskRow,src/main/java/teammates/ui/webapi/GetInstructorPrivilegeAction.java
_0kie8KESEeu-mYqkDskRow,src/main/java/teammates/ui/webapi/PublishFeedbackSessionAction.java
_C6tTQKETEeu-mYqkDskRow,src/e2e/java/teammates/e2e/pageobjects/InstructorCourseStudentDetailsEditPage.java
_C6tTQKETEeu-mYqkDskRow,src/e2e/java/teammates/e2e/util/TestPropertiesTest.java
_9JlCIKESEeu-mYqkDskRow,src/main/java/teammates/storage/api/package-info.java
_2dI_UKESEeu-mYqkDskRow,src/main/java/teammates/logic/external/package-info.java
_1lMqsKESEeu-mYqkDskRow,src/main/java/teammates/ui/request/FeedbackQuestionUpdateRequest.java
_9JlCIKESEeu-mYqkDskRow,src/test/java/teammates/storage/api/EntitiesDbTest.java
_EIoe8KETEeu-mYqkDskRow,src/e2e/java/teammates/e2e/pageobjects/InstructorHomePage.java
_C6tTQKETEeu-mYqkDskRow,src/e2e/java/teammates/e2e/cases/axe/InstructorCourseStudentDetailsPageAxeTest.java
_C6tTQKETEeu-mYqkDskRow,src/e2e/java/teammates/e2e/pageobjects/AdminSessionsPage.java
_0kie8KESEeu-mYqkDskRow,src/test/java/teammates/ui/webapi/GetHasResponsesActionTest.java
_0kie8KESEeu-mYqkDskRow,src/test/java/teammates/ui/webapi/CreateFeedbackResponseCommentActionTest.java
_2dI_UKESEeu-mYqkDskRow,src/main/java/teammates/logic/core/FeedbackQuestionsLogic.java
_FMKYgKETEeu-mYqkDskRow,src/client/java/teammates/client/scripts/DataMigrationForInstructorNullIsArchivedField.java
_1lMqsKESEeu-mYqkDskRow,src/test/java/teammates/ui/webapi/UpdateInstructorActionTest.java
_FMKYgKETEeu-mYqkDskRow,src/client/java/teammates/client/scripts/DataMigrationForSanitizedInstructorName.java
_0kie8KESEeu-mYqkDskRow,src/main/java/teammates/ui/webapi/PutDataBundleDocumentsAction.java
_FMKYgKETEeu-mYqkDskRow,src/client/java/teammates/client/scripts/DataMigrationForTextQuestionDetailsFormat.java
_1lMqsKESEeu-mYqkDskRow,src/main/java/teammates/ui/webapi/GetFeedbackResponseCommentAction.java
_1lMqsKESEeu-mYqkDskRow,src/main/java/teammates/ui/webapi/MarkNotificationAsReadAction.java
_EIoe8KETEeu-mYqkDskRow,src/e2e/java/teammates/e2e/util/EmailAccount.java
_0kie8KESEeu-mYqkDskRow,src/main/java/teammates/ui/output/SendLoginEmailResponseData.java
_zUmhEKESEeu-mYqkDskRow,src/main/java/teammates/common/datatransfer/AttributesDeletionQuery.java
_0kie8KESEeu-mYqkDskRow,src/main/java/teammates/ui/webapi/InvalidOperationException.java
_3LCnIKESEeu-mYqkDskRow,src/main/java/teammates/logic/external/GoogleRecaptchaService.java
_C6tTQKETEeu-mYqkDskRow,src/e2e/java/teammates/e2e/cases/InstructorStudentRecordsPageE2ETest.java
_C6tTQKETEeu-mYqkDskRow,src/e2e/java/teammates/e2e/pageobjects/AdminSearchPage.java
_1lMqsKESEeu-mYqkDskRow,src/main/java/teammates/ui/webapi/GetFeedbackSessionLogsAction.java
_777jQKESEeu-mYqkDskRow,src/main/java/teammates/storage/search/SearchManagerStarter.java
_ylL2UKESEeu-mYqkDskRow,src/test/java/teammates/common/datatransfer/attributes/NotificationAttributesTest.java
_777jQKESEeu-mYqkDskRow,src/main/java/teammates/storage/entity/Notification.java
_2dI_UKESEeu-mYqkDskRow,src/main/java/teammates/logic/core/CoursesLogic.java
_1lMqsKESEeu-mYqkDskRow,src/main/java/teammates/ui/request/BasicRequest.java
_1lMqsKESEeu-mYqkDskRow,src/main/java/teammates/ui/request/FeedbackSessionBasicRequest.java
_C6tTQKETEeu-mYqkDskRow,src/e2e/java/teammates/e2e/pageobjects/InstructorFeedbackSessionsPage.java
_ylL2UKESEeu-mYqkDskRow,src/main/java/teammates/common/datatransfer/AttributesDeletionQuery.java
_FMKYgKETEeu-mYqkDskRow,src/client/java/teammates/client/scripts/DataMigrationForConstSumForceUnevenDistribution.java
_ylL2UKESEeu-mYqkDskRow,src/main/java/teammates/common/util/TzdbResourceZoneRulesProvider.java
_EIoe8KETEeu-mYqkDskRow,src/e2e/java/teammates/e2e/util/RetryManager.java
_0kie8KESEeu-mYqkDskRow,src/main/java/teammates/ui/webapi/DeleteStudentsAction.java
_1lMqsKESEeu-mYqkDskRow,src/main/java/teammates/ui/webapi/CreateInstructorAction.java
_0kie8KESEeu-mYqkDskRow,src/test/java/teammates/ui/webapi/StudentSearchIndexingWorkerActionTest.java
_GaP8QKETEeu-mYqkDskRow,src/client/java/teammates/client/scripts/statistics/CursorIterator.java
_0kie8KESEeu-mYqkDskRow,src/main/java/teammates/ui/output/RegenerateKeyData.java
_0kie8KESEeu-mYqkDskRow,src/main/java/teammates/ui/webapi/GetHasResponsesAction.java
_2dI_UKESEeu-mYqkDskRow,src/main/java/teammates/logic/core/FeedbackResponseCommentsLogic.java
_2dI_UKESEeu-mYqkDskRow,src/main/java/teammates/logic/core/FeedbackResponsesLogic.java
_0kie8KESEeu-mYqkDskRow,src/main/java/teammates/ui/webapi/ActionMappingException.java
_1lMqsKESEeu-mYqkDskRow,src/main/java/teammates/ui/output/AccountRequestsData.java
_GaP8QKETEeu-mYqkDskRow,src/client/java/teammates/client/scripts/DataMigrationForFeedbackSessionMismatchedTimezone.java
_0kie8KESEeu-mYqkDskRow,src/test/java/teammates/ui/webapi/GetReadNotificationsActionTest.java
_0kie8KESEeu-mYqkDskRow,src/main/java/teammates/ui/webapi/GetFeedbackResponseCommentAction.java
_zUmhEKESEeu-mYqkDskRow,src/test/java/teammates/common/datatransfer/UserInfoCookieTest.java
_zUmhEKESEeu-mYqkDskRow,src/main/java/teammates/common/datatransfer/attributes/package-info.java
_EIoe8KETEeu-mYqkDskRow,src/e2e/java/teammates/e2e/cases/InstructorStudentActivityLogsPageE2ETest.java
_ylL2UKESEeu-mYqkDskRow,src/test/java/teammates/common/util/StringHelperTest.java
_1lMqsKESEeu-mYqkDskRow,src/test/java/teammates/ui/webapi/BaseActionTest.java
_C6tTQKETEeu-mYqkDskRow,src/e2e/java/teammates/e2e/cases/axe/StudentNotificationsPageAxeTest.java
_1lMqsKESEeu-mYqkDskRow,src/test/java/teammates/ui/webapi/DeleteCourseActionTest.java
_1lMqsKESEeu-mYqkDskRow,src/main/java/teammates/ui/output/FeedbackSessionsData.java
_2dI_UKESEeu-mYqkDskRow,src/test/java/teammates/logic/api/EmailGeneratorTest.java
_ylL2UKESEeu-mYqkDskRow,src/main/java/teammates/common/datatransfer/attributes/EntityAttributes.java
_3LCnIKESEeu-mYqkDskRow,src/main/java/teammates/logic/api/LogsProcessor.java
_ylL2UKESEeu-mYqkDskRow,src/main/java/teammates/common/datatransfer/questions/FeedbackRubricResponseDetails.java
_0kie8KESEeu-mYqkDskRow,src/test/java/teammates/ui/servlets/LegacyUrlMapperTest.java
_0kie8KESEeu-mYqkDskRow,src/main/java/teammates/ui/output/TimeZonesData.java
_777jQKESEeu-mYqkDskRow,src/test/java/teammates/storage/search/BaseSearchTest.java
_zUmhEKESEeu-mYqkDskRow,src/main/java/teammates/common/datatransfer/InstructorPrivilegesLegacy.java
_0kie8KESEeu-mYqkDskRow,src/main/java/teammates/ui/webapi/GetCourseAction.java
_1lMqsKESEeu-mYqkDskRow,src/main/java/teammates/ui/webapi/GetFeedbackSessionAction.java
_GaP8QKETEeu-mYqkDskRow,src/client/java/teammates/client/scripts/DataMigrationForNullCommentGiverType.java
_1lMqsKESEeu-mYqkDskRow,src/main/java/teammates/ui/webapi/UpdateStudentAction.java
_zUmhEKESEeu-mYqkDskRow,src/main/java/teammates/common/datatransfer/attributes/InstructorAttributes.java
_0kie8KESEeu-mYqkDskRow,src/test/java/teammates/ui/webapi/MarkNotificationAsReadActionTest.java
_GaP8QKETEeu-mYqkDskRow,src/client/java/teammates/client/connector/DatastoreClient.java
_1lMqsKESEeu-mYqkDskRow,src/main/java/teammates/ui/webapi/ActionResult.java
_1lMqsKESEeu-mYqkDskRow,src/test/java/teammates/ui/webapi/FeedbackSessionPublishedEmailWorkerActionTest.java
_0kie8KESEeu-mYqkDskRow,src/test/java/teammates/ui/webapi/GetInstructorPrivilegeActionTest.java
_0kie8KESEeu-mYqkDskRow,src/main/java/teammates/ui/servlets/LoginServlet.java
_FMKYgKETEeu-mYqkDskRow,src/client/java/teammates/client/scripts/GoogleIdMigrationBaseScript.java
_1lMqsKESEeu-mYqkDskRow,src/test/java/teammates/ui/webapi/FeedbackSessionPublishedRemindersActionTest.java
_C6tTQKETEeu-mYqkDskRow,src/e2e/java/teammates/e2e/cases/StudentCourseDetailsPageE2ETest.java
_1lMqsKESEeu-mYqkDskRow,src/main/java/teammates/ui/webapi/FeedbackSessionClosedRemindersAction.java
_ylL2UKESEeu-mYqkDskRow,src/main/java/teammates/common/datatransfer/TeamEvalResult.java
_ylL2UKESEeu-mYqkDskRow,src/main/java/teammates/common/datatransfer/questions/FeedbackRankRecipientsResponseDetails.java
_1lMqsKESEeu-mYqkDskRow,src/test/java/teammates/ui/webapi/UpdateFeedbackResponseCommentActionTest.java
_9JlCIKESEeu-mYqkDskRow,src/main/java/teammates/storage/entity/Account.java
_EIoe8KETEeu-mYqkDskRow,src/e2e/java/teammates/e2e/cases/axe/InstructorCourseStudentDetailsPageAxeTest.java
_ylL2UKESEeu-mYqkDskRow,src/main/java/teammates/common/datatransfer/questions/FeedbackNumericalScaleQuestionDetails.java
_2dI_UKESEeu-mYqkDskRow,src/main/java/teammates/logic/external/EmptyRecaptchaService.java
_0kie8KESEeu-mYqkDskRow,src/test/java/teammates/ui/webapi/SearchAccountRequestsActionTest.java
_777jQKESEeu-mYqkDskRow,src/main/java/teammates/storage/api/FeedbackResponseCommentsDb.java
_777jQKESEeu-mYqkDskRow,src/test/java/teammates/storage/api/AccountRequestsDbTest.java
_1lMqsKESEeu-mYqkDskRow,src/main/java/teammates/ui/webapi/BinFeedbackSessionAction.java
_C6tTQKETEeu-mYqkDskRow,src/e2e/java/teammates/e2e/util/MaximumRetriesExceededException.java
_EIoe8KETEeu-mYqkDskRow,src/e2e/java/teammates/e2e/cases/BaseFeedbackQuestionE2ETest.java
_777jQKESEeu-mYqkDskRow,src/test/java/teammates/storage/search/package-info.java
_ylL2UKESEeu-mYqkDskRow,src/test/java/teammates/common/util/StringHelperExtension.java
_Bae2oKETEeu-mYqkDskRow,src/test/java/teammates/test/package-info.java
_0kie8KESEeu-mYqkDskRow,src/main/java/teammates/ui/output/FeedbackResponseData.java
_0kie8KESEeu-mYqkDskRow,src/test/java/teammates/ui/webapi/PublishFeedbackSessionActionTest.java
_0kie8KESEeu-mYqkDskRow,src/main/java/teammates/ui/webapi/AdminOnlyAction.java
_zUmhEKESEeu-mYqkDskRow,src/test/java/teammates/common/datatransfer/questions/FeedbackResponseDetailsTest.java
_FMKYgKETEeu-mYqkDskRow,src/client/java/teammates/client/scripts/DataMigrationForNullCommentGiverType.java
_0kie8KESEeu-mYqkDskRow,src/main/java/teammates/ui/output/JoinLinkData.java
_1lMqsKESEeu-mYqkDskRow,src/main/java/teammates/ui/webapi/GetActionClassesAction.java
_ylL2UKESEeu-mYqkDskRow,src/main/java/teammates/common/datatransfer/DataBundle.java
_EIoe8KETEeu-mYqkDskRow,src/e2e/java/teammates/e2e/pageobjects/HomePage.java
_EIoe8KETEeu-mYqkDskRow,src/e2e/java/teammates/e2e/util/TestDataValidityTest.java
_0kie8KESEeu-mYqkDskRow,src/main/java/teammates/ui/webapi/package-info.java
_2dI_UKESEeu-mYqkDskRow,src/test/java/teammates/logic/core/InstructorsLogicTest.java
_1lMqsKESEeu-mYqkDskRow,src/test/java/teammates/ui/webapi/CreateAccountActionTest.java
_1lMqsKESEeu-mYqkDskRow,src/main/java/teammates/ui/webapi/UnauthorizedAccessException.java
_EIoe8KETEeu-mYqkDskRow,src/e2e/java/teammates/e2e/pageobjects/CourseJoinConfirmationPage.java
_2dI_UKESEeu-mYqkDskRow,src/test/java/teammates/logic/api/MockAuthProxy.java
_1lMqsKESEeu-mYqkDskRow,src/main/java/teammates/ui/webapi/AccountRequestSearchIndexingWorkerAction.java
_zUmhEKESEeu-mYqkDskRow,src/test/java/teammates/common/datatransfer/attributes/NotificationAttributesTest.java
_ylL2UKESEeu-mYqkDskRow,src/test/java/teammates/common/util/UrlTest.java
_ylL2UKESEeu-mYqkDskRow,src/main/java/teammates/common/datatransfer/logs/FeedbackSessionAuditLogDetails.java
_0kie8KESEeu-mYqkDskRow,src/test/java/teammates/ui/webapi/GetInstructorActionTest.java
_2dI_UKESEeu-mYqkDskRow,src/main/java/teammates/logic/external/LocalLoggingService.java
_GaP8QKETEeu-mYqkDskRow,src/client/java/teammates/client/scripts/DataMigrationForSanitizedDataInStudentAttributes.java
_1lMqsKESEeu-mYqkDskRow,src/test/java/teammates/ui/webapi/GetFeedbackQuestionsActionTest.java
_1lMqsKESEeu-mYqkDskRow,src/test/java/teammates/ui/webapi/GetHasResponsesActionTest.java
_0kie8KESEeu-mYqkDskRow,src/main/java/teammates/ui/webapi/RegenerateStudentKeyAction.java
_1lMqsKESEeu-mYqkDskRow,src/main/java/teammates/ui/request/FeedbackQuestionCreateRequest.java
_1lMqsKESEeu-mYqkDskRow,src/main/java/teammates/ui/webapi/JsonResult.java
_C6tTQKETEeu-mYqkDskRow,src/e2e/java/teammates/e2e/pageobjects/InstructorSessionIndividualExtensionPage.java
_0kie8KESEeu-mYqkDskRow,src/test/java/teammates/ui/webapi/GetOngoingSessionsActionTest.java
_1lMqsKESEeu-mYqkDskRow,src/main/java/teammates/ui/webapi/PutDataBundleAction.java
_9JlCIKESEeu-mYqkDskRow,src/main/java/teammates/storage/api/StudentsDb.java
_0kie8KESEeu-mYqkDskRow,src/main/java/teammates/ui/webapi/BinFeedbackSessionAction.java
_zUmhEKESEeu-mYqkDskRow,src/main/java/teammates/common/datatransfer/attributes/FeedbackResponseCommentAttributes.java
_ylL2UKESEeu-mYqkDskRow,src/test/java/teammates/common/datatransfer/questions/FeedbackMsqQuestionDetailsTest.java
_zUmhEKESEeu-mYqkDskRow,src/main/java/teammates/common/datatransfer/InstructorPrivileges.java
_FMKYgKETEeu-mYqkDskRow,src/client/java/teammates/client/connector/package-info.java
_2dI_UKESEeu-mYqkDskRow,src/main/java/teammates/logic/external/GoogleCloudTasksService.java
_EIoe8KETEeu-mYqkDskRow,src/e2e/java/teammates/e2e/pageobjects/AdminSessionsPage.java
_C6tTQKETEeu-mYqkDskRow,src/e2e/java/teammates/e2e/cases/axe/StudentCourseJoinConfirmationPageAxeTest.java
_1lMqsKESEeu-mYqkDskRow,src/test/java/teammates/ui/webapi/UnpublishFeedbackSessionActionTest.java
_9JlCIKESEeu-mYqkDskRow,src/test/java/teammates/storage/api/InstructorsDbTest.java
_1lMqsKESEeu-mYqkDskRow,src/main/java/teammates/ui/webapi/GetCourseAction.java
_0kie8KESEeu-mYqkDskRow,src/main/java/teammates/ui/request/InvalidHttpRequestBodyException.java
_ylL2UKESEeu-mYqkDskRow,src/main/java/teammates/common/datatransfer/questions/FeedbackRankRecipientsQuestionDetails.java
_0kie8KESEeu-mYqkDskRow,src/test/java/teammates/ui/webapi/GetAccountRequestActionTest.java
_1lMqsKESEeu-mYqkDskRow,src/main/java/teammates/ui/webapi/SendErrorReportAction.java
_0kie8KESEeu-mYqkDskRow,src/test/java/teammates/ui/webapi/UpdateInstructorPrivilegeActionTest.java
_1lMqsKESEeu-mYqkDskRow,src/test/java/teammates/ui/webapi/GetReadNotificationsActionTest.java
_1lMqsKESEeu-mYqkDskRow,src/test/java/teammates/ui/webapi/BinCourseActionTest.java
_0kie8KESEeu-mYqkDskRow,src/main/java/teammates/ui/output/FeedbackQuestionsData.java
_zUmhEKESEeu-mYqkDskRow,src/main/java/teammates/common/datatransfer/logs/RequestLogDetails.java
_1lMqsKESEeu-mYqkDskRow,src/main/java/teammates/ui/webapi/FeedbackSessionUnpublishedEmailWorkerAction.java
_0kie8KESEeu-mYqkDskRow,src/test/java/teammates/ui/webapi/UpdateNotificationActionTest.java
_ylL2UKESEeu-mYqkDskRow,src/test/java/teammates/common/datatransfer/package-info.java
_GaP8QKETEeu-mYqkDskRow,src/client/java/teammates/client/scripts/IndexFeedbackSessionFields.java
_1lMqsKESEeu-mYqkDskRow,src/main/java/teammates/ui/request/FeedbackResponseCommentUpdateRequest.java
_ylL2UKESEeu-mYqkDskRow,src/test/java/teammates/common/datatransfer/attributes/FeedbackResponseAttributesTest.java
_zUmhEKESEeu-mYqkDskRow,src/main/java/teammates/common/exception/EntityDoesNotExistException.java
_2dI_UKESEeu-mYqkDskRow,src/main/java/teammates/logic/api/EmailGenerator.java
_1lMqsKESEeu-mYqkDskRow,src/main/java/teammates/ui/webapi/DeleteAccountRequestAction.java
_EIoe8KETEeu-mYqkDskRow,src/e2e/java/teammates/e2e/pageobjects/AdminAccountsPage.java
_0kie8KESEeu-mYqkDskRow,src/test/java/teammates/ui/webapi/JoinCourseActionTest.java
_9JlCIKESEeu-mYqkDskRow,src/main/java/teammates/storage/api/AccountsDb.java
_EIoe8KETEeu-mYqkDskRow,src/e2e/java/teammates/e2e/pageobjects/StudentNotificationsPage.java
_ylL2UKESEeu-mYqkDskRow,src/main/java/teammates/common/datatransfer/logs/DefaultLogDetails.java
_1lMqsKESEeu-mYqkDskRow,src/main/java/teammates/ui/webapi/UpdateFeedbackSessionAction.java
_0kie8KESEeu-mYqkDskRow,src/test/java/teammates/ui/webapi/SendErrorReportActionTest.java
_GaP8QKETEeu-mYqkDskRow,src/client/java/teammates/client/scripts/statistics/package-info.java
_1lMqsKESEeu-mYqkDskRow,src/main/java/teammates/ui/output/FeedbackSessionLogsData.java
_9JlCIKESEeu-mYqkDskRow,src/main/java/teammates/storage/search/AccountRequestSearchManager.java
_0kie8KESEeu-mYqkDskRow,src/main/java/teammates/ui/webapi/CreateFeedbackSessionLogAction.java
_0kie8KESEeu-mYqkDskRow,src/main/java/teammates/ui/webapi/DeleteAccountAction.java
_EIoe8KETEeu-mYqkDskRow,src/e2e/java/teammates/e2e/pageobjects/InstructorCoursesPage.java
_777jQKESEeu-mYqkDskRow,src/test/java/teammates/storage/api/StudentsDbTest.java
_2dI_UKESEeu-mYqkDskRow,src/main/java/teammates/logic/core/FeedbackSessionsLogic.java
_C6tTQKETEeu-mYqkDskRow,src/e2e/java/teammates/e2e/cases/axe/InstructorStudentListPageAxeTest.java
_EIoe8KETEeu-mYqkDskRow,src/e2e/java/teammates/e2e/cases/axe/InstructorStudentRecordsPageAxeTest.java
_0kie8KESEeu-mYqkDskRow,src/main/java/teammates/ui/output/FeedbackSessionLogsData.java
_1lMqsKESEeu-mYqkDskRow,src/main/java/teammates/ui/webapi/StudentCourseJoinEmailWorkerAction.java
_ylL2UKESEeu-mYqkDskRow,src/main/java/teammates/common/exception/EntityDoesNotExistException.java
_0kie8KESEeu-mYqkDskRow,src/main/java/teammates/ui/request/FeedbackSessionRemindRequest.java
_GaP8QKETEeu-mYqkDskRow,src/client/java/teammates/client/scripts/DataMigrationForGoogleIdToGmail.java
_zUmhEKESEeu-mYqkDskRow,src/main/java/teammates/common/util/Logger.java
_C6tTQKETEeu-mYqkDskRow,src/e2e/java/teammates/e2e/cases/FeedbackMsqQuestionE2ETest.java
_C6tTQKETEeu-mYqkDskRow,src/e2e/java/teammates/e2e/cases/InstructorCourseDetailsPageE2ETest.java
_3LCnIKESEeu-mYqkDskRow,src/main/java/teammates/logic/core/NotificationsLogic.java
_1lMqsKESEeu-mYqkDskRow,src/main/java/teammates/ui/servlets/WebSecurityHeaderFilter.java
_1lMqsKESEeu-mYqkDskRow,src/main/java/teammates/ui/webapi/GenerateEmailAction.java
_zUmhEKESEeu-mYqkDskRow,src/main/java/teammates/common/datatransfer/attributes/CourseAttributes.java
_zUmhEKESEeu-mYqkDskRow,src/main/java/teammates/common/datatransfer/questions/FeedbackMcqQuestionDetails.java
_FMKYgKETEeu-mYqkDskRow,src/client/java/teammates/client/scripts/statistics/CursorIterator.java
_0kie8KESEeu-mYqkDskRow,src/test/java/teammates/ui/webapi/GetFeedbackSessionSubmittedGiverSetActionTest.java
_ylL2UKESEeu-mYqkDskRow,src/main/java/teammates/common/datatransfer/questions/FeedbackContributionQuestionDetails.java
_C6tTQKETEeu-mYqkDskRow,src/e2e/java/teammates/e2e/pageobjects/InstructorStudentListPage.java
_1lMqsKESEeu-mYqkDskRow,src/main/java/teammates/ui/output/TimeZonesData.java
_1lMqsKESEeu-mYqkDskRow,src/main/java/teammates/ui/servlets/OAuth2CallbackServlet.java
_ylL2UKESEeu-mYqkDskRow,src/main/java/teammates/common/datatransfer/UserInfo.java
_777jQKESEeu-mYqkDskRow,src/main/java/teammates/storage/api/UsageStatisticsDb.java
_2dI_UKESEeu-mYqkDskRow,src/main/java/teammates/logic/core/UsageStatisticsLogic.java
_zUmhEKESEeu-mYqkDskRow,src/test/java/teammates/common/datatransfer/CourseRosterTest.java
_1lMqsKESEeu-mYqkDskRow,src/main/java/teammates/ui/webapi/UpdateNotificationAction.java
_1lMqsKESEeu-mYqkDskRow,src/test/java/teammates/ui/webapi/GetNotificationsActionTest.java
_zUmhEKESEeu-mYqkDskRow,src/main/java/teammates/common/util/RequestTracer.java
_1lMqsKESEeu-mYqkDskRow,src/main/java/teammates/ui/output/SessionLinksRecoveryResponseData.java
_zUmhEKESEeu-mYqkDskRow,src/main/java/teammates/common/datatransfer/questions/FeedbackMcqResponseDetails.java
_ylL2UKESEeu-mYqkDskRow,src/main/java/teammates/common/util/HttpRequestHelper.java
_1lMqsKESEeu-mYqkDskRow,src/main/java/teammates/ui/constants/ResourceEndpoints.java
_C6tTQKETEeu-mYqkDskRow,src/e2e/java/teammates/e2e/pageobjects/AdminAccountsPage.java
_EIoe8KETEeu-mYqkDskRow,src/e2e/java/teammates/e2e/cases/SystemErrorEmailReportE2ETest.java
_ylL2UKESEeu-mYqkDskRow,src/main/java/teammates/common/datatransfer/SessionResultsBundle.java
_zUmhEKESEeu-mYqkDskRow,src/main/java/teammates/common/datatransfer/attributes/FeedbackResponseAttributes.java
_1lMqsKESEeu-mYqkDskRow,src/main/java/teammates/ui/webapi/GetAccountRequestAction.java
_9JlCIKESEeu-mYqkDskRow,src/main/java/teammates/storage/api/InstructorsDb.java
_FMKYgKETEeu-mYqkDskRow,src/client/java/teammates/client/scripts/DataMigrationForSanitizedDataInStudentAttributes.java
_1lMqsKESEeu-mYqkDskRow,src/main/java/teammates/ui/output/JoinLinkData.java
_0kie8KESEeu-mYqkDskRow,src/test/java/teammates/ui/webapi/QueryLogsActionTest.java
_EIoe8KETEeu-mYqkDskRow,src/e2e/java/teammates/e2e/cases/axe/AdminHomePageAxeTest.java
_0kie8KESEeu-mYqkDskRow,src/test/java/teammates/ui/webapi/GetStudentActionTest.java
_0kie8KESEeu-mYqkDskRow,src/main/java/teammates/ui/output/FeedbackResponsesData.java
_EIoe8KETEeu-mYqkDskRow,src/e2e/java/teammates/e2e/cases/FeedbackRankOptionQuestionE2ETest.java
_EIoe8KETEeu-mYqkDskRow,src/e2e/java/teammates/e2e/pageobjects/InstructorFeedbackSessionsPage.java
_ylL2UKESEeu-mYqkDskRow,src/main/java/teammates/common/exception/EntityAlreadyExistsException.java
_0kie8KESEeu-mYqkDskRow,src/main/java/teammates/ui/servlets/WebPageServlet.java
__RE6IKESEeu-mYqkDskRow,src/test/java/teammates/test/MockHttpServletRequest.java
_C6tTQKETEeu-mYqkDskRow,src/e2e/java/teammates/e2e/cases/AdminSearchPageE2ETest.java
_777jQKESEeu-mYqkDskRow,src/main/java/teammates/storage/entity/Course.java
_FMKYgKETEeu-mYqkDskRow,src/client/java/teammates/client/scripts/DataMigrationForStudentsAndTeamsRecipientType.java
_3LCnIKESEeu-mYqkDskRow,src/test/java/teammates/logic/api/BaseLogicTest.java
_EIoe8KETEeu-mYqkDskRow,src/e2e/java/teammates/e2e/cases/axe/StudentCourseDetailsPageAxeTest.java
_0kie8KESEeu-mYqkDskRow,src/main/java/teammates/ui/output/HasResponsesData.java
_1lMqsKESEeu-mYqkDskRow,src/main/java/teammates/ui/request/AccountCreateRequest.java
_1lMqsKESEeu-mYqkDskRow,src/main/java/teammates/ui/webapi/GetCourseSectionNamesAction.java
_ylL2UKESEeu-mYqkDskRow,src/main/java/teammates/common/datatransfer/logs/package-info.java
_1lMqsKESEeu-mYqkDskRow,src/test/java/teammates/ui/webapi/PublishFeedbackSessionActionTest.java
_EIoe8KETEeu-mYqkDskRow,src/e2e/java/teammates/e2e/pageobjects/StudentCourseDetailsPage.java
_zUmhEKESEeu-mYqkDskRow,src/main/java/teammates/common/datatransfer/questions/FeedbackRankRecipientsResponseDetails.java
_GaP8QKETEeu-mYqkDskRow,src/client/java/teammates/client/scripts/DataMigrationEntitiesBaseScript.java
_0kie8KESEeu-mYqkDskRow,src/main/java/teammates/ui/output/ResponseVisibleSetting.java
_3LCnIKESEeu-mYqkDskRow,src/main/java/teammates/logic/api/TaskQueuer.java
_0kie8KESEeu-mYqkDskRow,src/test/java/teammates/ui/webapi/UpdateStudentActionTest.java
_0kie8KESEeu-mYqkDskRow,src/test/java/teammates/ui/webapi/CreateInstructorActionTest.java
_0kie8KESEeu-mYqkDskRow,src/main/java/teammates/ui/servlets/LegacyUrlMapper.java
_1lMqsKESEeu-mYqkDskRow,src/test/java/teammates/ui/webapi/GetInstructorActionTest.java
_0kie8KESEeu-mYqkDskRow,src/test/java/teammates/ui/webapi/GetAuthInfoActionTest.java
_zUmhEKESEeu-mYqkDskRow,src/main/java/teammates/common/util/EmailType.java
_3LCnIKESEeu-mYqkDskRow,src/main/java/teammates/logic/core/FeedbackSessionsLogic.java
_1lMqsKESEeu-mYqkDskRow,src/test/java/teammates/ui/webapi/CompileLogsActionTest.java
_0kie8KESEeu-mYqkDskRow,src/test/java/teammates/ui/request/StudentsEnrollRequestTest.java
_2dI_UKESEeu-mYqkDskRow,src/main/java/teammates/logic/api/UserProvision.java
_1lMqsKESEeu-mYqkDskRow,src/main/java/teammates/ui/request/CourseBasicRequest.java
_1lMqsKESEeu-mYqkDskRow,src/test/java/teammates/ui/webapi/CreateFeedbackSessionActionTest.java
_0kie8KESEeu-mYqkDskRow,src/test/java/teammates/ui/webapi/UnpublishFeedbackSessionActionTest.java
_C6tTQKETEeu-mYqkDskRow,src/e2e/java/teammates/e2e/cases/axe/FeedbackSubmitPageAxeTest.java
_EIoe8KETEeu-mYqkDskRow,src/e2e/java/teammates/e2e/pageobjects/InstructorSearchPage.java
_1lMqsKESEeu-mYqkDskRow,src/main/java/teammates/ui/output/MessageOutput.java
_ylL2UKESEeu-mYqkDskRow,src/main/java/teammates/common/datatransfer/ErrorLogEntry.java
_ylL2UKESEeu-mYqkDskRow,src/test/java/teammates/common/util/JsonUtilsTest.java
_ylL2UKESEeu-mYqkDskRow,src/main/java/teammates/common/datatransfer/questions/FeedbackMcqQuestionDetails.java
_1lMqsKESEeu-mYqkDskRow,src/main/java/teammates/ui/webapi/JoinCourseAction.java
_zUmhEKESEeu-mYqkDskRow,src/main/java/teammates/common/util/TaskWrapper.java
_1lMqsKESEeu-mYqkDskRow,src/test/java/teammates/ui/webapi/UpdateStudentActionTest.java
_ylL2UKESEeu-mYqkDskRow,src/test/java/teammates/common/datatransfer/attributes/AccountAttributesTest.java
_0kie8KESEeu-mYqkDskRow,src/main/java/teammates/ui/request/CourseCreateRequest.java
_0kie8KESEeu-mYqkDskRow,src/test/java/teammates/ui/request/package-info.java
_0kie8KESEeu-mYqkDskRow,src/test/java/teammates/ui/webapi/ResetAccountRequestActionTest.java
_zUmhEKESEeu-mYqkDskRow,src/test/java/teammates/common/util/package-info.java
_ylL2UKESEeu-mYqkDskRow,src/main/java/teammates/common/util/package-info.java
_0kie8KESEeu-mYqkDskRow,src/main/java/teammates/ui/request/NotificationUpdateRequest.java
_0kie8KESEeu-mYqkDskRow,src/main/java/teammates/ui/webapi/CreateInstructorAction.java
_EIoe8KETEeu-mYqkDskRow,src/e2e/java/teammates/e2e/pageobjects/AdminNotificationsPage.java
_3LCnIKESEeu-mYqkDskRow,src/main/java/teammates/logic/api/package-info.java
_1lMqsKESEeu-mYqkDskRow,src/main/java/teammates/ui/webapi/GetUserCookieAction.java
_ylL2UKESEeu-mYqkDskRow,src/main/java/teammates/common/util/Templates.java
_2dI_UKESEeu-mYqkDskRow,src/main/java/teammates/logic/external/LocalTaskQueueService.java
_EIoe8KETEeu-mYqkDskRow,src/e2e/java/teammates/e2e/pageobjects/InstructorCourseStudentDetailsViewPage.java
_FMKYgKETEeu-mYqkDskRow,src/client/java/teammates/client/scripts/DataMigrationForUnencryptedKeyForStudents.java
_EIoe8KETEeu-mYqkDskRow,src/e2e/java/teammates/e2e/pageobjects/InstructorFeedbackResultsPage.java
_C6tTQKETEeu-mYqkDskRow,src/e2e/java/teammates/e2e/cases/axe/InstructorCourseEnrollPageAxeTest.java
_0kie8KESEeu-mYqkDskRow,src/main/java/teammates/ui/webapi/GetActionClassesAction.java
_1lMqsKESEeu-mYqkDskRow,src/test/java/teammates/ui/request/package-info.java
_3LCnIKESEeu-mYqkDskRow,src/main/java/teammates/logic/external/GoogleCloudTasksService.java
_9JlCIKESEeu-mYqkDskRow,src/main/java/teammates/storage/api/NotificationsDb.java
_ylL2UKESEeu-mYqkDskRow,src/main/java/teammates/common/util/EmailWrapper.java
_0kie8KESEeu-mYqkDskRow,src/test/java/teammates/ui/webapi/CreateAccountRequestActionTest.java
_3LCnIKESEeu-mYqkDskRow,src/test/java/teammates/logic/core/FeedbackResponseCommentsLogicTest.java
_1lMqsKESEeu-mYqkDskRow,src/main/java/teammates/ui/webapi/PutDataBundleDocumentsAction.java
_C6tTQKETEeu-mYqkDskRow,src/e2e/java/teammates/e2e/cases/StudentCourseJoinConfirmationPageE2ETest.java
_FMKYgKETEeu-mYqkDskRow,src/client/java/teammates/client/util/BackDoor.java
_0kie8KESEeu-mYqkDskRow,src/test/java/teammates/ui/webapi/SessionLinksRecoveryActionTest.java
_zUmhEKESEeu-mYqkDskRow,src/main/java/teammates/common/exception/package-info.java
_3LCnIKESEeu-mYqkDskRow,src/test/java/teammates/logic/core/AccountRequestsLogicTest.java
_0kie8KESEeu-mYqkDskRow,src/main/java/teammates/ui/request/FeedbackSessionUpdateRequest.java
_1lMqsKESEeu-mYqkDskRow,src/main/java/teammates/ui/webapi/CompileLogsAction.java
_3LCnIKESEeu-mYqkDskRow,src/main/java/teammates/logic/api/RecaptchaVerifier.java
_777jQKESEeu-mYqkDskRow,src/test/java/teammates/storage/search/InstructorSearchTest.java
__RE6IKESEeu-mYqkDskRow,src/test/java/teammates/test/BaseTestCase.java
_1lMqsKESEeu-mYqkDskRow,src/main/java/teammates/ui/webapi/GetUsageStatisticsAction.java
_ylL2UKESEeu-mYqkDskRow,src/main/java/teammates/common/datatransfer/questions/FeedbackRankOptionsResponseDetails.java
_1lMqsKESEeu-mYqkDskRow,src/test/java/teammates/ui/webapi/GetCourseJoinStatusActionTest.java
_EIoe8KETEeu-mYqkDskRow,src/e2e/java/teammates/e2e/util/EmailAccountTest.java
_0kie8KESEeu-mYqkDskRow,src/main/java/teammates/ui/output/UsageStatisticsData.java
_C6tTQKETEeu-mYqkDskRow,src/e2e/java/teammates/e2e/cases/InstructorCourseJoinConfirmationPageE2ETest.java
_ylL2UKESEeu-mYqkDskRow,src/main/java/teammates/common/util/HttpRequest.java
_0kie8KESEeu-mYqkDskRow,src/test/java/teammates/ui/webapi/ActionFactoryTest.java
_0kie8KESEeu-mYqkDskRow,src/main/java/teammates/ui/output/FeedbackSessionsData.java
_9JlCIKESEeu-mYqkDskRow,src/main/java/teammates/storage/entity/DeadlineExtension.java
_0kie8KESEeu-mYqkDskRow,src/test/java/teammates/ui/webapi/GetFeedbackSessionActionTest.java
_1lMqsKESEeu-mYqkDskRow,src/test/java/teammates/ui/webapi/FeedbackSessionResendPublishedEmailWorkerActionTest.java
_GaP8QKETEeu-mYqkDskRow,src/client/java/teammates/client/scripts/statistics/StatisticsPerInstitute.java
_0kie8KESEeu-mYqkDskRow,src/main/java/teammates/ui/webapi/UnpublishFeedbackSessionAction.java
_C6tTQKETEeu-mYqkDskRow,src/e2e/java/teammates/e2e/pageobjects/InstructorHomePage.java
_1lMqsKESEeu-mYqkDskRow,src/test/java/teammates/ui/webapi/package-info.java
_EIoe8KETEeu-mYqkDskRow,src/e2e/java/teammates/e2e/cases/FeedbackConstSumRecipientQuestionE2ETest.java
_ylL2UKESEeu-mYqkDskRow,src/main/java/teammates/common/datatransfer/InstructorPrivilegesLegacy.java
_1lMqsKESEeu-mYqkDskRow,src/main/java/teammates/ui/request/FeedbackResponseCommentCreateRequest.java
_0kie8KESEeu-mYqkDskRow,src/test/java/teammates/ui/webapi/RemindFeedbackSessionResultActionTest.java
_1lMqsKESEeu-mYqkDskRow,src/main/java/teammates/ui/output/NumberOfEntitiesToGiveFeedbackToSetting.java
_zUmhEKESEeu-mYqkDskRow,src/main/java/teammates/common/datatransfer/QueryLogsResults.java
_1lMqsKESEeu-mYqkDskRow,src/main/java/teammates/ui/webapi/CreateAccountAction.java
_EIoe8KETEeu-mYqkDskRow,src/e2e/java/teammates/e2e/pageobjects/InstructorStudentListPage.java
_0kie8KESEeu-mYqkDskRow,src/main/java/teammates/ui/output/AccountRequestData.java
_2dI_UKESEeu-mYqkDskRow,src/test/java/teammates/logic/external/GoogleRecaptchaServiceTest.java
_777jQKESEeu-mYqkDskRow,src/main/java/teammates/storage/entity/FeedbackSession.java
_0kie8KESEeu-mYqkDskRow,src/main/java/teammates/ui/webapi/QueryLogsAction.java
_Bae2oKETEeu-mYqkDskRow,src/test/java/teammates/test/ThreadHelper.java
_1lMqsKESEeu-mYqkDskRow,src/main/java/teammates/ui/servlets/LegacyUrlMapper.java
_0kie8KESEeu-mYqkDskRow,src/main/java/teammates/ui/output/RegkeyValidityData.java
_1lMqsKESEeu-mYqkDskRow,src/test/java/teammates/ui/webapi/DeleteNotificationActionTest.java
_0kie8KESEeu-mYqkDskRow,src/test/java/teammates/ui/webapi/DeleteStudentActionTest.java
__RE6IKESEeu-mYqkDskRow,src/test/java/teammates/test/AbstractBackDoor.java
_EIoe8KETEeu-mYqkDskRow,src/e2e/java/teammates/e2e/pageobjects/InstructorCourseEnrollPage.java
_FMKYgKETEeu-mYqkDskRow,src/client/java/teammates/client/scripts/DataMigrationForTextQuestionRecommendedLength.java
_2dI_UKESEeu-mYqkDskRow,src/main/java/teammates/logic/api/package-info.java
_EIoe8KETEeu-mYqkDskRow,src/e2e/java/teammates/e2e/pageobjects/ErrorReportingModal.java
_0kie8KESEeu-mYqkDskRow,src/test/java/teammates/ui/webapi/BinCourseActionTest.java
_1lMqsKESEeu-mYqkDskRow,src/test/java/teammates/ui/webapi/QueryLogsActionTest.java
_1lMqsKESEeu-mYqkDskRow,src/main/java/teammates/ui/webapi/GetInstructorAction.java
_1lMqsKESEeu-mYqkDskRow,src/main/java/teammates/ui/webapi/UpdateFeedbackResponseCommentAction.java
_0kie8KESEeu-mYqkDskRow,src/main/java/teammates/ui/webapi/GenerateEmailAction.java
_0kie8KESEeu-mYqkDskRow,src/main/java/teammates/ui/webapi/GetTimeZonesAction.java
_ylL2UKESEeu-mYqkDskRow,src/main/java/teammates/common/util/Const.java
_0kie8KESEeu-mYqkDskRow,src/test/java/teammates/ui/webapi/RegenerateInstructorKeyActionTest.java
_1lMqsKESEeu-mYqkDskRow,src/test/java/teammates/ui/webapi/GetActionClassesActionTest.java
_1lMqsKESEeu-mYqkDskRow,src/main/java/teammates/ui/webapi/DeleteStudentsAction.java
_1lMqsKESEeu-mYqkDskRow,src/main/java/teammates/ui/webapi/BasicCommentSubmissionAction.java
_1lMqsKESEeu-mYqkDskRow,src/main/java/teammates/ui/request/FeedbackSessionRespondentRemindRequest.java
_C6tTQKETEeu-mYqkDskRow,src/e2e/java/teammates/e2e/cases/InstructorCourseStudentDetailsEditPageE2ETest.java
_0kie8KESEeu-mYqkDskRow,src/main/java/teammates/ui/output/EmailData.java
_3LCnIKESEeu-mYqkDskRow,src/test/java/teammates/logic/core/UsageStatisticsLogicTest.java
_9JlCIKESEeu-mYqkDskRow,src/main/java/teammates/storage/entity/FeedbackQuestion.java
_ylL2UKESEeu-mYqkDskRow,src/test/java/teammates/common/datatransfer/questions/FeedbackContributionQuestionDetailsTest.java
_0kie8KESEeu-mYqkDskRow,src/main/java/teammates/ui/output/CourseSectionNamesData.java
_0kie8KESEeu-mYqkDskRow,src/test/java/teammates/ui/servlets/WebApiServletTest.java
_0kie8KESEeu-mYqkDskRow,src/main/java/teammates/ui/webapi/FeedbackSessionOpeningSoonRemindersAction.java
_1lMqsKESEeu-mYqkDskRow,src/main/java/teammates/ui/request/InstructorCreateRequest.java
_0kie8KESEeu-mYqkDskRow,src/test/java/teammates/ui/webapi/RemindFeedbackSessionSubmissionActionTest.java
_777jQKESEeu-mYqkDskRow,src/main/java/teammates/storage/api/FeedbackResponsesDb.java
_1lMqsKESEeu-mYqkDskRow,src/test/java/teammates/ui/webapi/SearchStudentsActionTest.java
_0kie8KESEeu-mYqkDskRow,src/test/java/teammates/ui/webapi/SendLoginEmailActionTest.java
_1lMqsKESEeu-mYqkDskRow,src/test/java/teammates/ui/webapi/CreateFeedbackQuestionActionTest.java
__RE6IKESEeu-mYqkDskRow,src/test/java/teammates/test/AssertHelper.java
_ylL2UKESEeu-mYqkDskRow,src/main/java/teammates/common/util/EmailSendingStatus.java
_1lMqsKESEeu-mYqkDskRow,src/test/java/teammates/ui/webapi/EnrollStudentsActionTest.java
_1lMqsKESEeu-mYqkDskRow,src/main/java/teammates/ui/output/RegenerateKeyData.java
_zUmhEKESEeu-mYqkDskRow,src/test/java/teammates/common/datatransfer/questions/FeedbackRubricQuestionDetailsTest.java
_0kie8KESEeu-mYqkDskRow,src/test/java/teammates/ui/webapi/DeleteFeedbackResponseCommentActionTest.java
_1lMqsKESEeu-mYqkDskRow,src/main/java/teammates/ui/output/NotificationData.java
_1lMqsKESEeu-mYqkDskRow,src/main/java/teammates/ui/request/FeedbackResponseCommentBasicRequest.java
_0kie8KESEeu-mYqkDskRow,src/main/java/teammates/ui/output/OngoingSessionsData.java
_C6tTQKETEeu-mYqkDskRow,src/e2e/java/teammates/e2e/util/GmailServiceMaker.java
_EIoe8KETEeu-mYqkDskRow,src/e2e/java/teammates/e2e/cases/FeedbackConstSumOptionQuestionE2ETest.java
_EIoe8KETEeu-mYqkDskRow,src/e2e/java/teammates/e2e/cases/axe/package-info.java
_ylL2UKESEeu-mYqkDskRow,src/main/java/teammates/common/datatransfer/logs/InstanceLogDetails.java
_C6tTQKETEeu-mYqkDskRow,src/e2e/java/teammates/e2e/cases/InstructorSessionIndividualExtensionPageE2ETest.java
_1lMqsKESEeu-mYqkDskRow,src/main/java/teammates/ui/webapi/InvalidOperationException.java
_GaP8QKETEeu-mYqkDskRow,src/client/java/teammates/client/scripts/statistics/FileStore.java
_ylL2UKESEeu-mYqkDskRow,src/main/java/teammates/common/datatransfer/package-info.java
_1lMqsKESEeu-mYqkDskRow,src/test/java/teammates/ui/webapi/GetInstructorPrivilegeActionTest.java
_1lMqsKESEeu-mYqkDskRow,src/main/java/teammates/ui/output/CourseData.java
_0kie8KESEeu-mYqkDskRow,src/main/java/teammates/ui/request/CourseUpdateRequest.java
_GaP8QKETEeu-mYqkDskRow,src/client/java/teammates/client/scripts/DataMigrationForContributionQuestionDetailsIsZeroSum.java
_zUmhEKESEeu-mYqkDskRow,src/main/java/teammates/common/exception/InstructorUpdateException.java
_zUmhEKESEeu-mYqkDskRow,src/test/java/teammates/common/datatransfer/TeamEvalResultTest.java
_C6tTQKETEeu-mYqkDskRow,src/e2e/java/teammates/e2e/cases/axe/StudentHomePageAxeTest.java
_1lMqsKESEeu-mYqkDskRow,src/test/java/teammates/ui/webapi/GetFeedbackResponseCommentActionTest.java
_9JlCIKESEeu-mYqkDskRow,src/main/java/teammates/storage/api/AccountRequestsDb.java
_Bae2oKETEeu-mYqkDskRow,src/test/java/teammates/test/AssertHelperTest.java
_0kie8KESEeu-mYqkDskRow,src/test/java/teammates/ui/webapi/BaseActionTest.java
_EIoe8KETEeu-mYqkDskRow,src/e2e/java/teammates/e2e/cases/InstructorFeedbackEditPageE2ETest.java
_0kie8KESEeu-mYqkDskRow,src/test/java/teammates/ui/webapi/GetFeedbackQuestionsActionTest.java
_zUmhEKESEeu-mYqkDskRow,src/test/java/teammates/common/datatransfer/questions/FeedbackRankQuestionDetailsTest.java
_0kie8KESEeu-mYqkDskRow,src/main/java/teammates/ui/request/MarkNotificationAsReadRequest.java
_1lMqsKESEeu-mYqkDskRow,src/main/java/teammates/ui/webapi/CreateNotificationAction.java
_0kie8KESEeu-mYqkDskRow,src/test/java/teammates/ui/webapi/UpdateFeedbackSessionActionTest.java
_0kie8KESEeu-mYqkDskRow,src/test/java/teammates/ui/webapi/InstructorSearchIndexingWorkerActionTest.java
_C6tTQKETEeu-mYqkDskRow,src/e2e/java/teammates/e2e/cases/InstructorFeedbackEditPageE2ETest.java
_1lMqsKESEeu-mYqkDskRow,src/test/java/teammates/ui/webapi/SendLoginEmailActionTest.java
_3LCnIKESEeu-mYqkDskRow,src/test/java/teammates/logic/api/MockLogsProcessor.java
_2dI_UKESEeu-mYqkDskRow,src/main/java/teammates/logic/api/LogsProcessor.java
_ylL2UKESEeu-mYqkDskRow,src/main/java/teammates/common/exception/SearchServiceException.java
_0kie8KESEeu-mYqkDskRow,src/main/java/teammates/ui/webapi/UpdateFeedbackQuestionAction.java
_EIoe8KETEeu-mYqkDskRow,src/e2e/java/teammates/e2e/cases/axe/InstructorCourseEnrollPageAxeTest.java
_777jQKESEeu-mYqkDskRow,src/test/java/teammates/storage/api/InstructorsDbTest.java
__RE6IKESEeu-mYqkDskRow,src/test/java/teammates/test/AssertHelperTest.java
_1lMqsKESEeu-mYqkDskRow,src/main/java/teammates/ui/output/ResponseVisibleSetting.java
_1lMqsKESEeu-mYqkDskRow,src/test/java/teammates/ui/webapi/DeleteAccountRequestActionTest.java
_0kie8KESEeu-mYqkDskRow,src/main/java/teammates/ui/output/MessageOutput.java
_0kie8KESEeu-mYqkDskRow,src/main/java/teammates/ui/request/FeedbackResponseCommentBasicRequest.java
_0kie8KESEeu-mYqkDskRow,src/main/java/teammates/ui/webapi/GateKeeper.java
_ylL2UKESEeu-mYqkDskRow,src/main/java/teammates/common/util/FileHelper.java
_EIoe8KETEeu-mYqkDskRow,src/e2e/java/teammates/e2e/util/MaximumRetriesExceededException.java
_1lMqsKESEeu-mYqkDskRow,src/test/java/teammates/ui/webapi/FeedbackSessionUnpublishedEmailWorkerActionTest.java
_ylL2UKESEeu-mYqkDskRow,src/main/java/teammates/common/datatransfer/logs/QueryLogsParams.java
_1lMqsKESEeu-mYqkDskRow,src/main/java/teammates/ui/webapi/ActionMappingException.java
_3LCnIKESEeu-mYqkDskRow,src/main/java/teammates/logic/core/LogicStarter.java
_ylL2UKESEeu-mYqkDskRow,src/test/java/teammates/common/datatransfer/attributes/InstructorAttributesTest.java
_2dI_UKESEeu-mYqkDskRow,src/main/java/teammates/logic/core/DataBundleLogic.java
_zUmhEKESEeu-mYqkDskRow,src/main/java/teammates/common/datatransfer/questions/FeedbackContributionQuestionDetails.java
_ylL2UKESEeu-mYqkDskRow,src/test/java/teammates/common/datatransfer/questions/package-info.java
_0kie8KESEeu-mYqkDskRow,src/test/java/teammates/ui/webapi/DeleteAccountActionTest.java
_2dI_UKESEeu-mYqkDskRow,src/main/java/teammates/logic/external/RecaptchaService.java
_zUmhEKESEeu-mYqkDskRow,src/test/java/teammates/common/datatransfer/questions/FeedbackMcqQuestionDetailsTest.java
_1lMqsKESEeu-mYqkDskRow,src/test/java/teammates/ui/servlets/OriginCheckFilterTest.java
_C6tTQKETEeu-mYqkDskRow,src/e2e/java/teammates/e2e/cases/axe/InstructorCourseEditPageAxeTest.java
_9JlCIKESEeu-mYqkDskRow,src/main/java/teammates/storage/entity/FeedbackResponseComment.java
_1lMqsKESEeu-mYqkDskRow,src/main/java/teammates/ui/webapi/DeleteNotificationAction.java
_1lMqsKESEeu-mYqkDskRow,src/test/java/teammates/ui/webapi/DeleteStudentsActionTest.java
_EIoe8KETEeu-mYqkDskRow,src/e2e/java/teammates/e2e/cases/StudentNotificationsPageE2ETest.java
_3LCnIKESEeu-mYqkDskRow,src/test/java/teammates/logic/api/package-info.java
_0kie8KESEeu-mYqkDskRow,src/main/java/teammates/ui/output/CourseData.java
_2dI_UKESEeu-mYqkDskRow,src/main/java/teammates/logic/external/SendgridService.java
_EIoe8KETEeu-mYqkDskRow,src/e2e/java/teammates/e2e/cases/InstructorFeedbackSessionsPageE2ETest.java
_zUmhEKESEeu-mYqkDskRow,src/main/java/teammates/common/datatransfer/questions/FeedbackConstantSumResponseDetails.java
_zUmhEKESEeu-mYqkDskRow,src/test/java/teammates/common/datatransfer/questions/FeedbackMsqQuestionDetailsTest.java
_0kie8KESEeu-mYqkDskRow,src/main/java/teammates/ui/webapi/GetAccountAction.java
_Bae2oKETEeu-mYqkDskRow,src/test/java/teammates/test/EmailChecker.java
_9JlCIKESEeu-mYqkDskRow,src/test/java/teammates/storage/api/package-info.java
_0kie8KESEeu-mYqkDskRow,src/main/java/teammates/ui/webapi/GetFeedbackQuestionsAction.java
_0kie8KESEeu-mYqkDskRow,src/test/java/teammates/ui/webapi/GetDeadlineExtensionActionTest.java
_1lMqsKESEeu-mYqkDskRow,src/test/java/teammates/ui/request/StudentsEnrollRequestTest.java
_zUmhEKESEeu-mYqkDskRow,src/main/java/teammates/common/datatransfer/attributes/StudentAttributes.java
_EIoe8KETEeu-mYqkDskRow,src/e2e/java/teammates/e2e/util/Retryable.java
__RE6IKESEeu-mYqkDskRow,src/test/java/teammates/test/TestPropertiesTest.java
_zUmhEKESEeu-mYqkDskRow,src/main/java/teammates/common/datatransfer/TeamEvalResult.java
_1lMqsKESEeu-mYqkDskRow,src/main/java/teammates/ui/webapi/InstructorCourseJoinEmailWorkerAction.java
_EIoe8KETEeu-mYqkDskRow,src/e2e/java/teammates/e2e/cases/InstructorNotificationsPageE2ETest.java
_0kie8KESEeu-mYqkDskRow,src/test/java/teammates/ui/webapi/CompileLogsActionTest.java
_ylL2UKESEeu-mYqkDskRow,src/test/java/teammates/common/datatransfer/InstructorPrivilegesTest.java
_zUmhEKESEeu-mYqkDskRow,src/test/java/teammates/common/util/UrlTest.java
_zUmhEKESEeu-mYqkDskRow,src/main/java/teammates/common/datatransfer/FeedbackResultFetchType.java
_0kie8KESEeu-mYqkDskRow,src/main/java/teammates/ui/webapi/FeedbackSessionRemindEmailWorkerAction.java
_EIoe8KETEeu-mYqkDskRow,src/e2e/java/teammates/e2e/util/TestNgXmlTest.java
_1lMqsKESEeu-mYqkDskRow,src/main/java/teammates/ui/webapi/DeleteAccountAction.java
_ylL2UKESEeu-mYqkDskRow,src/main/java/teammates/common/datatransfer/attributes/InstructorAttributes.java
_2dI_UKESEeu-mYqkDskRow,src/test/java/teammates/logic/core/BaseLogicTest.java
_ylL2UKESEeu-mYqkDskRow,src/main/java/teammates/common/datatransfer/logs/SourceLocation.java
_9JlCIKESEeu-mYqkDskRow,src/main/java/teammates/storage/search/package-info.java
_EIoe8KETEeu-mYqkDskRow,src/e2e/java/teammates/e2e/cases/StudentCourseJoinConfirmationPageE2ETest.java
_ylL2UKESEeu-mYqkDskRow,src/main/java/teammates/common/datatransfer/questions/FeedbackNumericalScaleResponseDetails.java
_C6tTQKETEeu-mYqkDskRow,src/e2e/java/teammates/e2e/pageobjects/InstructorCourseEnrollPage.java
_ylL2UKESEeu-mYqkDskRow,src/main/java/teammates/common/util/EmailType.java
_ylL2UKESEeu-mYqkDskRow,src/main/java/teammates/common/datatransfer/attributes/FeedbackSessionAttributes.java
_1lMqsKESEeu-mYqkDskRow,src/main/java/teammates/ui/output/package-info.java
_1lMqsKESEeu-mYqkDskRow,src/main/java/teammates/ui/webapi/FeedbackSessionRemindEmailWorkerAction.java
_0kie8KESEeu-mYqkDskRow,src/main/java/teammates/ui/output/EnrollStudentsData.java
_EIoe8KETEeu-mYqkDskRow,src/e2e/java/teammates/e2e/pageobjects/InstructorNotificationsPage.java
_EIoe8KETEeu-mYqkDskRow,src/e2e/java/teammates/e2e/cases/FeedbackContributionQuestionE2ETest.java
_zUmhEKESEeu-mYqkDskRow,src/test/java/teammates/common/util/FieldValidatorTest.java
_1lMqsKESEeu-mYqkDskRow,src/main/java/teammates/ui/webapi/GetOngoingSessionsAction.java
_0kie8KESEeu-mYqkDskRow,src/test/java/teammates/ui/webapi/GetCourseActionTest.java
_ylL2UKESEeu-mYqkDskRow,src/test/java/teammates/common/datatransfer/questions/FeedbackMcqQuestionDetailsTest.java
_0kie8KESEeu-mYqkDskRow,src/main/java/teammates/ui/webapi/ResetAccountAction.java
_0kie8KESEeu-mYqkDskRow,src/test/java/teammates/ui/webapi/RegenerateStudentKeyActionTest.java
_2dI_UKESEeu-mYqkDskRow,src/test/java/teammates/logic/external/package-info.java
_1lMqsKESEeu-mYqkDskRow,src/main/java/teammates/ui/webapi/ArchiveCourseAction.java
_ylL2UKESEeu-mYqkDskRow,src/main/java/teammates/common/util/FieldValidator.java
_0kie8KESEeu-mYqkDskRow,src/main/java/teammates/ui/request/FeedbackResponseCommentCreateRequest.java
_777jQKESEeu-mYqkDskRow,src/main/java/teammates/storage/search/AccountRequestSearchDocument.java
_FMKYgKETEeu-mYqkDskRow,src/client/java/teammates/client/scripts/MockCourseWithLargeResponseScript.java
_ylL2UKESEeu-mYqkDskRow,src/test/java/teammates/common/datatransfer/questions/FeedbackRankQuestionDetailsTest.java
_0kie8KESEeu-mYqkDskRow,src/test/java/teammates/ui/webapi/CreateCourseActionTest.java
_zUmhEKESEeu-mYqkDskRow,src/test/java/teammates/common/datatransfer/attributes/CourseAttributesTest.java
_1lMqsKESEeu-mYqkDskRow,src/main/java/teammates/ui/webapi/DeleteStudentAction.java
_0kie8KESEeu-mYqkDskRow,src/main/java/teammates/ui/request/InstructorPrivilegeUpdateRequest.java
_1lMqsKESEeu-mYqkDskRow,src/main/java/teammates/ui/constants/DefaultInstructorPermissions.java
_0kie8KESEeu-mYqkDskRow,src/test/java/teammates/ui/webapi/DeleteInstructorActionTest.java
_3LCnIKESEeu-mYqkDskRow,src/test/java/teammates/logic/core/DataBundleLogicTest.java
_zUmhEKESEeu-mYqkDskRow,src/main/java/teammates/common/datatransfer/attributes/DeadlineExtensionAttributes.java
_zUmhEKESEeu-mYqkDskRow,src/main/java/teammates/common/datatransfer/questions/FeedbackQuestionDetails.java
_0kie8KESEeu-mYqkDskRow,src/main/java/teammates/ui/output/FeedbackSessionData.java
_777jQKESEeu-mYqkDskRow,src/main/java/teammates/storage/api/AccountRequestsDb.java
_0kie8KESEeu-mYqkDskRow,src/test/java/teammates/ui/webapi/InstructorCourseJoinEmailWorkerActionTest.java
_GaP8QKETEeu-mYqkDskRow,src/client/java/teammates/client/scripts/SingleAccountGoogleIdMigrationScript.java
_1lMqsKESEeu-mYqkDskRow,src/main/java/teammates/ui/webapi/InstructorSearchIndexingWorkerAction.java
_ylL2UKESEeu-mYqkDskRow,src/main/java/teammates/common/datatransfer/FeedbackQuestionRecipient.java
_0kie8KESEeu-mYqkDskRow,src/main/java/teammates/ui/webapi/CreateAccountAction.java
_0kie8KESEeu-mYqkDskRow,src/main/java/teammates/ui/webapi/GetFeedbackSessionSubmittedGiverSetAction.java
__RE6IKESEeu-mYqkDskRow,src/test/java/teammates/test/MockFilterChain.java
_C6tTQKETEeu-mYqkDskRow,src/e2e/java/teammates/e2e/cases/FeedbackRankOptionQuestionE2ETest.java
_1lMqsKESEeu-mYqkDskRow,src/main/java/teammates/ui/output/UsageStatisticsData.java
_0kie8KESEeu-mYqkDskRow,src/main/java/teammates/ui/request/AccountCreateRequest.java
_1lMqsKESEeu-mYqkDskRow,src/main/java/teammates/ui/webapi/GetTimeZonesAction.java
_2dI_UKESEeu-mYqkDskRow,src/test/java/teammates/logic/api/BaseLogicTest.java
_ylL2UKESEeu-mYqkDskRow,src/main/java/teammates/common/datatransfer/questions/FeedbackContributionResponseDetails.java
_777jQKESEeu-mYqkDskRow,src/test/java/teammates/storage/api/package-info.java
_C6tTQKETEeu-mYqkDskRow,src/e2e/java/teammates/e2e/cases/FeedbackRankRecipientQuestionE2ETest.java
_0kie8KESEeu-mYqkDskRow,src/main/java/teammates/ui/servlets/DevServerLoginServlet.java
_0kie8KESEeu-mYqkDskRow,src/test/java/teammates/ui/webapi/CreateFeedbackSessionActionTest.java
_3LCnIKESEeu-mYqkDskRow,src/test/java/teammates/logic/core/package-info.java
_0kie8KESEeu-mYqkDskRow,src/main/java/teammates/ui/webapi/Action.java
_1lMqsKESEeu-mYqkDskRow,src/test/java/teammates/ui/servlets/WebApiServletTest.java
_3LCnIKESEeu-mYqkDskRow,src/main/java/teammates/logic/external/MailjetService.java
_777jQKESEeu-mYqkDskRow,src/test/java/teammates/storage/search/AccountRequestSearchTest.java
_0kie8KESEeu-mYqkDskRow,src/test/java/teammates/ui/webapi/GetNotificationsActionTest.java
_3LCnIKESEeu-mYqkDskRow,src/main/java/teammates/logic/api/Logic.java
_1lMqsKESEeu-mYqkDskRow,src/test/java/teammates/ui/webapi/DeleteFeedbackSessionActionTest.java
_2dI_UKESEeu-mYqkDskRow,src/main/java/teammates/logic/external/GoogleRecaptchaService.java
_9JlCIKESEeu-mYqkDskRow,src/main/java/teammates/storage/search/InstructorSearchManager.java
_9JlCIKESEeu-mYqkDskRow,src/main/java/teammates/storage/entity/BaseEntity.java
_zUmhEKESEeu-mYqkDskRow,src/test/java/teammates/common/datatransfer/attributes/InstructorAttributesTest.java
_1lMqsKESEeu-mYqkDskRow,src/test/java/teammates/ui/webapi/RegenerateStudentKeyActionTest.java
_9JlCIKESEeu-mYqkDskRow,src/test/java/teammates/storage/search/BaseSearchTest.java
_ylL2UKESEeu-mYqkDskRow,src/test/java/teammates/common/datatransfer/attributes/CourseAttributesTest.java
_C6tTQKETEeu-mYqkDskRow,src/e2e/java/teammates/e2e/pageobjects/DevServerLoginPage.java
_zUmhEKESEeu-mYqkDskRow,src/main/java/teammates/common/util/EmailWrapper.java
_2dI_UKESEeu-mYqkDskRow,src/main/java/teammates/logic/external/FirebaseAuthService.java
_0kie8KESEeu-mYqkDskRow,src/main/java/teammates/ui/request/FeedbackResponsesRequest.java
_2dI_UKESEeu-mYqkDskRow,src/main/java/teammates/logic/api/AuthProxy.java
_1lMqsKESEeu-mYqkDskRow,src/test/java/teammates/ui/webapi/CreateNotificationActionTest.java
_1lMqsKESEeu-mYqkDskRow,src/main/java/teammates/ui/output/FeedbackResponseCommentData.java
_GaP8QKETEeu-mYqkDskRow,src/client/java/teammates/client/scripts/PopulateCourseSearchDocuments.java
_GaP8QKETEeu-mYqkDskRow,src/client/java/teammates/client/connector/package-info.java
_0kie8KESEeu-mYqkDskRow,src/main/java/teammates/ui/webapi/UnauthorizedAccessException.java
_C6tTQKETEeu-mYqkDskRow,src/e2e/java/teammates/e2e/cases/StudentHomePageE2ETest.java
_ylL2UKESEeu-mYqkDskRow,src/main/java/teammates/common/datatransfer/FeedbackResultFetchType.java
_0kie8KESEeu-mYqkDskRow,src/main/java/teammates/ui/webapi/ActionFactory.java
_777jQKESEeu-mYqkDskRow,src/main/java/teammates/storage/search/InstructorSearchDocument.java
_0kie8KESEeu-mYqkDskRow,src/test/java/teammates/ui/webapi/FeedbackSessionOpeningRemindersActionTest.java
_1lMqsKESEeu-mYqkDskRow,src/main/java/teammates/ui/webapi/GetNotificationsAction.java
_C6tTQKETEeu-mYqkDskRow,src/e2e/java/teammates/e2e/cases/AdminSessionsPageE2ETest.java
_C6tTQKETEeu-mYqkDskRow,src/e2e/java/teammates/e2e/util/RetryManager.java
_9JlCIKESEeu-mYqkDskRow,src/test/java/teammates/storage/api/FeedbackResponseCommentsDbTest.java
_FMKYgKETEeu-mYqkDskRow,src/client/java/teammates/client/scripts/DataMigrationForFeedbackSessionMismatchedTimezone.java
_1lMqsKESEeu-mYqkDskRow,src/main/java/teammates/ui/output/RegkeyValidityData.java
_EIoe8KETEeu-mYqkDskRow,src/e2e/java/teammates/e2e/cases/axe/InstructorFeedbackEditPageAxeTest.java
_1lMqsKESEeu-mYqkDskRow,src/main/java/teammates/ui/output/OngoingSessionsData.java
_1lMqsKESEeu-mYqkDskRow,src/main/java/teammates/ui/webapi/SendEmailWorkerAction.java
_ylL2UKESEeu-mYqkDskRow,src/main/java/teammates/common/util/Url.java
_2dI_UKESEeu-mYqkDskRow,src/test/java/teammates/logic/core/CoursesLogicTest.java
_1lMqsKESEeu-mYqkDskRow,src/main/java/teammates/ui/webapi/GetAuthInfoAction.java
_C6tTQKETEeu-mYqkDskRow,src/e2e/java/teammates/e2e/pageobjects/IanaTimezonePage.java
_EIoe8KETEeu-mYqkDskRow,src/e2e/java/teammates/e2e/cases/axe/AdminSearchPageAxeTest.java
_777jQKESEeu-mYqkDskRow,src/main/java/teammates/storage/api/package-info.java
_zUmhEKESEeu-mYqkDskRow,src/main/java/teammates/common/util/AppUrl.java
_3LCnIKESEeu-mYqkDskRow,src/test/java/teammates/logic/core/NotificationsLogicTest.java
_0kie8KESEeu-mYqkDskRow,src/main/java/teammates/ui/webapi/DeleteFeedbackSessionAction.java
_0kie8KESEeu-mYqkDskRow,src/main/java/teammates/ui/webapi/InstructorCourseJoinEmailWorkerAction.java
_777jQKESEeu-mYqkDskRow,src/main/java/teammates/storage/api/FeedbackSessionsDb.java
_0kie8KESEeu-mYqkDskRow,src/main/java/teammates/ui/request/NotificationBasicRequest.java
__RE6IKESEeu-mYqkDskRow,src/test/java/teammates/test/TestProperties.java
_1lMqsKESEeu-mYqkDskRow,src/main/java/teammates/ui/webapi/EntityNotFoundException.java
_1lMqsKESEeu-mYqkDskRow,src/main/java/teammates/ui/output/FeedbackSessionStatsData.java
_777jQKESEeu-mYqkDskRow,src/main/java/teammates/storage/api/DeadlineExtensionsDb.java
_C6tTQKETEeu-mYqkDskRow,src/e2e/java/teammates/e2e/cases/InstructorFeedbackReportPageE2ETest.java
_0kie8KESEeu-mYqkDskRow,src/main/java/teammates/ui/webapi/InstructorSearchIndexingWorkerAction.java
_zUmhEKESEeu-mYqkDskRow,src/test/java/teammates/common/datatransfer/attributes/AccountRequestAttributesTest.java
__RE6IKESEeu-mYqkDskRow,src/test/java/teammates/test/TestNgXmlTest.java
_777jQKESEeu-mYqkDskRow,src/main/java/teammates/storage/search/StudentSearchManager.java
_EIoe8KETEeu-mYqkDskRow,src/e2e/java/teammates/e2e/pageobjects/InstructorCourseEditPage.java
_0kie8KESEeu-mYqkDskRow,src/main/java/teammates/ui/webapi/GetDeadlineExtensionAction.java
_ylL2UKESEeu-mYqkDskRow,src/main/java/teammates/common/datatransfer/questions/FeedbackConstantSumQuestionDetails.java
_0kie8KESEeu-mYqkDskRow,src/test/java/teammates/ui/servlets/WebPageServletTest.java
_0kie8KESEeu-mYqkDskRow,src/main/java/teammates/ui/webapi/UpdateNotificationAction.java
_3LCnIKESEeu-mYqkDskRow,src/main/java/teammates/logic/external/LogService.java
_0kie8KESEeu-mYqkDskRow,src/main/java/teammates/ui/output/SessionLinksRecoveryResponseData.java
_zUmhEKESEeu-mYqkDskRow,src/main/java/teammates/common/datatransfer/FeedbackQuestionRecipient.java
_ylL2UKESEeu-mYqkDskRow,src/main/java/teammates/common/datatransfer/attributes/StudentAttributes.java
_0kie8KESEeu-mYqkDskRow,src/main/java/teammates/ui/servlets/RequestTraceFilter.java
_1lMqsKESEeu-mYqkDskRow,src/main/java/teammates/ui/webapi/SearchAccountRequestsAction.java
_0kie8KESEeu-mYqkDskRow,src/main/java/teammates/ui/request/FeedbackSessionRespondentRemindRequest.java
_zUmhEKESEeu-mYqkDskRow,src/main/java/teammates/common/datatransfer/questions/FeedbackRubricQuestionDetails.java
_EIoe8KETEeu-mYqkDskRow,src/e2e/java/teammates/e2e/pageobjects/InstructorFeedbackEditPage.java
_1lMqsKESEeu-mYqkDskRow,src/main/java/teammates/ui/output/NotificationsData.java
_zUmhEKESEeu-mYqkDskRow,src/main/java/teammates/common/util/StringHelper.java
_0kie8KESEeu-mYqkDskRow,src/test/java/teammates/ui/webapi/GetRegkeyValidityActionTest.java
_GaP8QKETEeu-mYqkDskRow,src/client/java/teammates/client/scripts/statistics/StatisticsBundle.java
__RE6IKESEeu-mYqkDskRow,src/test/java/teammates/test/MockHttpServletResponse.java
_ylL2UKESEeu-mYqkDskRow,src/main/java/teammates/common/datatransfer/InstructorPrivileges.java
_ylL2UKESEeu-mYqkDskRow,src/main/java/teammates/common/datatransfer/attributes/NotificationAttributes.java
_1lMqsKESEeu-mYqkDskRow,src/test/java/teammates/ui/servlets/WebPageServletTest.java
_3LCnIKESEeu-mYqkDskRow,src/test/java/teammates/logic/core/FeedbackResponsesLogicTest.java
_1lMqsKESEeu-mYqkDskRow,src/main/java/teammates/ui/webapi/SendJoinReminderEmailAction.java
_0kie8KESEeu-mYqkDskRow,src/main/java/teammates/ui/output/InstructorPermissionRole.java
_ylL2UKESEeu-mYqkDskRow,src/main/java/teammates/common/datatransfer/attributes/FeedbackQuestionAttributes.java
_ylL2UKESEeu-mYqkDskRow,src/main/java/teammates/common/datatransfer/questions/FeedbackConstantSumDistributePointsType.java
_zUmhEKESEeu-mYqkDskRow,src/test/java/teammates/common/util/BuildPropertiesTest.java
_777jQKESEeu-mYqkDskRow,src/main/java/teammates/storage/entity/package-info.java
_GaP8QKETEeu-mYqkDskRow,src/client/java/teammates/client/scripts/DataMigrationForSanitizedDataInCourseAttributes.java
_0kie8KESEeu-mYqkDskRow,src/main/java/teammates/ui/webapi/GetAuthInfoAction.java
_1lMqsKESEeu-mYqkDskRow,src/main/java/teammates/ui/request/package-info.java
_zUmhEKESEeu-mYqkDskRow,src/main/java/teammates/common/datatransfer/logs/EmailSentLogDetails.java
_2dI_UKESEeu-mYqkDskRow,src/test/java/teammates/logic/api/LogicExtension.java
_ylL2UKESEeu-mYqkDskRow,src/main/java/teammates/common/exception/InvalidParametersException.java
_0kie8KESEeu-mYqkDskRow,src/main/java/teammates/ui/output/ReadNotificationsData.java
__RE6IKESEeu-mYqkDskRow,src/test/java/teammates/test/FileHelper.java
_1lMqsKESEeu-mYqkDskRow,src/main/java/teammates/ui/webapi/CreateAccountRequestAction.java
_0kie8KESEeu-mYqkDskRow,src/test/java/teammates/ui/webapi/JsonResultTest.java
_1lMqsKESEeu-mYqkDskRow,src/test/java/teammates/ui/webapi/JoinCourseActionTest.java
_FMKYgKETEeu-mYqkDskRow,src/client/java/teammates/client/scripts/TeamEvalResultCalculations.java
_3LCnIKESEeu-mYqkDskRow,src/main/java/teammates/logic/core/AccountRequestsLogic.java
_0kie8KESEeu-mYqkDskRow,src/main/java/teammates/ui/request/FeedbackResponseCommentUpdateRequest.java
_zUmhEKESEeu-mYqkDskRow,src/main/java/teammates/common/datatransfer/logs/DefaultLogDetails.java
_0kie8KESEeu-mYqkDskRow,src/main/java/teammates/ui/webapi/GetCoursesAction.java
_0kie8KESEeu-mYqkDskRow,src/main/java/teammates/ui/constants/ApiConst.java
_ylL2UKESEeu-mYqkDskRow,src/test/java/teammates/common/datatransfer/questions/FeedbackQuestionDetailsTest.java
_2dI_UKESEeu-mYqkDskRow,src/main/java/teammates/logic/core/AccountsLogic.java
_ylL2UKESEeu-mYqkDskRow,src/test/java/teammates/common/datatransfer/questions/FeedbackRubricQuestionDetailsTest.java
__RE6IKESEeu-mYqkDskRow,src/test/java/teammates/test/EmailCheckerTest.java
_0kie8KESEeu-mYqkDskRow,src/test/java/teammates/ui/webapi/GetActionClassesActionTest.java
_0kie8KESEeu-mYqkDskRow,src/main/java/teammates/ui/servlets/OAuth2CallbackServlet.java
_EIoe8KETEeu-mYqkDskRow,src/e2e/java/teammates/e2e/cases/InstructorCourseStudentDetailsPageE2ETest.java
_C6tTQKETEeu-mYqkDskRow,src/e2e/java/teammates/e2e/pageobjects/FeedbackResultsPage.java
_1lMqsKESEeu-mYqkDskRow,src/test/java/teammates/ui/webapi/StudentSearchIndexingWorkerActionTest.java
_C6tTQKETEeu-mYqkDskRow,src/e2e/java/teammates/e2e/pageobjects/InstructorCourseStudentDetailsViewPage.java
__RE6IKESEeu-mYqkDskRow,src/test/java/teammates/test/BaseTestCaseWithDatabaseAccess.java
_1lMqsKESEeu-mYqkDskRow,src/test/java/teammates/ui/webapi/UpdateInstructorPrivilegeActionTest.java
_EIoe8KETEeu-mYqkDskRow,src/e2e/java/teammates/e2e/cases/InstructorCourseJoinConfirmationPageE2ETest.java
_0kie8KESEeu-mYqkDskRow,src/main/java/teammates/ui/output/CourseArchiveData.java
_3LCnIKESEeu-mYqkDskRow,src/test/java/teammates/logic/api/MockEmailSender.java
_0kie8KESEeu-mYqkDskRow,src/main/java/teammates/ui/webapi/GetStudentsAction.java
_1lMqsKESEeu-mYqkDskRow,src/main/java/teammates/ui/output/FeedbackSessionSubmittedGiverSet.java
_777jQKESEeu-mYqkDskRow,src/main/java/teammates/storage/search/InstructorSearchManager.java
_zUmhEKESEeu-mYqkDskRow,src/main/java/teammates/common/util/FileHelper.java
_1lMqsKESEeu-mYqkDskRow,src/test/java/teammates/ui/webapi/GetRegkeyValidityActionTest.java
_EIoe8KETEeu-mYqkDskRow,src/e2e/java/teammates/e2e/cases/axe/InstructorCoursesPageAxeTest.java
__RE6IKESEeu-mYqkDskRow,src/test/java/teammates/test/ThreadHelper.java
_C6tTQKETEeu-mYqkDskRow,src/e2e/java/teammates/e2e/pageobjects/InstructorCoursesPage.java
_0kie8KESEeu-mYqkDskRow,src/main/java/teammates/ui/webapi/GetAccountsAction.java
_1lMqsKESEeu-mYqkDskRow,src/main/java/teammates/ui/servlets/AuthServlet.java
_ylL2UKESEeu-mYqkDskRow,src/main/java/teammates/common/datatransfer/CourseRoster.java
_FMKYgKETEeu-mYqkDskRow,src/client/java/teammates/client/scripts/GenerateUsageStatisticsObjects.java
_0kie8KESEeu-mYqkDskRow,src/main/java/teammates/ui/request/SendEmailRequest.java
_0kie8KESEeu-mYqkDskRow,src/main/java/teammates/ui/webapi/GetSessionResultsAction.java
_EIoe8KETEeu-mYqkDskRow,src/e2e/java/teammates/e2e/cases/InstructorCourseDetailsPageE2ETest.java
_1lMqsKESEeu-mYqkDskRow,src/main/java/teammates/ui/webapi/GetInstructorPrivilegeAction.java
_1lMqsKESEeu-mYqkDskRow,src/test/java/teammates/ui/webapi/GetSessionResultsActionTest.java
_1lMqsKESEeu-mYqkDskRow,src/main/java/teammates/ui/output/AccountData.java
_0kie8KESEeu-mYqkDskRow,src/main/java/teammates/ui/request/FeedbackSessionCreateRequest.java
_0kie8KESEeu-mYqkDskRow,src/main/java/teammates/ui/webapi/ActionResult.java
_777jQKESEeu-mYqkDskRow,src/main/java/teammates/storage/entity/FeedbackQuestion.java
_C6tTQKETEeu-mYqkDskRow,src/e2e/java/teammates/e2e/cases/axe/AdminNotificationsPageAxeTest.java
_1lMqsKESEeu-mYqkDskRow,src/test/java/teammates/ui/webapi/BinFeedbackSessionActionTest.java
_0kie8KESEeu-mYqkDskRow,src/main/java/teammates/ui/webapi/ResetAccountRequestAction.java
_1lMqsKESEeu-mYqkDskRow,src/main/java/teammates/ui/webapi/DeleteFeedbackSessionAction.java
_zUmhEKESEeu-mYqkDskRow,src/main/java/teammates/common/datatransfer/questions/FeedbackRubricResponseDetails.java
_2dI_UKESEeu-mYqkDskRow,src/main/java/teammates/logic/core/LogicStarter.java
_777jQKESEeu-mYqkDskRow,src/main/java/teammates/storage/search/SearchManager.java
_0kie8KESEeu-mYqkDskRow,src/main/java/teammates/ui/output/JoinStatus.java
_0kie8KESEeu-mYqkDskRow,src/test/java/teammates/ui/servlets/OriginCheckFilterTest.java
_C6tTQKETEeu-mYqkDskRow,src/e2e/java/teammates/e2e/cases/AdminAccountsPageE2ETest.java
_777jQKESEeu-mYqkDskRow,src/test/java/teammates/storage/api/DeadlineExtensionsDbTest.java
_1lMqsKESEeu-mYqkDskRow,src/main/java/teammates/ui/webapi/BinCourseAction.java
_EIoe8KETEeu-mYqkDskRow,src/e2e/java/teammates/e2e/cases/NotificationBannerE2ETest.java
_1lMqsKESEeu-mYqkDskRow,src/main/java/teammates/ui/webapi/CreateFeedbackQuestionAction.java
_ylL2UKESEeu-mYqkDskRow,src/main/java/teammates/common/util/JsonUtils.java
_ylL2UKESEeu-mYqkDskRow,src/test/java/teammates/common/datatransfer/questions/FeedbackRankRecipientsQuestionDetailsTest.java
_1lMqsKESEeu-mYqkDskRow,src/test/java/teammates/ui/webapi/SearchAccountRequestsActionTest.java
_0kie8KESEeu-mYqkDskRow,src/main/java/teammates/ui/webapi/RestoreCourseAction.java
_FMKYgKETEeu-mYqkDskRow,src/client/java/teammates/client/scripts/DataMigrationForSanitizedDataInInstructorAttributes.java
_C6tTQKETEeu-mYqkDskRow,src/e2e/java/teammates/e2e/cases/axe/InstructorCourseDetailsPageAxeTest.java
_C6tTQKETEeu-mYqkDskRow,src/e2e/java/teammates/e2e/util/TestProperties.java
_1lMqsKESEeu-mYqkDskRow,src/test/java/teammates/ui/webapi/GetInstructorsActionTest.java
_9JlCIKESEeu-mYqkDskRow,src/main/java/teammates/storage/search/InstructorSearchDocument.java
_1lMqsKESEeu-mYqkDskRow,src/main/java/teammates/ui/output/InstructorPermissionRole.java
_ylL2UKESEeu-mYqkDskRow,src/main/java/teammates/common/datatransfer/attributes/FeedbackResponseCommentAttributes.java
_0kie8KESEeu-mYqkDskRow,src/main/java/teammates/ui/webapi/UpdateInstructorPrivilegeAction.java
_1lMqsKESEeu-mYqkDskRow,src/test/java/teammates/ui/webapi/SubmitFeedbackResponsesActionTest.java
_3LCnIKESEeu-mYqkDskRow,src/main/java/teammates/logic/core/FeedbackResponseCommentsLogic.java
_1lMqsKESEeu-mYqkDskRow,src/main/java/teammates/ui/webapi/GetSessionResultsAction.java
_zUmhEKESEeu-mYqkDskRow,src/test/java/teammates/common/datatransfer/attributes/FeedbackQuestionAttributesTest.java
_C6tTQKETEeu-mYqkDskRow,src/e2e/java/teammates/e2e/cases/NotificationBannerE2ETest.java
_1lMqsKESEeu-mYqkDskRow,src/main/java/teammates/ui/request/StudentUpdateRequest.java
_1lMqsKESEeu-mYqkDskRow,src/test/java/teammates/ui/servlets/LegacyUrlMapperTest.java
_zUmhEKESEeu-mYqkDskRow,src/main/java/teammates/common/util/TzdbResourceZoneRulesProvider.java
_EIoe8KETEeu-mYqkDskRow,src/e2e/java/teammates/e2e/cases/FeedbackMsqQuestionE2ETest.java
_0kie8KESEeu-mYqkDskRow,src/main/java/teammates/ui/webapi/CalculateUsageStatisticsAction.java
_1lMqsKESEeu-mYqkDskRow,src/test/java/teammates/ui/webapi/GetFeedbackResponsesActionTest.java
_ylL2UKESEeu-mYqkDskRow,src/main/java/teammates/common/datatransfer/UserInfoCookie.java
_ylL2UKESEeu-mYqkDskRow,src/main/java/teammates/common/datatransfer/logs/RequestLogDetails.java
_C6tTQKETEeu-mYqkDskRow,src/e2e/java/teammates/e2e/pageobjects/StudentNotificationsPage.java
_3LCnIKESEeu-mYqkDskRow,src/test/java/teammates/logic/core/DeadlineExtensionsLogicTest.java
_ylL2UKESEeu-mYqkDskRow,src/main/java/teammates/common/datatransfer/questions/FeedbackQuestionDetails.java
_C6tTQKETEeu-mYqkDskRow,src/e2e/java/teammates/e2e/pageobjects/StudentCourseDetailsPage.java
_FMKYgKETEeu-mYqkDskRow,src/client/java/teammates/client/scripts/DataMigrationForSampleGoogleIdInStudentAttributes.java
_2dI_UKESEeu-mYqkDskRow,src/main/java/teammates/logic/external/EmptyAuthService.java
_1lMqsKESEeu-mYqkDskRow,src/main/java/teammates/ui/output/GeneralLogsData.java
_C6tTQKETEeu-mYqkDskRow,src/e2e/java/teammates/e2e/cases/axe/InstructorCoursesPageAxeTest.java
_1lMqsKESEeu-mYqkDskRow,src/test/java/teammates/ui/webapi/InstructorSearchIndexingWorkerActionTest.java
_0kie8KESEeu-mYqkDskRow,src/main/java/teammates/ui/webapi/GetFeedbackSessionAction.java
_ylL2UKESEeu-mYqkDskRow,src/main/java/teammates/common/datatransfer/questions/FeedbackQuestionType.java
_1lMqsKESEeu-mYqkDskRow,src/main/java/teammates/ui/output/CourseSectionNamesData.java
_3LCnIKESEeu-mYqkDskRow,src/main/java/teammates/logic/external/GoogleCloudLoggingService.java
_C6tTQKETEeu-mYqkDskRow,src/e2e/java/teammates/e2e/pageobjects/InstructorFeedbackEditPage.java
_ylL2UKESEeu-mYqkDskRow,src/main/java/teammates/common/util/Config.java
_0kie8KESEeu-mYqkDskRow,src/main/java/teammates/ui/webapi/JoinCourseAction.java
_1lMqsKESEeu-mYqkDskRow,src/main/java/teammates/ui/webapi/GetCoursesAction.java
_9JlCIKESEeu-mYqkDskRow,src/main/java/teammates/storage/api/FeedbackResponsesDb.java
_0kie8KESEeu-mYqkDskRow,src/test/java/teammates/ui/webapi/FeedbackSessionClosedRemindersActionTest.java
_777jQKESEeu-mYqkDskRow,src/main/java/teammates/storage/api/OfyHelper.java
_0kie8KESEeu-mYqkDskRow,src/main/java/teammates/ui/webapi/CreateCourseAction.java
_1lMqsKESEeu-mYqkDskRow,src/main/java/teammates/ui/output/FeedbackSessionData.java
_2dI_UKESEeu-mYqkDskRow,src/main/java/teammates/logic/external/MailgunService.java
_1lMqsKESEeu-mYqkDskRow,src/main/java/teammates/ui/output/FeedbackSessionPublishStatus.java
_C6tTQKETEeu-mYqkDskRow,src/e2e/java/teammates/e2e/cases/InstructorHomePageE2ETest.java
_1lMqsKESEeu-mYqkDskRow,src/test/java/teammates/ui/webapi/GetOngoingSessionsActionTest.java
_zUmhEKESEeu-mYqkDskRow,src/main/java/teammates/common/datatransfer/questions/FeedbackContributionResponseDetails.java
_zUmhEKESEeu-mYqkDskRow,src/main/java/teammates/common/exception/InvalidParametersException.java
_zUmhEKESEeu-mYqkDskRow,src/main/java/teammates/common/datatransfer/logs/QueryLogsParams.java
_0kie8KESEeu-mYqkDskRow,src/test/java/teammates/ui/webapi/FeedbackSessionResendPublishedEmailWorkerActionTest.java
_ylL2UKESEeu-mYqkDskRow,src/main/java/teammates/common/datatransfer/attributes/AccountRequestAttributes.java
_0kie8KESEeu-mYqkDskRow,src/test/java/teammates/ui/webapi/ResetAccountActionTest.java
_GaP8QKETEeu-mYqkDskRow,src/client/java/teammates/client/util/LoopHelper.java
_2dI_UKESEeu-mYqkDskRow,src/main/java/teammates/logic/core/DeadlineExtensionsLogic.java
_0kie8KESEeu-mYqkDskRow,src/test/java/teammates/ui/webapi/GetAccountsActionTest.java
_3LCnIKESEeu-mYqkDskRow,src/main/java/teammates/logic/core/FeedbackResponsesLogic.java
_0kie8KESEeu-mYqkDskRow,src/main/java/teammates/ui/webapi/FeedbackSessionClosingRemindersAction.java
_0kie8KESEeu-mYqkDskRow,src/main/java/teammates/ui/servlets/LogoutServlet.java
_1lMqsKESEeu-mYqkDskRow,src/main/java/teammates/ui/request/FeedbackQuestionBasicRequest.java
_0kie8KESEeu-mYqkDskRow,src/main/java/teammates/ui/webapi/CreateFeedbackSessionAction.java
_777jQKESEeu-mYqkDskRow,src/main/java/teammates/storage/api/CoursesDb.java
_1lMqsKESEeu-mYqkDskRow,src/main/java/teammates/ui/output/DeadlineExtensionData.java
_Bae2oKETEeu-mYqkDskRow,src/test/java/teammates/test/BaseTestCase.java
_9JlCIKESEeu-mYqkDskRow,src/test/java/teammates/storage/search/InstructorSearchTest.java
_C6tTQKETEeu-mYqkDskRow,src/e2e/java/teammates/e2e/cases/FeedbackContributionQuestionE2ETest.java
_0kie8KESEeu-mYqkDskRow,src/test/java/teammates/ui/webapi/UpdateInstructorActionTest.java
_FMKYgKETEeu-mYqkDskRow,src/client/java/teammates/client/scripts/DataMigrationForUnencryptedKeyForInstructors.java
_777jQKESEeu-mYqkDskRow,src/main/java/teammates/storage/entity/BaseEntity.java
_0kie8KESEeu-mYqkDskRow,src/main/java/teammates/ui/output/FeedbackQuestionData.java
_9JlCIKESEeu-mYqkDskRow,src/test/java/teammates/storage/search/AccountRequestSearchTest.java
_2dI_UKESEeu-mYqkDskRow,src/main/java/teammates/logic/external/EmptyEmailService.java
_C6tTQKETEeu-mYqkDskRow,src/e2e/java/teammates/e2e/cases/package-info.java
_zUmhEKESEeu-mYqkDskRow,src/main/java/teammates/common/exception/SearchServiceException.java
_1lMqsKESEeu-mYqkDskRow,src/test/java/teammates/ui/webapi/ResetAccountRequestActionTest.java
_ylL2UKESEeu-mYqkDskRow,src/main/java/teammates/common/datatransfer/logs/FeedbackSessionLogType.java
_C6tTQKETEeu-mYqkDskRow,src/e2e/java/teammates/e2e/cases/axe/InstructorCourseJoinConfirmationPageAxeTest.java
_GaP8QKETEeu-mYqkDskRow,src/client/java/teammates/client/scripts/ListActiveInstructors.java
_ylL2UKESEeu-mYqkDskRow,src/main/java/teammates/common/datatransfer/NotificationTargetUser.java
_C6tTQKETEeu-mYqkDskRow,src/e2e/java/teammates/e2e/cases/axe/InstructorSearchPageAxeTest.java
_ylL2UKESEeu-mYqkDskRow,src/main/java/teammates/common/datatransfer/attributes/CourseAttributes.java
_2dI_UKESEeu-mYqkDskRow,src/test/java/teammates/logic/core/StudentsLogicTest.java
_zUmhEKESEeu-mYqkDskRow,src/main/java/teammates/common/util/SanitizationHelper.java
_0kie8KESEeu-mYqkDskRow,src/test/java/teammates/ui/webapi/EnrollStudentsActionTest.java
_1lMqsKESEeu-mYqkDskRow,src/main/java/teammates/ui/webapi/FeedbackSessionClosingRemindersAction.java
_1lMqsKESEeu-mYqkDskRow,src/test/java/teammates/ui/webapi/CalculateUsageStatisticsActionTest.java
_0kie8KESEeu-mYqkDskRow,src/test/java/teammates/ui/webapi/GetAccountActionTest.java
_0kie8KESEeu-mYqkDskRow,src/test/java/teammates/ui/webapi/CreateAccountActionTest.java
_1lMqsKESEeu-mYqkDskRow,src/test/java/teammates/ui/webapi/StudentCourseJoinEmailWorkerActionTest.java
_C6tTQKETEeu-mYqkDskRow,src/e2e/java/teammates/e2e/cases/InstructorSearchPageE2ETest.java
_ylL2UKESEeu-mYqkDskRow,src/test/java/teammates/common/datatransfer/questions/FeedbackTextResponseDetailsTest.java
_2dI_UKESEeu-mYqkDskRow,src/test/java/teammates/logic/core/FeedbackResponsesLogicTest.java
_0kie8KESEeu-mYqkDskRow,src/main/java/teammates/ui/webapi/CompileLogsAction.java
_9JlCIKESEeu-mYqkDskRow,src/main/java/teammates/storage/api/UsageStatisticsDb.java
_777jQKESEeu-mYqkDskRow,src/main/java/teammates/storage/entity/DeadlineExtension.java
_C6tTQKETEeu-mYqkDskRow,src/e2e/java/teammates/e2e/util/package-info.java
_9JlCIKESEeu-mYqkDskRow,src/main/java/teammates/storage/api/FeedbackResponseCommentsDb.java
_EIoe8KETEeu-mYqkDskRow,src/e2e/java/teammates/e2e/cases/InstructorCourseEditPageE2ETest.java
_C6tTQKETEeu-mYqkDskRow,src/e2e/java/teammates/e2e/pageobjects/InstructorFeedbackResultsPage.java
_zUmhEKESEeu-mYqkDskRow,src/test/java/teammates/common/datatransfer/SessionResultsBundleTest.java
_1lMqsKESEeu-mYqkDskRow,src/test/java/teammates/ui/webapi/RemindFeedbackSessionSubmissionActionTest.java
_ylL2UKESEeu-mYqkDskRow,src/main/java/teammates/common/datatransfer/attributes/package-info.java
_3LCnIKESEeu-mYqkDskRow,src/main/java/teammates/logic/api/AuthProxy.java
_1lMqsKESEeu-mYqkDskRow,src/main/java/teammates/ui/output/CourseArchiveData.java
_0kie8KESEeu-mYqkDskRow,src/main/java/teammates/ui/output/CommentVisibilityType.java
_zUmhEKESEeu-mYqkDskRow,src/main/java/teammates/common/exception/EnrollException.java
_1lMqsKESEeu-mYqkDskRow,src/main/java/teammates/ui/webapi/AdminOnlyAction.java
_0kie8KESEeu-mYqkDskRow,src/main/java/teammates/ui/webapi/CreateNotificationAction.java
_3LCnIKESEeu-mYqkDskRow,src/main/java/teammates/logic/core/FeedbackQuestionsLogic.java
_777jQKESEeu-mYqkDskRow,src/test/java/teammates/storage/api/FeedbackQuestionsDbTest.java
_FMKYgKETEeu-mYqkDskRow,src/client/java/teammates/client/connector/DatastoreClient.java
_EIoe8KETEeu-mYqkDskRow,src/e2e/java/teammates/e2e/util/TestProperties.java
_0kie8KESEeu-mYqkDskRow,src/main/java/teammates/ui/webapi/FeedbackSessionOpeningRemindersAction.java
_1lMqsKESEeu-mYqkDskRow,src/test/java/teammates/ui/webapi/SendJoinReminderEmailActionTest.java
_ylL2UKESEeu-mYqkDskRow,src/main/java/teammates/common/datatransfer/FeedbackSessionLogEntry.java
_C6tTQKETEeu-mYqkDskRow,src/e2e/java/teammates/e2e/pageobjects/AdminNotificationsPage.java
_777jQKESEeu-mYqkDskRow,src/main/java/teammates/storage/entity/FeedbackResponseComment.java
_1lMqsKESEeu-mYqkDskRow,src/test/java/teammates/ui/webapi/ArchiveCourseActionTest.java
_zUmhEKESEeu-mYqkDskRow,src/main/java/teammates/common/util/Url.java
_1lMqsKESEeu-mYqkDskRow,src/main/java/teammates/ui/request/FeedbackSessionRemindRequest.java
_EIoe8KETEeu-mYqkDskRow,src/e2e/java/teammates/e2e/cases/AdminNotificationsPageE2ETest.java
_EIoe8KETEeu-mYqkDskRow,src/e2e/java/teammates/e2e/cases/axe/InstructorSearchPageAxeTest.java
_0kie8KESEeu-mYqkDskRow,src/main/java/teammates/ui/output/FeedbackSessionStatsData.java
_C6tTQKETEeu-mYqkDskRow,src/e2e/java/teammates/e2e/cases/FeedbackSubmitPageE2ETest.java
_EIoe8KETEeu-mYqkDskRow,src/e2e/java/teammates/e2e/util/AxeUtil.java
_1lMqsKESEeu-mYqkDskRow,src/main/java/teammates/ui/output/CommentVisibilityType.java
_1lMqsKESEeu-mYqkDskRow,src/main/java/teammates/ui/servlets/WebApiServlet.java
_3LCnIKESEeu-mYqkDskRow,src/test/java/teammates/logic/core/CoursesLogicTest.java
_2dI_UKESEeu-mYqkDskRow,src/main/java/teammates/logic/api/EmailSender.java
_EIoe8KETEeu-mYqkDskRow,src/e2e/java/teammates/e2e/cases/axe/InstructorCourseStudentDetailsEditPageAxeTest.java
_zUmhEKESEeu-mYqkDskRow,src/test/java/teammates/common/datatransfer/attributes/FeedbackResponseAttributesTest.java
_1lMqsKESEeu-mYqkDskRow,src/main/java/teammates/ui/output/ApiOutput.java
_ylL2UKESEeu-mYqkDskRow,src/test/java/teammates/common/datatransfer/UserInfoCookieTest.java
_2dI_UKESEeu-mYqkDskRow,src/main/java/teammates/logic/core/package-info.java
_0kie8KESEeu-mYqkDskRow,src/test/java/teammates/ui/webapi/GetNotificationActionTest.java
_zUmhEKESEeu-mYqkDskRow,src/main/java/teammates/common/datatransfer/questions/FeedbackRankQuestionDetails.java
_2dI_UKESEeu-mYqkDskRow,src/test/java/teammates/logic/api/package-info.java
_0kie8KESEeu-mYqkDskRow,src/main/java/teammates/ui/output/SessionVisibleSetting.java
_0kie8KESEeu-mYqkDskRow,src/test/java/teammates/ui/webapi/GetSessionResponseStatsActionTest.java
_C6tTQKETEeu-mYqkDskRow,src/e2e/java/teammates/e2e/cases/AdminNotificationsPageE2ETest.java
_ylL2UKESEeu-mYqkDskRow,src/main/java/teammates/common/datatransfer/questions/FeedbackTextResponseDetails.java
_1lMqsKESEeu-mYqkDskRow,src/main/java/teammates/ui/webapi/GetFeedbackQuestionRecipientsAction.java
_0kie8KESEeu-mYqkDskRow,src/main/java/teammates/ui/webapi/DeleteAccountRequestAction.java
_1lMqsKESEeu-mYqkDskRow,src/main/java/teammates/ui/output/StudentData.java
_1lMqsKESEeu-mYqkDskRow,src/main/java/teammates/ui/request/FeedbackSessionCreateRequest.java
_EIoe8KETEeu-mYqkDskRow,src/e2e/java/teammates/e2e/cases/FeedbackTextQuestionE2ETest.java
_0kie8KESEeu-mYqkDskRow,src/main/java/teammates/ui/output/OngoingSession.java
_C6tTQKETEeu-mYqkDskRow,src/e2e/java/teammates/e2e/cases/InstructorCourseEditPageE2ETest.java
_0kie8KESEeu-mYqkDskRow,src/test/java/teammates/ui/webapi/DeleteNotificationActionTest.java
_0kie8KESEeu-mYqkDskRow,src/main/java/teammates/ui/output/StudentData.java
_zUmhEKESEeu-mYqkDskRow,src/main/java/teammates/common/datatransfer/logs/InstanceLogDetails.java
_9JlCIKESEeu-mYqkDskRow,src/test/java/teammates/storage/api/NotificationsDbTest.java
_zUmhEKESEeu-mYqkDskRow,src/test/java/teammates/common/datatransfer/ErrorLogEntryTest.java
__RE6IKESEeu-mYqkDskRow,src/test/java/teammates/test/BaseTestCaseWithLocalDatabaseAccess.java
_zUmhEKESEeu-mYqkDskRow,src/main/java/teammates/common/util/TimeHelper.java
_GaP8QKETEeu-mYqkDskRow,src/client/java/teammates/client/util/BackDoor.java
_0kie8KESEeu-mYqkDskRow,src/test/java/teammates/ui/webapi/FeedbackSessionOpeningSoonRemindersActionTest.java
_Bae2oKETEeu-mYqkDskRow,src/test/java/teammates/test/MockHttpServletResponse.java
_ylL2UKESEeu-mYqkDskRow,src/main/java/teammates/common/datatransfer/InstructorPermissionSet.java
_3LCnIKESEeu-mYqkDskRow,src/main/java/teammates/logic/core/StudentsLogic.java
_777jQKESEeu-mYqkDskRow,src/main/java/teammates/storage/search/package-info.java
_1lMqsKESEeu-mYqkDskRow,src/main/java/teammates/ui/webapi/CreateFeedbackSessionLogAction.java
_1lMqsKESEeu-mYqkDskRow,src/test/java/teammates/ui/webapi/GetTimeZonesActionTest.java
_EIoe8KETEeu-mYqkDskRow,src/e2e/java/teammates/e2e/util/BackDoor.java
_0kie8KESEeu-mYqkDskRow,src/main/java/teammates/ui/webapi/ArchiveCourseAction.java
_0kie8KESEeu-mYqkDskRow,src/test/java/teammates/ui/webapi/GetSessionResultsActionTest.java
_0kie8KESEeu-mYqkDskRow,src/test/java/teammates/ui/webapi/SearchInstructorsActionTest.java
_0kie8KESEeu-mYqkDskRow,src/main/java/teammates/ui/constants/QuestionTypeStructures.java
_zUmhEKESEeu-mYqkDskRow,src/test/java/teammates/common/datatransfer/AttributesDeletionQueryTest.java
_1lMqsKESEeu-mYqkDskRow,src/main/java/teammates/ui/servlets/WebPageServlet.java
_777jQKESEeu-mYqkDskRow,src/main/java/teammates/storage/search/AccountRequestSearchManager.java
_C6tTQKETEeu-mYqkDskRow,src/e2e/java/teammates/e2e/util/TestNgXmlTest.java
_FMKYgKETEeu-mYqkDskRow,src/client/java/teammates/client/scripts/statistics/package-info.java
_zUmhEKESEeu-mYqkDskRow,src/main/java/teammates/common/exception/HttpRequestFailedException.java
_3LCnIKESEeu-mYqkDskRow,src/test/java/teammates/logic/core/FeedbackSessionsLogicTest.java
_1lMqsKESEeu-mYqkDskRow,src/test/java/teammates/ui/webapi/GetNotificationActionTest.java
_FMKYgKETEeu-mYqkDskRow,src/client/java/teammates/client/scripts/DataMigrationForSanitizedDataInCourseAttributes.java
_ylL2UKESEeu-mYqkDskRow,src/main/java/teammates/common/datatransfer/questions/FeedbackMsqQuestionDetails.java
_C6tTQKETEeu-mYqkDskRow,src/e2e/java/teammates/e2e/cases/axe/InstructorStudentRecordsPageAxeTest.java
_0kie8KESEeu-mYqkDskRow,src/main/java/teammates/ui/request/CourseBasicRequest.java
_EIoe8KETEeu-mYqkDskRow,src/e2e/java/teammates/e2e/cases/FeedbackResultsPageE2ETest.java
_0kie8KESEeu-mYqkDskRow,src/main/java/teammates/ui/webapi/RemindFeedbackSessionResultAction.java
_1lMqsKESEeu-mYqkDskRow,src/test/java/teammates/ui/webapi/MarkNotificationAsReadActionTest.java
_1lMqsKESEeu-mYqkDskRow,src/test/java/teammates/ui/webapi/DeleteFeedbackQuestionActionTest.java
_ylL2UKESEeu-mYqkDskRow,src/main/java/teammates/common/datatransfer/NotificationStyle.java
_1lMqsKESEeu-mYqkDskRow,src/main/java/teammates/ui/webapi/PublishFeedbackSessionAction.java
_1lMqsKESEeu-mYqkDskRow,src/main/java/teammates/ui/webapi/SearchStudentsAction.java
_1lMqsKESEeu-mYqkDskRow,src/main/java/teammates/ui/webapi/GetHasResponsesAction.java
_1lMqsKESEeu-mYqkDskRow,src/test/java/teammates/ui/webapi/GetDeadlineExtensionActionTest.java
_C6tTQKETEeu-mYqkDskRow,src/e2e/java/teammates/e2e/cases/FeedbackTextQuestionE2ETest.java
_ylL2UKESEeu-mYqkDskRow,src/main/java/teammates/common/datatransfer/QueryLogsResults.java
_C6tTQKETEeu-mYqkDskRow,src/e2e/java/teammates/e2e/cases/axe/StudentCourseDetailsPageAxeTest.java
_1lMqsKESEeu-mYqkDskRow,src/test/java/teammates/ui/webapi/GetCourseActionTest.java
_C6tTQKETEeu-mYqkDskRow,src/e2e/java/teammates/e2e/cases/axe/InstructorStudentActivityLogsPageAxeTest.java
_3LCnIKESEeu-mYqkDskRow,src/main/java/teammates/logic/external/SendgridService.java
_1lMqsKESEeu-mYqkDskRow,src/main/java/teammates/ui/webapi/FeedbackSessionResendPublishedEmailWorkerAction.java
_3LCnIKESEeu-mYqkDskRow,src/main/java/teammates/logic/external/RecaptchaService.java
_ylL2UKESEeu-mYqkDskRow,src/test/java/teammates/common/datatransfer/TeamEvalResultTest.java
_0kie8KESEeu-mYqkDskRow,src/main/java/teammates/ui/servlets/AuthServlet.java
_EIoe8KETEeu-mYqkDskRow,src/e2e/java/teammates/e2e/cases/package-info.java
_2dI_UKESEeu-mYqkDskRow,src/main/java/teammates/logic/external/EmailSenderService.java
_1lMqsKESEeu-mYqkDskRow,src/test/java/teammates/ui/webapi/DeleteStudentActionTest.java
_0kie8KESEeu-mYqkDskRow,src/test/java/teammates/ui/webapi/GetFeedbackSessionsActionTest.java
_1lMqsKESEeu-mYqkDskRow,src/main/java/teammates/ui/output/HasResponsesData.java
_0kie8KESEeu-mYqkDskRow,src/main/java/teammates/ui/webapi/SendEmailWorkerAction.java
_Bae2oKETEeu-mYqkDskRow,src/test/java/teammates/test/BaseTestCaseWithDatabaseAccess.java
_C6tTQKETEeu-mYqkDskRow,src/e2e/java/teammates/e2e/cases/FeedbackConstSumOptionQuestionE2ETest.java
_zUmhEKESEeu-mYqkDskRow,src/main/java/teammates/common/datatransfer/UserInfoCookie.java
_zUmhEKESEeu-mYqkDskRow,src/test/java/teammates/common/datatransfer/attributes/BaseAttributesTest.java
