modelElementID,codeId
54,akka-bbb-apps/src/main/scala/org/bigbluebutton/core/util/jhotdraw/BezierPathIterator.java
72,akka-bbb-fsesl/src/main/java/org/bigbluebutton/freeswitch/voice/freeswitch/ConnectionManager.java
72,akka-bbb-fsesl/src/main/java/org/bigbluebutton/freeswitch/voice/freeswitch/DelayedCommandSenderService.java
4,build/packages-template/bbb-html5/after-remove.sh
60,akka-bbb-fsesl/src/main/java/org/bigbluebutton/freeswitch/voice/freeswitch/actions/GetAllUsersCommand.java
60,akka-bbb-fsesl/src/debian/DEBIAN/postrm
62,bbb-fsesl-client/src/main/java/org/freeswitch/esl/client/outbound/AbstractOutboundPipelineFactory.java
61,bbb-fsesl-client/src/main/java/org/freeswitch/esl/client/inbound/InboundClientHandler.java
57,bbb-fsesl-client/src/main/java/org/freeswitch/esl/client/example/HeartbeatThread.java
20,build/packages-template/bbb-html5/kill_mongo.sh
63,akka-bbb-fsesl/src/main/java/org/bigbluebutton/freeswitch/voice/events/FreeswitchHeartbeatEvent.java
37,build/packages-template/bbb-web/before-install.sh
61,akka-bbb-fsesl/src/main/java/org/bigbluebutton/freeswitch/voice/freeswitch/ConnectionManager.java
60,akka-bbb-fsesl/src/main/java/org/bigbluebutton/freeswitch/voice/freeswitch/actions/TransferUserToMeetingCommand.java
5,build/packages-template/bbb-html5/kill_mongo.sh
59,akka-bbb-fsesl/src/main/java/org/bigbluebutton/freeswitch/voice/freeswitch/actions/EjectUserCommand.java
60,akka-bbb-fsesl/src/main/java/org/bigbluebutton/freeswitch/voice/events/AudioFloorChangedEvent.java
6,bigbluebutton-html5/run-dev.sh
57,bbb-fsesl-client/src/main/java/org/freeswitch/esl/client/transport/message/EslMessage.java
60,bbb-fsesl-client/src/main/java/org/freeswitch/esl/client/IEslEventListener.java
60,akka-bbb-fsesl/src/main/java/org/bigbluebutton/freeswitch/voice/commands/RecordCommand.java
4,build/packages-template/bbb-html5-nodejs/build.sh
57,akka-bbb-fsesl/src/debian/DEBIAN/postinst
60,akka-bbb-fsesl/src/main/java/org/bigbluebutton/freeswitch/voice/IVoiceConferenceService.java
46,bbb-common-message/src/main/java/org/bigbluebutton/common2/redis/pubsub/ReceivedMessage.java
59,build/packages-template/bbb-freeswitch-sounds/opts-jammy.sh
58,akka-bbb-fsesl/src/main/java/org/bigbluebutton/freeswitch/voice/freeswitch/actions/DeafUserCommand.java
78,bbb-common-web/src/main/java/org/bigbluebutton/web/services/KeepAliveService.java
9,build/packages-template/bbb-html5/workers-start.sh
60,akka-bbb-fsesl/src/main/java/org/bigbluebutton/freeswitch/voice/events/VoiceUsersStatusEvent.java
8,build/packages-template/bbb-html5/systemd_start_frontend.sh
37,bbb-common-web/src/main/java/org/bigbluebutton/web/services/KeepAliveService.java
57,akka-bbb-fsesl/src/main/java/org/bigbluebutton/freeswitch/voice/freeswitch/response/ConferenceMemberFlags.java
6,build/packages-template/bbb-html5/run_mongo.sh
60,bbb-fsesl-client/src/main/java/org/freeswitch/esl/client/outbound/example/SimpleHangupOutboundHandler.java
72,akka-bbb-fsesl/src/main/java/org/bigbluebutton/freeswitch/voice/commands/ConferenceCommand.java
61,bbb-fsesl-client/src/main/java/org/freeswitch/esl/client/internal/debug/ChannelEventRunnable.java
72,bigbluebutton-html5/run-dev.sh
66,build/packages-template/bbb-freeswitch-core/fs_clibbb
19,build/packages-template/bbb-html5/opts-jammy.sh
62,akka-bbb-fsesl/src/main/java/org/bigbluebutton/freeswitch/voice/freeswitch/actions/CheckIfConfIsRunningCommand.java
78,build/packages-template/bbb-web/after-install.sh
63,bbb-fsesl-client/src/main/java/org/freeswitch/esl/client/outbound/AbstractOutboundClientHandler.java
60,akka-bbb-fsesl/src/main/java/org/bigbluebutton/freeswitch/voice/events/VoiceUserJoinedEvent.java
60,bbb-common-message/src/main/java/org/bigbluebutton/common2/redis/pubsub/ReceivedMessage.java
30,bbb-common-web/src/main/java/org/bigbluebutton/web/services/IStorageService.java
61,akka-bbb-fsesl/src/main/java/org/bigbluebutton/freeswitch/voice/freeswitch/actions/BroadcastConferenceCommand.java
60,bbb-fsesl-client/src/main/java/org/freeswitch/esl/client/outbound/example/SimpleHangupPipelineFactory.java
8,bbb-graphql-server/install-hasura.sh
58,akka-bbb-fsesl/src/main/java/org/bigbluebutton/freeswitch/voice/events/ConferenceEventListener.java
14,bigbluebutton-html5/transifex.sh
58,akka-bbb-fsesl/src/main/java/org/bigbluebutton/freeswitch/voice/freeswitch/actions/HoldUserCommand.java
66,bbb-fsesl-client/src/main/java/org/freeswitch/esl/client/transport/event/EslEvent.java
57,bbb-fsesl-client/src/main/java/org/freeswitch/esl/client/internal/IEslProtocolListener.java
21,build/packages-template/bbb-html5/opts-jammy.sh
72,akka-bbb-fsesl/src/main/java/org/bigbluebutton/freeswitch/voice/events/ConfMember.java
62,bbb-fsesl-client/src/main/java/org/freeswitch/esl/client/internal/AbstractEslClientHandler.java
63,bbb-fsesl-client/src/main/java/org/freeswitch/esl/client/internal/IEslProtocolListener.java
63,bbb-fsesl-client/src/main/java/org/freeswitch/esl/client/outbound/AbstractOutboundPipelineFactory.java
79,bbb-common-message/src/main/java/org/bigbluebutton/common2/redis/pubsub/ReceivedMessage.java
21,build/packages-template/bbb-html5/workers-start.sh
63,akka-bbb-fsesl/src/main/java/org/bigbluebutton/freeswitch/voice/freeswitch/response/ConferenceMemberFlags.java
66,akka-bbb-fsesl/src/main/java/org/bigbluebutton/freeswitch/voice/events/AudioFloorChangedEvent.java
58,akka-bbb-fsesl/src/main/java/org/bigbluebutton/freeswitch/voice/events/VoiceConfRunningEvent.java
57,bbb-fsesl-client/src/main/java/org/freeswitch/esl/client/internal/HeaderParser.java
63,bbb-fsesl-client/src/main/java/org/freeswitch/esl/client/example/EslEventListener.java
66,bbb-fsesl-client/src/main/java/org/freeswitch/esl/client/internal/AbstractEslClientHandler.java
6,build/packages-template/bbb-html5/opts-jammy.sh
9,build/packages-template/bbb-html5/after-remove.sh
9,build/packages-template/bbb-html5/before-remove.sh
60,akka-bbb-fsesl/src/main/java/org/bigbluebutton/freeswitch/voice/freeswitch/actions/CheckIfConfIsRunningCommand.java
72,build/packages-template/bbb-html5/build.sh
78,bbb-common-web/src/main/java/org/bigbluebutton/web/services/turn/TurnServer.java
66,bbb-fsesl-client/src/main/java/org/freeswitch/esl/client/transport/message/EslMessage.java
5,build/packages-template/bbb-html5/run_mongo.sh
57,akka-bbb-fsesl/src/main/java/org/bigbluebutton/freeswitch/voice/events/VoiceConfRunningAndRecordingEvent.java
66,bbb-fsesl-client/src/main/java/org/freeswitch/esl/client/outbound/example/SimpleHangupOutboundHandler.java
57,akka-bbb-fsesl/src/main/java/org/bigbluebutton/freeswitch/voice/freeswitch/actions/CheckIfConfIsRunningCommand.java
60,bbb-fsesl-client/src/main/java/org/freeswitch/esl/client/manager/internal/ManagerConnectionImpl.java
72,akka-bbb-fsesl/src/main/java/org/bigbluebutton/freeswitch/voice/freeswitch/actions/EjectAllUsersCommand.java
72,akka-bbb-fsesl/src/main/java/org/bigbluebutton/freeswitch/voice/ConferenceServerListener.java
52,build/packages-template/bbb-apps-akka/build.sh
72,build/packages-template/bbb-html5/systemd_start_frontend.sh
63,akka-bbb-fsesl/src/main/java/org/bigbluebutton/freeswitch/voice/events/VoiceUserJoinedEvent.java
72,build/packages-template/bbb-freeswitch-core/before-remove.sh
60,akka-bbb-fsesl/src/main/java/org/bigbluebutton/freeswitch/voice/freeswitch/actions/StopSoundCommand.java
72,build/packages-template/bbb-html5/workers-start.sh
58,bbb-fsesl-client/src/main/java/org/freeswitch/esl/client/internal/debug/ExecutionHandler.java
61,bbb-fsesl-client/src/main/java/org/freeswitch/esl/client/internal/AbstractEslClientHandler.java
15,build/packages-template/bbb-html5/kill_mongo.sh
61,akka-bbb-fsesl/src/main/java/org/bigbluebutton/freeswitch/voice/freeswitch/DelayedCommandSenderService.java
36,bbb-common-web/src/main/java/org/bigbluebutton/web/services/WaitingGuestCleanupTimerTask.java
66,akka-bbb-fsesl/src/main/java/org/bigbluebutton/freeswitch/voice/freeswitch/ESLEventListener.java
72,build/packages-template/bbb-freeswitch-core/fs_clibbb
62,akka-bbb-fsesl/src/main/java/org/bigbluebutton/freeswitch/voice/freeswitch/response/ConferenceMemberFlags.java
60,akka-bbb-fsesl/src/main/java/org/bigbluebutton/freeswitch/voice/events/AudioFloorChangedEvent.java
4,build/packages-template/bbb-html5/systemd_start_frontend.sh
54,akka-bbb-apps/src/main/scala/org/bigbluebutton/core/util/jhotdraw/Geom.java
61,akka-bbb-fsesl/src/main/java/org/bigbluebutton/freeswitch/voice/events/VoiceUserLeftEvent.java
8,build/packages-template/bbb-html5/systemd_start.sh
60,akka-bbb-fsesl/src/main/java/org/bigbluebutton/freeswitch/voice/events/ConfRecording.java
66,akka-bbb-fsesl/src/main/java/org/bigbluebutton/freeswitch/voice/events/VoiceUserLockedEvent.java
72,bbb-fsesl-client/src/main/java/org/freeswitch/esl/client/transport/event/EslEventHeaderNames.java
20,bigbluebutton-html5/run-dev.sh
72,akka-bbb-fsesl/src/main/java/org/bigbluebutton/freeswitch/voice/events/VoiceUserJoinedEvent.java
60,akka-bbb-apps/src/main/scala/org/bigbluebutton/core/util/jhotdraw/BezierWrapper.java
72,akka-bbb-fsesl/src/main/java/org/bigbluebutton/freeswitch/voice/events/AudioFloorChangedEvent.java
61,akka-bbb-fsesl/src/main/java/org/bigbluebutton/freeswitch/voice/freeswitch/response/ConferenceMemberFlags.java
60,bbb-fsesl-client/src/test/java/org/freeswitch/esl/client/inbound/ClientTest.java
51,akka-bbb-apps/src/test/java/org/bigbluebutton/xml/Simple.java
60,bbb-fsesl-client/src/main/java/org/freeswitch/esl/client/transport/message/EslFrameDecoder.java
60,freeswitch.placeholder.sh
61,build/packages-template/bbb-freeswitch-sounds/opts-jammy.sh
58,bbb-fsesl-client/src/main/java/org/freeswitch/esl/client/inbound/Client.java
78,bbb-common-web/src/main/java/org/bigbluebutton/web/services/EnteredUserCleanupTimerTask.java
72,bbb-fsesl-client/src/main/java/org/freeswitch/esl/client/inbound/InboundConnectionFailure.java
60,bbb-fsesl-client/src/main/java/org/freeswitch/esl/client/internal/debug/ChannelEventRunnable.java
4,bbb-graphql-client-test/deploy.sh
26,akka-bbb-apps/run-dev.sh
62,akka-bbb-fsesl/src/main/java/org/bigbluebutton/freeswitch/voice/events/VoiceConfRunningAndRecordingEvent.java
66,bbb-fsesl-client/src/main/java/org/freeswitch/esl/client/transport/message/EslFrameDecoder.java
78,build/packages-template/bbb-web/opts-jammy.sh
58,freeswitch.placeholder.sh
60,bbb-fsesl-client/src/main/java/org/freeswitch/esl/client/inbound/InboundPipelineFactory.java
72,bbb-fsesl-client/src/main/java/org/freeswitch/esl/client/internal/IEslProtocolListener.java
36,build/packages-template/bbb-web/opts-jammy.sh
61,bbb-fsesl-client/src/main/java/org/freeswitch/esl/client/internal/HeaderParser.java
72,akka-bbb-fsesl/src/main/java/org/bigbluebutton/freeswitch/voice/events/UnknownConferenceEvent.java
72,akka-bbb-fsesl/src/main/java/org/bigbluebutton/freeswitch/voice/events/ConfRecording.java
72,bbb-fsesl-client/src/main/java/org/freeswitch/esl/client/transport/message/EslFrameDecoder.java
61,akka-bbb-fsesl/src/main/java/org/bigbluebutton/freeswitch/voice/commands/EjectUserCommand.java
72,akka-bbb-fsesl/src/main/java/org/bigbluebutton/freeswitch/voice/events/ConferenceEventListener.java
66,bbb-fsesl-client/src/main/java/org/freeswitch/esl/client/internal/IEslProtocolListener.java
9,build/packages-template/bbb-html5/kill_mongo.sh
61,bbb-fsesl-client/src/main/java/org/freeswitch/esl/client/outbound/SocketClient.java
66,bbb-fsesl-client/src/main/java/org/freeswitch/esl/client/transport/event/EslEventHeaderNames.java
60,akka-bbb-fsesl/src/main/java/org/bigbluebutton/freeswitch/voice/freeswitch/actions/GetUsersStatusCommand.java
61,akka-bbb-fsesl/src/main/java/org/bigbluebutton/freeswitch/voice/freeswitch/actions/TransferUserToMeetingCommand.java
72,akka-bbb-fsesl/src/main/java/org/bigbluebutton/freeswitch/voice/IVoiceConferenceService.java
66,akka-bbb-fsesl/src/main/java/org/bigbluebutton/freeswitch/voice/freeswitch/response/ConferenceMember.java
15,build/packages-template/bbb-html5/run_mongo.sh
66,build/packages-template/bbb-freeswitch-core/after-remove.sh
21,bigbluebutton-html5/test-html5.sh
60,akka-bbb-fsesl/src/main/java/org/bigbluebutton/freeswitch/voice/events/VoiceUserLockedEvent.java
48,bbb-common-message/src/main/java/org/bigbluebutton/common2/redis/Keys.java
60,bbb-fsesl-client/src/main/java/org/freeswitch/esl/client/outbound/SocketClient.java
51,akka-bbb-apps/src/main/scala/org/bigbluebutton/core/util/jhotdraw/Bezier.java
58,build/packages-template/bbb-freeswitch-core/after-install.sh
60,bbb-fsesl-client/src/main/java/org/freeswitch/esl/client/outbound/AbstractOutboundClientHandler.java
19,build/packages-template/bbb-html5-nodejs/build.sh
61,akka-bbb-fsesl/src/main/java/org/bigbluebutton/freeswitch/voice/events/VoiceConfRunningAndRecordingEvent.java
59,akka-bbb-fsesl/src/main/java/org/bigbluebutton/freeswitch/voice/freeswitch/actions/ConferenceCheckRecordCommand.java
63,akka-bbb-fsesl/src/main/java/org/bigbluebutton/freeswitch/voice/freeswitch/actions/DeafUserCommand.java
63,akka-bbb-fsesl/src/main/java/org/bigbluebutton/freeswitch/voice/commands/GetUsersCommand.java
8,build/packages-template/bbb-graphql-server/after-remove.sh
72,akka-bbb-fsesl/src/main/java/org/bigbluebutton/freeswitch/voice/freeswitch/actions/StopSoundCommand.java
58,akka-bbb-fsesl/src/main/java/org/bigbluebutton/freeswitch/voice/events/VoiceUserMutedEvent.java
57,bbb-fsesl-client/src/main/java/org/freeswitch/esl/client/outbound/AbstractOutboundPipelineFactory.java
60,bbb-fsesl-client/src/main/java/org/freeswitch/esl/client/manager/DefaultManagerConnection.java
6,bigbluebutton-html5/transifex.sh
72,build/packages-template/bbb-html5/run_mongo.sh
60,akka-bbb-fsesl/src/main/java/org/bigbluebutton/freeswitch/voice/events/VoiceConfRunningEvent.java
19,build/packages-template/bbb-graphql-server/after-remove.sh
58,build/packages-template/bbb-freeswitch-core/build.sh
58,akka-bbb-fsesl/src/main/java/org/bigbluebutton/freeswitch/voice/commands/RecordCommand.java
60,bbb-fsesl-client/src/main/java/org/freeswitch/esl/client/outbound/SocketClient.java
5,build/packages-template/bbb-html5/opts-jammy.sh
59,akka-bbb-fsesl/src/main/java/org/bigbluebutton/freeswitch/voice/events/VoiceCallStateEvent.java
58,akka-bbb-fsesl/src/main/java/org/bigbluebutton/freeswitch/voice/events/VoiceUsersStatusEvent.java
58,bbb-fsesl-client/src/main/java/org/freeswitch/esl/client/inbound/InboundConnectionFailure.java
66,freeswitch.placeholder.sh
46,bbb-common-message/src/main/java/org/bigbluebutton/common2/redis/pubsub/MessageDistributor.java
63,bbb-fsesl-client/src/main/java/org/freeswitch/esl/client/transport/CommandResponse.java
63,akka-bbb-fsesl/src/main/java/org/bigbluebutton/freeswitch/voice/events/FreeswitchStatusReplyEvent.java
21,build/packages-template/bbb-html5-nodejs/build.sh
78,bbb-common-web/src/main/java/org/bigbluebutton/web/services/turn/TurnEntry.java
61,build/packages-template/bbb-freeswitch-core/before-install.sh
59,build/packages-template/bbb-freeswitch-core/after-remove.sh
60,akka-bbb-fsesl/src/main/java/org/bigbluebutton/freeswitch/voice/freeswitch/actions/ConferenceCheckRecordCommand.java
62,akka-bbb-fsesl/src/main/java/org/bigbluebutton/freeswitch/voice/events/VoiceConferenceEvent.java
72,bbb-graphql-middleware/demo/client/run.sh
8,build/packages-template/bbb-html5/before-install.sh
42,bbb-webrtc-sfu.placeholder.sh
61,akka-bbb-fsesl/src/main/java/org/bigbluebutton/freeswitch/voice/events/FreeswitchHeartbeatEvent.java
60,akka-bbb-apps/src/debian/DEBIAN/postrm
58,bbb-fsesl-client/src/main/java/org/freeswitch/esl/client/transport/message/EslMessage.java
62,akka-bbb-fsesl/src/main/java/org/bigbluebutton/freeswitch/voice/freeswitch/actions/ForceEjectUserCommand.java
60,bbb-fsesl-client/src/main/java/org/freeswitch/esl/client/inbound/InboundConnectionFailure.java
60,akka-bbb-fsesl/src/main/java/org/bigbluebutton/freeswitch/voice/commands/ConferenceCommandResult.java
60,akka-bbb-fsesl/src/main/java/org/bigbluebutton/freeswitch/voice/events/FreeswitchStatusReplyEvent.java
63,akka-bbb-fsesl/src/main/java/org/bigbluebutton/freeswitch/voice/freeswitch/actions/CheckFreeswitchStatusCommand.java
60,bbb-fsesl-client/src/main/java/org/freeswitch/esl/client/transport/message/EslHeaders.java
66,akka-bbb-fsesl/src/main/java/org/bigbluebutton/freeswitch/voice/events/ConfMember.java
60,bbb-fsesl-client/src/main/java/org/freeswitch/esl/client/transport/event/EslEvent.java
72,akka-bbb-fsesl/src/main/java/org/bigbluebutton/freeswitch/voice/freeswitch/actions/GetAllUsersCommand.java
60,akka-bbb-fsesl/src/main/java/org/bigbluebutton/freeswitch/voice/events/VoiceCallStateEvent.java
60,akka-bbb-fsesl/src/main/java/org/bigbluebutton/freeswitch/voice/freeswitch/FreeswitchApplication.java
59,bbb-fsesl-client/src/main/java/org/freeswitch/esl/client/outbound/example/SimpleHangupOutboundHandler.java
59,build/packages-template/bbb-freeswitch-core/before-remove.sh
62,akka-bbb-fsesl/src/main/java/org/bigbluebutton/freeswitch/voice/events/VoiceStartRecordingEvent.java
66,akka-bbb-fsesl/src/main/java/org/bigbluebutton/freeswitch/voice/events/VoiceConfRunningAndRecordingEvent.java
51,akka-bbb-apps/run.sh
59,akka-bbb-fsesl/src/main/java/org/bigbluebutton/freeswitch/voice/events/VoiceUserTalkingEvent.java
60,build/packages-template/bbb-freeswitch-core/fs_clibbb
63,akka-bbb-fsesl/src/main/java/org/bigbluebutton/freeswitch/voice/commands/RecordCommand.java
52,akka-bbb-apps/src/test/java/org/bigbluebutton/xml/Simple.java
58,akka-bbb-fsesl/src/main/java/org/bigbluebutton/freeswitch/voice/freeswitch/actions/ForceEjectUserCommand.java
60,bbb-fsesl-client/src/main/java/org/freeswitch/esl/client/outbound/AbstractOutboundPipelineFactory.java
37,bbb-common-web/src/main/java/org/bigbluebutton/web/services/KeepAliveMessage.java
59,akka-bbb-fsesl/src/main/java/org/bigbluebutton/freeswitch/voice/events/UnknownConferenceEvent.java
6,build/packages-template/bbb-html5/build.sh
54,build/packages-template/bbb-apps-akka/build.sh
57,akka-bbb-fsesl/src/main/java/org/bigbluebutton/freeswitch/voice/freeswitch/actions/ConferenceCheckRecordCommand.java
66,akka-bbb-fsesl/src/main/java/org/bigbluebutton/freeswitch/voice/events/VoiceConferenceEvent.java
66,bbb-fsesl-client/src/main/java/org/freeswitch/esl/client/IEslEventListener.java
54,akka-bbb-apps/src/main/scala/org/bigbluebutton/core/util/jhotdraw/PathData.java
72,build/packages-template/bbb-html5/opts-jammy.sh
62,bbb-fsesl-client/src/main/java/org/freeswitch/esl/client/manager/internal/ManagerConnectionImpl.java
58,build/packages-template/bbb-freeswitch-core/before-remove.sh
59,akka-bbb-fsesl/src/main/java/org/bigbluebutton/freeswitch/voice/events/ConferenceEventListener.java
59,akka-bbb-fsesl/src/main/java/org/bigbluebutton/freeswitch/voice/freeswitch/actions/TransferUserToMeetingCommand.java
62,akka-bbb-fsesl/src/main/java/org/bigbluebutton/freeswitch/voice/events/UnknownConferenceEvent.java
62,akka-bbb-fsesl/src/main/java/org/bigbluebutton/freeswitch/voice/freeswitch/actions/FreeswitchCommand.java
60,bbb-fsesl-client/src/main/java/org/freeswitch/esl/client/manager/ManagerConnection.java
61,akka-bbb-fsesl/src/main/java/org/bigbluebutton/freeswitch/voice/events/VoiceStartRecordingEvent.java
58,akka-bbb-fsesl/src/main/java/org/bigbluebutton/freeswitch/voice/freeswitch/actions/TransferUserToMeetingCommand.java
63,bbb-fsesl-client/src/main/java/org/freeswitch/esl/client/transport/event/EslEventHeaderNames.java
21,bigbluebutton-html5/transifex.sh
52,akka-bbb-apps/run-dev.sh
63,akka-bbb-fsesl/src/main/java/org/bigbluebutton/freeswitch/voice/FreeswitchConferenceEventListener.java
72,build/packages-template/bbb-html5-nodejs/build.sh
60,akka-bbb-fsesl/src/main/java/org/bigbluebutton/freeswitch/voice/events/VoiceUserTalkingEvent.java
62,bbb-fsesl-client/src/main/java/org/freeswitch/esl/client/transport/message/EslHeaders.java
63,bbb-fsesl-client/src/main/java/org/freeswitch/esl/client/outbound/example/SimpleHangupOutboundHandler.java
72,akka-bbb-fsesl/src/main/java/org/bigbluebutton/freeswitch/voice/freeswitch/actions/EjectUserCommand.java
42,build/packages-template/bbb-webrtc-sfu/after-install.sh
62,akka-bbb-fsesl/src/main/java/org/bigbluebutton/freeswitch/voice/freeswitch/response/XMLResponseConferenceListParser.java
66,bbb-fsesl-client/src/main/java/org/freeswitch/esl/client/outbound/AbstractOutboundClientHandler.java
6,bbb-graphql-middleware/demo/client/run-watch.sh
61,akka-bbb-fsesl/src/main/java/org/bigbluebutton/freeswitch/voice/freeswitch/actions/CheckFreeswitchStatusCommand.java
5,bigbluebutton-html5/test-html5.sh
57,akka-bbb-fsesl/src/main/java/org/bigbluebutton/freeswitch/voice/freeswitch/DelayedCommandSenderService.java
62,akka-bbb-fsesl/src/main/java/org/bigbluebutton/freeswitch/voice/events/ConfMember.java
20,build/packages-template/bbb-graphql-server/opts-jammy.sh
62,bbb-fsesl-client/src/main/java/org/freeswitch/esl/client/outbound/example/SimpleHangupOutboundHandler.java
4,build/packages-template/bbb-html5/mongod_start_pre.sh
52,akka-bbb-apps/src/main/scala/org/bigbluebutton/core/util/jhotdraw/Geom.java
60,bbb-fsesl-client/src/test/java/org/freeswitch/esl/client/outbound/SocketClientTest.java
37,bbb-common-web/src/main/java/org/bigbluebutton/web/services/UserCleanupTimerTask.java
63,akka-bbb-fsesl/src/main/java/org/bigbluebutton/freeswitch/voice/events/ConfMember.java
4,build/packages-template/bbb-html5/before-install.sh
37,bbb-common-web/src/main/java/org/bigbluebutton/web/services/turn/TurnEntry.java
57,akka-bbb-fsesl/src/main/java/org/bigbluebutton/freeswitch/voice/freeswitch/actions/HoldUserCommand.java
60,akka-bbb-fsesl/src/main/java/org/bigbluebutton/freeswitch/voice/events/FreeswitchHeartbeatEvent.java
57,akka-bbb-fsesl/src/main/java/org/bigbluebutton/freeswitch/voice/freeswitch/response/ConferenceMember.java
72,akka-bbb-fsesl/src/main/java/org/bigbluebutton/freeswitch/voice/events/VoiceConfRunningEvent.java
51,akka-bbb-apps/src/main/scala/org/bigbluebutton/core/util/jhotdraw/Geom.java
72,akka-bbb-fsesl/src/main/java/org/bigbluebutton/freeswitch/voice/events/VoiceUserTalkingEvent.java
60,bbb-fsesl-client/src/main/java/org/freeswitch/esl/client/manager/internal/ManagerConnectionImpl.java
67,build/packages-template/bbb-webrtc-sfu/before-install.sh
60,bbb-fsesl-client/src/main/java/org/freeswitch/esl/client/transport/event/EslEventHeaderNames.java
57,akka-bbb-fsesl/src/main/java/org/bigbluebutton/freeswitch/voice/commands/MuteUserCommand.java
60,build/packages-template/bbb-freeswitch-sounds/build.sh
63,build/packages-template/bbb-freeswitch-core/opts-jammy.sh
63,akka-bbb-fsesl/src/main/java/org/bigbluebutton/freeswitch/voice/events/VoiceUsersStatusEvent.java
37,build/packages-template/bbb-web/build.sh
59,akka-bbb-fsesl/src/main/java/org/bigbluebutton/freeswitch/voice/events/VoiceConfRunningEvent.java
21,bbb-graphql-server/build_hasura.sh
58,bbb-fsesl-client/src/main/java/org/freeswitch/esl/client/internal/IEslProtocolListener.java
60,akka-bbb-fsesl/src/main/java/org/bigbluebutton/freeswitch/voice/events/ConfMember.java
63,akka-bbb-fsesl/src/main/java/org/bigbluebutton/freeswitch/voice/commands/ConferenceCommand.java
60,akka-bbb-apps/src/debian/DEBIAN/preinst
21,build/packages-template/bbb-html5/before-install.sh
60,bbb-fsesl-client/src/main/java/org/freeswitch/esl/client/transport/event/EslEvent.java
57,akka-bbb-fsesl/src/main/java/org/bigbluebutton/freeswitch/voice/freeswitch/actions/CheckFreeswitchStatusCommand.java
59,akka-bbb-fsesl/src/main/java/org/bigbluebutton/freeswitch/voice/events/ConfMember.java
60,akka-bbb-fsesl/src/main/java/org/bigbluebutton/freeswitch/voice/freeswitch/actions/PlaySoundCommand.java
72,bigbluebutton-html5/test-html5.sh
60,akka-bbb-fsesl/src/main/java/org/bigbluebutton/freeswitch/voice/freeswitch/ESLEventListener.java
15,build/packages-template/bbb-graphql-server/after-remove.sh
54,akka-bbb-apps/src/main/scala/org/bigbluebutton/core/util/jhotdraw/PathCommands.java
57,bbb-fsesl-client/src/main/java/org/freeswitch/esl/client/inbound/InboundConnectionFailure.java
62,akka-bbb-fsesl/src/main/java/org/bigbluebutton/freeswitch/voice/freeswitch/IDelayedCommandListener.java
60,akka-bbb-fsesl/src/main/java/org/bigbluebutton/freeswitch/voice/freeswitch/actions/MuteUserCommand.java
62,build/packages-template/bbb-freeswitch-core/after-install.sh
60,bbb-fsesl-client/src/main/java/org/freeswitch/esl/client/internal/HeaderParser.java
8,build/packages-template/bbb-graphql-server/before-remove.sh
6,build/packages-template/bbb-html5/before-remove.sh
30,build/packages-template/bbb-web/setenv.sh
63,akka-bbb-fsesl/src/main/java/org/bigbluebutton/freeswitch/voice/freeswitch/DelayedCommandSenderService.java
66,akka-bbb-fsesl/src/main/java/org/bigbluebutton/freeswitch/voice/events/UnknownConferenceEvent.java
57,akka-bbb-fsesl/src/main/java/org/bigbluebutton/freeswitch/voice/commands/GetUsersCommand.java
15,build/packages-template/bbb-graphql-server/build.sh
62,bbb-fsesl-client/src/main/java/org/freeswitch/esl/client/outbound/example/SimpleHangupPipelineFactory.java
8,build/packages-template/bbb-html5/opts-jammy.sh
21,build/packages-template/bbb-html5/kill_mongo.sh
20,bigbluebutton-html5/transifex.sh
66,akka-bbb-fsesl/src/main/java/org/bigbluebutton/freeswitch/voice/IVoiceConferenceService.java
60,akka-bbb-fsesl/src/main/java/org/bigbluebutton/freeswitch/voice/freeswitch/response/ConferenceMemberFlags.java
21,build/packages-template/bbb-html5/build.sh
57,akka-bbb-fsesl/src/main/java/org/bigbluebutton/freeswitch/voice/freeswitch/ESLEventListener.java
63,akka-bbb-fsesl/src/main/java/org/bigbluebutton/freeswitch/voice/freeswitch/actions/EjectAllUsersCommand.java
62,akka-bbb-fsesl/src/main/java/org/bigbluebutton/freeswitch/voice/freeswitch/actions/GetAllUsersCommand.java
21,build/packages-template/bbb-html5/mongod_start_pre.sh
8,build/packages-template/bbb-html5/after-remove.sh
60,akka-bbb-fsesl/src/main/java/org/bigbluebutton/freeswitch/voice/events/UnknownConferenceEvent.java
66,akka-bbb-fsesl/src/main/java/org/bigbluebutton/freeswitch/voice/freeswitch/actions/DeafUserCommand.java
59,akka-bbb-fsesl/src/main/java/org/bigbluebutton/freeswitch/voice/commands/ConferenceCommandResult.java
59,akka-bbb-fsesl/src/main/java/org/bigbluebutton/freeswitch/voice/freeswitch/actions/FreeswitchCommand.java
59,akka-bbb-fsesl/src/main/java/org/bigbluebutton/freeswitch/voice/freeswitch/response/ConferenceMember.java
57,bbb-fsesl-client/src/test/java/org/freeswitch/esl/client/outbound/SocketClientTest.java
60,bbb-fsesl-client/src/main/java/org/freeswitch/esl/client/outbound/example/SimpleHangupOutboundHandler.java
19,build/packages-template/bbb-graphql-server/opts-jammy.sh
57,bbb-fsesl-client/src/main/java/org/freeswitch/esl/client/internal/AbstractEslClientHandler.java
60,akka-bbb-fsesl/src/main/java/org/bigbluebutton/freeswitch/voice/freeswitch/response/XMLResponseConferenceListParser.java
59,akka-bbb-fsesl/src/main/java/org/bigbluebutton/freeswitch/voice/freeswitch/DelayedCommandSenderService.java
49,bbb-common-message/src/main/java/org/bigbluebutton/common2/redis/RedisAwareCommunicator.java
15,build/packages-template/bbb-html5-nodejs/build.sh
58,bbb-fsesl-client/src/main/java/org/freeswitch/esl/client/example/HeartbeatThread.java
58,akka-bbb-fsesl/src/main/java/org/bigbluebutton/freeswitch/voice/freeswitch/actions/CheckFreeswitchStatusCommand.java
54,akka-bbb-apps/src/debian/DEBIAN/preinst
61,akka-bbb-fsesl/src/main/java/org/bigbluebutton/freeswitch/voice/commands/RecordCommand.java
21,build/packages-template/bbb-graphql-server/after-remove.sh
30,bbb-common-web/src/main/java/org/bigbluebutton/web/services/turn/RemoteIceCandidate.java
63,bbb-fsesl-client/src/main/java/org/freeswitch/esl/client/manager/DefaultManagerConnection.java
60,bbb-fsesl-client/src/main/java/org/freeswitch/esl/client/inbound/InboundClientHandler.java
5,build/packages-template/bbb-html5/build.sh
5,build/packages-template/bbb-html5/before-install.sh
58,akka-bbb-fsesl/src/main/java/org/bigbluebutton/freeswitch/voice/IVoiceConferenceService.java
57,akka-bbb-fsesl/src/main/java/org/bigbluebutton/freeswitch/voice/events/VoiceUserTalkingEvent.java
60,akka-bbb-fsesl/src/main/java/org/bigbluebutton/freeswitch/voice/freeswitch/actions/CheckIfConfIsRunningCommand.java
67,build/packages-template/bbb-webrtc-sfu/after-install.sh
60,akka-bbb-fsesl/src/main/java/org/bigbluebutton/freeswitch/voice/freeswitch/actions/CheckFreeswitchStatusCommand.java
72,build/packages-template/bbb-html5/before-remove.sh
57,akka-bbb-fsesl/src/main/java/org/bigbluebutton/freeswitch/voice/freeswitch/actions/MuteUserCommand.java
60,build/packages-template/bbb-freeswitch-core/before-remove.sh
60,akka-bbb-fsesl/run-dev.sh
52,bbb-common-web/src/main/java/org/bigbluebutton/common/messages/BbbAppsIsAliveMessage.java
60,akka-bbb-fsesl/src/main/java/org/bigbluebutton/freeswitch/voice/freeswitch/IDelayedCommandListener.java
57,akka-bbb-fsesl/src/main/java/org/bigbluebutton/freeswitch/voice/commands/ConferenceCommand.java
60,akka-bbb-fsesl/src/main/java/org/bigbluebutton/freeswitch/voice/freeswitch/actions/EjectAllUsersCommand.java
61,bbb-fsesl-client/src/main/java/org/freeswitch/esl/client/outbound/example/SimpleHangupPipelineFactory.java
66,bbb-fsesl-client/src/main/java/org/freeswitch/esl/client/manager/internal/ManagerConnectionImpl.java
14,bigbluebutton-html5/test-html5.sh
63,akka-bbb-fsesl/src/main/java/org/bigbluebutton/freeswitch/voice/commands/MuteUserCommand.java
37,build/packages-template/bbb-web/opts-jammy.sh
58,build/packages-template/bbb-freeswitch-core/fs_clibbb
66,akka-bbb-fsesl/src/main/java/org/bigbluebutton/freeswitch/voice/freeswitch/actions/EjectUserCommand.java
57,akka-bbb-fsesl/src/main/java/org/bigbluebutton/freeswitch/voice/freeswitch/actions/EjectUserCommand.java
63,akka-bbb-fsesl/src/main/java/org/bigbluebutton/freeswitch/voice/events/VoiceCallStateEvent.java
72,build/packages-template/bbb-html5/after-install.sh
60,akka-bbb-apps/src/main/scala/org/bigbluebutton/core/util/jhotdraw/BezierPathIterator.java
59,bbb-fsesl-client/src/main/java/org/freeswitch/esl/client/inbound/InboundConnectionFailure.java
61,akka-bbb-fsesl/src/main/java/org/bigbluebutton/freeswitch/voice/freeswitch/actions/DelayedCommand.java
59,bbb-fsesl-client/src/main/java/org/freeswitch/esl/client/internal/HeaderParser.java
63,akka-bbb-fsesl/src/main/java/org/bigbluebutton/freeswitch/voice/events/ConfRecording.java
59,akka-bbb-fsesl/src/main/java/org/bigbluebutton/freeswitch/voice/freeswitch/actions/BroadcastConferenceCommand.java
8,build/packages-template/bbb-html5/before-remove.sh
49,bbb-common-message/src/main/java/org/bigbluebutton/common2/redis/RedisStorageService.java
9,build/packages-template/bbb-html5/systemd_start_frontend.sh
58,bigbluebutton-config/cron.hourly/bbb-resync-freeswitch
62,build/packages-template/bbb-freeswitch-sounds/build.sh
60,akka-bbb-fsesl/src/main/java/org/bigbluebutton/freeswitch/voice/freeswitch/actions/EjectUserCommand.java
20,build/packages-template/bbb-html5/systemd_start.sh
72,bbb-fsesl-client/src/main/java/org/freeswitch/esl/client/transport/message/EslMessage.java
54,akka-bbb-apps/src/test/java/org/bigbluebutton/xml/Simple.java
61,akka-bbb-fsesl/src/main/java/org/bigbluebutton/freeswitch/voice/events/VoiceUserTalkingEvent.java
57,akka-bbb-fsesl/src/main/java/org/bigbluebutton/freeswitch/voice/freeswitch/actions/EjectAllUsersCommand.java
60,bbb-fsesl-client/src/main/java/org/freeswitch/esl/client/outbound/AbstractOutboundClientHandler.java
36,bbb-common-web/src/main/java/org/bigbluebutton/web/services/callback/MeetingEndedEvent.java
60,bbb-fsesl-client/src/main/java/org/freeswitch/esl/client/transport/message/EslMessage.java
72,akka-bbb-fsesl/src/main/java/org/bigbluebutton/freeswitch/voice/commands/GetUsersCommand.java
60,bbb-fsesl-client/src/main/java/org/freeswitch/esl/client/transport/CommandResponse.java
78,bbb-common-web/src/main/java/org/bigbluebutton/web/services/KeepAlivePong.java
60,bbb-fsesl-client/src/main/java/org/freeswitch/esl/client/transport/message/EslMessage.java
49,bbb-common-message/src/main/java/org/bigbluebutton/common2/redis/Keys.java
60,akka-bbb-fsesl/src/main/java/org/bigbluebutton/freeswitch/voice/freeswitch/actions/DelayedCommand.java
60,akka-bbb-fsesl/src/main/java/org/bigbluebutton/freeswitch/voice/freeswitch/actions/FreeswitchCommand.java
51,akka-bbb-apps/src/main/scala/org/bigbluebutton/core/util/jhotdraw/BezierWrapper.java
60,akka-bbb-fsesl/src/main/java/org/bigbluebutton/freeswitch/voice/events/VoiceUserTalkingEvent.java
61,akka-bbb-fsesl/src/main/java/org/bigbluebutton/freeswitch/voice/events/ConfRecording.java
6,build/packages-template/bbb-html5/workers-start.sh
21,build/packages-template/bbb-graphql-server/build.sh
30,bbb-common-web/src/main/java/org/bigbluebutton/web/services/callback/MeetingEndedEvent.java
78,build/packages-template/bbb-web/before-install.sh
63,akka-bbb-fsesl/src/main/java/org/bigbluebutton/freeswitch/voice/freeswitch/actions/ConferenceCheckRecordCommand.java
60,akka-bbb-fsesl/src/main/java/org/bigbluebutton/freeswitch/voice/events/VoiceUserLeftEvent.java
60,bbb-fsesl-client/src/main/java/org/freeswitch/esl/client/example/ExampleClient.java
37,bbb-common-web/src/main/java/org/bigbluebutton/web/services/KeepAlivePong.java
59,akka-bbb-fsesl/src/main/java/org/bigbluebutton/freeswitch/voice/freeswitch/actions/EjectAllUsersCommand.java
72,akka-bbb-fsesl/src/main/java/org/bigbluebutton/freeswitch/voice/freeswitch/actions/GetUsersStatusCommand.java
57,bbb-fsesl-client/src/main/java/org/freeswitch/esl/client/transport/CommandResponse.java
46,bbb-common-message/src/main/java/org/bigbluebutton/common2/redis/pubsub/MessageReceiver.java
37,bbb-common-web/src/main/java/org/bigbluebutton/web/services/IStorageService.java
30,bbb-common-web/src/main/java/org/bigbluebutton/web/services/UserCleanupTimerTask.java
72,bbb-fsesl-client/src/test/java/org/freeswitch/esl/client/transport/message/EslFrameDecoderTest.java
60,akka-bbb-fsesl/src/main/java/org/bigbluebutton/freeswitch/voice/freeswitch/actions/MuteUserCommand.java
60,akka-bbb-fsesl/src/main/java/org/bigbluebutton/freeswitch/voice/freeswitch/actions/EjectUserCommand.java
72,akka-bbb-fsesl/src/main/java/org/bigbluebutton/freeswitch/voice/freeswitch/actions/DelayedCommand.java
58,bbb-fsesl-client/src/main/java/org/freeswitch/esl/client/inbound/InboundPipelineFactory.java
63,bbb-fsesl-client/src/main/java/org/freeswitch/esl/client/manager/internal/ManagerConnectionImpl.java
79,bbb-common-message/src/main/java/org/bigbluebutton/common2/redis/pubsub/ReceivedMessageHandler.java
59,build/packages-template/bbb-freeswitch-core/build.sh
52,akka-bbb-apps/src/main/scala/org/bigbluebutton/core/util/jhotdraw/BezierPath.java
63,akka-bbb-fsesl/src/main/java/org/bigbluebutton/freeswitch/voice/freeswitch/actions/BroadcastConferenceCommand.java
78,bbb-common-web/src/main/java/org/bigbluebutton/web/services/KeepAlivePing.java
60,build/packages-template/bbb-freeswitch-core/build.sh
4,build/packages-template/bbb-html5/opts-jammy.sh
59,akka-bbb-fsesl/src/main/java/org/bigbluebutton/freeswitch/voice/events/ConfRecording.java
61,akka-bbb-fsesl/src/main/java/org/bigbluebutton/freeswitch/voice/events/VoiceCallStateEvent.java
66,build/packages-template/bbb-freeswitch-core/before-install.sh
63,akka-bbb-fsesl/src/main/java/org/bigbluebutton/freeswitch/voice/events/ConferenceEventListener.java
62,bbb-fsesl-client/src/main/java/org/freeswitch/esl/client/inbound/InboundConnectionFailure.java
60,akka-bbb-fsesl/src/main/java/org/bigbluebutton/freeswitch/voice/freeswitch/DelayedCommandSenderService.java
48,bbb-common-message/src/main/java/org/bigbluebutton/common2/redis/RedisStorageService.java
57,bbb-fsesl-client/src/main/java/org/freeswitch/esl/client/outbound/example/SimpleHangupOutboundHandler.java
57,akka-bbb-fsesl/wait-for-it.sh
51,build/packages-template/bbb-apps-akka/build.sh
61,akka-bbb-fsesl/src/main/java/org/bigbluebutton/freeswitch/voice/FreeswitchConferenceEventListener.java
62,bbb-fsesl-client/src/main/java/org/freeswitch/esl/client/manager/ManagerConnection.java
58,akka-bbb-fsesl/src/main/java/org/bigbluebutton/freeswitch/voice/commands/ConferenceCommandResult.java
66,bbb-fsesl-client/src/test/java/org/freeswitch/esl/client/inbound/ClientTest.java
72,bbb-fsesl-client/src/main/java/org/freeswitch/esl/client/manager/internal/ManagerConnectionImpl.java
57,akka-bbb-fsesl/src/main/java/org/bigbluebutton/freeswitch/voice/events/FreeswitchHeartbeatEvent.java
63,bbb-fsesl-client/src/main/java/org/freeswitch/esl/client/transport/message/EslMessage.java
30,bbb-common-web/src/main/java/org/bigbluebutton/web/services/KeepAlivePing.java
72,build/packages-template/bbb-freeswitch-core/opts-jammy.sh
60,bbb-common-web/src/main/java/org/bigbluebutton/common/messages/BbbAppsIsAliveMessage.java
58,bbb-fsesl-client/src/main/java/org/freeswitch/esl/client/outbound/AbstractOutboundPipelineFactory.java
66,bbb-fsesl-client/src/main/java/org/freeswitch/esl/client/example/HeartbeatThread.java
19,build/packages-template/bbb-graphql-server/after-install.sh
59,bigbluebutton-config/cron.hourly/bbb-resync-freeswitch
60,akka-bbb-fsesl/src/main/java/org/bigbluebutton/freeswitch/voice/commands/EjectUserCommand.java
8,build/packages-template/bbb-html5/after-install.sh
72,bbb-graphql-middleware/demo/client/run-watch.sh
72,akka-bbb-fsesl/src/main/java/org/bigbluebutton/freeswitch/voice/freeswitch/actions/ConferenceCheckRecordCommand.java
20,build/packages-template/bbb-html5-nodejs/build.sh
58,bbb-fsesl-client/src/main/java/org/freeswitch/esl/client/transport/event/EslEvent.java
21,build/packages-template/bbb-html5/after-install.sh
57,akka-bbb-fsesl/src/main/java/org/bigbluebutton/freeswitch/voice/events/VoiceUserMutedEvent.java
59,bbb-fsesl-client/src/main/java/org/freeswitch/esl/client/transport/SendMsg.java
60,akka-bbb-fsesl/src/main/java/org/bigbluebutton/freeswitch/voice/events/ConfMember.java
37,bbb-common-web/src/main/java/org/bigbluebutton/web/services/KeepAlivePing.java
60,akka-bbb-apps/run-dev.sh
60,bbb-fsesl-client/src/main/java/org/freeswitch/esl/client/example/EslEventListener.java
19,bigbluebutton-html5/deploy_to_usr_share.sh
58,akka-bbb-fsesl/src/main/java/org/bigbluebutton/freeswitch/voice/events/VoiceConferenceEvent.java
58,bbb-fsesl-client/src/main/java/org/freeswitch/esl/client/outbound/SocketClient.java
26,akka-bbb-apps/src/main/scala/org/bigbluebutton/core/util/jhotdraw/Bezier.java
58,bbb-fsesl-client/src/main/java/org/freeswitch/esl/client/transport/message/EslFrameDecoder.java
62,akka-bbb-fsesl/src/main/java/org/bigbluebutton/freeswitch/voice/freeswitch/actions/ConferenceCheckRecordCommand.java
63,build/packages-template/bbb-freeswitch-core/after-remove.sh
42,build/packages-template/bbb-webrtc-sfu/before-install.sh
60,akka-bbb-fsesl/src/main/java/org/bigbluebutton/freeswitch/voice/events/VoiceConfRunningAndRecordingEvent.java
72,bigbluebutton-config/cron.hourly/bbb-resync-freeswitch
58,bbb-fsesl-client/src/main/java/org/freeswitch/esl/client/outbound/AbstractOutboundClientHandler.java
59,bbb-fsesl-client/src/main/java/org/freeswitch/esl/client/IEslEventListener.java
63,akka-bbb-fsesl/src/main/java/org/bigbluebutton/freeswitch/voice/freeswitch/actions/StopSoundCommand.java
46,bbb-common-message/src/main/java/org/bigbluebutton/common2/redis/pubsub/MessageToSend.java
36,bbb-common-web/src/main/java/org/bigbluebutton/web/services/KeepAliveService.java
62,build/packages-template/bbb-freeswitch-core/fs_clibbb
59,build/packages-template/bbb-freeswitch-sounds/build.sh
62,akka-bbb-fsesl/src/main/java/org/bigbluebutton/freeswitch/voice/freeswitch/actions/PlaySoundCommand.java
63,akka-bbb-fsesl/src/main/java/org/bigbluebutton/freeswitch/voice/freeswitch/actions/RecordConferenceCommand.java
9,build/packages-template/bbb-html5-nodejs/build.sh
57,akka-bbb-fsesl/src/main/java/org/bigbluebutton/freeswitch/voice/events/VoiceConfRunningEvent.java
60,akka-bbb-fsesl/src/main/java/org/bigbluebutton/freeswitch/voice/freeswitch/actions/RecordConferenceCommand.java
59,akka-bbb-fsesl/src/main/java/org/bigbluebutton/freeswitch/voice/events/FreeswitchHeartbeatEvent.java
63,akka-bbb-fsesl/src/main/java/org/bigbluebutton/freeswitch/voice/events/UnknownConferenceEvent.java
14,build/packages-template/bbb-html5/after-remove.sh
60,bbb-fsesl-client/src/main/java/org/freeswitch/esl/client/internal/IEslProtocolListener.java
57,akka-bbb-fsesl/src/main/java/org/bigbluebutton/freeswitch/voice/freeswitch/actions/GetUsersStatusCommand.java
66,bbb-fsesl-client/src/main/java/org/freeswitch/esl/client/inbound/Client.java
78,bbb-common-web/src/main/java/org/bigbluebutton/web/services/IStorageService.java
59,bbb-fsesl-client/src/main/java/org/freeswitch/esl/client/internal/IEslProtocolListener.java
62,akka-bbb-fsesl/src/main/java/org/bigbluebutton/freeswitch/voice/commands/GetUsersCommand.java
63,akka-bbb-fsesl/src/main/java/org/bigbluebutton/freeswitch/voice/freeswitch/actions/DelayedCommand.java
66,akka-bbb-fsesl/src/main/java/org/bigbluebutton/freeswitch/voice/commands/GetUsersCommand.java
60,akka-bbb-apps/src/main/scala/org/bigbluebutton/core/util/jhotdraw/Bezier.java
57,akka-bbb-fsesl/src/main/java/org/bigbluebutton/freeswitch/voice/freeswitch/actions/FreeswitchCommand.java
36,bbb-common-web/src/main/java/org/bigbluebutton/web/services/turn/TurnEntry.java
30,build/packages-template/bbb-web/before-install.sh
62,akka-bbb-fsesl/src/main/java/org/bigbluebutton/freeswitch/voice/freeswitch/actions/HoldUserCommand.java
66,akka-bbb-fsesl/src/main/java/org/bigbluebutton/freeswitch/voice/freeswitch/actions/MuteUserCommand.java
78,bbb-common-web/src/main/java/org/bigbluebutton/web/services/UserCleanupTimerTask.java
57,bbb-fsesl-client/src/test/java/org/freeswitch/esl/client/inbound/ClientTest.java
52,akka-bbb-apps/deploy.sh
59,bbb-fsesl-client/src/main/java/org/freeswitch/esl/client/internal/AbstractEslClientHandler.java
26,akka-bbb-apps/run.sh
66,akka-bbb-fsesl/src/main/java/org/bigbluebutton/freeswitch/voice/events/VoiceUsersStatusEvent.java
15,build/packages-template/bbb-html5/build.sh
60,akka-bbb-fsesl/src/main/java/org/bigbluebutton/freeswitch/voice/events/ConferenceEventListener.java
15,build/packages-template/bbb-html5/before-install.sh
72,akka-bbb-fsesl/src/main/java/org/bigbluebutton/freeswitch/voice/events/VoiceStartRecordingEvent.java
52,akka-bbb-apps/src/main/scala/org/bigbluebutton/core/util/jhotdraw/PathData.java
9,build/packages-template/bbb-html5/opts-jammy.sh
62,bbb-fsesl-client/src/main/java/org/freeswitch/esl/client/transport/message/EslMessage.java
60,bbb-fsesl-client/src/main/java/org/freeswitch/esl/client/internal/HeaderParser.java
62,akka-bbb-fsesl/src/main/java/org/bigbluebutton/freeswitch/voice/events/ConferenceEventListener.java
63,akka-bbb-fsesl/src/main/java/org/bigbluebutton/freeswitch/voice/freeswitch/actions/FreeswitchCommand.java
59,bbb-fsesl-client/src/main/java/org/freeswitch/esl/client/outbound/SocketClient.java
72,build/packages-template/bbb-html5/systemd_start.sh
20,bbb-graphql-server/install-hasura.sh
66,akka-bbb-fsesl/src/main/java/org/bigbluebutton/freeswitch/voice/FreeswitchConferenceEventListener.java
63,akka-bbb-fsesl/src/main/java/org/bigbluebutton/freeswitch/voice/freeswitch/actions/GetUsersStatusCommand.java
4,build/packages-template/bbb-html5/workers-start.sh
60,akka-bbb-fsesl/src/debian/DEBIAN/postinst
57,akka-bbb-fsesl/src/main/java/org/bigbluebutton/freeswitch/voice/freeswitch/actions/PlaySoundCommand.java
60,akka-bbb-fsesl/src/main/java/org/bigbluebutton/freeswitch/voice/FreeswitchConferenceEventListener.java
59,akka-bbb-fsesl/src/main/java/org/bigbluebutton/freeswitch/voice/freeswitch/FreeswitchApplication.java
60,akka-bbb-fsesl/src/main/java/org/bigbluebutton/freeswitch/voice/events/VoiceConferenceEvent.java
60,akka-bbb-fsesl/src/main/java/org/bigbluebutton/freeswitch/voice/freeswitch/actions/DeafUserCommand.java
60,akka-bbb-fsesl/src/main/java/org/bigbluebutton/freeswitch/voice/events/ConfRecording.java
58,build/packages-template/bbb-freeswitch-core/before-install.sh
66,bbb-fsesl-client/src/test/java/org/freeswitch/esl/client/transport/message/EslFrameDecoderTest.java
72,akka-bbb-fsesl/src/main/java/org/bigbluebutton/freeswitch/voice/freeswitch/actions/MuteUserCommand.java
9,build/packages-template/bbb-html5/build.sh
42,build/packages-template/bbb-webrtc-sfu/before-remove.sh
66,akka-bbb-fsesl/src/main/java/org/bigbluebutton/freeswitch/voice/events/VoiceCallStateEvent.java
5,bbb-graphql-client-test/deploy.sh
4,build/packages-template/bbb-html5/systemd_start.sh
60,akka-bbb-fsesl/src/main/java/org/bigbluebutton/freeswitch/voice/events/VoiceUserMutedEvent.java
72,akka-bbb-fsesl/src/main/java/org/bigbluebutton/freeswitch/voice/freeswitch/response/ConferenceMemberFlags.java
6,bigbluebutton-html5/deploy_to_usr_share.sh
58,akka-bbb-fsesl/src/main/java/org/bigbluebutton/freeswitch/voice/events/VoiceUserJoinedEvent.java
57,bbb-fsesl-client/src/main/java/org/freeswitch/esl/client/transport/message/EslHeaders.java
63,akka-bbb-fsesl/src/main/java/org/bigbluebutton/freeswitch/voice/freeswitch/IDelayedCommandListener.java
66,akka-bbb-fsesl/src/main/java/org/bigbluebutton/freeswitch/voice/events/VoiceUserMutedEvent.java
57,bbb-fsesl-client/src/main/java/org/freeswitch/esl/client/transport/event/EslEvent.java
59,bbb-fsesl-client/src/main/java/org/freeswitch/esl/client/manager/DefaultManagerConnection.java
8,bigbluebutton-html5/transifex.sh
59,akka-bbb-fsesl/src/main/java/org/bigbluebutton/freeswitch/voice/freeswitch/actions/CheckIfConfIsRunningCommand.java
63,bbb-fsesl-client/src/main/java/org/freeswitch/esl/client/inbound/Client.java
66,build/packages-template/bbb-freeswitch-core/opts-jammy.sh
79,bbb-common-message/src/main/java/org/bigbluebutton/common2/redis/pubsub/MessageDistributor.java
60,akka-bbb-fsesl/src/main/java/org/bigbluebutton/freeswitch/voice/commands/ConferenceCommand.java
4,bigbluebutton-html5/run-dev.sh
66,akka-bbb-fsesl/src/main/java/org/bigbluebutton/freeswitch/voice/ConferenceServerListener.java
58,akka-bbb-fsesl/src/main/java/org/bigbluebutton/freeswitch/voice/freeswitch/actions/FreeswitchCommand.java
63,build/packages-template/bbb-freeswitch-core/before-remove.sh
60,bbb-fsesl-client/src/test/java/org/freeswitch/esl/client/outbound/SocketClientTest.java
59,akka-bbb-fsesl/src/main/java/org/bigbluebutton/freeswitch/voice/FreeswitchConferenceEventListener.java
72,bbb-fsesl-client/src/main/java/org/freeswitch/esl/client/outbound/example/SimpleHangupOutboundHandler.java
61,build/packages-template/bbb-freeswitch-core/after-remove.sh
59,bbb-fsesl-client/src/main/java/org/freeswitch/esl/client/example/HeartbeatThread.java
60,bbb-fsesl-client/src/main/java/org/freeswitch/esl/client/internal/debug/ExecutionHandler.java
78,bbb-common-web/src/main/java/org/bigbluebutton/web/services/callback/DelayCallback.java
57,akka-bbb-fsesl/src/main/java/org/bigbluebutton/freeswitch/voice/ConferenceServerListener.java
59,akka-bbb-fsesl/src/main/java/org/bigbluebutton/freeswitch/voice/events/VoiceConfRunningAndRecordingEvent.java
21,build/packages-template/bbb-html5/after-remove.sh
62,bigbluebutton-config/cron.hourly/bbb-resync-freeswitch
72,akka-bbb-fsesl/src/main/java/org/bigbluebutton/freeswitch/voice/FreeswitchConferenceEventListener.java
57,akka-bbb-fsesl/src/main/java/org/bigbluebutton/freeswitch/voice/events/VoiceUserLockedEvent.java
57,akka-bbb-fsesl/src/main/java/org/bigbluebutton/freeswitch/voice/events/FreeswitchStatusReplyEvent.java
58,akka-bbb-fsesl/src/main/java/org/bigbluebutton/freeswitch/voice/FreeswitchConferenceEventListener.java
57,bbb-fsesl-client/src/main/java/org/freeswitch/esl/client/outbound/AbstractOutboundClientHandler.java
63,akka-bbb-fsesl/src/main/java/org/bigbluebutton/freeswitch/voice/events/VoiceStartRecordingEvent.java
60,bbb-fsesl-client/src/test/java/org/freeswitch/esl/client/transport/message/EslFrameDecoderTest.java
14,build/packages-template/bbb-html5/after-install.sh
9,build/packages-template/bbb-html5/before-install.sh
63,bbb-fsesl-client/src/main/java/org/freeswitch/esl/client/manager/ManagerConnection.java
6,build/packages-template/bbb-html5/after-remove.sh
61,akka-bbb-fsesl/src/main/java/org/bigbluebutton/freeswitch/voice/commands/ConferenceCommandResult.java
37,build/packages-template/bbb-web/setenv.sh
63,bbb-fsesl-client/src/test/java/org/freeswitch/esl/client/inbound/ClientTest.java
8,build/packages-template/bbb-html5-nodejs/build.sh
59,bbb-fsesl-client/src/main/java/org/freeswitch/esl/client/manager/internal/ManagerConnectionImpl.java
63,bbb-fsesl-client/src/test/java/org/freeswitch/esl/client/transport/message/EslFrameDecoderTest.java
60,akka-bbb-fsesl/src/main/java/org/bigbluebutton/freeswitch/voice/events/VoiceStartRecordingEvent.java
20,build/packages-template/bbb-graphql-server/build.sh
60,akka-bbb-fsesl/src/main/java/org/bigbluebutton/freeswitch/voice/ConferenceServerListener.java
59,akka-bbb-fsesl/src/main/java/org/bigbluebutton/freeswitch/voice/freeswitch/response/XMLResponseConferenceListParser.java
60,bbb-fsesl-client/src/main/java/org/freeswitch/esl/client/manager/ManagerConnection.java
59,akka-bbb-fsesl/src/main/java/org/bigbluebutton/freeswitch/voice/events/VoiceStartRecordingEvent.java
60,bbb-fsesl-client/src/test/java/org/freeswitch/esl/client/transport/message/EslFrameDecoderTest.java
58,akka-bbb-fsesl/src/main/java/org/bigbluebutton/freeswitch/voice/commands/MuteUserCommand.java
47,bbb-common-message/src/main/java/org/bigbluebutton/common2/redis/pubsub/MessageToSend.java
63,build/packages-template/bbb-freeswitch-core/before-install.sh
60,akka-bbb-fsesl/src/main/java/org/bigbluebutton/freeswitch/voice/events/FreeswitchStatusReplyEvent.java
59,freeswitch.placeholder.sh
58,akka-bbb-fsesl/src/main/java/org/bigbluebutton/freeswitch/voice/freeswitch/actions/CheckIfConfIsRunningCommand.java
62,bbb-fsesl-client/src/main/java/org/freeswitch/esl/client/inbound/InboundPipelineFactory.java
60,akka-bbb-fsesl/wait-for-it.sh
62,akka-bbb-fsesl/src/main/java/org/bigbluebutton/freeswitch/voice/freeswitch/actions/MuteUserCommand.java
66,akka-bbb-fsesl/src/main/java/org/bigbluebutton/freeswitch/voice/freeswitch/actions/RecordConferenceCommand.java
59,akka-bbb-fsesl/src/main/java/org/bigbluebutton/freeswitch/voice/freeswitch/response/ConferenceMemberFlags.java
61,akka-bbb-fsesl/src/main/java/org/bigbluebutton/freeswitch/voice/ConferenceServerListener.java
58,bbb-fsesl-client/src/main/java/org/freeswitch/esl/client/outbound/example/SimpleHangupOutboundHandler.java
58,bbb-fsesl-client/src/main/java/org/freeswitch/esl/client/example/EslEventListener.java
63,akka-bbb-fsesl/src/main/java/org/bigbluebutton/freeswitch/voice/freeswitch/actions/EjectUserCommand.java
60,akka-bbb-fsesl/src/main/java/org/bigbluebutton/freeswitch/voice/commands/EjectUserCommand.java
57,akka-bbb-fsesl/src/main/java/org/bigbluebutton/freeswitch/voice/events/VoiceConferenceEvent.java
63,akka-bbb-fsesl/src/main/java/org/bigbluebutton/freeswitch/voice/events/AudioFloorChangedEvent.java
57,bbb-fsesl-client/src/main/java/org/freeswitch/esl/client/transport/SendMsg.java
52,akka-bbb-apps/src/main/scala/org/bigbluebutton/core/util/jhotdraw/BezierPathIterator.java
37,bbb-common-web/src/main/java/org/bigbluebutton/web/services/EnteredUserCleanupTimerTask.java
66,akka-bbb-fsesl/src/main/java/org/bigbluebutton/freeswitch/voice/events/ConferenceEventListener.java
60,bbb-fsesl-client/src/main/java/org/freeswitch/esl/client/manager/DefaultManagerConnection.java
60,bbb-fsesl-client/src/main/java/org/freeswitch/esl/client/inbound/InboundPipelineFactory.java
52,akka-bbb-apps/src/main/scala/org/bigbluebutton/core/util/jhotdraw/Shapes.java
5,bbb-graphql-middleware/demo/client/run-watch.sh
58,akka-bbb-fsesl/src/main/java/org/bigbluebutton/freeswitch/voice/events/FreeswitchHeartbeatEvent.java
59,bbb-fsesl-client/src/main/java/org/freeswitch/esl/client/manager/ManagerConnection.java
4,build/packages-template/bbb-html5/kill_mongo.sh
4,build/packages-template/bbb-html5/after-install.sh
60,bbb-fsesl-client/src/main/java/org/freeswitch/esl/client/inbound/Client.java
59,akka-bbb-fsesl/src/main/java/org/bigbluebutton/freeswitch/voice/commands/MuteUserCommand.java
37,bbb-common-web/src/main/java/org/bigbluebutton/web/services/turn/TurnServer.java
36,bbb-common-web/src/main/java/org/bigbluebutton/web/services/turn/StunTurnService.java
59,bbb-fsesl-client/src/test/java/org/freeswitch/esl/client/transport/message/EslFrameDecoderTest.java
61,akka-bbb-fsesl/src/main/java/org/bigbluebutton/freeswitch/voice/freeswitch/actions/FreeswitchCommand.java
59,akka-bbb-fsesl/src/main/java/org/bigbluebutton/freeswitch/voice/freeswitch/ESLEventListener.java
58,akka-bbb-fsesl/src/main/java/org/bigbluebutton/freeswitch/voice/events/VoiceUserTalkingEvent.java
62,bbb-fsesl-client/src/main/java/org/freeswitch/esl/client/inbound/InboundClientHandler.java
5,bigbluebutton-html5/deploy_to_usr_share.sh
60,akka-bbb-fsesl/src/main/java/org/bigbluebutton/freeswitch/voice/freeswitch/response/ConferenceMemberFlags.java
72,bbb-fsesl-client/src/main/java/org/freeswitch/esl/client/transport/CommandResponse.java
66,akka-bbb-fsesl/src/main/java/org/bigbluebutton/freeswitch/voice/events/VoiceUserLeftEvent.java
59,bbb-fsesl-client/src/main/java/org/freeswitch/esl/client/outbound/AbstractOutboundClientHandler.java
72,akka-bbb-fsesl/src/main/java/org/bigbluebutton/freeswitch/voice/events/VoiceCallStateEvent.java
59,akka-bbb-fsesl/src/main/java/org/bigbluebutton/freeswitch/voice/events/VoiceUserJoinedEvent.java
37,bbb-common-web/src/main/java/org/bigbluebutton/web/services/turn/StunServer.java
26,akka-bbb-apps/src/main/scala/org/bigbluebutton/core/util/jhotdraw/PathData.java
60,bbb-common-message/src/main/java/org/bigbluebutton/common2/redis/pubsub/MessageSender.java
61,akka-bbb-fsesl/src/main/java/org/bigbluebutton/freeswitch/voice/events/FreeswitchStatusReplyEvent.java
30,build/packages-template/bbb-web/after-install.sh
72,bbb-fsesl-client/src/main/java/org/freeswitch/esl/client/inbound/InboundPipelineFactory.java
5,build/packages-template/bbb-html5/systemd_start_frontend.sh
60,akka-bbb-fsesl/src/main/java/org/bigbluebutton/freeswitch/voice/freeswitch/actions/GetUsersStatusCommand.java
72,freeswitch.placeholder.sh
57,akka-bbb-fsesl/src/main/java/org/bigbluebutton/freeswitch/voice/freeswitch/IDelayedCommandListener.java
14,build/packages-template/bbb-html5/workers-start.sh
8,build/packages-template/bbb-html5/kill_mongo.sh
9,bbb-graphql-server/install-hasura.sh
57,akka-bbb-fsesl/src/main/java/org/bigbluebutton/freeswitch/voice/freeswitch/actions/GetAllUsersCommand.java
58,akka-bbb-fsesl/src/main/java/org/bigbluebutton/freeswitch/voice/freeswitch/ConnectionManager.java
20,build/packages-template/bbb-html5/before-remove.sh
26,bbb-common-web/src/main/java/org/bigbluebutton/common/messages/BbbAppsIsAliveMessage.java
30,bbb-common-web/src/main/java/org/bigbluebutton/web/services/callback/CallbackUrlService.java
57,bbb-fsesl-client/deploy.sh
59,bbb-fsesl-client/src/main/java/org/freeswitch/esl/client/inbound/InboundPipelineFactory.java
66,akka-bbb-fsesl/src/main/java/org/bigbluebutton/freeswitch/voice/commands/RecordCommand.java
47,bbb-common-message/src/main/java/org/bigbluebutton/common2/redis/pubsub/MessageSender.java
63,akka-bbb-fsesl/src/main/java/org/bigbluebutton/freeswitch/voice/freeswitch/FreeswitchApplication.java
60,akka-bbb-fsesl/src/main/java/org/bigbluebutton/freeswitch/voice/commands/GetUsersCommand.java
37,bbb-common-web/src/main/java/org/bigbluebutton/web/services/callback/ICallbackEvent.java
62,akka-bbb-fsesl/src/main/java/org/bigbluebutton/freeswitch/voice/events/AudioFloorChangedEvent.java
8,build/packages-template/bbb-html5/mongod_start_pre.sh
57,build/packages-template/bbb-fsesl-akka/build.sh
62,bbb-fsesl-client/src/main/java/org/freeswitch/esl/client/outbound/AbstractOutboundClientHandler.java
6,build/packages-template/bbb-html5/systemd_start_frontend.sh
62,bbb-fsesl-client/src/main/java/org/freeswitch/esl/client/transport/event/EslEvent.java
66,build/packages-template/bbb-freeswitch-sounds/opts-jammy.sh
51,akka-bbb-apps/src/main/scala/org/bigbluebutton/core/util/jhotdraw/BezierPath.java
19,build/packages-template/bbb-html5/before-install.sh
5,build/packages-template/bbb-html5/mongod_start_pre.sh
60,akka-bbb-fsesl/src/main/java/org/bigbluebutton/freeswitch/voice/events/ConferenceEventListener.java
30,bbb-common-web/src/main/java/org/bigbluebutton/web/services/KeepAliveMessage.java
62,akka-bbb-fsesl/src/main/java/org/bigbluebutton/freeswitch/voice/events/VoiceUserLockedEvent.java
72,akka-bbb-fsesl/src/main/java/org/bigbluebutton/freeswitch/voice/freeswitch/actions/FreeswitchCommand.java
79,bbb-common-message/src/main/java/org/bigbluebutton/common2/redis/pubsub/MessageSender.java
58,bbb-fsesl-client/src/main/java/org/freeswitch/esl/client/transport/CommandResponse.java
19,bigbluebutton-html5/run-dev.sh
15,build/packages-template/bbb-graphql-server/after-install.sh
72,akka-bbb-fsesl/src/main/java/org/bigbluebutton/freeswitch/voice/commands/MuteUserCommand.java
58,bbb-fsesl-client/src/main/java/org/freeswitch/esl/client/manager/DefaultManagerConnection.java
60,akka-bbb-fsesl/src/main/java/org/bigbluebutton/freeswitch/voice/commands/MuteUserCommand.java
61,bbb-fsesl-client/src/main/java/org/freeswitch/esl/client/transport/message/EslMessage.java
26,akka-bbb-apps/src/main/scala/org/bigbluebutton/core/util/jhotdraw/BezierPathIterator.java
47,bbb-common-message/src/main/java/org/bigbluebutton/common2/redis/pubsub/ReceivedMessageHandler.java
61,akka-bbb-fsesl/src/main/java/org/bigbluebutton/freeswitch/voice/events/ConfMember.java
5,build/packages-template/bbb-html5/systemd_start.sh
62,bbb-fsesl-client/src/main/java/org/freeswitch/esl/client/internal/IEslProtocolListener.java
61,bbb-fsesl-client/src/main/java/org/freeswitch/esl/client/inbound/InboundConnectionFailure.java
54,akka-bbb-apps/src/main/scala/org/bigbluebutton/core/util/jhotdraw/BezierPath.java
79,bbb-common-message/src/main/java/org/bigbluebutton/common2/redis/pubsub/MessageReceiver.java
14,bbb-graphql-client-test/deploy.sh
36,build/packages-template/bbb-web/setenv.sh
66,akka-bbb-fsesl/src/main/java/org/bigbluebutton/freeswitch/voice/commands/ConferenceCommand.java
19,build/packages-template/bbb-html5/workers-start.sh
59,bbb-fsesl-client/src/main/java/org/freeswitch/esl/client/transport/event/EslEventHeaderNames.java
61,bbb-fsesl-client/src/main/java/org/freeswitch/esl/client/example/HeartbeatThread.java
72,akka-bbb-fsesl/src/main/java/org/bigbluebutton/freeswitch/voice/events/VoiceUserLockedEvent.java
72,akka-bbb-fsesl/src/main/java/org/bigbluebutton/freeswitch/voice/freeswitch/actions/DeafUserCommand.java
61,akka-bbb-fsesl/src/main/java/org/bigbluebutton/freeswitch/voice/freeswitch/FreeswitchApplication.java
47,bbb-common-message/src/main/java/org/bigbluebutton/common2/redis/pubsub/ReceivedMessage.java
15,bigbluebutton-html5/deploy_to_usr_share.sh
30,build/packages-template/bbb-web/build.sh
60,akka-bbb-apps/deploy.sh
62,akka-bbb-fsesl/src/main/java/org/bigbluebutton/freeswitch/voice/freeswitch/actions/CheckFreeswitchStatusCommand.java
58,akka-bbb-fsesl/src/main/java/org/bigbluebutton/freeswitch/voice/freeswitch/actions/ConferenceCheckRecordCommand.java
72,akka-bbb-fsesl/src/main/java/org/bigbluebutton/freeswitch/voice/events/VoiceUsersStatusEvent.java
72,bbb-fsesl-client/src/main/java/org/freeswitch/esl/client/example/HeartbeatThread.java
30,bbb-common-web/src/main/java/org/bigbluebutton/web/services/callback/ICallbackEvent.java
58,bbb-fsesl-client/src/main/java/org/freeswitch/esl/client/transport/event/EslEventHeaderNames.java
61,akka-bbb-fsesl/src/main/java/org/bigbluebutton/freeswitch/voice/freeswitch/ESLEventListener.java
59,akka-bbb-fsesl/src/main/java/org/bigbluebutton/freeswitch/voice/events/VoiceUserLockedEvent.java
5,build/packages-template/bbb-html5/before-remove.sh
14,build/packages-template/bbb-html5/before-remove.sh
63,akka-bbb-fsesl/src/main/java/org/bigbluebutton/freeswitch/voice/freeswitch/actions/ForceEjectUserCommand.java
62,bbb-fsesl-client/src/main/java/org/freeswitch/esl/client/IEslEventListener.java
72,bbb-fsesl-client/src/main/java/org/freeswitch/esl/client/example/ExampleClient.java
47,bbb-common-message/src/main/java/org/bigbluebutton/common2/redis/pubsub/MessageHandler.java
15,build/packages-template/bbb-html5/systemd_start.sh
20,build/packages-template/bbb-html5/mongod_start_pre.sh
72,akka-bbb-fsesl/src/main/java/org/bigbluebutton/freeswitch/voice/events/VoiceConfRunningAndRecordingEvent.java
61,build/packages-template/bbb-freeswitch-core/fs_clibbb
60,akka-bbb-fsesl/run.sh
4,bigbluebutton-html5/transifex.sh
66,akka-bbb-fsesl/src/main/java/org/bigbluebutton/freeswitch/voice/commands/ConferenceCommandResult.java
60,bbb-common-message/src/main/java/org/bigbluebutton/common2/redis/pubsub/ReceivedMessageHandler.java
30,bbb-common-web/src/main/java/org/bigbluebutton/web/services/turn/TurnEntry.java
72,bbb-fsesl-client/src/main/java/org/freeswitch/esl/client/internal/debug/ExecutionHandler.java
14,build/packages-template/bbb-html5/mongod_start_pre.sh
62,bbb-fsesl-client/src/main/java/org/freeswitch/esl/client/transport/CommandResponse.java
66,bbb-fsesl-client/src/main/java/org/freeswitch/esl/client/example/EslEventListener.java
21,build/packages-template/bbb-html5/before-remove.sh
59,akka-bbb-fsesl/src/main/java/org/bigbluebutton/freeswitch/voice/freeswitch/actions/ForceEjectUserCommand.java
78,build/packages-template/bbb-web/build.sh
37,bbb-common-web/src/main/java/org/bigbluebutton/web/services/callback/CallbackUrlService.java
63,bbb-fsesl-client/src/test/java/org/freeswitch/esl/client/outbound/SocketClientTest.java
60,akka-bbb-apps/run.sh
67,build/packages-template/bbb-webrtc-sfu/opts-jammy.sh
60,akka-bbb-fsesl/src/main/java/org/bigbluebutton/freeswitch/voice/freeswitch/actions/ForceEjectUserCommand.java
61,akka-bbb-fsesl/src/main/java/org/bigbluebutton/freeswitch/voice/freeswitch/actions/CheckIfConfIsRunningCommand.java
54,bbb-common-web/src/main/java/org/bigbluebutton/common/messages/BbbAppsIsAliveMessage.java
52,akka-bbb-apps/src/main/scala/org/bigbluebutton/core/util/jhotdraw/PathCommands.java
63,bbb-fsesl-client/src/main/java/org/freeswitch/esl/client/outbound/SocketClient.java
57,akka-bbb-fsesl/src/main/java/org/bigbluebutton/freeswitch/voice/freeswitch/actions/ForceEjectUserCommand.java
72,bbb-fsesl-client/src/main/java/org/freeswitch/esl/client/manager/ManagerConnection.java
60,bbb-fsesl-client/src/main/java/org/freeswitch/esl/client/transport/message/EslHeaders.java
15,bbb-graphql-server/install-hasura.sh
59,build/packages-template/bbb-freeswitch-core/opts-jammy.sh
62,akka-bbb-fsesl/src/main/java/org/bigbluebutton/freeswitch/voice/events/VoiceConfRunningEvent.java
6,build/packages-template/bbb-html5/before-install.sh
57,akka-bbb-fsesl/src/main/java/org/bigbluebutton/freeswitch/voice/commands/RecordCommand.java
60,bbb-fsesl-client/src/main/java/org/freeswitch/esl/client/internal/IEslProtocolListener.java
61,akka-bbb-fsesl/src/main/java/org/bigbluebutton/freeswitch/voice/freeswitch/IDelayedCommandListener.java
57,akka-bbb-fsesl/src/main/java/org/bigbluebutton/freeswitch/voice/freeswitch/actions/StopSoundCommand.java
61,akka-bbb-fsesl/src/main/java/org/bigbluebutton/freeswitch/voice/freeswitch/response/XMLResponseConferenceListParser.java
66,bbb-fsesl-client/src/test/java/org/freeswitch/esl/client/outbound/SocketClientTest.java
57,akka-bbb-fsesl/src/main/java/org/bigbluebutton/freeswitch/voice/events/ConfRecording.java
62,akka-bbb-fsesl/src/main/java/org/bigbluebutton/freeswitch/voice/freeswitch/actions/StopSoundCommand.java
78,build/packages-template/bbb-web/setenv.sh
46,bbb-common-message/src/main/java/org/bigbluebutton/common2/redis/pubsub/ReceivedMessageHandler.java
72,build/packages-template/bbb-freeswitch-core/after-install.sh
57,akka-bbb-fsesl/src/main/java/org/bigbluebutton/freeswitch/voice/FreeswitchConferenceEventListener.java
60,akka-bbb-fsesl/src/main/java/org/bigbluebutton/freeswitch/voice/FreeswitchConferenceEventListener.java
60,akka-bbb-fsesl/src/main/java/org/bigbluebutton/freeswitch/voice/freeswitch/FreeswitchApplication.java
60,build/packages-template/bbb-freeswitch-core/opts-jammy.sh
58,bbb-fsesl-client/src/main/java/org/freeswitch/esl/client/internal/AbstractEslClientHandler.java
5,bigbluebutton-html5/run-dev.sh
72,bbb-fsesl-client/src/main/java/org/freeswitch/esl/client/transport/SendMsg.java
19,build/packages-template/bbb-html5/systemd_start_frontend.sh
59,bbb-fsesl-client/src/test/java/org/freeswitch/esl/client/outbound/SocketClientTest.java
58,akka-bbb-fsesl/src/main/java/org/bigbluebutton/freeswitch/voice/freeswitch/response/XMLResponseConferenceListParser.java
58,akka-bbb-fsesl/src/main/java/org/bigbluebutton/freeswitch/voice/events/UnknownConferenceEvent.java
62,bbb-fsesl-client/src/main/java/org/freeswitch/esl/client/example/ExampleClient.java
72,akka-bbb-fsesl/src/main/java/org/bigbluebutton/freeswitch/voice/freeswitch/response/ConferenceMember.java
20,bbb-graphql-server/build_hasura.sh
8,build/packages-template/bbb-html5/workers-start.sh
58,akka-bbb-fsesl/src/main/java/org/bigbluebutton/freeswitch/voice/events/AudioFloorChangedEvent.java
60,akka-bbb-apps/src/test/java/org/bigbluebutton/xml/Simple.java
58,bbb-fsesl-client/src/main/java/org/freeswitch/esl/client/internal/debug/ChannelEventRunnable.java
60,akka-bbb-fsesl/src/main/java/org/bigbluebutton/freeswitch/voice/freeswitch/actions/HoldUserCommand.java
58,akka-bbb-fsesl/src/main/java/org/bigbluebutton/freeswitch/voice/commands/ConferenceCommand.java
15,bbb-graphql-server/build_hasura.sh
15,build/packages-template/bbb-html5/mongod_start_pre.sh
59,akka-bbb-fsesl/src/main/java/org/bigbluebutton/freeswitch/voice/ConferenceServerListener.java
59,akka-bbb-fsesl/src/main/java/org/bigbluebutton/freeswitch/voice/commands/GetUsersCommand.java
62,akka-bbb-fsesl/src/main/java/org/bigbluebutton/freeswitch/voice/freeswitch/actions/EjectUserCommand.java
60,akka-bbb-fsesl/src/main/java/org/bigbluebutton/freeswitch/voice/freeswitch/actions/FreeswitchCommand.java
60,akka-bbb-apps/src/main/scala/org/bigbluebutton/core/util/jhotdraw/PathCommands.java
9,build/packages-template/bbb-html5/systemd_start.sh
57,akka-bbb-fsesl/src/main/java/org/bigbluebutton/freeswitch/voice/events/ConferenceEventListener.java
67,bbb-webrtc-sfu.placeholder.sh
59,akka-bbb-fsesl/src/main/java/org/bigbluebutton/freeswitch/voice/events/VoiceUsersStatusEvent.java
4,bigbluebutton-html5/test-html5.sh
62,akka-bbb-fsesl/src/main/java/org/bigbluebutton/freeswitch/voice/freeswitch/response/ConferenceMember.java
15,build/packages-template/bbb-html5/systemd_start_frontend.sh
15,build/packages-template/bbb-graphql-server/before-remove.sh
20,build/packages-template/bbb-graphql-server/after-install.sh
59,akka-bbb-fsesl/src/main/java/org/bigbluebutton/freeswitch/voice/freeswitch/actions/GetUsersStatusCommand.java
72,bbb-fsesl-client/src/main/java/org/freeswitch/esl/client/internal/HeaderParser.java
8,bigbluebutton-html5/test-html5.sh
63,akka-bbb-fsesl/src/main/java/org/bigbluebutton/freeswitch/voice/freeswitch/actions/HoldUserCommand.java
61,akka-bbb-fsesl/src/main/java/org/bigbluebutton/freeswitch/voice/events/VoiceUserJoinedEvent.java
62,akka-bbb-fsesl/src/main/java/org/bigbluebutton/freeswitch/voice/events/VoiceUserTalkingEvent.java
60,akka-bbb-fsesl/src/debian/DEBIAN/preinst
46,bbb-common-message/src/main/java/org/bigbluebutton/common2/redis/pubsub/MessageSender.java
59,bbb-fsesl-client/src/main/java/org/freeswitch/esl/client/transport/message/EslMessage.java
61,build/packages-template/bbb-freeswitch-core/before-remove.sh
30,bbb-common-web/src/main/java/org/bigbluebutton/web/services/turn/StunTurnService.java
63,bigbluebutton-config/cron.hourly/bbb-resync-freeswitch
72,akka-bbb-fsesl/src/main/java/org/bigbluebutton/freeswitch/voice/commands/EjectUserCommand.java
60,akka-bbb-fsesl/src/main/java/org/bigbluebutton/freeswitch/voice/freeswitch/DelayedCommandSenderService.java
62,bbb-fsesl-client/src/main/java/org/freeswitch/esl/client/transport/event/EslEventHeaderNames.java
59,bbb-fsesl-client/src/main/java/org/freeswitch/esl/client/example/EslEventListener.java
61,akka-bbb-fsesl/src/main/java/org/bigbluebutton/freeswitch/voice/freeswitch/actions/EjectAllUsersCommand.java
62,akka-bbb-fsesl/src/main/java/org/bigbluebutton/freeswitch/voice/FreeswitchConferenceEventListener.java
36,bbb-common-web/src/main/java/org/bigbluebutton/web/services/turn/RemoteIceCandidate.java
59,bbb-fsesl-client/src/main/java/org/freeswitch/esl/client/internal/debug/ChannelEventRunnable.java
62,akka-bbb-fsesl/src/main/java/org/bigbluebutton/freeswitch/voice/freeswitch/ConnectionManager.java
6,bbb-graphql-client-test/deploy.sh
60,akka-bbb-fsesl/src/main/java/org/bigbluebutton/freeswitch/voice/freeswitch/response/ConferenceMember.java
61,akka-bbb-fsesl/src/main/java/org/bigbluebutton/freeswitch/voice/freeswitch/response/ConferenceMember.java
72,akka-bbb-fsesl/src/main/java/org/bigbluebutton/freeswitch/voice/freeswitch/FreeswitchApplication.java
59,akka-bbb-fsesl/src/main/java/org/bigbluebutton/freeswitch/voice/events/VoiceConferenceEvent.java
8,bigbluebutton-html5/deploy_to_usr_share.sh
62,bbb-fsesl-client/src/test/java/org/freeswitch/esl/client/outbound/SocketClientTest.java
63,akka-bbb-fsesl/src/main/java/org/bigbluebutton/freeswitch/voice/events/VoiceConfRunningEvent.java
72,akka-bbb-fsesl/src/main/java/org/bigbluebutton/freeswitch/voice/events/VoiceConferenceEvent.java
66,bbb-fsesl-client/src/main/java/org/freeswitch/esl/client/transport/message/EslHeaders.java
57,bbb-fsesl-client/src/main/java/org/freeswitch/esl/client/inbound/Client.java
51,akka-bbb-apps/src/debian/DEBIAN/postrm
20,build/packages-template/bbb-html5/systemd_start_frontend.sh
66,bbb-fsesl-client/src/main/java/org/freeswitch/esl/client/transport/CommandResponse.java
72,build/packages-template/bbb-freeswitch-sounds/opts-jammy.sh
5,bigbluebutton-html5/transifex.sh
15,bigbluebutton-html5/transifex.sh
8,build/packages-template/bbb-graphql-server/after-install.sh
59,akka-bbb-fsesl/src/main/java/org/bigbluebutton/freeswitch/voice/commands/ConferenceCommand.java
59,akka-bbb-fsesl/src/main/java/org/bigbluebutton/freeswitch/voice/commands/EjectUserCommand.java
61,akka-bbb-fsesl/src/main/java/org/bigbluebutton/freeswitch/voice/events/VoiceUsersStatusEvent.java
72,akka-bbb-fsesl/src/main/java/org/bigbluebutton/freeswitch/voice/events/FreeswitchHeartbeatEvent.java
57,akka-bbb-fsesl/src/main/java/org/bigbluebutton/freeswitch/voice/events/VoiceUsersStatusEvent.java
61,bigbluebutton-config/cron.hourly/bbb-resync-freeswitch
62,akka-bbb-fsesl/src/main/java/org/bigbluebutton/freeswitch/voice/events/FreeswitchStatusReplyEvent.java
63,akka-bbb-fsesl/src/main/java/org/bigbluebutton/freeswitch/voice/events/VoiceConfRunningAndRecordingEvent.java
66,akka-bbb-fsesl/src/main/java/org/bigbluebutton/freeswitch/voice/freeswitch/actions/DelayedCommand.java
60,akka-bbb-fsesl/src/main/java/org/bigbluebutton/freeswitch/voice/events/VoiceCallStateEvent.java
21,build/packages-template/bbb-graphql-server/before-remove.sh
58,akka-bbb-fsesl/src/main/java/org/bigbluebutton/freeswitch/voice/freeswitch/actions/GetAllUsersCommand.java
14,bigbluebutton-html5/deploy_to_usr_share.sh
15,build/packages-template/bbb-html5/after-remove.sh
26,akka-bbb-apps/src/main/scala/org/bigbluebutton/core/util/jhotdraw/Geom.java
72,akka-bbb-fsesl/src/main/java/org/bigbluebutton/freeswitch/voice/freeswitch/actions/PlaySoundCommand.java
72,akka-bbb-fsesl/src/main/java/org/bigbluebutton/freeswitch/voice/commands/RecordCommand.java
9,bigbluebutton-html5/transifex.sh
60,bbb-fsesl-client/src/main/java/org/freeswitch/esl/client/internal/debug/ExecutionHandler.java
61,bbb-fsesl-client/src/main/java/org/freeswitch/esl/client/internal/IEslProtocolListener.java
57,akka-bbb-fsesl/run-dev.sh
62,akka-bbb-fsesl/src/main/java/org/bigbluebutton/freeswitch/voice/commands/ConferenceCommand.java
20,build/packages-template/bbb-html5/build.sh
8,build/packages-template/bbb-html5/build.sh
61,bbb-fsesl-client/src/main/java/org/freeswitch/esl/client/transport/message/EslFrameDecoder.java
58,build/packages-template/bbb-freeswitch-sounds/opts-jammy.sh
58,bbb-fsesl-client/src/main/java/org/freeswitch/esl/client/example/ExampleClient.java
60,bbb-common-message/src/main/java/org/bigbluebutton/common2/redis/pubsub/MessageToSend.java
66,akka-bbb-fsesl/src/main/java/org/bigbluebutton/freeswitch/voice/freeswitch/actions/CheckFreeswitchStatusCommand.java
72,bbb-fsesl-client/src/test/java/org/freeswitch/esl/client/inbound/ClientTest.java
60,bbb-fsesl-client/src/main/java/org/freeswitch/esl/client/internal/AbstractEslClientHandler.java
26,akka-bbb-apps/src/main/scala/org/bigbluebutton/core/util/jhotdraw/BezierPath.java
62,bbb-fsesl-client/src/main/java/org/freeswitch/esl/client/outbound/SocketClient.java
60,bbb-fsesl-client/src/main/java/org/freeswitch/esl/client/transport/SendMsg.java
61,akka-bbb-fsesl/src/main/java/org/bigbluebutton/freeswitch/voice/freeswitch/actions/GetUsersStatusCommand.java
4,bbb-graphql-middleware/demo/client/run.sh
58,akka-bbb-fsesl/src/main/java/org/bigbluebutton/freeswitch/voice/freeswitch/response/ConferenceMember.java
61,bbb-fsesl-client/src/main/java/org/freeswitch/esl/client/manager/DefaultManagerConnection.java
60,bbb-fsesl-client/src/main/java/org/freeswitch/esl/client/internal/AbstractEslClientHandler.java
62,bbb-fsesl-client/src/main/java/org/freeswitch/esl/client/example/EslEventListener.java
61,bbb-fsesl-client/src/main/java/org/freeswitch/esl/client/IEslEventListener.java
66,bbb-fsesl-client/src/main/java/org/freeswitch/esl/client/outbound/example/SimpleHangupPipelineFactory.java
66,akka-bbb-fsesl/src/main/java/org/bigbluebutton/freeswitch/voice/freeswitch/IDelayedCommandListener.java
52,akka-bbb-apps/src/main/scala/org/bigbluebutton/core/util/jhotdraw/Bezier.java
57,bbb-fsesl-client/src/main/java/org/freeswitch/esl/client/manager/internal/ManagerConnectionImpl.java
63,bbb-fsesl-client/src/main/java/org/freeswitch/esl/client/internal/AbstractEslClientHandler.java
62,akka-bbb-fsesl/src/main/java/org/bigbluebutton/freeswitch/voice/events/VoiceUserMutedEvent.java
61,akka-bbb-fsesl/src/main/java/org/bigbluebutton/freeswitch/voice/events/ConferenceEventListener.java
60,bbb-fsesl-client/src/main/java/org/freeswitch/esl/client/outbound/example/SimpleHangupPipelineFactory.java
72,akka-bbb-fsesl/src/main/java/org/bigbluebutton/freeswitch/voice/freeswitch/actions/ForceEjectUserCommand.java
72,akka-bbb-fsesl/src/main/java/org/bigbluebutton/freeswitch/voice/freeswitch/actions/CheckFreeswitchStatusCommand.java
19,bigbluebutton-html5/transifex.sh
58,akka-bbb-fsesl/src/main/java/org/bigbluebutton/freeswitch/voice/events/ConfMember.java
61,akka-bbb-fsesl/src/main/java/org/bigbluebutton/freeswitch/voice/events/VoiceConfRunningEvent.java
30,build/packages-template/bbb-web/opts-jammy.sh
15,bigbluebutton-html5/test-html5.sh
61,bbb-fsesl-client/src/main/java/org/freeswitch/esl/client/example/ExampleClient.java
9,build/packages-template/bbb-graphql-server/build.sh
60,akka-bbb-fsesl/src/main/java/org/bigbluebutton/freeswitch/voice/IVoiceConferenceService.java
63,bbb-fsesl-client/src/main/java/org/freeswitch/esl/client/IEslEventListener.java
62,akka-bbb-fsesl/src/main/java/org/bigbluebutton/freeswitch/voice/commands/EjectUserCommand.java
60,bbb-fsesl-client/src/main/java/org/freeswitch/esl/client/transport/SendMsg.java
36,bbb-common-web/src/main/java/org/bigbluebutton/web/services/turn/StunServer.java
72,bbb-fsesl-client/src/main/java/org/freeswitch/esl/client/outbound/SocketClient.java
72,akka-bbb-fsesl/src/main/java/org/bigbluebutton/freeswitch/voice/freeswitch/actions/TransferUserToMeetingCommand.java
59,akka-bbb-fsesl/src/main/java/org/bigbluebutton/freeswitch/voice/freeswitch/IDelayedCommandListener.java
58,akka-bbb-fsesl/src/main/java/org/bigbluebutton/freeswitch/voice/events/ConfRecording.java
62,akka-bbb-fsesl/src/main/java/org/bigbluebutton/freeswitch/voice/freeswitch/actions/BroadcastConferenceCommand.java
42,build/packages-template/bbb-webrtc-sfu/build.sh
66,akka-bbb-fsesl/src/main/java/org/bigbluebutton/freeswitch/voice/events/FreeswitchStatusReplyEvent.java
72,bbb-fsesl-client/src/main/java/org/freeswitch/esl/client/inbound/InboundClientHandler.java
59,akka-bbb-fsesl/src/main/java/org/bigbluebutton/freeswitch/voice/IVoiceConferenceService.java
21,bbb-graphql-server/install-hasura.sh
54,akka-bbb-apps/src/main/scala/org/bigbluebutton/core/util/jhotdraw/Shapes.java
20,bigbluebutton-html5/deploy_to_usr_share.sh
57,bbb-fsesl-client/src/main/java/org/freeswitch/esl/client/inbound/InboundPipelineFactory.java
57,bbb-fsesl-client/src/main/java/org/freeswitch/esl/client/transport/event/EslEventHeaderNames.java
6,build/packages-template/bbb-html5-nodejs/build.sh
19,build/packages-template/bbb-html5/mongod_start_pre.sh
61,akka-bbb-fsesl/src/main/java/org/bigbluebutton/freeswitch/voice/freeswitch/actions/StopSoundCommand.java
36,build/packages-template/bbb-web/build.sh
61,bbb-fsesl-client/src/main/java/org/freeswitch/esl/client/transport/event/EslEventHeaderNames.java
66,akka-bbb-fsesl/src/main/java/org/bigbluebutton/freeswitch/voice/freeswitch/actions/ConferenceCheckRecordCommand.java
58,akka-bbb-fsesl/src/main/java/org/bigbluebutton/freeswitch/voice/commands/GetUsersCommand.java
61,akka-bbb-fsesl/src/main/java/org/bigbluebutton/freeswitch/voice/events/UnknownConferenceEvent.java
62,build/packages-template/bbb-freeswitch-core/before-install.sh
78,bbb-common-web/src/main/java/org/bigbluebutton/web/services/callback/ICallbackEvent.java
51,akka-bbb-apps/src/debian/DEBIAN/preinst
58,akka-bbb-fsesl/src/main/java/org/bigbluebutton/freeswitch/voice/freeswitch/DelayedCommandSenderService.java
61,freeswitch.placeholder.sh
60,akka-bbb-apps/src/main/scala/org/bigbluebutton/core/util/jhotdraw/BezierPath.java
26,akka-bbb-apps/src/debian/DEBIAN/preinst
15,build/packages-template/bbb-html5/workers-start.sh
66,bbb-fsesl-client/src/main/java/org/freeswitch/esl/client/internal/HeaderParser.java
6,bigbluebutton-html5/test-html5.sh
26,akka-bbb-apps/src/debian/DEBIAN/postrm
57,bbb-fsesl-client/src/main/java/org/freeswitch/esl/client/internal/debug/ExecutionHandler.java
62,bbb-fsesl-client/src/main/java/org/freeswitch/esl/client/transport/message/EslFrameDecoder.java
66,akka-bbb-fsesl/src/main/java/org/bigbluebutton/freeswitch/voice/freeswitch/actions/CheckIfConfIsRunningCommand.java
61,bbb-fsesl-client/src/main/java/org/freeswitch/esl/client/internal/debug/ExecutionHandler.java
60,akka-bbb-fsesl/src/main/java/org/bigbluebutton/freeswitch/voice/events/VoiceConfRunningEvent.java
61,akka-bbb-fsesl/src/main/java/org/bigbluebutton/freeswitch/voice/freeswitch/actions/GetAllUsersCommand.java
37,bbb-common-web/src/main/java/org/bigbluebutton/web/services/callback/DelayCallback.java
58,akka-bbb-fsesl/src/main/java/org/bigbluebutton/freeswitch/voice/freeswitch/ESLEventListener.java
72,akka-bbb-fsesl/src/main/java/org/bigbluebutton/freeswitch/voice/freeswitch/actions/CheckIfConfIsRunningCommand.java
59,akka-bbb-fsesl/src/main/java/org/bigbluebutton/freeswitch/voice/events/FreeswitchStatusReplyEvent.java
59,bbb-fsesl-client/src/main/java/org/freeswitch/esl/client/transport/message/EslHeaders.java
61,bbb-fsesl-client/src/test/java/org/freeswitch/esl/client/transport/message/EslFrameDecoderTest.java
72,bbb-fsesl-client/src/main/java/org/freeswitch/esl/client/transport/event/EslEvent.java
9,build/packages-template/bbb-graphql-server/after-install.sh
42,build/packages-template/bbb-webrtc-sfu/opts-jammy.sh
72,akka-bbb-fsesl/src/main/java/org/bigbluebutton/freeswitch/voice/freeswitch/response/XMLResponseConferenceListParser.java
26,akka-bbb-apps/src/main/scala/org/bigbluebutton/core/util/jhotdraw/PathCommands.java
14,bbb-graphql-middleware/demo/client/run-watch.sh
60,bbb-fsesl-client/src/main/java/org/freeswitch/esl/client/inbound/InboundClientHandler.java
61,akka-bbb-fsesl/src/main/java/org/bigbluebutton/freeswitch/voice/freeswitch/actions/MuteUserCommand.java
62,bbb-fsesl-client/src/main/java/org/freeswitch/esl/client/manager/DefaultManagerConnection.java
66,akka-bbb-fsesl/src/main/java/org/bigbluebutton/freeswitch/voice/freeswitch/FreeswitchApplication.java
63,akka-bbb-fsesl/src/main/java/org/bigbluebutton/freeswitch/voice/freeswitch/actions/CheckIfConfIsRunningCommand.java
57,bbb-fsesl-client/src/main/java/org/freeswitch/esl/client/example/ExampleClient.java
63,build/packages-template/bbb-freeswitch-sounds/opts-jammy.sh
66,bbb-fsesl-client/src/main/java/org/freeswitch/esl/client/manager/ManagerConnection.java
26,akka-bbb-apps/src/test/java/org/bigbluebutton/xml/Simple.java
61,akka-bbb-fsesl/src/main/java/org/bigbluebutton/freeswitch/voice/freeswitch/actions/DeafUserCommand.java
58,bbb-fsesl-client/src/main/java/org/freeswitch/esl/client/manager/internal/ManagerConnectionImpl.java
57,bbb-fsesl-client/src/main/java/org/freeswitch/esl/client/outbound/example/SimpleHangupPipelineFactory.java
9,build/packages-template/bbb-html5/after-install.sh
52,akka-bbb-apps/src/main/scala/org/bigbluebutton/core/util/jhotdraw/BezierWrapper.java
62,akka-bbb-fsesl/src/main/java/org/bigbluebutton/freeswitch/voice/commands/RecordCommand.java
66,bbb-fsesl-client/src/main/java/org/freeswitch/esl/client/example/ExampleClient.java
60,build/packages-template/bbb-freeswitch-sounds/opts-jammy.sh
63,akka-bbb-fsesl/src/main/java/org/bigbluebutton/freeswitch/voice/freeswitch/actions/MuteUserCommand.java
72,bbb-fsesl-client/src/main/java/org/freeswitch/esl/client/outbound/AbstractOutboundPipelineFactory.java
36,bbb-common-web/src/main/java/org/bigbluebutton/web/services/callback/DelayCallback.java
58,bbb-fsesl-client/src/main/java/org/freeswitch/esl/client/outbound/example/SimpleHangupPipelineFactory.java
59,bbb-fsesl-client/src/main/java/org/freeswitch/esl/client/outbound/example/SimpleHangupPipelineFactory.java
62,akka-bbb-fsesl/src/main/java/org/bigbluebutton/freeswitch/voice/events/VoiceCallStateEvent.java
14,build/packages-template/bbb-html5/systemd_start_frontend.sh
63,akka-bbb-fsesl/src/main/java/org/bigbluebutton/freeswitch/voice/IVoiceConferenceService.java
66,bbb-fsesl-client/src/main/java/org/freeswitch/esl/client/transport/SendMsg.java
63,akka-bbb-fsesl/src/main/java/org/bigbluebutton/freeswitch/voice/freeswitch/actions/PlaySoundCommand.java
66,bigbluebutton-config/cron.hourly/bbb-resync-freeswitch
19,build/packages-template/bbb-html5/run_mongo.sh
72,akka-bbb-fsesl/src/main/java/org/bigbluebutton/freeswitch/voice/freeswitch/actions/HoldUserCommand.java
57,akka-bbb-fsesl/src/main/java/org/bigbluebutton/freeswitch/voice/commands/EjectUserCommand.java
8,bbb-graphql-server/build_hasura.sh
30,bbb-common-web/src/main/java/org/bigbluebutton/web/services/callback/DelayCallback.java
46,bbb-common-message/src/main/java/org/bigbluebutton/common2/redis/pubsub/MessageHandler.java
61,bbb-fsesl-client/src/test/java/org/freeswitch/esl/client/outbound/SocketClientTest.java
19,build/packages-template/bbb-html5/build.sh
58,akka-bbb-fsesl/src/main/java/org/bigbluebutton/freeswitch/voice/events/VoiceConfRunningAndRecordingEvent.java
59,akka-bbb-fsesl/src/main/java/org/bigbluebutton/freeswitch/voice/freeswitch/actions/DeafUserCommand.java
14,build/packages-template/bbb-html5/build.sh
57,akka-bbb-fsesl/src/main/java/org/bigbluebutton/freeswitch/voice/events/VoiceUserLeftEvent.java
20,build/packages-template/bbb-html5/after-remove.sh
62,akka-bbb-fsesl/src/main/java/org/bigbluebutton/freeswitch/voice/freeswitch/actions/DelayedCommand.java
72,bbb-fsesl-client/src/test/java/org/freeswitch/esl/client/outbound/SocketClientTest.java
72,bbb-fsesl-client/src/main/java/org/freeswitch/esl/client/outbound/example/SimpleHangupPipelineFactory.java
66,akka-bbb-fsesl/src/main/java/org/bigbluebutton/freeswitch/voice/events/VoiceConfRunningEvent.java
72,build/packages-template/bbb-html5/before-install.sh
57,akka-bbb-fsesl/src/main/java/org/bigbluebutton/freeswitch/voice/events/ConfMember.java
58,akka-bbb-fsesl/src/main/java/org/bigbluebutton/freeswitch/voice/events/VoiceCallStateEvent.java
19,build/packages-template/bbb-html5/before-remove.sh
9,build/packages-template/bbb-html5/run_mongo.sh
36,bbb-common-web/src/main/java/org/bigbluebutton/web/services/EnteredUserCleanupTimerTask.java
19,bigbluebutton-html5/test-html5.sh
60,bbb-fsesl-client/src/main/java/org/freeswitch/esl/client/transport/event/EslEventHeaderNames.java
78,bbb-common-web/src/main/java/org/bigbluebutton/web/services/callback/MeetingEndedEvent.java
51,akka-bbb-apps/src/main/scala/org/bigbluebutton/core/util/jhotdraw/Shapes.java
57,akka-bbb-fsesl/src/main/java/org/bigbluebutton/freeswitch/voice/commands/ConferenceCommandResult.java
20,build/packages-template/bbb-html5/run_mongo.sh
79,bbb-common-message/src/main/java/org/bigbluebutton/common2/redis/pubsub/MessageToSend.java
57,bbb-fsesl-client/src/main/java/org/freeswitch/esl/client/manager/DefaultManagerConnection.java
62,akka-bbb-fsesl/src/main/java/org/bigbluebutton/freeswitch/voice/ConferenceServerListener.java
14,bbb-graphql-middleware/demo/client/stress-test.sh
14,build/packages-template/bbb-html5/kill_mongo.sh
58,akka-bbb-fsesl/src/main/java/org/bigbluebutton/freeswitch/voice/commands/EjectUserCommand.java
62,akka-bbb-fsesl/src/main/java/org/bigbluebutton/freeswitch/voice/events/ConfRecording.java
6,build/packages-template/bbb-html5/after-install.sh
37,build/packages-template/bbb-web/after-install.sh
19,build/packages-template/bbb-html5/after-remove.sh
63,bbb-fsesl-client/src/main/java/org/freeswitch/esl/client/inbound/InboundPipelineFactory.java
61,build/packages-template/bbb-freeswitch-sounds/build.sh
60,bbb-fsesl-client/src/test/java/org/freeswitch/esl/client/inbound/ClientTest.java
20,build/packages-template/bbb-html5/after-install.sh
60,akka-bbb-fsesl/src/main/java/org/bigbluebutton/freeswitch/voice/freeswitch/ConnectionManager.java
57,bbb-fsesl-client/src/main/java/org/freeswitch/esl/client/example/EslEventListener.java
72,bbb-graphql-client-test/deploy.sh
58,bbb-fsesl-client/src/main/java/org/freeswitch/esl/client/internal/HeaderParser.java
61,akka-bbb-fsesl/src/main/java/org/bigbluebutton/freeswitch/voice/freeswitch/actions/HoldUserCommand.java
58,build/packages-template/bbb-freeswitch-core/after-remove.sh
63,akka-bbb-fsesl/src/main/java/org/bigbluebutton/freeswitch/voice/ConferenceServerListener.java
66,build/packages-template/bbb-freeswitch-core/build.sh
47,bbb-common-message/src/main/java/org/bigbluebutton/common2/redis/pubsub/MessageReceiver.java
62,akka-bbb-fsesl/src/main/java/org/bigbluebutton/freeswitch/voice/freeswitch/actions/GetUsersStatusCommand.java
72,build/packages-template/bbb-html5/kill_mongo.sh
60,akka-bbb-fsesl/src/main/java/org/bigbluebutton/freeswitch/voice/freeswitch/actions/TransferUserToMeetingCommand.java
61,akka-bbb-fsesl/src/main/java/org/bigbluebutton/freeswitch/voice/freeswitch/actions/EjectUserCommand.java
72,akka-bbb-fsesl/src/main/java/org/bigbluebutton/freeswitch/voice/freeswitch/IDelayedCommandListener.java
78,bbb-common-web/src/main/java/org/bigbluebutton/web/services/turn/StunTurnService.java
62,bbb-fsesl-client/src/main/java/org/freeswitch/esl/client/example/HeartbeatThread.java
66,bbb-fsesl-client/src/main/java/org/freeswitch/esl/client/inbound/InboundPipelineFactory.java
57,akka-bbb-fsesl/src/main/java/org/bigbluebutton/freeswitch/voice/freeswitch/actions/BroadcastConferenceCommand.java
63,bbb-fsesl-client/src/main/java/org/freeswitch/esl/client/transport/message/EslHeaders.java
21,build/packages-template/bbb-html5/systemd_start_frontend.sh
66,akka-bbb-fsesl/src/main/java/org/bigbluebutton/freeswitch/voice/events/FreeswitchHeartbeatEvent.java
60,bbb-fsesl-client/deploy.sh
63,build/packages-template/bbb-freeswitch-sounds/build.sh
30,bbb-common-web/src/main/java/org/bigbluebutton/web/services/turn/TurnServer.java
36,bbb-common-web/src/main/java/org/bigbluebutton/web/services/turn/TurnServer.java
54,akka-bbb-apps/src/main/scala/org/bigbluebutton/core/util/jhotdraw/Bezier.java
60,akka-bbb-apps/src/main/scala/org/bigbluebutton/core/util/jhotdraw/Shapes.java
66,build/packages-template/bbb-freeswitch-core/before-remove.sh
59,bbb-fsesl-client/src/main/java/org/freeswitch/esl/client/internal/debug/ExecutionHandler.java
66,bbb-fsesl-client/src/main/java/org/freeswitch/esl/client/inbound/InboundClientHandler.java
63,bbb-fsesl-client/src/main/java/org/freeswitch/esl/client/outbound/example/SimpleHangupPipelineFactory.java
72,bbb-fsesl-client/src/main/java/org/freeswitch/esl/client/transport/message/EslHeaders.java
72,bbb-fsesl-client/src/main/java/org/freeswitch/esl/client/internal/AbstractEslClientHandler.java
20,build/packages-template/bbb-graphql-server/before-remove.sh
66,bbb-fsesl-client/src/main/java/org/freeswitch/esl/client/outbound/SocketClient.java
58,akka-bbb-fsesl/src/main/java/org/bigbluebutton/freeswitch/voice/freeswitch/actions/MuteUserCommand.java
59,akka-bbb-fsesl/src/main/java/org/bigbluebutton/freeswitch/voice/events/AudioFloorChangedEvent.java
4,bbb-graphql-middleware/demo/client/stress-test.sh
36,bbb-common-web/src/main/java/org/bigbluebutton/web/services/IStorageService.java
9,build/packages-template/bbb-graphql-server/after-remove.sh
72,build/packages-template/bbb-html5/mongod_start_pre.sh
60,bbb-fsesl-client/src/main/java/org/freeswitch/esl/client/outbound/AbstractOutboundPipelineFactory.java
9,bigbluebutton-html5/run-dev.sh
60,akka-bbb-fsesl/src/main/java/org/bigbluebutton/freeswitch/voice/freeswitch/IDelayedCommandListener.java
58,bbb-fsesl-client/src/main/java/org/freeswitch/esl/client/inbound/InboundClientHandler.java
57,bbb-fsesl-client/src/main/java/org/freeswitch/esl/client/internal/debug/ChannelEventRunnable.java
60,akka-bbb-apps/src/main/scala/org/bigbluebutton/core/util/jhotdraw/PathData.java
59,akka-bbb-fsesl/src/main/java/org/bigbluebutton/freeswitch/voice/events/VoiceUserLeftEvent.java
62,akka-bbb-fsesl/src/main/java/org/bigbluebutton/freeswitch/voice/commands/ConferenceCommandResult.java
60,akka-bbb-fsesl/src/main/java/org/bigbluebutton/freeswitch/voice/events/VoiceUserLeftEvent.java
9,build/packages-template/bbb-graphql-server/before-remove.sh
63,bbb-fsesl-client/src/main/java/org/freeswitch/esl/client/inbound/InboundClientHandler.java
63,bbb-fsesl-client/src/main/java/org/freeswitch/esl/client/transport/SendMsg.java
60,bbb-common-message/src/main/java/org/bigbluebutton/common2/redis/pubsub/MessageHandler.java
58,bbb-fsesl-client/src/main/java/org/freeswitch/esl/client/IEslEventListener.java
63,akka-bbb-fsesl/src/main/java/org/bigbluebutton/freeswitch/voice/commands/ConferenceCommandResult.java
61,akka-bbb-fsesl/src/main/java/org/bigbluebutton/freeswitch/voice/commands/MuteUserCommand.java
51,akka-bbb-apps/run-dev.sh
66,bbb-fsesl-client/src/main/java/org/freeswitch/esl/client/internal/debug/ChannelEventRunnable.java
59,bbb-fsesl-client/src/main/java/org/freeswitch/esl/client/inbound/InboundClientHandler.java
62,bbb-fsesl-client/src/main/java/org/freeswitch/esl/client/internal/HeaderParser.java
66,akka-bbb-fsesl/src/main/java/org/bigbluebutton/freeswitch/voice/commands/MuteUserCommand.java
66,akka-bbb-fsesl/src/main/java/org/bigbluebutton/freeswitch/voice/freeswitch/DelayedCommandSenderService.java
59,bbb-fsesl-client/src/main/java/org/freeswitch/esl/client/transport/message/EslFrameDecoder.java
63,build/packages-template/bbb-freeswitch-core/fs_clibbb
8,build/packages-template/bbb-html5/run_mongo.sh
60,akka-bbb-fsesl/src/main/java/org/bigbluebutton/freeswitch/voice/events/VoiceUserLockedEvent.java
62,bbb-fsesl-client/src/main/java/org/freeswitch/esl/client/inbound/Client.java
52,akka-bbb-apps/src/debian/DEBIAN/postrm
30,bbb-common-web/src/main/java/org/bigbluebutton/web/services/KeepAlivePong.java
67,build/packages-template/bbb-webrtc-sfu/before-remove.sh
36,bbb-common-web/src/main/java/org/bigbluebutton/web/services/callback/CallbackUrlService.java
66,akka-bbb-fsesl/src/main/java/org/bigbluebutton/freeswitch/voice/events/ConfRecording.java
51,akka-bbb-apps/src/main/scala/org/bigbluebutton/core/util/jhotdraw/PathData.java
59,bbb-fsesl-client/src/main/java/org/freeswitch/esl/client/transport/event/EslEvent.java
20,bigbluebutton-html5/test-html5.sh
60,akka-bbb-fsesl/src/main/java/org/bigbluebutton/freeswitch/voice/freeswitch/response/XMLResponseConferenceListParser.java
58,akka-bbb-fsesl/src/main/java/org/bigbluebutton/freeswitch/voice/events/VoiceUserLeftEvent.java
60,akka-bbb-fsesl/src/main/java/org/bigbluebutton/freeswitch/voice/events/VoiceUserMutedEvent.java
63,bbb-fsesl-client/src/main/java/org/freeswitch/esl/client/internal/HeaderParser.java
66,akka-bbb-fsesl/src/main/java/org/bigbluebutton/freeswitch/voice/events/VoiceUserJoinedEvent.java
59,akka-bbb-fsesl/src/main/java/org/bigbluebutton/freeswitch/voice/freeswitch/actions/HoldUserCommand.java
5,build/packages-template/bbb-html5/after-remove.sh
60,akka-bbb-fsesl/src/main/java/org/bigbluebutton/freeswitch/voice/events/VoiceUserJoinedEvent.java
59,bbb-fsesl-client/src/test/java/org/freeswitch/esl/client/inbound/ClientTest.java
57,akka-bbb-fsesl/src/main/java/org/bigbluebutton/freeswitch/voice/events/VoiceUserJoinedEvent.java
63,bbb-fsesl-client/src/main/java/org/freeswitch/esl/client/example/HeartbeatThread.java
5,bbb-graphql-middleware/demo/client/run.sh
61,bbb-fsesl-client/src/test/java/org/freeswitch/esl/client/inbound/ClientTest.java
78,bbb-common-web/src/main/java/org/bigbluebutton/web/services/turn/StunServer.java
20,build/packages-template/bbb-graphql-server/after-remove.sh
67,build/packages-template/bbb-webrtc-sfu/build.sh
72,akka-bbb-fsesl/src/main/java/org/bigbluebutton/freeswitch/voice/freeswitch/actions/RecordConferenceCommand.java
72,bbb-fsesl-client/src/main/java/org/freeswitch/esl/client/internal/debug/ChannelEventRunnable.java
59,akka-bbb-fsesl/src/main/java/org/bigbluebutton/freeswitch/voice/events/VoiceUserMutedEvent.java
61,akka-bbb-fsesl/src/main/java/org/bigbluebutton/freeswitch/voice/IVoiceConferenceService.java
59,akka-bbb-fsesl/src/main/java/org/bigbluebutton/freeswitch/voice/freeswitch/actions/RecordConferenceCommand.java
57,akka-bbb-fsesl/src/main/java/org/bigbluebutton/freeswitch/voice/freeswitch/actions/DeafUserCommand.java
60,bbb-fsesl-client/src/main/java/org/freeswitch/esl/client/transport/message/EslFrameDecoder.java
61,build/packages-template/bbb-freeswitch-core/opts-jammy.sh
54,akka-bbb-apps/run.sh
72,build/packages-template/bbb-html5/after-remove.sh
61,akka-bbb-fsesl/src/main/java/org/bigbluebutton/freeswitch/voice/events/VoiceConferenceEvent.java
66,akka-bbb-fsesl/src/main/java/org/bigbluebutton/freeswitch/voice/freeswitch/actions/PlaySoundCommand.java
66,akka-bbb-fsesl/src/main/java/org/bigbluebutton/freeswitch/voice/events/VoiceStartRecordingEvent.java
26,akka-bbb-apps/src/main/scala/org/bigbluebutton/core/util/jhotdraw/BezierWrapper.java
36,build/packages-template/bbb-web/before-install.sh
9,bbb-graphql-server/build_hasura.sh
58,akka-bbb-fsesl/src/main/java/org/bigbluebutton/freeswitch/voice/freeswitch/actions/DelayedCommand.java
60,akka-bbb-fsesl/src/main/java/org/bigbluebutton/freeswitch/voice/freeswitch/actions/DelayedCommand.java
37,bbb-common-web/src/main/java/org/bigbluebutton/web/services/turn/StunTurnService.java
60,akka-bbb-fsesl/src/main/java/org/bigbluebutton/freeswitch/voice/commands/ConferenceCommand.java
62,akka-bbb-fsesl/src/main/java/org/bigbluebutton/freeswitch/voice/freeswitch/actions/DeafUserCommand.java
61,bbb-fsesl-client/src/main/java/org/freeswitch/esl/client/outbound/AbstractOutboundClientHandler.java
60,akka-bbb-fsesl/src/main/java/org/bigbluebutton/freeswitch/voice/ConferenceServerListener.java
6,build/packages-template/bbb-html5/kill_mongo.sh
57,akka-bbb-fsesl/run.sh
63,akka-bbb-fsesl/src/main/java/org/bigbluebutton/freeswitch/voice/events/VoiceUserMutedEvent.java
66,akka-bbb-fsesl/src/main/java/org/bigbluebutton/freeswitch/voice/freeswitch/actions/BroadcastConferenceCommand.java
62,bbb-fsesl-client/src/main/java/org/freeswitch/esl/client/internal/debug/ExecutionHandler.java
66,akka-bbb-fsesl/src/main/java/org/bigbluebutton/freeswitch/voice/freeswitch/actions/TransferUserToMeetingCommand.java
62,build/packages-template/bbb-freeswitch-core/before-remove.sh
19,build/packages-template/bbb-html5/kill_mongo.sh
66,bbb-fsesl-client/src/main/java/org/freeswitch/esl/client/internal/debug/ExecutionHandler.java
60,bbb-fsesl-client/src/main/java/org/freeswitch/esl/client/example/HeartbeatThread.java
59,build/packages-template/bbb-freeswitch-core/after-install.sh
62,build/packages-template/bbb-freeswitch-sounds/opts-jammy.sh
21,build/packages-template/bbb-graphql-server/after-install.sh
58,akka-bbb-fsesl/src/main/java/org/bigbluebutton/freeswitch/voice/freeswitch/actions/EjectUserCommand.java
4,bbb-graphql-middleware/demo/client/run-watch.sh
9,bigbluebutton-html5/deploy_to_usr_share.sh
54,akka-bbb-apps/src/main/scala/org/bigbluebutton/core/util/jhotdraw/BezierWrapper.java
57,bbb-fsesl-client/src/main/java/org/freeswitch/esl/client/inbound/InboundClientHandler.java
60,bbb-fsesl-client/src/main/java/org/freeswitch/esl/client/IEslEventListener.java
51,akka-bbb-apps/deploy.sh
47,bbb-common-message/src/main/java/org/bigbluebutton/common2/redis/pubsub/MessageDistributor.java
60,akka-bbb-fsesl/src/main/java/org/bigbluebutton/freeswitch/voice/freeswitch/actions/EjectAllUsersCommand.java
60,bbb-fsesl-client/src/main/java/org/freeswitch/esl/client/transport/CommandResponse.java
72,build/packages-template/bbb-freeswitch-core/build.sh
62,akka-bbb-fsesl/src/main/java/org/bigbluebutton/freeswitch/voice/events/VoiceUserJoinedEvent.java
66,akka-bbb-fsesl/src/main/java/org/bigbluebutton/freeswitch/voice/freeswitch/response/XMLResponseConferenceListParser.java
66,bbb-fsesl-client/src/main/java/org/freeswitch/esl/client/inbound/InboundConnectionFailure.java
15,build/packages-template/bbb-html5/after-install.sh
60,bbb-common-message/src/main/java/org/bigbluebutton/common2/redis/pubsub/MessageReceiver.java
54,akka-bbb-apps/deploy.sh
57,akka-bbb-fsesl/src/main/java/org/bigbluebutton/freeswitch/voice/freeswitch/actions/DelayedCommand.java
60,akka-bbb-fsesl/src/main/java/org/bigbluebutton/freeswitch/voice/commands/MuteUserCommand.java
8,build/packages-template/bbb-graphql-server/opts-jammy.sh
62,akka-bbb-fsesl/src/main/java/org/bigbluebutton/freeswitch/voice/freeswitch/actions/RecordConferenceCommand.java
66,akka-bbb-fsesl/src/main/java/org/bigbluebutton/freeswitch/voice/freeswitch/actions/GetAllUsersCommand.java
5,build/packages-template/bbb-html5-nodejs/build.sh
58,bbb-fsesl-client/src/main/java/org/freeswitch/esl/client/manager/ManagerConnection.java
60,bigbluebutton-config/cron.hourly/bbb-resync-freeswitch
60,bbb-fsesl-client/src/main/java/org/freeswitch/esl/client/inbound/Client.java
72,bbb-fsesl-client/src/main/java/org/freeswitch/esl/client/IEslEventListener.java
52,akka-bbb-apps/src/debian/DEBIAN/preinst
57,akka-bbb-fsesl/src/main/java/org/bigbluebutton/freeswitch/voice/events/UnknownConferenceEvent.java
20,build/packages-template/bbb-html5/workers-start.sh
63,akka-bbb-fsesl/src/main/java/org/bigbluebutton/freeswitch/voice/freeswitch/response/XMLResponseConferenceListParser.java
58,akka-bbb-fsesl/src/main/java/org/bigbluebutton/freeswitch/voice/freeswitch/actions/StopSoundCommand.java
36,build/packages-template/bbb-web/after-install.sh
51,akka-bbb-apps/src/main/scala/org/bigbluebutton/core/util/jhotdraw/BezierPathIterator.java
60,bbb-fsesl-client/src/main/java/org/freeswitch/esl/client/example/EslEventListener.java
61,bbb-fsesl-client/src/main/java/org/freeswitch/esl/client/manager/internal/ManagerConnectionImpl.java
62,build/packages-template/bbb-freeswitch-core/after-remove.sh
66,akka-bbb-fsesl/src/main/java/org/bigbluebutton/freeswitch/voice/freeswitch/actions/EjectAllUsersCommand.java
61,build/packages-template/bbb-freeswitch-core/after-install.sh
57,bbb-fsesl-client/src/main/java/org/freeswitch/esl/client/transport/message/EslFrameDecoder.java
36,bbb-common-web/src/main/java/org/bigbluebutton/web/services/UserCleanupTimerTask.java
21,bigbluebutton-html5/run-dev.sh
15,bigbluebutton-html5/run-dev.sh
57,akka-bbb-fsesl/src/main/java/org/bigbluebutton/freeswitch/voice/freeswitch/FreeswitchApplication.java
63,bbb-fsesl-client/src/main/java/org/freeswitch/esl/client/transport/event/EslEvent.java
57,akka-bbb-fsesl/src/main/java/org/bigbluebutton/freeswitch/voice/events/VoiceCallStateEvent.java
59,akka-bbb-fsesl/src/main/java/org/bigbluebutton/freeswitch/voice/freeswitch/actions/CheckFreeswitchStatusCommand.java
60,build/packages-template/bbb-apps-akka/build.sh
72,akka-bbb-fsesl/src/main/java/org/bigbluebutton/freeswitch/voice/freeswitch/ESLEventListener.java
9,build/packages-template/bbb-html5/mongod_start_pre.sh
4,build/packages-template/bbb-html5/before-remove.sh
57,akka-bbb-fsesl/src/main/java/org/bigbluebutton/freeswitch/voice/IVoiceConferenceService.java
63,akka-bbb-fsesl/src/main/java/org/bigbluebutton/freeswitch/voice/freeswitch/actions/GetAllUsersCommand.java
52,akka-bbb-apps/run.sh
14,build/packages-template/bbb-html5/systemd_start.sh
60,akka-bbb-fsesl/src/main/java/org/bigbluebutton/freeswitch/voice/freeswitch/actions/ForceEjectUserCommand.java
60,akka-bbb-fsesl/src/main/java/org/bigbluebutton/freeswitch/voice/freeswitch/response/ConferenceMember.java
62,bbb-fsesl-client/src/test/java/org/freeswitch/esl/client/inbound/ClientTest.java
60,akka-bbb-fsesl/src/main/java/org/bigbluebutton/freeswitch/voice/events/FreeswitchHeartbeatEvent.java
61,bbb-fsesl-client/src/main/java/org/freeswitch/esl/client/transport/SendMsg.java
63,akka-bbb-fsesl/src/main/java/org/bigbluebutton/freeswitch/voice/freeswitch/actions/TransferUserToMeetingCommand.java
14,build/packages-template/bbb-html5/run_mongo.sh
62,akka-bbb-fsesl/src/main/java/org/bigbluebutton/freeswitch/voice/events/VoiceUserLeftEvent.java
61,bbb-fsesl-client/src/main/java/org/freeswitch/esl/client/inbound/InboundPipelineFactory.java
62,freeswitch.placeholder.sh
37,bbb-common-web/src/main/java/org/bigbluebutton/web/services/callback/MeetingEndedEvent.java
58,akka-bbb-fsesl/src/main/java/org/bigbluebutton/freeswitch/voice/freeswitch/response/ConferenceMemberFlags.java
66,akka-bbb-fsesl/src/main/java/org/bigbluebutton/freeswitch/voice/events/VoiceUserTalkingEvent.java
63,bbb-fsesl-client/src/main/java/org/freeswitch/esl/client/example/ExampleClient.java
63,akka-bbb-fsesl/src/main/java/org/bigbluebutton/freeswitch/voice/commands/EjectUserCommand.java
26,akka-bbb-apps/src/main/scala/org/bigbluebutton/core/util/jhotdraw/Shapes.java
60,akka-bbb-fsesl/src/main/java/org/bigbluebutton/freeswitch/voice/events/UnknownConferenceEvent.java
61,akka-bbb-fsesl/src/main/java/org/bigbluebutton/freeswitch/voice/freeswitch/actions/PlaySoundCommand.java
6,bbb-graphql-middleware/demo/client/run.sh
63,build/packages-template/bbb-freeswitch-core/build.sh
60,akka-bbb-fsesl/src/main/java/org/bigbluebutton/freeswitch/voice/freeswitch/actions/BroadcastConferenceCommand.java
78,bbb-common-web/src/main/java/org/bigbluebutton/web/services/WaitingGuestCleanupTimerTask.java
60,bbb-fsesl-client/src/main/java/org/freeswitch/esl/client/inbound/InboundConnectionFailure.java
72,akka-bbb-fsesl/src/main/java/org/bigbluebutton/freeswitch/voice/commands/ConferenceCommandResult.java
59,akka-bbb-fsesl/src/main/java/org/bigbluebutton/freeswitch/voice/freeswitch/actions/PlaySoundCommand.java
63,build/packages-template/bbb-freeswitch-core/after-install.sh
6,bbb-graphql-middleware/demo/client/stress-test.sh
59,akka-bbb-fsesl/src/main/java/org/bigbluebutton/freeswitch/voice/commands/RecordCommand.java
66,bbb-fsesl-client/src/main/java/org/freeswitch/esl/client/manager/DefaultManagerConnection.java
72,build/packages-template/bbb-freeswitch-core/before-install.sh
60,akka-bbb-fsesl/src/main/java/org/bigbluebutton/freeswitch/voice/commands/GetUsersCommand.java
63,akka-bbb-fsesl/src/main/java/org/bigbluebutton/freeswitch/voice/freeswitch/ESLEventListener.java
59,akka-bbb-fsesl/src/main/java/org/bigbluebutton/freeswitch/voice/freeswitch/ConnectionManager.java
60,build/packages-template/bbb-freeswitch-core/after-install.sh
66,akka-bbb-fsesl/src/main/java/org/bigbluebutton/freeswitch/voice/freeswitch/actions/HoldUserCommand.java
63,akka-bbb-fsesl/src/main/java/org/bigbluebutton/freeswitch/voice/freeswitch/ConnectionManager.java
9,build/packages-template/bbb-graphql-server/opts-jammy.sh
6,build/packages-template/bbb-html5/mongod_start_pre.sh
57,akka-bbb-fsesl/src/main/java/org/bigbluebutton/freeswitch/voice/events/VoiceStartRecordingEvent.java
60,akka-bbb-fsesl/src/main/java/org/bigbluebutton/freeswitch/voice/commands/ConferenceCommandResult.java
36,bbb-common-web/src/main/java/org/bigbluebutton/web/services/callback/ICallbackEvent.java
62,akka-bbb-fsesl/src/main/java/org/bigbluebutton/freeswitch/voice/commands/MuteUserCommand.java
21,build/packages-template/bbb-html5/run_mongo.sh
20,build/packages-template/bbb-html5/before-install.sh
66,akka-bbb-fsesl/src/main/java/org/bigbluebutton/freeswitch/voice/freeswitch/actions/GetUsersStatusCommand.java
14,build/packages-template/bbb-html5-nodejs/build.sh
58,bbb-fsesl-client/src/test/java/org/freeswitch/esl/client/transport/message/EslFrameDecoderTest.java
59,akka-bbb-fsesl/src/main/java/org/bigbluebutton/freeswitch/voice/freeswitch/actions/StopSoundCommand.java
62,build/packages-template/bbb-freeswitch-core/opts-jammy.sh
19,build/packages-template/bbb-graphql-server/build.sh
62,akka-bbb-fsesl/src/main/java/org/bigbluebutton/freeswitch/voice/IVoiceConferenceService.java
78,bbb-common-web/src/main/java/org/bigbluebutton/web/services/turn/RemoteIceCandidate.java
60,akka-bbb-fsesl/src/main/java/org/bigbluebutton/freeswitch/voice/freeswitch/actions/DeafUserCommand.java
61,bbb-fsesl-client/src/main/java/org/freeswitch/esl/client/manager/ManagerConnection.java
63,akka-bbb-fsesl/src/main/java/org/bigbluebutton/freeswitch/voice/events/VoiceUserLeftEvent.java
5,bbb-graphql-middleware/demo/client/stress-test.sh
66,build/packages-template/bbb-freeswitch-sounds/build.sh
78,bbb-common-web/src/main/java/org/bigbluebutton/web/services/KeepAliveMessage.java
14,build/packages-template/bbb-html5/before-install.sh
60,build/packages-template/bbb-freeswitch-core/before-install.sh
60,bbb-fsesl-client/src/main/java/org/freeswitch/esl/client/example/HeartbeatThread.java
66,akka-bbb-fsesl/src/main/java/org/bigbluebutton/freeswitch/voice/freeswitch/response/ConferenceMemberFlags.java
4,build/packages-template/bbb-html5/run_mongo.sh
21,bigbluebutton-html5/deploy_to_usr_share.sh
58,akka-bbb-fsesl/src/main/java/org/bigbluebutton/freeswitch/voice/freeswitch/actions/PlaySoundCommand.java
62,akka-bbb-fsesl/src/main/java/org/bigbluebutton/freeswitch/voice/freeswitch/actions/EjectAllUsersCommand.java
58,akka-bbb-fsesl/src/main/java/org/bigbluebutton/freeswitch/voice/events/FreeswitchStatusReplyEvent.java
72,akka-bbb-fsesl/src/main/java/org/bigbluebutton/freeswitch/voice/events/VoiceUserLeftEvent.java
36,bbb-common-web/src/main/java/org/bigbluebutton/web/services/KeepAliveMessage.java
72,akka-bbb-fsesl/src/main/java/org/bigbluebutton/freeswitch/voice/freeswitch/actions/BroadcastConferenceCommand.java
5,build/packages-template/bbb-html5/after-install.sh
54,akka-bbb-apps/run-dev.sh
57,akka-bbb-fsesl/src/debian/DEBIAN/postrm
66,build/packages-template/bbb-freeswitch-core/after-install.sh
26,akka-bbb-apps/deploy.sh
58,akka-bbb-fsesl/src/main/java/org/bigbluebutton/freeswitch/voice/freeswitch/actions/BroadcastConferenceCommand.java
58,akka-bbb-fsesl/src/main/java/org/bigbluebutton/freeswitch/voice/events/VoiceUserLockedEvent.java
62,bbb-fsesl-client/src/main/java/org/freeswitch/esl/client/transport/SendMsg.java
48,bbb-common-message/src/main/java/org/bigbluebutton/common2/redis/RedisAwareCommunicator.java
72,build/packages-template/bbb-freeswitch-core/after-remove.sh
59,bbb-fsesl-client/src/main/java/org/freeswitch/esl/client/example/ExampleClient.java
66,akka-bbb-fsesl/src/main/java/org/bigbluebutton/freeswitch/voice/freeswitch/actions/StopSoundCommand.java
21,build/packages-template/bbb-html5/systemd_start.sh
60,akka-bbb-fsesl/src/main/java/org/bigbluebutton/freeswitch/voice/events/VoiceStartRecordingEvent.java
61,akka-bbb-fsesl/src/main/java/org/bigbluebutton/freeswitch/voice/commands/ConferenceCommand.java
36,bbb-common-web/src/main/java/org/bigbluebutton/web/services/KeepAlivePing.java
30,bbb-common-web/src/main/java/org/bigbluebutton/web/services/KeepAliveService.java
4,build/packages-template/bbb-html5/build.sh
57,akka-bbb-fsesl/src/main/java/org/bigbluebutton/freeswitch/voice/events/AudioFloorChangedEvent.java
58,akka-bbb-fsesl/src/main/java/org/bigbluebutton/freeswitch/voice/freeswitch/actions/RecordConferenceCommand.java
72,bbb-fsesl-client/src/main/java/org/freeswitch/esl/client/manager/DefaultManagerConnection.java
61,akka-bbb-fsesl/src/main/java/org/bigbluebutton/freeswitch/voice/events/AudioFloorChangedEvent.java
63,akka-bbb-fsesl/src/main/java/org/bigbluebutton/freeswitch/voice/events/VoiceUserLockedEvent.java
60,akka-bbb-fsesl/src/main/java/org/bigbluebutton/freeswitch/voice/commands/RecordCommand.java
62,akka-bbb-fsesl/src/main/java/org/bigbluebutton/freeswitch/voice/freeswitch/FreeswitchApplication.java
59,bbb-fsesl-client/src/main/java/org/freeswitch/esl/client/outbound/AbstractOutboundPipelineFactory.java
72,bigbluebutton-html5/deploy_to_usr_share.sh
60,akka-bbb-fsesl/src/main/java/org/bigbluebutton/freeswitch/voice/freeswitch/actions/CheckFreeswitchStatusCommand.java
9,bigbluebutton-html5/test-html5.sh
61,akka-bbb-fsesl/src/main/java/org/bigbluebutton/freeswitch/voice/commands/GetUsersCommand.java
61,akka-bbb-fsesl/src/main/java/org/bigbluebutton/freeswitch/voice/events/VoiceUserLockedEvent.java
62,akka-bbb-fsesl/src/main/java/org/bigbluebutton/freeswitch/voice/freeswitch/ESLEventListener.java
60,akka-bbb-apps/src/main/scala/org/bigbluebutton/core/util/jhotdraw/Geom.java
58,bbb-fsesl-client/src/test/java/org/freeswitch/esl/client/inbound/ClientTest.java
62,build/packages-template/bbb-freeswitch-core/build.sh
15,build/packages-template/bbb-graphql-server/opts-jammy.sh
8,build/packages-template/bbb-graphql-server/build.sh
60,bbb-fsesl-client/src/main/java/org/freeswitch/esl/client/example/ExampleClient.java
66,akka-bbb-fsesl/src/main/java/org/bigbluebutton/freeswitch/voice/freeswitch/actions/ForceEjectUserCommand.java
57,bbb-fsesl-client/src/main/java/org/freeswitch/esl/client/outbound/SocketClient.java
63,akka-bbb-fsesl/src/main/java/org/bigbluebutton/freeswitch/voice/events/VoiceConferenceEvent.java
19,build/packages-template/bbb-html5/after-install.sh
37,bbb-common-web/src/main/java/org/bigbluebutton/web/services/turn/RemoteIceCandidate.java
61,akka-bbb-fsesl/src/main/java/org/bigbluebutton/freeswitch/voice/freeswitch/actions/ForceEjectUserCommand.java
57,bbb-fsesl-client/src/main/java/org/freeswitch/esl/client/IEslEventListener.java
60,build/packages-template/bbb-fsesl-akka/build.sh
60,bbb-common-message/src/main/java/org/bigbluebutton/common2/redis/pubsub/MessageDistributor.java
72,akka-bbb-fsesl/src/main/java/org/bigbluebutton/freeswitch/voice/events/FreeswitchStatusReplyEvent.java
59,akka-bbb-fsesl/src/main/java/org/bigbluebutton/freeswitch/voice/freeswitch/actions/DelayedCommand.java
61,bbb-fsesl-client/src/main/java/org/freeswitch/esl/client/transport/event/EslEvent.java
60,akka-bbb-fsesl/src/main/java/org/bigbluebutton/freeswitch/voice/events/VoiceUsersStatusEvent.java
57,akka-bbb-fsesl/src/main/java/org/bigbluebutton/freeswitch/voice/freeswitch/ConnectionManager.java
61,bbb-fsesl-client/src/main/java/org/freeswitch/esl/client/transport/message/EslHeaders.java
61,build/packages-template/bbb-freeswitch-core/build.sh
60,akka-bbb-fsesl/src/main/java/org/bigbluebutton/freeswitch/voice/events/VoiceConferenceEvent.java
63,akka-bbb-fsesl/src/main/java/org/bigbluebutton/freeswitch/voice/freeswitch/response/ConferenceMember.java
57,akka-bbb-fsesl/src/main/java/org/bigbluebutton/freeswitch/voice/freeswitch/response/XMLResponseConferenceListParser.java
61,bbb-fsesl-client/src/main/java/org/freeswitch/esl/client/outbound/AbstractOutboundPipelineFactory.java
60,akka-bbb-fsesl/src/main/java/org/bigbluebutton/freeswitch/voice/freeswitch/actions/HoldUserCommand.java
66,akka-bbb-fsesl/src/main/java/org/bigbluebutton/freeswitch/voice/commands/EjectUserCommand.java
60,akka-bbb-fsesl/src/main/java/org/bigbluebutton/freeswitch/voice/events/VoiceConfRunningAndRecordingEvent.java
19,bbb-graphql-server/install-hasura.sh
54,akka-bbb-apps/src/debian/DEBIAN/postrm
30,bbb-common-web/src/main/java/org/bigbluebutton/web/services/WaitingGuestCleanupTimerTask.java
36,bbb-common-web/src/main/java/org/bigbluebutton/web/services/KeepAlivePong.java
57,bbb-fsesl-client/src/main/java/org/freeswitch/esl/client/manager/ManagerConnection.java
72,bbb-fsesl-client/src/main/java/org/freeswitch/esl/client/example/EslEventListener.java
4,bigbluebutton-html5/deploy_to_usr_share.sh
61,bbb-fsesl-client/src/main/java/org/freeswitch/esl/client/transport/CommandResponse.java
58,build/packages-template/bbb-freeswitch-core/opts-jammy.sh
59,build/packages-template/bbb-freeswitch-core/before-install.sh
72,bbb-fsesl-client/src/main/java/org/freeswitch/esl/client/inbound/Client.java
59,bbb-fsesl-client/src/main/java/org/freeswitch/esl/client/inbound/Client.java
26,build/packages-template/bbb-apps-akka/build.sh
61,akka-bbb-fsesl/src/main/java/org/bigbluebutton/freeswitch/voice/freeswitch/actions/ConferenceCheckRecordCommand.java
63,bbb-fsesl-client/src/main/java/org/freeswitch/esl/client/transport/message/EslFrameDecoder.java
60,akka-bbb-fsesl/src/main/java/org/bigbluebutton/freeswitch/voice/freeswitch/actions/ConferenceCheckRecordCommand.java
62,bbb-fsesl-client/src/test/java/org/freeswitch/esl/client/transport/message/EslFrameDecoderTest.java
57,akka-bbb-fsesl/src/main/java/org/bigbluebutton/freeswitch/voice/freeswitch/actions/RecordConferenceCommand.java
60,akka-bbb-fsesl/src/main/java/org/bigbluebutton/freeswitch/voice/freeswitch/ConnectionManager.java
21,build/packages-template/bbb-graphql-server/opts-jammy.sh
58,akka-bbb-fsesl/src/main/java/org/bigbluebutton/freeswitch/voice/freeswitch/actions/EjectAllUsersCommand.java
19,bbb-graphql-server/build_hasura.sh
58,bbb-fsesl-client/src/main/java/org/freeswitch/esl/client/transport/SendMsg.java
78,bbb-common-web/src/main/java/org/bigbluebutton/web/services/callback/CallbackUrlService.java
14,build/packages-template/bbb-html5/opts-jammy.sh
62,akka-bbb-fsesl/src/main/java/org/bigbluebutton/freeswitch/voice/freeswitch/actions/TransferUserToMeetingCommand.java
62,akka-bbb-fsesl/src/main/java/org/bigbluebutton/freeswitch/voice/events/FreeswitchHeartbeatEvent.java
14,bbb-graphql-middleware/demo/client/run.sh
15,build/packages-template/bbb-html5/opts-jammy.sh
58,bbb-fsesl-client/src/test/java/org/freeswitch/esl/client/outbound/SocketClientTest.java
59,build/packages-template/bbb-freeswitch-core/fs_clibbb
14,bigbluebutton-html5/run-dev.sh
63,bbb-fsesl-client/src/main/java/org/freeswitch/esl/client/inbound/InboundConnectionFailure.java
63,akka-bbb-fsesl/src/main/java/org/bigbluebutton/freeswitch/voice/events/VoiceUserTalkingEvent.java
72,build/packages-template/bbb-freeswitch-sounds/build.sh
6,build/packages-template/bbb-html5/systemd_start.sh
8,bigbluebutton-html5/run-dev.sh
60,build/packages-template/bbb-freeswitch-core/after-remove.sh
57,akka-bbb-fsesl/src/main/java/org/bigbluebutton/freeswitch/voice/freeswitch/actions/TransferUserToMeetingCommand.java
60,akka-bbb-fsesl/src/main/java/org/bigbluebutton/freeswitch/voice/freeswitch/actions/BroadcastConferenceCommand.java
58,akka-bbb-fsesl/src/main/java/org/bigbluebutton/freeswitch/voice/freeswitch/actions/GetUsersStatusCommand.java
51,akka-bbb-apps/src/main/scala/org/bigbluebutton/core/util/jhotdraw/PathCommands.java
72,bbb-graphql-middleware/demo/client/stress-test.sh
20,build/packages-template/bbb-html5/opts-jammy.sh
15,build/packages-template/bbb-html5/before-remove.sh
61,bbb-fsesl-client/src/main/java/org/freeswitch/esl/client/example/EslEventListener.java
61,bbb-fsesl-client/src/main/java/org/freeswitch/esl/client/outbound/example/SimpleHangupOutboundHandler.java
66,akka-bbb-fsesl/src/main/java/org/bigbluebutton/freeswitch/voice/freeswitch/ConnectionManager.java
57,bbb-fsesl-client/src/test/java/org/freeswitch/esl/client/transport/message/EslFrameDecoderTest.java
58,akka-bbb-fsesl/src/main/java/org/bigbluebutton/freeswitch/voice/events/VoiceStartRecordingEvent.java
58,akka-bbb-fsesl/src/main/java/org/bigbluebutton/freeswitch/voice/freeswitch/FreeswitchApplication.java
59,akka-bbb-fsesl/src/main/java/org/bigbluebutton/freeswitch/voice/freeswitch/actions/GetAllUsersCommand.java
62,akka-bbb-fsesl/src/main/java/org/bigbluebutton/freeswitch/voice/events/VoiceUsersStatusEvent.java
66,akka-bbb-fsesl/src/main/java/org/bigbluebutton/freeswitch/voice/freeswitch/actions/FreeswitchCommand.java
51,bbb-common-web/src/main/java/org/bigbluebutton/common/messages/BbbAppsIsAliveMessage.java
58,akka-bbb-fsesl/src/main/java/org/bigbluebutton/freeswitch/voice/freeswitch/IDelayedCommandListener.java
72,bigbluebutton-html5/transifex.sh
30,bbb-common-web/src/main/java/org/bigbluebutton/web/services/turn/StunServer.java
57,akka-bbb-fsesl/src/debian/DEBIAN/preinst
61,akka-bbb-fsesl/src/main/java/org/bigbluebutton/freeswitch/voice/freeswitch/actions/RecordConferenceCommand.java
30,bbb-common-web/src/main/java/org/bigbluebutton/web/services/EnteredUserCleanupTimerTask.java
58,build/packages-template/bbb-freeswitch-sounds/build.sh
59,akka-bbb-fsesl/src/main/java/org/bigbluebutton/freeswitch/voice/freeswitch/actions/MuteUserCommand.java
19,build/packages-template/bbb-graphql-server/before-remove.sh
58,akka-bbb-fsesl/src/main/java/org/bigbluebutton/freeswitch/voice/ConferenceServerListener.java
72,bbb-fsesl-client/src/main/java/org/freeswitch/esl/client/outbound/AbstractOutboundClientHandler.java
59,bbb-fsesl-client/src/main/java/org/freeswitch/esl/client/transport/CommandResponse.java
60,akka-bbb-fsesl/src/main/java/org/bigbluebutton/freeswitch/voice/freeswitch/actions/RecordConferenceCommand.java
60,akka-bbb-fsesl/src/main/java/org/bigbluebutton/freeswitch/voice/freeswitch/actions/PlaySoundCommand.java
37,bbb-common-web/src/main/java/org/bigbluebutton/web/services/WaitingGuestCleanupTimerTask.java
62,akka-bbb-fsesl/src/main/java/org/bigbluebutton/freeswitch/voice/freeswitch/DelayedCommandSenderService.java
63,freeswitch.placeholder.sh
66,bbb-fsesl-client/src/main/java/org/freeswitch/esl/client/outbound/AbstractOutboundPipelineFactory.java
72,akka-bbb-fsesl/src/main/java/org/bigbluebutton/freeswitch/voice/events/VoiceUserMutedEvent.java
60,akka-bbb-fsesl/src/main/java/org/bigbluebutton/freeswitch/voice/freeswitch/actions/GetAllUsersCommand.java
63,bbb-fsesl-client/src/main/java/org/freeswitch/esl/client/internal/debug/ChannelEventRunnable.java
5,build/packages-template/bbb-html5/workers-start.sh
62,bbb-fsesl-client/src/main/java/org/freeswitch/esl/client/internal/debug/ChannelEventRunnable.java
19,build/packages-template/bbb-html5/systemd_start.sh
79,bbb-common-message/src/main/java/org/bigbluebutton/common2/redis/pubsub/MessageHandler.java
61,akka-bbb-fsesl/src/main/java/org/bigbluebutton/freeswitch/voice/events/VoiceUserMutedEvent.java
60,bbb-fsesl-client/src/main/java/org/freeswitch/esl/client/internal/debug/ChannelEventRunnable.java
63,bbb-fsesl-client/src/main/java/org/freeswitch/esl/client/internal/debug/ExecutionHandler.java
60,akka-bbb-fsesl/src/main/java/org/bigbluebutton/freeswitch/voice/freeswitch/ESLEventListener.java
58,bbb-fsesl-client/src/main/java/org/freeswitch/esl/client/transport/message/EslHeaders.java
60,akka-bbb-fsesl/src/main/java/org/bigbluebutton/freeswitch/voice/freeswitch/actions/StopSoundCommand.java
61,bbb-fsesl-client/src/main/java/org/freeswitch/esl/client/inbound/Client.java
