modelElementID,codeId
97,src/main/java/teammates/ui/request/package-info.java
1,src/main/java/teammates/ui/output/UsageStatisticsRangeData.java
185,src/e2e/java/teammates/e2e/cases/axe/package-info.java
1,src/e2e/java/teammates/e2e/util/TestDataValidityTest.java
5,src/main/java/teammates/ui/webapi/FeedbackSessionPublishedEmailWorkerAction.java
155,src/test/java/teammates/common/util/SanitizationHelperTest.java
77,src/test/java/teammates/logic/api/MockUserProvision.java
18,src/client/java/teammates/client/scripts/DataMigrationForConstSumForceUnevenDistribution.java
25,src/test/java/teammates/ui/webapi/StudentCourseJoinEmailWorkerActionTest.java
1,src/main/java/teammates/ui/servlets/LegacyUrlMapper.java
20,src/test/java/teammates/common/util/StringHelperTest.java
5,src/test/java/teammates/ui/webapi/GetHasResponsesActionTest.java
7,src/main/java/teammates/ui/output/ReadNotificationsData.java
81,src/test/java/teammates/ui/webapi/DeleteStudentsActionTest.java
4,src/main/java/teammates/ui/output/JoinState.java
18,src/client/java/teammates/client/util/LoopHelper.java
25,src/main/java/teammates/ui/webapi/GetStudentAction.java
122,src/test/java/teammates/logic/api/LogicExtension.java
15,src/e2e/java/teammates/e2e/cases/axe/FeedbackSubmitPageAxeTest.java
1,src/main/java/teammates/ui/output/NotificationsData.java
15,src/e2e/java/teammates/e2e/cases/FeedbackRubricQuestionE2ETest.java
131,src/test/java/teammates/ui/webapi/SendJoinReminderEmailActionTest.java
1,src/main/java/teammates/common/datatransfer/questions/FeedbackTextResponseDetails.java
29,src/test/java/teammates/ui/webapi/UpdateFeedbackResponseCommentActionTest.java
1,src/main/java/teammates/ui/webapi/CreateFeedbackResponseCommentAction.java
10,src/test/java/teammates/test/TestPropertiesTest.java
1,src/main/java/teammates/ui/webapi/GetFeedbackQuestionRecipientsAction.java
97,src/test/java/teammates/ui/webapi/FeedbackSessionPublishedRemindersActionTest.java
4,src/main/java/teammates/ui/webapi/SearchStudentsAction.java
1,src/main/java/teammates/ui/request/Intent.java
1,src/test/java/teammates/ui/webapi/ArchiveCourseActionTest.java
1,src/main/java/teammates/common/datatransfer/attributes/CourseAttributes.java
176,src/main/java/teammates/logic/api/Logic.java
29,src/main/java/teammates/ui/webapi/GetSessionResponseStatsAction.java
1,src/main/java/teammates/ui/webapi/SearchInstructorsAction.java
5,src/main/java/teammates/ui/output/FeedbackSessionSubmittedGiverSet.java
15,src/e2e/java/teammates/e2e/cases/axe/package-info.java
118,src/main/java/teammates/storage/api/AccountsDb.java
29,src/test/java/teammates/ui/webapi/UnpublishFeedbackSessionActionTest.java
81,src/main/java/teammates/ui/output/FeedbackSessionSubmissionStatus.java
20,src/main/java/teammates/common/exception/DeadlineExceededException.java
81,src/main/java/teammates/ui/webapi/DeleteFeedbackResponseCommentAction.java
20,src/test/java/teammates/common/util/TimeHelperExtension.java
101,src/main/java/teammates/storage/entity/Instructor.java
4,src/test/java/teammates/ui/webapi/CreateNotificationActionTest.java
47,src/main/java/teammates/ui/output/NotificationsData.java
5,src/main/java/teammates/ui/webapi/GetFeedbackResponsesAction.java
29,src/main/java/teammates/ui/webapi/InvalidHttpParameterException.java
97,src/main/java/teammates/ui/webapi/StudentCourseJoinEmailWorkerAction.java
97,src/test/java/teammates/ui/webapi/JoinCourseActionTest.java
131,src/test/java/teammates/ui/webapi/CreateNotificationActionTest.java
87,src/main/java/teammates/logic/external/GoogleRecaptchaService.java
1,src/main/java/teammates/common/util/TimeHelper.java
47,src/main/java/teammates/logic/external/SendgridService.java
25,src/main/java/teammates/ui/webapi/GetTimeZonesAction.java
1,src/main/java/teammates/ui/output/ActionClasses.java
17,src/e2e/java/teammates/e2e/pageobjects/AdminAccountsPage.java
1,src/test/java/teammates/storage/api/DeadlineExtensionsDbTest.java
20,src/test/java/teammates/common/datatransfer/UserInfoCookieTest.java
97,src/main/java/teammates/ui/request/InstructorPrivilegeUpdateRequest.java
129,src/main/java/teammates/logic/external/MailjetService.java
163,src/test/java/teammates/test/ThreadHelper.java
177,src/main/java/teammates/storage/entity/package-info.java
87,src/test/java/teammates/logic/core/DataBundleLogicTest.java
122,src/test/java/teammates/logic/api/MockLogsProcessor.java
186,src/e2e/java/teammates/e2e/cases/axe/InstructorCoursesPageAxeTest.java
1,src/e2e/java/teammates/e2e/cases/axe/InstructorHomePageAxeTest.java
1,src/main/java/teammates/storage/api/EntitiesDb.java
128,src/test/java/teammates/storage/api/EntitiesDbTest.java
25,src/test/java/teammates/ui/webapi/FeedbackSessionOpeningRemindersActionTest.java
25,src/main/java/teammates/ui/output/MessageOutput.java
81,src/test/java/teammates/ui/webapi/GetCourseActionTest.java
1,src/main/java/teammates/ui/webapi/UpdateFeedbackResponseCommentAction.java
17,src/e2e/java/teammates/e2e/pageobjects/IanaTimezonePage.java
1,src/test/java/teammates/ui/webapi/GetInstructorsActionTest.java
131,src/main/java/teammates/storage/api/AccountsDb.java
101,src/test/java/teammates/storage/search/AccountRequestSearchTest.java
25,src/main/java/teammates/ui/webapi/GetFeedbackSessionSubmittedGiverSetAction.java
47,src/main/java/teammates/ui/webapi/SearchInstructorsAction.java
20,src/test/java/teammates/common/util/package-info.java
16,src/e2e/java/teammates/e2e/cases/StudentHomePageE2ETest.java
122,src/main/java/teammates/logic/core/package-info.java
118,src/test/java/teammates/storage/search/StudentSearchTest.java
176,src/main/java/teammates/logic/core/FeedbackSessionsLogic.java
15,src/e2e/java/teammates/e2e/cases/axe/InstructorStudentRecordsPageAxeTest.java
1,src/e2e/java/teammates/e2e/cases/AutomatedSessionRemindersE2ETest.java
20,src/main/java/teammates/common/util/JsonUtils.java
7,src/test/java/teammates/ui/webapi/CreateFeedbackSessionActionTest.java
131,src/main/java/teammates/storage/entity/UsageStatistics.java
97,src/test/java/teammates/ui/webapi/InstructorCourseJoinEmailWorkerActionTest.java
1,src/main/java/teammates/ui/request/FeedbackSessionRespondentRemindRequest.java
185,src/e2e/java/teammates/e2e/cases/axe/AdminSearchPageAxeTest.java
155,src/test/java/teammates/common/datatransfer/questions/FeedbackQuestionDetailsTest.java
131,src/main/java/teammates/ui/request/FeedbackSessionBasicRequest.java
175,src/main/java/teammates/common/datatransfer/logs/FeedbackSessionAuditLogDetails.java
5,src/test/java/teammates/ui/webapi/FeedbackSessionRemindEmailWorkerActionTest.java
174,src/main/java/teammates/common/datatransfer/attributes/FeedbackResponseAttributes.java
1,src/main/java/teammates/ui/output/RegenerateKeyData.java
81,src/main/java/teammates/ui/request/ErrorReportRequest.java
97,src/main/java/teammates/logic/core/LogicStarter.java
1,src/main/java/teammates/storage/search/SearchDocument.java
5,src/main/java/teammates/ui/output/FeedbackSessionStatsData.java
47,src/test/java/teammates/logic/api/BaseLogicTest.java
17,src/e2e/java/teammates/e2e/pageobjects/FeedbackResultsPage.java
25,src/main/java/teammates/ui/output/InstructorData.java
155,src/main/java/teammates/common/datatransfer/questions/FeedbackMcqQuestionDetails.java
5,src/main/java/teammates/ui/webapi/PutDataBundleDocumentsAction.java
47,src/main/java/teammates/logic/external/LocalTaskQueueService.java
81,src/main/java/teammates/ui/webapi/RestoreCourseAction.java
97,src/main/java/teammates/ui/webapi/GetNotificationAction.java
16,src/e2e/java/teammates/e2e/cases/InstructorFeedbackEditPageE2ETest.java
194,src/client/java/teammates/client/scripts/DataMigrationForSanitizedDataInStudentAttributes.java
4,src/main/java/teammates/ui/output/CourseArchiveData.java
131,src/main/java/teammates/ui/request/package-info.java
185,src/e2e/java/teammates/e2e/cases/BaseFeedbackQuestionE2ETest.java
17,src/e2e/java/teammates/e2e/pageobjects/InstructorCourseStudentDetailsViewPage.java
7,src/main/java/teammates/ui/webapi/BasicCommentSubmissionAction.java
1,src/e2e/java/teammates/e2e/pageobjects/AdminSessionsPage.java
4,src/test/java/teammates/ui/webapi/GetFeedbackResponsesActionTest.java
131,src/main/java/teammates/ui/webapi/GetInstructorAction.java
16,src/e2e/java/teammates/e2e/cases/FeedbackMsqQuestionE2ETest.java
4,src/test/java/teammates/ui/webapi/GetAccountsActionTest.java
15,src/e2e/java/teammates/e2e/cases/axe/AdminAccountsPageAxeTest.java
47,src/main/java/teammates/ui/webapi/GetCoursesAction.java
47,src/main/java/teammates/ui/webapi/JoinCourseAction.java
7,src/main/java/teammates/ui/webapi/StudentSearchIndexingWorkerAction.java
185,src/e2e/java/teammates/e2e/pageobjects/FeedbackSubmitPage.java
155,src/main/java/teammates/common/datatransfer/logs/RequestLogDetails.java
47,src/main/java/teammates/ui/output/DeadlineExtensionData.java
29,src/main/java/teammates/ui/output/EmailData.java
4,src/test/java/teammates/ui/webapi/UpdateNotificationActionTest.java
5,src/main/java/teammates/ui/output/FeedbackResponsesData.java
5,src/main/java/teammates/ui/output/OngoingSession.java
7,src/main/java/teammates/ui/webapi/UpdateInstructorPrivilegeAction.java
29,src/main/java/teammates/ui/webapi/GetUsageStatisticsAction.java
16,src/e2e/java/teammates/e2e/cases/FeedbackTextQuestionE2ETest.java
4,src/main/java/teammates/ui/constants/QuestionTypeStructures.java
128,src/main/java/teammates/storage/search/AccountRequestSearchManager.java
4,src/main/java/teammates/ui/webapi/UpdateInstructorAction.java
25,src/main/java/teammates/ui/webapi/CreateNotificationAction.java
47,src/main/java/teammates/ui/webapi/UpdateFeedbackQuestionAction.java
186,src/e2e/java/teammates/e2e/cases/StudentHomePageE2ETest.java
81,src/main/java/teammates/ui/webapi/InstructorCourseJoinEmailWorkerAction.java
174,src/main/java/teammates/common/exception/HttpRequestFailedException.java
29,src/main/java/teammates/ui/request/FeedbackQuestionBasicRequest.java
131,src/main/java/teammates/storage/api/CoursesDb.java
47,src/test/java/teammates/ui/webapi/GetNotificationsActionTest.java
25,src/main/java/teammates/ui/webapi/GetAccountsAction.java
81,src/main/java/teammates/ui/webapi/BinCourseAction.java
1,src/main/java/teammates/ui/request/FeedbackResponseCommentCreateRequest.java
1,src/main/java/teammates/logic/external/LogService.java
29,src/main/java/teammates/ui/webapi/GetInstructorPrivilegeAction.java
1,src/main/java/teammates/ui/webapi/GetCourseAction.java
1,src/main/java/teammates/ui/webapi/UpdateFeedbackQuestionAction.java
88,src/test/java/teammates/storage/api/CoursesDbTest.java
131,src/main/java/teammates/ui/output/JoinLinkData.java
77,src/main/java/teammates/logic/external/MailgunService.java
176,src/test/java/teammates/logic/api/MockEmailSender.java
17,src/e2e/java/teammates/e2e/pageobjects/StudentNotificationsPage.java
185,src/e2e/java/teammates/e2e/pageobjects/UserNotificationsPage.java
4,src/main/java/teammates/ui/output/AccountRequestData.java
25,src/main/java/teammates/ui/output/SessionResultsData.java
185,src/e2e/java/teammates/e2e/pageobjects/package-info.java
87,src/main/java/teammates/logic/api/Logic.java
155,src/test/java/teammates/common/util/StringHelperExtension.java
47,src/test/java/teammates/ui/webapi/GetFeedbackSessionSubmittedGiverSetActionTest.java
1,src/test/java/teammates/test/BaseTestCaseWithDatabaseAccess.java
29,src/test/java/teammates/ui/webapi/UpdateNotificationActionTest.java
1,src/main/java/teammates/ui/webapi/GetInstructorPrivilegeAction.java
118,src/main/java/teammates/storage/search/InstructorSearchDocument.java
155,src/main/java/teammates/common/exception/EnrollException.java
20,src/test/java/teammates/common/util/TimeHelperTest.java
47,src/main/java/teammates/ui/webapi/GetFeedbackQuestionRecipientsAction.java
7,src/test/java/teammates/ui/webapi/GetAccountsActionTest.java
131,src/test/java/teammates/ui/webapi/DeleteStudentsActionTest.java
47,src/main/java/teammates/ui/request/NotificationUpdateRequest.java
87,src/main/java/teammates/logic/external/LocalTaskQueueService.java
25,src/main/java/teammates/ui/request/NotificationBasicRequest.java
25,src/test/java/teammates/ui/webapi/DeleteStudentsActionTest.java
97,src/main/java/teammates/ui/servlets/WebApiServlet.java
186,src/e2e/java/teammates/e2e/pageobjects/AdminTimezonePage.java
131,src/test/java/teammates/ui/webapi/PublishFeedbackSessionActionTest.java
77,src/main/java/teammates/logic/api/EmailGenerator.java
131,src/test/java/teammates/ui/servlets/LegacyUrlMapperTest.java
131,src/test/java/teammates/ui/webapi/UpdateFeedbackResponseCommentActionTest.java
1,src/e2e/java/teammates/e2e/cases/InstructorCoursesPageE2ETest.java
81,src/main/java/teammates/ui/output/EmailData.java
68,src/main/java/teammates/logic/external/LogService.java
25,src/test/java/teammates/ui/servlets/OriginCheckFilterTest.java
81,src/test/java/teammates/ui/webapi/GetDeadlineExtensionActionTest.java
1,src/main/java/teammates/common/util/FieldValidator.java
131,src/test/java/teammates/ui/webapi/CreateFeedbackSessionLogActionTest.java
1,src/test/java/teammates/ui/webapi/PublishFeedbackSessionActionTest.java
194,src/client/java/teammates/client/scripts/statistics/FileStore.java
77,src/test/java/teammates/logic/core/NotificationsLogicTest.java
16,src/e2e/java/teammates/e2e/cases/axe/AdminSessionsPageAxeTest.java
4,src/main/java/teammates/ui/request/MarkNotificationAsReadRequest.java
5,src/main/java/teammates/ui/request/FeedbackResponseCommentBasicRequest.java
175,src/main/java/teammates/common/datatransfer/AttributesDeletionQuery.java
97,src/main/java/teammates/logic/api/package-info.java
97,src/test/java/teammates/ui/webapi/GetReadNotificationsActionTest.java
1,src/main/java/teammates/common/datatransfer/questions/FeedbackRubricQuestionDetails.java
81,src/main/java/teammates/ui/webapi/BasicFeedbackSubmissionAction.java
1,src/test/java/teammates/logic/api/UserProvisionTest.java
17,src/e2e/java/teammates/e2e/cases/axe/InstructorCourseDetailsPageAxeTest.java
77,src/main/java/teammates/logic/api/TaskQueuer.java
97,src/test/java/teammates/ui/webapi/GetCourseSectionNamesActionTest.java
176,src/main/java/teammates/logic/api/RecaptchaVerifier.java
81,src/test/java/teammates/ui/servlets/package-info.java
186,src/e2e/java/teammates/e2e/pageobjects/FeedbackSubmitPage.java
1,src/test/java/teammates/ui/webapi/GetAuthInfoActionTest.java
118,src/main/java/teammates/storage/api/FeedbackResponsesDb.java
25,src/main/java/teammates/ui/webapi/SearchAccountRequestsAction.java
131,src/main/java/teammates/ui/webapi/BinFeedbackSessionAction.java
131,src/test/java/teammates/ui/webapi/CreateFeedbackSessionActionTest.java
97,src/test/java/teammates/ui/webapi/GetAccountsActionTest.java
29,src/main/java/teammates/ui/request/AccountCreateRequest.java
122,src/test/java/teammates/logic/core/UsageStatisticsLogicTest.java
17,src/e2e/java/teammates/e2e/pageobjects/Browser.java
81,src/main/java/teammates/ui/request/FeedbackSessionRemindRequest.java
176,src/main/java/teammates/logic/api/UserProvision.java
20,src/main/java/teammates/common/datatransfer/attributes/StudentAttributes.java
97,src/test/java/teammates/ui/webapi/FeedbackSessionResendPublishedEmailWorkerActionTest.java
16,src/e2e/java/teammates/e2e/pageobjects/InstructorNotificationsPage.java
47,src/test/java/teammates/ui/webapi/SubmitFeedbackResponsesActionTest.java
87,src/main/java/teammates/logic/core/FeedbackResponsesLogic.java
81,src/test/java/teammates/ui/webapi/GetFeedbackResponsesActionTest.java
185,src/e2e/java/teammates/e2e/cases/InstructorCourseEditPageE2ETest.java
128,src/main/java/teammates/storage/api/FeedbackResponseCommentsDb.java
68,src/main/java/teammates/logic/external/EmptyRecaptchaService.java
5,src/main/java/teammates/ui/output/RegenerateKeyData.java
4,src/test/java/teammates/ui/webapi/FeedbackSessionClosingRemindersActionTest.java
17,src/e2e/java/teammates/e2e/cases/AdminNotificationsPageE2ETest.java
131,src/main/java/teammates/ui/servlets/WebSecurityHeaderFilter.java
20,src/main/java/teammates/common/datatransfer/questions/FeedbackQuestionDetails.java
1,src/main/java/teammates/ui/output/FeedbackSessionStatsData.java
7,src/main/java/teammates/ui/output/StudentData.java
7,src/main/java/teammates/ui/webapi/InstructorSearchIndexingWorkerAction.java
4,src/main/java/teammates/ui/servlets/WebApiServlet.java
97,src/main/java/teammates/ui/constants/DefaultInstructorPermissions.java
7,src/test/java/teammates/ui/webapi/MarkNotificationAsReadActionTest.java
81,src/main/java/teammates/ui/output/AccountsData.java
47,src/main/java/teammates/ui/webapi/GetInstructorPrivilegeAction.java
25,src/main/java/teammates/ui/servlets/LegacyUrlMapper.java
155,src/test/java/teammates/common/datatransfer/CourseRosterTest.java
1,src/main/java/teammates/common/util/JsonUtils.java
16,src/e2e/java/teammates/e2e/cases/InstructorCourseStudentDetailsPageE2ETest.java
7,src/main/java/teammates/ui/output/NotificationData.java
1,src/test/java/teammates/common/util/TimeHelperTest.java
47,src/main/java/teammates/ui/output/ResponseVisibleSetting.java
29,src/main/java/teammates/ui/webapi/GetFeedbackSessionSubmittedGiverSetAction.java
4,src/main/java/teammates/ui/request/FeedbackQuestionBasicRequest.java
47,src/main/java/teammates/ui/webapi/CreateAccountRequestAction.java
131,src/test/java/teammates/ui/webapi/BaseActionTest.java
7,src/test/java/teammates/ui/webapi/UpdateCourseActionTest.java
25,src/test/java/teammates/ui/webapi/PublishFeedbackSessionActionTest.java
7,src/test/java/teammates/ui/webapi/GetTimeZonesActionTest.java
17,src/e2e/java/teammates/e2e/cases/axe/FeedbackResultsPageAxeTest.java
47,src/main/java/teammates/ui/webapi/GetStudentsAction.java
81,src/test/java/teammates/ui/webapi/RemindFeedbackSessionResultActionTest.java
1,src/main/java/teammates/ui/output/ApiOutput.java
4,src/test/java/teammates/ui/webapi/DeleteFeedbackResponseCommentActionTest.java
20,src/test/java/teammates/common/datatransfer/questions/FeedbackMsqQuestionDetailsTest.java
175,src/main/java/teammates/common/datatransfer/InstructorPrivileges.java
47,src/main/java/teammates/ui/webapi/DeleteNotificationAction.java
7,src/main/java/teammates/ui/output/InstructorPrivilegeData.java
155,src/test/java/teammates/common/util/StringHelperTest.java
1,src/main/java/teammates/common/datatransfer/SessionResultsBundle.java
118,src/main/java/teammates/storage/search/StudentSearchManager.java
20,src/test/java/teammates/common/datatransfer/attributes/DeadlineExtensionAttributesTest.java
25,src/test/java/teammates/ui/webapi/CreateFeedbackResponseCommentActionTest.java
1,src/client/java/teammates/client/scripts/DataMigrationForSanitizedDataInCourseAttributes.java
29,src/main/java/teammates/ui/servlets/LogoutServlet.java
4,src/main/java/teammates/ui/output/FeedbackSessionData.java
88,src/main/java/teammates/logic/external/EmptyAuthService.java
47,src/main/java/teammates/ui/request/NotificationBasicRequest.java
1,src/e2e/java/teammates/e2e/cases/InstructorSessionIndividualExtensionPageE2ETest.java
5,src/main/java/teammates/ui/request/FeedbackSessionCreateRequest.java
87,src/test/java/teammates/logic/api/EmailGeneratorTest.java
4,src/test/java/teammates/ui/webapi/RestoreFeedbackSessionActionTest.java
174,src/test/java/teammates/common/datatransfer/attributes/BaseAttributesTest.java
81,src/main/java/teammates/ui/request/FeedbackQuestionCreateRequest.java
29,src/main/java/teammates/ui/output/SessionResultsData.java
118,src/main/java/teammates/storage/entity/Instructor.java
4,src/main/java/teammates/ui/webapi/FeedbackSessionUnpublishedEmailWorkerAction.java
131,src/test/java/teammates/ui/webapi/GetInstructorActionTest.java
4,src/main/java/teammates/ui/webapi/GetDeadlineExtensionAction.java
118,src/main/java/teammates/storage/api/UsageStatisticsDb.java
122,src/main/java/teammates/logic/external/AuthService.java
185,src/e2e/java/teammates/e2e/pageobjects/AdminNotificationsPage.java
29,src/main/java/teammates/ui/webapi/RemindFeedbackSessionResultAction.java
47,src/main/java/teammates/ui/output/FeedbackQuestionRecipientsData.java
16,src/e2e/java/teammates/e2e/cases/InstructorFeedbackReportPageE2ETest.java
97,src/main/java/teammates/logic/api/TaskQueuer.java
131,src/main/java/teammates/ui/webapi/UpdateCourseAction.java
176,src/main/java/teammates/logic/external/GoogleRecaptchaService.java
4,src/test/java/teammates/ui/webapi/SubmitFeedbackResponsesActionTest.java
174,src/main/java/teammates/common/datatransfer/logs/RequestLogDetails.java
1,src/e2e/java/teammates/e2e/cases/InstructorFeedbackSessionsPageE2ETest.java
7,src/main/java/teammates/ui/webapi/GateKeeper.java
1,src/client/java/teammates/client/scripts/statistics/StatisticsPerInstitute.java
18,src/client/java/teammates/client/scripts/DataMigrationForSampleGoogleIdInStudentAttributes.java
7,src/main/java/teammates/ui/webapi/AdminOnlyAction.java
47,src/main/java/teammates/ui/output/RegkeyValidityData.java
131,src/test/java/teammates/ui/servlets/OriginCheckFilterTest.java
81,src/main/java/teammates/ui/webapi/BinFeedbackSessionAction.java
47,src/main/java/teammates/ui/output/FeedbackSessionSubmissionStatus.java
175,src/main/java/teammates/common/exception/SearchServiceException.java
1,src/test/java/teammates/ui/webapi/DeleteNotificationActionTest.java
122,src/main/java/teammates/logic/api/TaskQueuer.java
20,src/main/java/teammates/common/datatransfer/UserInfo.java
1,src/e2e/java/teammates/e2e/cases/axe/FeedbackResultsPageAxeTest.java
175,src/test/java/teammates/common/datatransfer/attributes/FeedbackQuestionAttributesTest.java
1,src/test/java/teammates/common/util/TimeHelperExtension.java
88,src/main/java/teammates/logic/api/LogsProcessor.java
97,src/main/java/teammates/ui/output/OngoingSessionsData.java
25,src/main/java/teammates/ui/webapi/MarkNotificationAsReadAction.java
186,src/e2e/java/teammates/e2e/pageobjects/InstructorFeedbackResultsPage.java
81,src/test/java/teammates/ui/webapi/DeleteStudentActionTest.java
1,src/main/java/teammates/storage/entity/FeedbackQuestion.java
97,src/main/java/teammates/ui/webapi/CalculateUsageStatisticsAction.java
7,src/main/java/teammates/ui/webapi/GetUsageStatisticsAction.java
20,src/main/java/teammates/common/datatransfer/questions/FeedbackMcqQuestionDetails.java
155,src/main/java/teammates/common/datatransfer/attributes/package-info.java
47,src/main/java/teammates/logic/api/UserProvision.java
29,src/test/java/teammates/ui/webapi/StudentCourseJoinEmailWorkerActionTest.java
7,src/test/java/teammates/ui/webapi/GetCourseActionTest.java
155,src/main/java/teammates/common/util/EmailSendingStatus.java
47,src/test/java/teammates/ui/webapi/CreateCourseActionTest.java
186,src/e2e/java/teammates/e2e/cases/InstructorHomePageE2ETest.java
131,src/test/java/teammates/ui/webapi/DeleteAccountRequestActionTest.java
1,src/e2e/java/teammates/e2e/pageobjects/CourseJoinConfirmationPage.java
47,src/test/java/teammates/ui/webapi/ResetAccountRequestActionTest.java
1,src/test/java/teammates/common/datatransfer/attributes/CourseAttributesTest.java
122,src/main/java/teammates/logic/api/AuthProxy.java
1,src/test/java/teammates/common/util/FieldValidatorTest.java
47,src/main/java/teammates/ui/output/JoinState.java
1,src/main/java/teammates/ui/output/DeadlineExtensionData.java
1,src/e2e/java/teammates/e2e/pageobjects/InstructorSearchPage.java
1,src/main/java/teammates/ui/webapi/DeleteStudentAction.java
47,src/main/java/teammates/ui/webapi/FeedbackSessionOpeningRemindersAction.java
97,src/test/java/teammates/ui/webapi/DeleteCourseActionTest.java
129,src/main/java/teammates/logic/external/LogService.java
122,src/test/java/teammates/logic/core/AccountRequestsLogicTest.java
97,src/test/java/teammates/ui/webapi/GetInstructorsActionTest.java
186,src/e2e/java/teammates/e2e/cases/InstructorSearchPageE2ETest.java
81,src/test/java/teammates/ui/webapi/UpdateFeedbackSessionActionTest.java
1,src/main/java/teammates/ui/constants/ApiConst.java
25,src/main/java/teammates/ui/webapi/ArchiveCourseAction.java
87,src/main/java/teammates/logic/external/TaskQueueService.java
131,src/main/java/teammates/ui/output/AccountsData.java
131,src/test/java/teammates/ui/webapi/FeedbackSessionOpeningRemindersActionTest.java
131,src/test/java/teammates/ui/webapi/DeleteFeedbackQuestionActionTest.java
122,src/main/java/teammates/logic/external/MailjetService.java
129,src/main/java/teammates/logic/external/AuthService.java
81,src/main/java/teammates/ui/servlets/RequestTraceFilter.java
101,src/main/java/teammates/storage/entity/FeedbackResponse.java
47,src/main/java/teammates/ui/webapi/GetNotificationsAction.java
101,src/test/java/teammates/storage/search/InstructorSearchTest.java
131,src/main/java/teammates/ui/webapi/FeedbackSessionUnpublishedEmailWorkerAction.java
1,src/e2e/java/teammates/e2e/util/TestProperties.java
47,src/test/java/teammates/ui/webapi/FeedbackSessionOpeningSoonRemindersActionTest.java
155,src/test/java/teammates/common/datatransfer/attributes/AccountRequestAttributesTest.java
177,src/test/java/teammates/storage/search/BaseSearchTest.java
4,src/test/java/teammates/ui/webapi/GetInstructorsActionTest.java
47,src/test/java/teammates/ui/webapi/UpdateCourseActionTest.java
25,src/main/java/teammates/ui/constants/QuestionTypeStructures.java
122,src/main/java/teammates/logic/api/package-info.java
7,src/main/java/teammates/ui/output/HasResponsesData.java
131,src/main/java/teammates/ui/webapi/GetInstructorPrivilegeAction.java
81,src/main/java/teammates/ui/constants/DefaultInstructorPermissions.java
47,src/main/java/teammates/ui/request/FeedbackSessionRemindRequest.java
15,src/e2e/java/teammates/e2e/cases/InstructorCourseDetailsPageE2ETest.java
97,src/test/java/teammates/ui/webapi/FeedbackSessionOpeningSoonRemindersActionTest.java
1,src/main/java/teammates/storage/entity/Course.java
1,src/e2e/java/teammates/e2e/util/BackDoor.java
81,src/main/java/teammates/ui/webapi/GetActionClassesAction.java
5,src/test/java/teammates/ui/webapi/CreateAccountActionTest.java
97,src/test/java/teammates/ui/webapi/CreateInstructorActionTest.java
7,src/main/java/teammates/ui/output/FeedbackQuestionRecipientsData.java
155,src/test/java/teammates/common/datatransfer/attributes/FeedbackQuestionAttributesTest.java
5,src/test/java/teammates/ui/webapi/UpdateCourseActionTest.java
88,src/main/java/teammates/logic/api/UserProvision.java
4,src/main/java/teammates/ui/webapi/RestoreCourseAction.java
25,src/test/java/teammates/ui/webapi/JoinCourseActionTest.java
47,src/test/java/teammates/ui/webapi/CreateNotificationActionTest.java
174,src/main/java/teammates/common/datatransfer/InstructorPermissionSet.java
97,src/main/java/teammates/ui/output/FeedbackResponseData.java
4,src/main/java/teammates/ui/output/SessionResultsData.java
29,src/main/java/teammates/ui/output/RegenerateKeyData.java
118,src/main/java/teammates/storage/entity/Account.java
17,src/e2e/java/teammates/e2e/cases/FeedbackContributionQuestionE2ETest.java
131,src/main/java/teammates/ui/constants/DefaultInstructorPermissions.java
81,src/main/java/teammates/ui/constants/ResourceEndpoints.java
155,src/main/java/teammates/common/datatransfer/questions/FeedbackQuestionDetails.java
88,src/main/java/teammates/storage/api/EntitiesDb.java
122,src/main/java/teammates/logic/external/EmptyRecaptchaService.java
155,src/main/java/teammates/common/datatransfer/questions/package-info.java
4,src/test/java/teammates/ui/webapi/GetFeedbackSessionActionTest.java
4,src/main/java/teammates/ui/request/SendEmailRequest.java
1,src/main/java/teammates/ui/webapi/SendLoginEmailAction.java
7,src/test/java/teammates/ui/webapi/GetSessionResponseStatsActionTest.java
97,src/main/java/teammates/ui/webapi/BinFeedbackSessionAction.java
1,src/main/java/teammates/ui/webapi/GetFeedbackQuestionsAction.java
29,src/test/java/teammates/ui/webapi/GetDeadlineExtensionActionTest.java
4,src/main/java/teammates/ui/output/FeedbackQuestionRecipientsData.java
1,src/client/java/teammates/client/scripts/DataMigrationForStudentsAndTeamsRecipientType.java
5,src/test/java/teammates/ui/webapi/UpdateFeedbackQuestionActionTest.java
155,src/main/java/teammates/common/util/TimeHelper.java
4,src/main/java/teammates/ui/webapi/GetOngoingSessionsAction.java
47,src/test/java/teammates/ui/webapi/GetFeedbackResponseCommentActionTest.java
175,src/main/java/teammates/common/datatransfer/SessionResultsBundle.java
29,src/test/java/teammates/ui/webapi/ActionFactoryTest.java
5,src/main/java/teammates/ui/servlets/WebPageServlet.java
174,src/test/java/teammates/common/util/FieldValidatorTest.java
15,src/e2e/java/teammates/e2e/pageobjects/ErrorReportingModal.java
25,src/main/java/teammates/ui/webapi/DeleteAccountAction.java
81,src/main/java/teammates/ui/output/FeedbackResponseData.java
174,src/test/java/teammates/common/datatransfer/ErrorLogEntryTest.java
25,src/test/java/teammates/ui/webapi/SessionLinksRecoveryActionTest.java
5,src/main/java/teammates/ui/constants/DefaultInstructorPermissions.java
5,src/test/java/teammates/ui/webapi/ArchiveCourseActionTest.java
29,src/main/java/teammates/ui/webapi/RemindFeedbackSessionSubmissionAction.java
97,src/main/java/teammates/ui/output/FeedbackQuestionRecipientData.java
81,src/test/java/teammates/ui/webapi/JsonResultTest.java
25,src/main/java/teammates/ui/webapi/GetAccountAction.java
118,src/main/java/teammates/storage/api/StudentsDb.java
177,src/test/java/teammates/storage/api/AccountsDbTest.java
88,src/main/java/teammates/logic/core/AccountsLogic.java
101,src/test/java/teammates/storage/api/AccountRequestsDbTest.java
1,src/test/java/teammates/common/datatransfer/questions/FeedbackRubricQuestionDetailsTest.java
1,src/main/java/teammates/logic/api/package-info.java
97,src/main/java/teammates/ui/webapi/CreateNotificationAction.java
77,src/test/java/teammates/logic/api/EmailGeneratorTest.java
47,src/main/java/teammates/ui/webapi/AuthType.java
81,src/main/java/teammates/ui/output/FeedbackSessionLogsData.java
174,src/main/java/teammates/common/util/Logger.java
1,src/main/java/teammates/common/datatransfer/questions/FeedbackQuestionDetails.java
88,src/main/java/teammates/logic/core/InstructorsLogic.java
20,src/main/java/teammates/common/datatransfer/logs/DefaultLogDetails.java
47,src/test/java/teammates/logic/core/NotificationsLogicTest.java
131,src/main/java/teammates/ui/webapi/CreateAccountAction.java
174,src/test/java/teammates/common/util/StringHelperTest.java
185,src/e2e/java/teammates/e2e/pageobjects/InstructorStudentRecordsPage.java
47,src/test/java/teammates/logic/core/FeedbackResponsesLogicTest.java
25,src/test/java/teammates/ui/webapi/CreateCourseActionTest.java
1,src/main/java/teammates/ui/output/NotificationData.java
185,src/e2e/java/teammates/e2e/pageobjects/InstructorHomePage.java
47,src/main/java/teammates/ui/request/SendEmailRequest.java
81,src/test/java/teammates/ui/webapi/GetFeedbackQuestionsActionTest.java
81,src/test/java/teammates/ui/webapi/CreateCourseActionTest.java
185,src/e2e/java/teammates/e2e/util/EmailAccountTest.java
4,src/main/java/teammates/ui/webapi/JsonResult.java
47,src/main/java/teammates/logic/core/NotificationsLogic.java
5,src/main/java/teammates/ui/webapi/DeleteAccountAction.java
177,src/main/java/teammates/storage/api/CoursesDb.java
1,src/main/java/teammates/ui/constants/ResourceEndpoints.java
29,src/main/java/teammates/ui/webapi/GetStudentsAction.java
4,src/test/java/teammates/ui/webapi/DeleteAccountRequestActionTest.java
5,src/main/java/teammates/ui/output/FeedbackSessionLogData.java
128,src/main/java/teammates/storage/search/StudentSearchManager.java
29,src/test/java/teammates/ui/webapi/SearchAccountRequestsActionTest.java
194,src/client/java/teammates/client/scripts/statistics/package-info.java
131,src/test/java/teammates/ui/webapi/AccountRequestSearchIndexingWorkerActionTest.java
20,src/main/java/teammates/common/util/TimeHelper.java
81,src/test/java/teammates/ui/webapi/GetFeedbackSessionActionTest.java
174,src/test/java/teammates/common/datatransfer/attributes/NotificationAttributesTest.java
1,src/test/java/teammates/logic/api/package-info.java
97,src/test/java/teammates/ui/webapi/BaseActionTest.java
20,src/main/java/teammates/common/util/HttpRequest.java
4,src/test/java/teammates/ui/webapi/FeedbackSessionRemindParticularUsersEmailWorkerActionTest.java
174,src/main/java/teammates/common/exception/EmailSendingException.java
186,src/e2e/java/teammates/e2e/pageobjects/CourseJoinConfirmationPage.java
1,src/test/java/teammates/common/datatransfer/SessionResultsBundleTest.java
122,src/main/java/teammates/logic/core/DeadlineExtensionsLogic.java
88,src/test/java/teammates/logic/api/MockUserProvision.java
1,src/e2e/java/teammates/e2e/cases/InstructorFeedbackEditPageE2ETest.java
29,src/main/java/teammates/ui/webapi/PublishFeedbackSessionAction.java
29,src/main/java/teammates/ui/webapi/SendErrorReportAction.java
7,src/test/java/teammates/ui/webapi/BinCourseActionTest.java
25,src/main/java/teammates/ui/request/FeedbackSessionCreateRequest.java
29,src/main/java/teammates/ui/webapi/UpdateFeedbackResponseCommentAction.java
129,src/main/java/teammates/logic/core/FeedbackResponsesLogic.java
1,src/main/java/teammates/ui/request/InstructorPrivilegeUpdateRequest.java
118,src/main/java/teammates/storage/search/InstructorSearchManager.java
17,src/e2e/java/teammates/e2e/pageobjects/InstructorCourseStudentDetailsEditPage.java
131,src/main/java/teammates/ui/webapi/GetDeadlineExtensionAction.java
174,src/main/java/teammates/common/exception/EnrollException.java
20,src/main/java/teammates/common/datatransfer/InstructorPermissionSet.java
155,src/main/java/teammates/common/datatransfer/attributes/UsageStatisticsAttributes.java
29,src/main/java/teammates/ui/webapi/ArchiveCourseAction.java
7,src/main/java/teammates/ui/servlets/RequestTraceFilter.java
7,src/main/java/teammates/ui/constants/package-info.java
5,src/main/java/teammates/ui/webapi/ResetAccountRequestAction.java
17,src/e2e/java/teammates/e2e/cases/InstructorFeedbackReportPageE2ETest.java
47,src/main/java/teammates/ui/servlets/AuthServlet.java
97,src/test/java/teammates/logic/core/FeedbackResponsesLogicTest.java
47,src/test/java/teammates/ui/request/StudentsEnrollRequestTest.java
131,src/main/java/teammates/ui/output/FeedbackSessionSubmissionStatus.java
17,src/e2e/java/teammates/e2e/pageobjects/AdminSessionsPage.java
25,src/main/java/teammates/ui/webapi/DatastoreBackupAction.java
97,src/main/java/teammates/ui/output/CommentVisibilityType.java
29,src/main/java/teammates/ui/webapi/UpdateCourseAction.java
47,src/main/java/teammates/ui/webapi/DeleteInstructorAction.java
7,src/test/java/teammates/ui/webapi/GetFeedbackSessionSubmittedGiverSetActionTest.java
4,src/test/java/teammates/ui/webapi/SessionLinksRecoveryActionTest.java
88,src/main/java/teammates/logic/core/AccountRequestsLogic.java
25,src/test/java/teammates/ui/webapi/UpdateNotificationActionTest.java
20,src/main/java/teammates/common/datatransfer/attributes/AccountAttributes.java
7,src/main/java/teammates/ui/output/CoursesData.java
29,src/main/java/teammates/ui/output/ActionClasses.java
1,src/main/java/teammates/ui/webapi/StudentSearchIndexingWorkerAction.java
97,src/main/java/teammates/logic/core/InstructorsLogic.java
155,src/main/java/teammates/common/util/StdOutConsoleHandler.java
185,src/e2e/java/teammates/e2e/cases/axe/InstructorCoursesPageAxeTest.java
4,src/test/java/teammates/ui/servlets/OriginCheckFilterTest.java
29,src/main/java/teammates/ui/output/CommentVisibilityType.java
185,src/e2e/java/teammates/e2e/util/package-info.java
155,src/main/java/teammates/common/datatransfer/questions/FeedbackConstantSumQuestionDetails.java
194,src/client/java/teammates/client/scripts/statistics/CursorIterator.java
20,src/main/java/teammates/common/exception/AuthException.java
20,src/main/java/teammates/common/datatransfer/attributes/DeadlineExtensionAttributes.java
97,src/main/java/teammates/ui/output/StudentData.java
20,src/test/java/teammates/common/datatransfer/TeamEvalResultTest.java
47,src/main/java/teammates/ui/webapi/SearchAccountRequestsAction.java
20,src/test/java/teammates/common/datatransfer/questions/FeedbackRankRecipientsQuestionDetailsTest.java
77,src/main/java/teammates/logic/core/NotificationsLogic.java
77,src/test/java/teammates/logic/api/LogicExtension.java
25,src/main/java/teammates/ui/output/FeedbackResponseData.java
7,src/test/java/teammates/ui/webapi/ResetAccountRequestActionTest.java
7,src/test/java/teammates/ui/webapi/SendLoginEmailActionTest.java
97,src/test/java/teammates/ui/webapi/SearchAccountRequestsActionTest.java
4,src/test/java/teammates/ui/webapi/GetActionClassesActionTest.java
29,src/test/java/teammates/ui/servlets/WebPageServletTest.java
88,src/test/java/teammates/storage/api/AccountRequestsDbTest.java
1,src/client/java/teammates/client/scripts/statistics/StatisticsBundle.java
155,src/test/java/teammates/common/datatransfer/questions/FeedbackRubricQuestionDetailsTest.java
1,src/test/java/teammates/ui/webapi/UpdateInstructorPrivilegeActionTest.java
97,src/main/java/teammates/ui/output/CourseArchiveData.java
81,src/test/java/teammates/ui/webapi/MarkNotificationAsReadActionTest.java
1,src/main/java/teammates/common/datatransfer/questions/FeedbackMsqQuestionDetails.java
81,src/test/java/teammates/ui/webapi/SendLoginEmailActionTest.java
47,src/main/java/teammates/ui/output/CoursesData.java
185,src/e2e/java/teammates/e2e/cases/FeedbackMcqQuestionE2ETest.java
17,src/e2e/java/teammates/e2e/cases/axe/StudentCourseJoinConfirmationPageAxeTest.java
5,src/test/java/teammates/ui/webapi/DeleteFeedbackSessionActionTest.java
5,src/test/java/teammates/ui/webapi/BaseActionTest.java
4,src/test/java/teammates/ui/webapi/CompileLogsActionTest.java
29,src/main/java/teammates/ui/output/MessageOutput.java
128,src/main/java/teammates/storage/entity/FeedbackSession.java
186,src/e2e/java/teammates/e2e/pageobjects/InstructorStudentListPage.java
4,src/main/java/teammates/ui/webapi/GetNotificationAction.java
1,src/main/java/teammates/common/datatransfer/attributes/StudentAttributes.java
101,src/main/java/teammates/storage/search/SearchManager.java
4,src/main/java/teammates/ui/request/NotificationUpdateRequest.java
7,src/test/java/teammates/ui/webapi/UpdateInstructorPrivilegeActionTest.java
18,src/client/java/teammates/client/scripts/DataMigrationForSanitizedDataInInstructorAttributes.java
175,src/main/java/teammates/common/datatransfer/questions/FeedbackRankRecipientsResponseDetails.java
176,src/main/java/teammates/logic/core/StudentsLogic.java
4,src/test/java/teammates/ui/webapi/DeleteInstructorActionTest.java
1,src/main/java/teammates/ui/output/FeedbackQuestionRecipientsData.java
122,src/main/java/teammates/logic/external/LocalTaskQueueService.java
194,src/client/java/teammates/client/scripts/DataMigrationForInstructorFeedbackResponseComments.java
29,src/test/java/teammates/ui/webapi/DeleteStudentsActionTest.java
17,src/e2e/java/teammates/e2e/cases/axe/AdminSearchPageAxeTest.java
175,src/main/java/teammates/common/datatransfer/questions/FeedbackTextResponseDetails.java
16,src/e2e/java/teammates/e2e/cases/axe/StudentCourseDetailsPageAxeTest.java
177,src/test/java/teammates/storage/api/DeadlineExtensionsDbTest.java
7,src/main/java/teammates/ui/webapi/GetNotificationAction.java
131,src/main/java/teammates/ui/webapi/SendJoinReminderEmailAction.java
15,src/e2e/java/teammates/e2e/pageobjects/StudentHomePage.java
16,src/e2e/java/teammates/e2e/cases/axe/InstructorCourseDetailsPageAxeTest.java
1,src/e2e/java/teammates/e2e/cases/axe/StudentCourseDetailsPageAxeTest.java
16,src/e2e/java/teammates/e2e/cases/axe/InstructorFeedbackReportPageAxeTest.java
1,src/client/java/teammates/client/scripts/DataMigrationForFeedbackSessionMismatchedTimezone.java
47,src/main/java/teammates/ui/webapi/UpdateNotificationAction.java
47,src/main/java/teammates/logic/core/CoursesLogic.java
4,src/test/java/teammates/ui/webapi/ResetAccountRequestActionTest.java
87,src/main/java/teammates/logic/core/UsageStatisticsLogic.java
174,src/main/java/teammates/common/datatransfer/attributes/FeedbackResponseCommentAttributes.java
20,src/main/java/teammates/common/datatransfer/AttributesDeletionQuery.java
194,src/client/java/teammates/client/util/LoopHelper.java
4,src/main/java/teammates/ui/output/package-info.java
25,src/test/java/teammates/ui/servlets/package-info.java
4,src/test/java/teammates/ui/webapi/BinCourseActionTest.java
25,src/main/java/teammates/ui/request/ErrorReportRequest.java
97,src/test/java/teammates/ui/webapi/ArchiveCourseActionTest.java
4,src/main/java/teammates/ui/request/FeedbackSessionRespondentRemindRequest.java
131,src/test/java/teammates/ui/webapi/DeleteCourseActionTest.java
131,src/main/java/teammates/ui/webapi/FeedbackSessionClosingRemindersAction.java
7,src/main/java/teammates/ui/constants/QuestionTypeStructures.java
25,src/main/java/teammates/ui/request/FeedbackSessionRespondentRemindRequest.java
7,src/main/java/teammates/ui/webapi/DatastoreBackupAction.java
174,src/main/java/teammates/common/datatransfer/questions/FeedbackRankQuestionDetails.java
128,src/test/java/teammates/storage/api/NotificationsDbTest.java
177,src/main/java/teammates/storage/entity/Course.java
25,src/main/java/teammates/ui/output/package-info.java
88,src/test/java/teammates/storage/api/DeadlineExtensionsDbTest.java
7,src/main/java/teammates/ui/output/NumberOfEntitiesToGiveFeedbackToSetting.java
4,src/main/java/teammates/ui/webapi/DeleteCourseAction.java
155,src/main/java/teammates/common/datatransfer/CourseRoster.java
47,src/main/java/teammates/logic/core/StudentsLogic.java
176,src/test/java/teammates/logic/api/MockLogsProcessor.java
4,src/test/java/teammates/ui/webapi/FeedbackSessionPublishedEmailWorkerActionTest.java
29,src/main/java/teammates/ui/output/UsageStatisticsRangeData.java
81,src/main/java/teammates/ui/webapi/BasicCommentSubmissionAction.java
77,src/main/java/teammates/logic/external/LocalTaskQueueService.java
81,src/main/java/teammates/ui/output/RegkeyValidityData.java
77,src/main/java/teammates/logic/core/FeedbackResponseCommentsLogic.java
1,src/e2e/java/teammates/e2e/cases/AdminNotificationsPageE2ETest.java
29,src/test/java/teammates/ui/webapi/GetSessionResponseStatsActionTest.java
101,src/main/java/teammates/storage/entity/BaseEntity.java
97,src/main/java/teammates/ui/webapi/GetCourseJoinStatusAction.java
29,src/main/java/teammates/ui/webapi/ActionMappingException.java
29,src/test/java/teammates/ui/webapi/DeleteCourseActionTest.java
185,src/e2e/java/teammates/e2e/cases/InstructorStudentListPageE2ETest.java
177,src/test/java/teammates/storage/api/CoursesDbTest.java
7,src/main/java/teammates/ui/request/InstructorPrivilegeUpdateRequest.java
131,src/main/java/teammates/storage/api/AccountRequestsDb.java
1,src/main/java/teammates/common/datatransfer/NotificationStyle.java
87,src/main/java/teammates/logic/core/DeadlineExtensionsLogic.java
81,src/main/java/teammates/ui/output/InstructorPrivilegeData.java
4,src/main/java/teammates/ui/webapi/BasicFeedbackSubmissionAction.java
97,src/test/java/teammates/ui/webapi/PublishFeedbackSessionActionTest.java
7,src/main/java/teammates/ui/webapi/GetInstructorAction.java
174,src/test/java/teammates/common/datatransfer/attributes/FeedbackResponseAttributesTest.java
118,src/main/java/teammates/storage/entity/FeedbackResponseComment.java
47,src/test/java/teammates/ui/webapi/UpdateStudentActionTest.java
131,src/test/java/teammates/ui/webapi/FeedbackSessionClosedRemindersActionTest.java
7,src/test/java/teammates/ui/webapi/FeedbackSessionUnpublishedEmailWorkerActionTest.java
25,src/test/java/teammates/ui/webapi/UpdateInstructorPrivilegeActionTest.java
5,src/main/java/teammates/ui/output/FeedbackResponseCommentData.java
47,src/test/java/teammates/ui/webapi/CompileLogsActionTest.java
16,src/e2e/java/teammates/e2e/cases/axe/InstructorSearchPageAxeTest.java
185,src/e2e/java/teammates/e2e/cases/AdminNotificationsPageE2ETest.java
97,src/main/java/teammates/ui/webapi/QueryLogsAction.java
122,src/test/java/teammates/logic/api/package-info.java
7,src/test/java/teammates/ui/webapi/UpdateNotificationActionTest.java
5,src/test/java/teammates/ui/webapi/GetStudentActionTest.java
4,src/main/java/teammates/ui/webapi/StudentCourseJoinEmailWorkerAction.java
5,src/main/java/teammates/ui/servlets/LegacyUrlMapper.java
16,src/e2e/java/teammates/e2e/cases/FeedbackRankOptionQuestionE2ETest.java
4,src/main/java/teammates/ui/webapi/DeleteStudentAction.java
29,src/main/java/teammates/ui/output/AccountRequestsData.java
17,src/e2e/java/teammates/e2e/cases/FeedbackSubmitPageE2ETest.java
25,src/main/java/teammates/ui/request/FeedbackSessionRemindRequest.java
176,src/main/java/teammates/logic/external/LocalTaskQueueService.java
25,src/main/java/teammates/ui/output/SessionLinksRecoveryResponseData.java
25,src/main/java/teammates/ui/webapi/package-info.java
5,src/main/java/teammates/ui/constants/package-info.java
29,src/main/java/teammates/ui/output/ReadNotificationsData.java
7,src/main/java/teammates/ui/output/FeedbackSessionPublishStatus.java
81,src/test/java/teammates/ui/webapi/GetTimeZonesActionTest.java
1,src/main/java/teammates/logic/external/GoogleRecaptchaService.java
7,src/main/java/teammates/ui/webapi/CreateFeedbackSessionLogAction.java
1,src/e2e/java/teammates/e2e/cases/axe/InstructorSearchPageAxeTest.java
7,src/test/java/teammates/ui/webapi/CreateNotificationActionTest.java
15,src/e2e/java/teammates/e2e/pageobjects/InstructorSessionIndividualExtensionPage.java
25,src/main/java/teammates/ui/webapi/StudentCourseJoinEmailWorkerAction.java
47,src/main/java/teammates/ui/output/FeedbackQuestionData.java
25,src/test/java/teammates/ui/webapi/DeleteFeedbackSessionActionTest.java
131,src/main/java/teammates/ui/webapi/GetActionClassesAction.java
1,src/main/java/teammates/common/datatransfer/questions/package-info.java
16,src/e2e/java/teammates/e2e/cases/FeedbackSubmitPageE2ETest.java
4,src/test/java/teammates/ui/servlets/LegacyUrlMapperTest.java
131,src/test/java/teammates/ui/webapi/SubmitFeedbackResponsesActionTest.java
20,src/main/java/teammates/common/datatransfer/attributes/UsageStatisticsAttributes.java
97,src/main/java/teammates/logic/api/EmailSender.java
25,src/main/java/teammates/ui/output/AuthInfo.java
68,src/main/java/teammates/logic/external/LocalTaskQueueService.java
88,src/main/java/teammates/logic/api/RecaptchaVerifier.java
47,src/main/java/teammates/logic/external/EmailSenderService.java
88,src/main/java/teammates/storage/search/InstructorSearchManager.java
25,src/test/java/teammates/ui/webapi/GetFeedbackSessionsActionTest.java
131,src/test/java/teammates/ui/webapi/JsonResultTest.java
25,src/main/java/teammates/ui/webapi/SendErrorReportAction.java
97,src/test/java/teammates/ui/webapi/CreateFeedbackResponseCommentActionTest.java
15,src/e2e/java/teammates/e2e/cases/StudentHomePageE2ETest.java
175,src/main/java/teammates/common/datatransfer/UserInfoCookie.java
81,src/test/java/teammates/ui/webapi/UpdateStudentActionTest.java
29,src/main/java/teammates/ui/output/NotificationsData.java
122,src/main/java/teammates/logic/core/UsageStatisticsLogic.java
5,src/main/java/teammates/ui/output/package-info.java
68,src/main/java/teammates/logic/core/InstructorsLogic.java
131,src/main/java/teammates/ui/output/GeneralLogsData.java
5,src/main/java/teammates/ui/output/SessionLinksRecoveryResponseData.java
1,src/main/java/teammates/storage/entity/Instructor.java
155,src/main/java/teammates/common/datatransfer/questions/FeedbackRankQuestionDetails.java
1,src/main/java/teammates/common/datatransfer/logs/FeedbackSessionLogType.java
97,src/test/java/teammates/logic/api/MockTaskQueuer.java
20,src/test/java/teammates/common/datatransfer/attributes/InstructorAttributesTest.java
1,src/test/java/teammates/ui/webapi/FeedbackSessionOpeningSoonRemindersActionTest.java
4,src/test/java/teammates/ui/servlets/WebPageServletTest.java
81,src/main/java/teammates/ui/output/AuthInfo.java
16,src/e2e/java/teammates/e2e/pageobjects/InstructorStudentListPage.java
47,src/test/java/teammates/logic/api/MockUserProvision.java
81,src/test/java/teammates/ui/webapi/FeedbackSessionOpeningSoonRemindersActionTest.java
5,src/main/java/teammates/ui/servlets/OriginCheckFilter.java
25,src/main/java/teammates/ui/webapi/DeleteFeedbackResponseCommentAction.java
5,src/main/java/teammates/ui/request/FeedbackResponseCommentCreateRequest.java
47,src/main/java/teammates/ui/output/SessionLinksRecoveryResponseData.java
87,src/main/java/teammates/logic/api/EmailGenerator.java
25,src/main/java/teammates/ui/webapi/DeleteStudentsAction.java
131,src/main/java/teammates/ui/webapi/GetFeedbackSessionsAction.java
131,src/main/java/teammates/storage/entity/Notification.java
81,src/main/java/teammates/ui/webapi/AuthType.java
1,src/e2e/java/teammates/e2e/cases/axe/AdminNotificationsPageAxeTest.java
1,src/test/java/teammates/common/datatransfer/attributes/StudentAttributesTest.java
81,src/main/java/teammates/ui/request/FeedbackResponseCommentUpdateRequest.java
97,src/main/java/teammates/logic/external/package-info.java
20,src/main/java/teammates/common/datatransfer/attributes/NotificationAttributes.java
7,src/test/java/teammates/ui/webapi/UpdateFeedbackQuestionActionTest.java
5,src/main/java/teammates/ui/output/FeedbackSessionLogEntryData.java
29,src/main/java/teammates/ui/webapi/SessionLinksRecoveryAction.java
129,src/main/java/teammates/logic/external/LocalTaskQueueService.java
186,src/e2e/java/teammates/e2e/pageobjects/InstructorStudentRecordsPage.java
10,src/test/java/teammates/test/EmailCheckerTest.java
25,src/main/java/teammates/ui/webapi/GetCoursesAction.java
29,src/main/java/teammates/ui/request/FeedbackResponsesRequest.java
47,src/main/java/teammates/ui/webapi/CreateFeedbackSessionAction.java
81,src/main/java/teammates/ui/webapi/StudentSearchIndexingWorkerAction.java
15,src/e2e/java/teammates/e2e/cases/InstructorCoursesPageE2ETest.java
122,src/test/java/teammates/logic/core/BaseLogicTest.java
81,src/test/java/teammates/ui/webapi/package-info.java
118,src/test/java/teammates/storage/api/EntitiesDbTest.java
4,src/test/java/teammates/ui/webapi/FeedbackSessionOpeningRemindersActionTest.java
1,src/e2e/java/teammates/e2e/cases/FeedbackRankRecipientQuestionE2ETest.java
4,src/main/java/teammates/ui/webapi/UpdateFeedbackQuestionAction.java
97,src/main/java/teammates/ui/output/FeedbackResponseCommentData.java
174,src/main/java/teammates/common/util/HttpRequest.java
1,src/client/java/teammates/client/scripts/IndexFeedbackSessionFields.java
15,src/e2e/java/teammates/e2e/cases/FeedbackRankOptionQuestionE2ETest.java
5,src/test/java/teammates/ui/servlets/WebApiServletTest.java
29,src/main/java/teammates/ui/webapi/GetAccountRequestAction.java
174,src/main/java/teammates/common/exception/DeadlineExceededException.java
101,src/main/java/teammates/storage/api/EntitiesDb.java
81,src/main/java/teammates/ui/webapi/UpdateFeedbackSessionAction.java
25,src/main/java/teammates/ui/webapi/UpdateStudentAction.java
131,src/main/java/teammates/storage/search/StudentSearchManager.java
29,src/main/java/teammates/ui/webapi/CreateFeedbackResponseCommentAction.java
186,src/e2e/java/teammates/e2e/cases/FeedbackConstSumOptionQuestionE2ETest.java
128,src/main/java/teammates/storage/entity/BaseEntity.java
97,src/main/java/teammates/ui/request/FeedbackResponseCommentUpdateRequest.java
81,src/test/java/teammates/ui/webapi/FeedbackSessionRemindParticularUsersEmailWorkerActionTest.java
7,src/main/java/teammates/ui/output/SessionResultsData.java
81,src/test/java/teammates/ui/webapi/GetSessionResultsActionTest.java
25,src/main/java/teammates/ui/request/InstructorPrivilegeUpdateRequest.java
5,src/main/java/teammates/ui/output/JoinLinkData.java
97,src/main/java/teammates/ui/request/StudentsEnrollRequest.java
97,src/main/java/teammates/ui/servlets/LegacyUrlMapper.java
155,src/main/java/teammates/common/util/package-info.java
97,src/main/java/teammates/ui/webapi/PutDataBundleAction.java
81,src/main/java/teammates/ui/webapi/JsonResult.java
15,src/e2e/java/teammates/e2e/cases/axe/StudentNotificationsPageAxeTest.java
97,src/test/java/teammates/ui/webapi/BinFeedbackSessionActionTest.java
18,src/client/java/teammates/client/scripts/MockCourseWithLargeResponseScript.java
5,src/main/java/teammates/ui/webapi/BinCourseAction.java
18,src/client/java/teammates/client/scripts/ListActiveInstructors.java
176,src/test/java/teammates/logic/api/UserProvisionTest.java
1,src/test/java/teammates/common/util/StringHelperExtension.java
1,src/main/java/teammates/ui/webapi/GetUserCookieAction.java
29,src/main/java/teammates/ui/request/ErrorReportRequest.java
29,src/main/java/teammates/ui/request/InvalidHttpRequestBodyException.java
97,src/main/java/teammates/logic/core/FeedbackQuestionsLogic.java
1,src/client/java/teammates/client/util/ClientProperties.java
68,src/main/java/teammates/logic/core/StudentsLogic.java
81,src/main/java/teammates/ui/webapi/FeedbackSessionResendPublishedEmailWorkerAction.java
1,src/main/java/teammates/logic/external/EmptyRecaptchaService.java
17,src/e2e/java/teammates/e2e/cases/StudentHomePageE2ETest.java
131,src/test/java/teammates/ui/servlets/WebPageServletTest.java
186,src/e2e/java/teammates/e2e/pageobjects/InstructorFeedbackEditPage.java
15,src/e2e/java/teammates/e2e/cases/axe/InstructorStudentActivityLogsPageAxeTest.java
47,src/main/java/teammates/ui/webapi/ResetAccountAction.java
15,src/e2e/java/teammates/e2e/pageobjects/InstructorCourseEnrollPage.java
97,src/test/java/teammates/logic/core/CoursesLogicTest.java
29,src/test/java/teammates/ui/webapi/RegenerateInstructorKeyActionTest.java
1,src/test/java/teammates/common/datatransfer/attributes/package-info.java
118,src/main/java/teammates/storage/search/SearchDocument.java
5,src/test/java/teammates/ui/webapi/CreateFeedbackResponseCommentActionTest.java
16,src/e2e/java/teammates/e2e/pageobjects/InstructorCoursesPage.java
47,src/test/java/teammates/ui/webapi/RegenerateStudentKeyActionTest.java
174,src/main/java/teammates/common/datatransfer/logs/EmailSentLogDetails.java
68,src/test/java/teammates/logic/api/MockEmailSender.java
175,src/main/java/teammates/common/util/TzdbResourceZoneRulesProvider.java
155,src/main/java/teammates/common/util/HttpRequest.java
185,src/e2e/java/teammates/e2e/pageobjects/StudentNotificationsPage.java
1,src/main/java/teammates/ui/webapi/RemindFeedbackSessionResultAction.java
194,src/client/java/teammates/client/scripts/DataBundleRegenerator.java
175,src/test/java/teammates/common/util/TimeHelperTest.java
1,src/main/java/teammates/common/exception/SearchServiceException.java
4,src/main/java/teammates/ui/webapi/GetHasResponsesAction.java
81,src/main/java/teammates/ui/webapi/GetCourseJoinStatusAction.java
81,src/main/java/teammates/ui/output/FeedbackQuestionData.java
129,src/test/java/teammates/logic/core/UsageStatisticsLogicTest.java
25,src/main/java/teammates/ui/output/ResponseVisibleSetting.java
131,src/test/java/teammates/ui/webapi/SearchStudentsActionTest.java
131,src/main/java/teammates/storage/search/InstructorSearchDocument.java
1,src/test/java/teammates/ui/webapi/RegenerateStudentKeyActionTest.java
97,src/test/java/teammates/ui/webapi/UpdateFeedbackResponseCommentActionTest.java
15,src/e2e/java/teammates/e2e/cases/AdminSessionsPageE2ETest.java
81,src/test/java/teammates/ui/webapi/SendErrorReportActionTest.java
47,src/main/java/teammates/ui/servlets/HealthCheckServlet.java
1,src/e2e/java/teammates/e2e/pageobjects/HomePage.java
4,src/main/java/teammates/ui/webapi/GetFeedbackSessionsAction.java
20,src/main/java/teammates/common/datatransfer/logs/InstanceLogDetails.java
155,src/test/java/teammates/common/datatransfer/questions/package-info.java
87,src/test/java/teammates/logic/api/MockLogsProcessor.java
101,src/test/java/teammates/storage/api/FeedbackResponsesDbTest.java
155,src/main/java/teammates/common/datatransfer/questions/FeedbackQuestionType.java
20,src/main/java/teammates/common/datatransfer/CourseRoster.java
1,src/e2e/java/teammates/e2e/util/EmailAccountTest.java
7,src/main/java/teammates/ui/request/NotificationCreateRequest.java
177,src/test/java/teammates/storage/search/AccountRequestSearchTest.java
77,src/test/java/teammates/logic/core/DataBundleLogicTest.java
47,src/test/java/teammates/ui/webapi/GetInstructorActionTest.java
1,src/main/java/teammates/common/datatransfer/logs/EmailSentLogDetails.java
1,src/main/java/teammates/ui/webapi/CalculateUsageStatisticsAction.java
29,src/main/java/teammates/ui/output/FeedbackResponseCommentData.java
1,src/client/java/teammates/client/scripts/DataMigrationForConstSumForceUnevenDistribution.java
5,src/main/java/teammates/ui/webapi/GetFeedbackSessionSubmittedGiverSetAction.java
16,src/e2e/java/teammates/e2e/cases/FeedbackRankRecipientQuestionE2ETest.java
122,src/test/java/teammates/logic/core/DeadlineExtensionsLogicTest.java
4,src/main/java/teammates/ui/output/InstructorData.java
1,src/main/java/teammates/ui/output/EnrollStudentsData.java
131,src/main/java/teammates/storage/entity/FeedbackResponseComment.java
131,src/main/java/teammates/ui/webapi/StudentCourseJoinEmailWorkerAction.java
122,src/test/java/teammates/logic/api/MockUserProvision.java
155,src/main/java/teammates/common/util/HttpRequestHelper.java
1,src/main/java/teammates/ui/output/package-info.java
17,src/e2e/java/teammates/e2e/pageobjects/InstructorNotificationsPage.java
1,src/main/java/teammates/storage/search/StudentSearchDocument.java
15,src/e2e/java/teammates/e2e/pageobjects/InstructorStudentActivityLogsPage.java
175,src/test/java/teammates/common/datatransfer/attributes/FeedbackResponseAttributesTest.java
25,src/main/java/teammates/ui/request/NotificationUpdateRequest.java
1,src/main/java/teammates/ui/output/SessionLinksRecoveryResponseData.java
7,src/main/java/teammates/ui/request/FeedbackQuestionUpdateRequest.java
81,src/test/java/teammates/ui/webapi/GetFeedbackSessionsActionTest.java
81,src/main/java/teammates/ui/request/Intent.java
1,src/e2e/java/teammates/e2e/pageobjects/FeedbackResultsPage.java
5,src/main/java/teammates/ui/webapi/GetOngoingSessionsAction.java
81,src/main/java/teammates/ui/webapi/FeedbackSessionPublishedEmailWorkerAction.java
186,src/e2e/java/teammates/e2e/pageobjects/InstructorCourseEnrollPage.java
81,src/test/java/teammates/ui/webapi/GetFeedbackQuestionRecipientsActionTest.java
131,src/main/java/teammates/storage/api/NotificationsDb.java
5,src/test/java/teammates/ui/webapi/GetFeedbackQuestionsActionTest.java
97,src/main/java/teammates/ui/output/FeedbackSessionStatsData.java
20,src/main/java/teammates/common/util/RequestTracer.java
128,src/main/java/teammates/storage/api/FeedbackQuestionsDb.java
1,src/test/java/teammates/ui/webapi/FeedbackSessionRemindParticularUsersEmailWorkerActionTest.java
97,src/test/java/teammates/logic/core/DataBundleLogicTest.java
68,src/main/java/teammates/logic/core/DataBundleLogic.java
176,src/main/java/teammates/logic/core/AccountRequestsLogic.java
87,src/test/java/teammates/logic/api/LogicExtension.java
81,src/main/java/teammates/ui/output/JoinState.java
1,src/test/java/teammates/test/BaseTestCaseWithLocalDatabaseAccess.java
175,src/main/java/teammates/common/exception/AuthException.java
7,src/main/java/teammates/ui/webapi/BinFeedbackSessionAction.java
186,src/e2e/java/teammates/e2e/cases/axe/AdminSessionsPageAxeTest.java
18,src/client/java/teammates/client/scripts/DataMigrationForSanitizedDataInCourseAttributes.java
87,src/main/java/teammates/logic/external/AuthService.java
4,src/test/java/teammates/ui/webapi/GetSessionResultsActionTest.java
29,src/main/java/teammates/ui/output/InstructorData.java
186,src/e2e/java/teammates/e2e/util/RetryManager.java
7,src/main/java/teammates/ui/webapi/DeleteFeedbackSessionAction.java
5,src/main/java/teammates/ui/webapi/AuthType.java
1,src/e2e/java/teammates/e2e/cases/InstructorStudentRecordsPageE2ETest.java
15,src/e2e/java/teammates/e2e/cases/InstructorCourseEditPageE2ETest.java
194,src/client/java/teammates/client/scripts/package-info.java
1,src/main/java/teammates/ui/webapi/CreateCourseAction.java
131,src/main/java/teammates/ui/output/HasResponsesData.java
1,src/test/java/teammates/storage/api/AccountRequestsDbTest.java
81,src/test/java/teammates/ui/webapi/StudentSearchIndexingWorkerActionTest.java
4,src/main/java/teammates/ui/webapi/SessionLinksRecoveryAction.java
186,src/e2e/java/teammates/e2e/pageobjects/InstructorStudentActivityLogsPage.java
25,src/main/java/teammates/ui/output/InstructorPrivilegeData.java
122,src/main/java/teammates/logic/api/UserProvision.java
7,src/test/java/teammates/ui/webapi/UpdateStudentActionTest.java
5,src/main/java/teammates/ui/webapi/GetAccountRequestAction.java
87,src/test/java/teammates/logic/core/UsageStatisticsLogicTest.java
175,src/main/java/teammates/common/util/StringHelper.java
131,src/main/java/teammates/ui/webapi/DeleteCourseAction.java
77,src/main/java/teammates/logic/external/LogService.java
174,src/main/java/teammates/common/datatransfer/questions/FeedbackNumericalScaleQuestionDetails.java
97,src/main/java/teammates/ui/webapi/UnauthorizedAccessException.java
20,src/test/java/teammates/common/datatransfer/AttributesDeletionQueryTest.java
7,src/main/java/teammates/ui/request/CourseUpdateRequest.java
47,src/test/java/teammates/ui/webapi/UpdateNotificationActionTest.java
131,src/main/java/teammates/ui/servlets/OAuth2CallbackServlet.java
1,src/e2e/java/teammates/e2e/cases/FeedbackMsqQuestionE2ETest.java
7,src/main/java/teammates/ui/webapi/GetAccountsAction.java
1,src/e2e/java/teammates/e2e/pageobjects/InstructorFeedbackSessionsPage.java
1,src/test/java/teammates/test/MockHttpServletRequest.java
131,src/main/java/teammates/ui/servlets/WebPageServlet.java
131,src/main/java/teammates/storage/entity/FeedbackQuestion.java
87,src/main/java/teammates/logic/external/EmptyRecaptchaService.java
1,src/main/java/teammates/storage/entity/DeadlineExtension.java
131,src/test/java/teammates/ui/webapi/GetStudentActionTest.java
4,src/main/java/teammates/ui/webapi/InvalidHttpParameterException.java
163,src/test/java/teammates/test/MockFilterChain.java
1,src/main/java/teammates/ui/output/ReadNotificationsData.java
88,src/main/java/teammates/storage/entity/FeedbackSession.java
5,src/test/java/teammates/ui/webapi/UpdateStudentActionTest.java
185,src/e2e/java/teammates/e2e/cases/axe/InstructorStudentListPageAxeTest.java
128,src/test/java/teammates/storage/api/package-info.java
186,src/e2e/java/teammates/e2e/pageobjects/InstructorHomePage.java
1,src/test/java/teammates/ui/webapi/GetFeedbackSessionLogsActionTest.java
4,src/main/java/teammates/ui/output/DeadlineExtensionData.java
97,src/main/java/teammates/ui/webapi/RemindFeedbackSessionSubmissionAction.java
16,src/e2e/java/teammates/e2e/cases/FeedbackRubricQuestionE2ETest.java
174,src/main/java/teammates/common/datatransfer/attributes/FeedbackQuestionAttributes.java
29,src/main/java/teammates/ui/webapi/GetFeedbackResponseCommentAction.java
97,src/main/java/teammates/ui/webapi/GetFeedbackQuestionsAction.java
97,src/main/java/teammates/ui/output/JoinStatus.java
88,src/main/java/teammates/storage/api/OfyHelper.java
29,src/test/java/teammates/ui/request/StudentsEnrollRequestTest.java
25,src/main/java/teammates/ui/webapi/GetFeedbackResponseCommentAction.java
97,src/test/java/teammates/ui/webapi/FeedbackSessionPublishedEmailWorkerActionTest.java
97,src/test/java/teammates/ui/webapi/DeleteFeedbackSessionActionTest.java
7,src/main/java/teammates/ui/output/FeedbackResponsesData.java
16,src/e2e/java/teammates/e2e/pageobjects/CourseJoinConfirmationPage.java
97,src/test/java/teammates/ui/webapi/GetCourseActionTest.java
68,src/main/java/teammates/logic/core/FeedbackResponsesLogic.java
47,src/main/java/teammates/ui/webapi/GetNotificationAction.java
176,src/test/java/teammates/logic/api/MockAuthProxy.java
131,src/main/java/teammates/ui/output/MessageOutput.java
131,src/test/java/teammates/ui/webapi/CreateAccountRequestActionTest.java
20,src/main/java/teammates/common/datatransfer/FeedbackResultFetchType.java
29,src/main/java/teammates/ui/request/SendEmailRequest.java
81,src/main/java/teammates/ui/webapi/FeedbackSessionRemindParticularUsersEmailWorkerAction.java
186,src/e2e/java/teammates/e2e/cases/axe/AdminNotificationsPageAxeTest.java
4,src/main/java/teammates/ui/output/OngoingSession.java
4,src/test/java/teammates/ui/webapi/FeedbackSessionClosedRemindersActionTest.java
15,src/e2e/java/teammates/e2e/cases/AdminAccountsPageE2ETest.java
81,src/main/java/teammates/ui/webapi/GetDeadlineExtensionAction.java
97,src/main/java/teammates/ui/webapi/JsonResult.java
7,src/main/java/teammates/ui/webapi/GetReadNotificationsAction.java
20,src/test/java/teammates/common/datatransfer/attributes/AccountRequestAttributesTest.java
29,src/test/java/teammates/ui/webapi/GetCourseActionTest.java
174,src/main/java/teammates/common/datatransfer/questions/FeedbackTextResponseDetails.java
97,src/main/java/teammates/ui/request/SendEmailRequest.java
131,src/main/java/teammates/ui/output/FeedbackSessionPublishStatus.java
1,src/main/java/teammates/logic/external/GoogleCloudTasksService.java
128,src/main/java/teammates/storage/api/FeedbackSessionsDb.java
25,src/main/java/teammates/ui/webapi/DeleteFeedbackSessionAction.java
68,src/test/java/teammates/logic/core/DataBundleLogicTest.java
47,src/test/java/teammates/logic/api/MockAuthProxy.java
4,src/main/java/teammates/ui/request/CourseCreateRequest.java
77,src/test/java/teammates/logic/core/UsageStatisticsLogicTest.java
15,src/e2e/java/teammates/e2e/cases/StudentNotificationsPageE2ETest.java
47,src/test/java/teammates/ui/webapi/InstructorSearchIndexingWorkerActionTest.java
25,src/test/java/teammates/ui/servlets/LegacyUrlMapperTest.java
4,src/test/java/teammates/ui/webapi/UpdateInstructorActionTest.java
81,src/main/java/teammates/ui/request/CourseArchiveRequest.java
1,src/e2e/java/teammates/e2e/cases/axe/InstructorStudentRecordsPageAxeTest.java
25,src/main/java/teammates/ui/constants/DefaultInstructorPermissions.java
7,src/main/java/teammates/ui/request/ErrorReportRequest.java
174,src/main/java/teammates/common/datatransfer/attributes/EntityAttributes.java
175,src/main/java/teammates/common/datatransfer/questions/FeedbackContributionQuestionDetails.java
5,src/main/java/teammates/ui/webapi/GetFeedbackResponseCommentAction.java
97,src/main/java/teammates/ui/webapi/FeedbackSessionClosingRemindersAction.java
88,src/test/java/teammates/logic/core/CoursesLogicTest.java
177,src/main/java/teammates/storage/api/StudentsDb.java
29,src/main/java/teammates/ui/webapi/GetFeedbackResponsesAction.java
131,src/main/java/teammates/storage/api/InstructorsDb.java
15,src/e2e/java/teammates/e2e/pageobjects/InstructorStudentRecordsPage.java
17,src/e2e/java/teammates/e2e/cases/FeedbackConstSumOptionQuestionE2ETest.java
185,src/e2e/java/teammates/e2e/cases/axe/StudentCourseDetailsPageAxeTest.java
29,src/test/java/teammates/ui/webapi/UpdateStudentActionTest.java
87,src/main/java/teammates/logic/api/TaskQueuer.java
20,src/test/java/teammates/common/datatransfer/CourseRosterTest.java
25,src/main/java/teammates/ui/webapi/UnpublishFeedbackSessionAction.java
185,src/e2e/java/teammates/e2e/cases/InstructorSessionIndividualExtensionPageE2ETest.java
25,src/main/java/teammates/ui/webapi/DeleteCourseAction.java
5,src/test/java/teammates/ui/webapi/InstructorSearchIndexingWorkerActionTest.java
97,src/main/java/teammates/ui/output/AccountRequestData.java
97,src/test/java/teammates/ui/webapi/GetFeedbackResponsesActionTest.java
4,src/test/java/teammates/ui/webapi/GetDeadlineExtensionActionTest.java
7,src/test/java/teammates/ui/webapi/SearchInstructorsActionTest.java
17,src/e2e/java/teammates/e2e/pageobjects/HomePage.java
25,src/test/java/teammates/ui/webapi/CalculateUsageStatisticsActionTest.java
25,src/main/java/teammates/ui/output/RegkeyValidityData.java
155,src/test/java/teammates/common/datatransfer/questions/FeedbackMsqQuestionDetailsTest.java
175,src/main/java/teammates/common/datatransfer/DataBundle.java
97,src/main/java/teammates/ui/webapi/SearchStudentsAction.java
17,src/e2e/java/teammates/e2e/cases/InstructorCourseEnrollPageE2ETest.java
25,src/main/java/teammates/ui/webapi/CreateFeedbackQuestionAction.java
47,src/main/java/teammates/logic/external/EmptyRecaptchaService.java
47,src/main/java/teammates/ui/output/UsageStatisticsData.java
1,src/e2e/java/teammates/e2e/cases/axe/StudentCourseJoinConfirmationPageAxeTest.java
47,src/test/java/teammates/ui/webapi/GetInstructorPrivilegeActionTest.java
1,src/main/java/teammates/common/util/EmailWrapper.java
25,src/main/java/teammates/ui/servlets/package-info.java
97,src/main/java/teammates/ui/output/FeedbackQuestionRecipientsData.java
25,src/main/java/teammates/ui/output/FeedbackSessionPublishStatus.java
185,src/e2e/java/teammates/e2e/cases/axe/InstructorStudentActivityLogsPageAxeTest.java
1,src/main/java/teammates/common/datatransfer/FeedbackSessionLogEntry.java
87,src/test/java/teammates/logic/api/MockRecaptchaVerifier.java
7,src/main/java/teammates/ui/webapi/GetAccountAction.java
5,src/main/java/teammates/ui/webapi/GetAccountAction.java
97,src/main/java/teammates/ui/servlets/LogoutServlet.java
81,src/main/java/teammates/ui/webapi/CreateNotificationAction.java
131,src/main/java/teammates/ui/output/OngoingSession.java
1,src/main/java/teammates/common/exception/EntityDoesNotExistException.java
1,src/test/java/teammates/common/datatransfer/questions/FeedbackNumericalScaleQuestionDetailsTest.java
7,src/main/java/teammates/ui/constants/ResourceEndpoints.java
128,src/test/java/teammates/storage/search/package-info.java
29,src/main/java/teammates/ui/output/AccountsData.java
47,src/main/java/teammates/ui/output/TimeZonesData.java
25,src/main/java/teammates/ui/output/CourseData.java
97,src/main/java/teammates/ui/output/FeedbackSessionSubmittedGiverSet.java
128,src/test/java/teammates/storage/search/AccountRequestSearchTest.java
20,src/main/java/teammates/common/datatransfer/attributes/FeedbackSessionAttributes.java
176,src/main/java/teammates/logic/api/EmailGenerator.java
81,src/test/java/teammates/ui/webapi/GetStudentActionTest.java
4,src/main/java/teammates/ui/output/OngoingSessionsData.java
47,src/main/java/teammates/logic/api/RecaptchaVerifier.java
185,src/e2e/java/teammates/e2e/pageobjects/FeedbackResultsPage.java
131,src/test/java/teammates/ui/webapi/CreateFeedbackQuestionActionTest.java
20,src/main/java/teammates/common/datatransfer/QueryLogsResults.java
131,src/main/java/teammates/ui/webapi/MarkNotificationAsReadAction.java
47,src/main/java/teammates/ui/webapi/GetRegkeyValidityAction.java
131,src/main/java/teammates/ui/output/UsageStatisticsRangeData.java
29,src/main/java/teammates/ui/servlets/WebApiServlet.java
97,src/test/java/teammates/logic/core/StudentsLogicTest.java
176,src/main/java/teammates/logic/core/CoursesLogic.java
131,src/main/java/teammates/ui/output/SessionVisibleSetting.java
47,src/test/java/teammates/ui/webapi/GetUsageStatisticsActionTest.java
186,src/e2e/java/teammates/e2e/cases/InstructorNotificationsPageE2ETest.java
1,src/main/java/teammates/ui/webapi/GetTimeZonesAction.java
16,src/e2e/java/teammates/e2e/pageobjects/InstructorCourseStudentDetailsEditPage.java
122,src/main/java/teammates/logic/core/LogicStarter.java
1,src/main/java/teammates/common/util/Url.java
97,src/test/java/teammates/ui/webapi/DeleteStudentActionTest.java
47,src/main/java/teammates/ui/webapi/GetTimeZonesAction.java
7,src/main/java/teammates/ui/webapi/GetCoursesAction.java
17,src/e2e/java/teammates/e2e/pageobjects/InstructorFeedbackResultsPage.java
131,src/main/java/teammates/ui/webapi/GetUserCookieAction.java
186,src/e2e/java/teammates/e2e/util/TestDataValidityTest.java
122,src/main/java/teammates/logic/core/NotificationsLogic.java
20,src/main/java/teammates/common/exception/EntityDoesNotExistException.java
88,src/main/java/teammates/storage/api/FeedbackQuestionsDb.java
20,src/main/java/teammates/common/datatransfer/attributes/package-info.java
47,src/test/java/teammates/ui/webapi/QueryLogsActionTest.java
118,src/main/java/teammates/storage/entity/package-info.java
1,src/main/java/teammates/ui/webapi/UpdateStudentAction.java
81,src/test/java/teammates/ui/webapi/PublishFeedbackSessionActionTest.java
176,src/main/java/teammates/logic/api/AuthProxy.java
4,src/main/java/teammates/ui/webapi/GetFeedbackSessionAction.java
29,src/main/java/teammates/ui/webapi/DatastoreBackupAction.java
128,src/main/java/teammates/storage/entity/AccountRequest.java
155,src/main/java/teammates/common/datatransfer/TeamEvalResult.java
25,src/test/java/teammates/ui/webapi/GetCourseActionTest.java
68,src/main/java/teammates/logic/api/UserProvision.java
131,src/main/java/teammates/ui/webapi/ArchiveCourseAction.java
81,src/test/java/teammates/ui/webapi/QueryLogsActionTest.java
185,src/e2e/java/teammates/e2e/pageobjects/AdminSearchPage.java
25,src/main/java/teammates/ui/webapi/BinCourseAction.java
5,src/test/java/teammates/ui/webapi/CreateAccountRequestActionTest.java
118,src/test/java/teammates/storage/api/AccountRequestsDbTest.java
47,src/main/java/teammates/ui/webapi/GetFeedbackSessionsAction.java
25,src/main/java/teammates/ui/request/BasicRequest.java
175,src/main/java/teammates/common/datatransfer/logs/SourceLocation.java
186,src/e2e/java/teammates/e2e/cases/FeedbackTextQuestionE2ETest.java
97,src/main/java/teammates/ui/webapi/GetActionClassesAction.java
1,src/main/java/teammates/ui/servlets/OriginCheckFilter.java
4,src/main/java/teammates/ui/request/InstructorPrivilegeUpdateRequest.java
16,src/e2e/java/teammates/e2e/util/BackDoor.java
29,src/main/java/teammates/ui/webapi/SubmitFeedbackResponsesAction.java
5,src/main/java/teammates/ui/webapi/GetActionClassesAction.java
1,src/client/java/teammates/client/scripts/DataMigrationForTeamNameInResponseGiver.java
81,src/main/java/teammates/ui/output/ResponseVisibleSetting.java
174,src/main/java/teammates/common/datatransfer/InstructorPrivileges.java
88,src/main/java/teammates/storage/api/DeadlineExtensionsDb.java
186,src/e2e/java/teammates/e2e/cases/axe/InstructorFeedbackEditPageAxeTest.java
1,src/test/java/teammates/ui/webapi/GetCoursesActionTest.java
1,src/main/java/teammates/logic/core/FeedbackResponsesLogic.java
1,src/test/java/teammates/storage/api/InstructorsDbTest.java
29,src/test/java/teammates/ui/webapi/GetStudentActionTest.java
176,src/test/java/teammates/logic/core/AccountRequestsLogicTest.java
185,src/e2e/java/teammates/e2e/cases/axe/InstructorSearchPageAxeTest.java
129,src/test/java/teammates/logic/external/package-info.java
29,src/main/java/teammates/ui/webapi/CreateFeedbackSessionAction.java
15,src/e2e/java/teammates/e2e/util/EmailAccount.java
47,src/test/java/teammates/ui/webapi/FeedbackSessionPublishedRemindersActionTest.java
1,src/main/java/teammates/ui/output/FeedbackQuestionsData.java
29,src/main/java/teammates/ui/output/FeedbackQuestionRecipientData.java
7,src/main/java/teammates/ui/output/SendLoginEmailResponseData.java
16,src/e2e/java/teammates/e2e/pageobjects/FeedbackResultsPage.java
47,src/main/java/teammates/ui/webapi/AdminOnlyAction.java
16,src/e2e/java/teammates/e2e/cases/StudentNotificationsPageE2ETest.java
97,src/main/java/teammates/ui/output/CourseSectionNamesData.java
131,src/test/java/teammates/ui/webapi/GetOngoingSessionsActionTest.java
5,src/main/java/teammates/ui/webapi/RemindFeedbackSessionResultAction.java
88,src/test/java/teammates/storage/search/BaseSearchTest.java
17,src/e2e/java/teammates/e2e/cases/BaseFeedbackQuestionE2ETest.java
163,src/test/java/teammates/test/AssertHelperTest.java
97,src/main/java/teammates/ui/output/UsageStatisticsData.java
47,src/main/java/teammates/ui/output/FeedbackSessionLogData.java
4,src/main/java/teammates/ui/webapi/QueryLogsAction.java
1,src/test/java/teammates/common/datatransfer/questions/FeedbackTextResponseDetailsTest.java
29,src/main/java/teammates/ui/webapi/DeleteStudentsAction.java
175,src/main/java/teammates/common/datatransfer/attributes/DeadlineExtensionAttributes.java
1,src/main/java/teammates/ui/servlets/DevServerLoginServlet.java
5,src/main/java/teammates/ui/webapi/GenerateEmailAction.java
185,src/e2e/java/teammates/e2e/cases/axe/FeedbackResultsPageAxeTest.java
5,src/main/java/teammates/ui/webapi/package-info.java
87,src/main/java/teammates/logic/core/AccountsLogic.java
155,src/test/java/teammates/common/util/TimeHelperExtension.java
5,src/main/java/teammates/ui/servlets/WebApiServlet.java
194,src/client/java/teammates/client/scripts/DataMigrationForGoogleIdToGmail.java
129,src/main/java/teammates/logic/core/DeadlineExtensionsLogic.java
47,src/test/java/teammates/ui/webapi/DeleteAccountRequestActionTest.java
29,src/main/java/teammates/ui/webapi/CreateInstructorAction.java
17,src/e2e/java/teammates/e2e/pageobjects/FeedbackSubmitPage.java
25,src/test/java/teammates/ui/webapi/SendErrorReportActionTest.java
88,src/main/java/teammates/storage/api/CoursesDb.java
97,src/main/java/teammates/ui/output/CourseData.java
25,src/main/java/teammates/ui/servlets/DevServerLoginServlet.java
155,src/main/java/teammates/common/datatransfer/questions/FeedbackNumericalScaleResponseDetails.java
176,src/main/java/teammates/logic/core/InstructorsLogic.java
185,src/e2e/java/teammates/e2e/cases/axe/InstructorNotificationsPageAxeTest.java
25,src/main/java/teammates/ui/output/ApiOutput.java
81,src/test/java/teammates/ui/webapi/GetFeedbackSessionSubmittedGiverSetActionTest.java
131,src/main/java/teammates/ui/webapi/SearchAccountRequestsAction.java
88,src/main/java/teammates/logic/external/EmptyRecaptchaService.java
81,src/test/java/teammates/ui/webapi/AccountRequestSearchIndexingWorkerActionTest.java
47,src/test/java/teammates/ui/webapi/GetFeedbackSessionLogsActionTest.java
175,src/main/java/teammates/common/util/HttpRequestHelper.java
175,src/test/java/teammates/common/datatransfer/package-info.java
4,src/main/java/teammates/ui/request/InvalidHttpRequestBodyException.java
1,src/test/java/teammates/ui/webapi/GetNotificationsActionTest.java
47,src/main/java/teammates/ui/webapi/GetSessionResultsAction.java
163,src/test/java/teammates/test/MockHttpServletRequest.java
29,src/test/java/teammates/ui/webapi/RemindFeedbackSessionResultActionTest.java
29,src/main/java/teammates/ui/servlets/LoginServlet.java
1,src/main/java/teammates/ui/request/FeedbackQuestionCreateRequest.java
5,src/main/java/teammates/ui/webapi/DeleteFeedbackSessionAction.java
131,src/main/java/teammates/ui/output/FeedbackSessionData.java
176,src/main/java/teammates/logic/external/LocalLoggingService.java
87,src/test/java/teammates/logic/api/MockEmailSender.java
15,src/e2e/java/teammates/e2e/cases/axe/InstructorFeedbackSessionsPageAxeTest.java
97,src/main/java/teammates/ui/webapi/RestoreFeedbackSessionAction.java
1,src/main/java/teammates/common/util/EmailSendingStatus.java
25,src/main/java/teammates/ui/request/Intent.java
186,src/e2e/java/teammates/e2e/pageobjects/InstructorCoursesPage.java
174,src/test/java/teammates/common/datatransfer/package-info.java
29,src/main/java/teammates/ui/output/FeedbackSessionSubmittedGiverSet.java
97,src/test/java/teammates/ui/webapi/CreateFeedbackSessionActionTest.java
4,src/main/java/teammates/ui/webapi/GetInstructorsAction.java
131,src/main/java/teammates/ui/webapi/CreateFeedbackQuestionAction.java
97,src/main/java/teammates/ui/webapi/SearchInstructorsAction.java
186,src/e2e/java/teammates/e2e/cases/axe/InstructorSearchPageAxeTest.java
47,src/test/java/teammates/ui/webapi/GetCourseJoinStatusActionTest.java
4,src/main/java/teammates/ui/webapi/CreateAccountAction.java
68,src/main/java/teammates/logic/core/package-info.java
16,src/e2e/java/teammates/e2e/cases/SystemErrorEmailReportE2ETest.java
81,src/main/java/teammates/ui/webapi/UnauthorizedAccessException.java
25,src/test/java/teammates/ui/webapi/CreateFeedbackQuestionActionTest.java
29,src/main/java/teammates/ui/request/FeedbackSessionUpdateRequest.java
81,src/test/java/teammates/ui/webapi/UpdateFeedbackQuestionActionTest.java
1,src/main/java/teammates/logic/core/DeadlineExtensionsLogic.java
176,src/test/java/teammates/logic/api/MockRecaptchaVerifier.java
194,src/client/java/teammates/client/scripts/DataMigrationForNullCommentGiverType.java
4,src/main/java/teammates/ui/webapi/UpdateStudentAction.java
29,src/main/java/teammates/ui/output/FeedbackSessionStatsData.java
5,src/test/java/teammates/ui/webapi/JoinCourseActionTest.java
118,src/test/java/teammates/storage/search/AccountRequestSearchTest.java
1,src/e2e/java/teammates/e2e/pageobjects/AdminTimezonePage.java
194,src/client/java/teammates/client/scripts/DataMigrationForTextQuestionDetailsFormat.java
174,src/main/java/teammates/common/exception/EntityAlreadyExistsException.java
47,src/main/java/teammates/ui/output/InstructorPermissionRole.java
5,src/main/java/teammates/ui/webapi/FeedbackSessionUnpublishedEmailWorkerAction.java
97,src/main/java/teammates/ui/webapi/UpdateFeedbackResponseCommentAction.java
177,src/test/java/teammates/storage/api/AccountRequestsDbTest.java
25,src/main/java/teammates/ui/output/GeneralLogsData.java
1,src/client/java/teammates/client/scripts/PopulateCourseSearchDocuments.java
88,src/main/java/teammates/logic/external/SendgridService.java
1,src/test/java/teammates/ui/webapi/InstructorCourseJoinEmailWorkerActionTest.java
7,src/test/java/teammates/ui/webapi/GetAuthInfoActionTest.java
1,src/test/java/teammates/ui/webapi/FeedbackSessionUnpublishedEmailWorkerActionTest.java
87,src/main/java/teammates/logic/external/SendgridService.java
5,src/main/java/teammates/ui/output/FeedbackResponseData.java
68,src/main/java/teammates/logic/core/FeedbackResponseCommentsLogic.java
77,src/main/java/teammates/logic/external/EmptyRecaptchaService.java
131,src/test/java/teammates/ui/webapi/UnpublishFeedbackSessionActionTest.java
16,src/e2e/java/teammates/e2e/pageobjects/InstructorStudentRecordsPage.java
7,src/main/java/teammates/ui/output/FeedbackResponseCommentData.java
194,src/client/java/teammates/client/scripts/DataMigrationForSampleGoogleIdInStudentAttributes.java
47,src/test/java/teammates/ui/webapi/GetRegkeyValidityActionTest.java
25,src/main/java/teammates/ui/webapi/GetCourseAction.java
97,src/test/java/teammates/logic/api/EmailGeneratorTest.java
131,src/test/java/teammates/ui/webapi/FeedbackSessionPublishedEmailWorkerActionTest.java
97,src/main/java/teammates/ui/webapi/GetCoursesAction.java
81,src/main/java/teammates/ui/webapi/ResetAccountAction.java
15,src/e2e/java/teammates/e2e/cases/axe/InstructorSearchPageAxeTest.java
29,src/test/java/teammates/ui/webapi/SendLoginEmailActionTest.java
186,src/e2e/java/teammates/e2e/cases/InstructorCourseEnrollPageE2ETest.java
1,src/main/java/teammates/logic/external/EmailSenderService.java
4,src/test/java/teammates/ui/webapi/SendLoginEmailActionTest.java
4,src/main/java/teammates/ui/servlets/DevServerLoginServlet.java
174,src/main/java/teammates/common/datatransfer/logs/FeedbackSessionAuditLogDetails.java
177,src/test/java/teammates/storage/api/InstructorsDbTest.java
4,src/test/java/teammates/ui/webapi/DeleteStudentActionTest.java
177,src/test/java/teammates/storage/search/StudentSearchTest.java
4,src/main/java/teammates/ui/webapi/CalculateUsageStatisticsAction.java
129,src/test/java/teammates/logic/api/EmailGeneratorTest.java
131,src/main/java/teammates/ui/output/SendLoginEmailResponseData.java
1,src/test/java/teammates/common/datatransfer/TeamEvalResultTest.java
118,src/main/java/teammates/storage/search/SearchManager.java
1,src/main/java/teammates/ui/webapi/JsonResult.java
77,src/test/java/teammates/logic/api/EmailSenderTest.java
47,src/test/java/teammates/ui/webapi/GetOngoingSessionsActionTest.java
88,src/main/java/teammates/storage/search/InstructorSearchDocument.java
47,src/main/java/teammates/ui/output/InstructorData.java
186,src/e2e/java/teammates/e2e/pageobjects/AdminSearchPage.java
25,src/main/java/teammates/ui/webapi/UpdateNotificationAction.java
47,src/main/java/teammates/ui/webapi/DeleteStudentAction.java
186,src/e2e/java/teammates/e2e/pageobjects/AdminSessionsPage.java
10,src/test/java/teammates/test/AssertHelperTest.java
29,src/test/java/teammates/ui/webapi/FeedbackSessionOpeningRemindersActionTest.java
4,src/main/java/teammates/ui/request/CourseBasicRequest.java
4,src/test/java/teammates/ui/webapi/UnpublishFeedbackSessionActionTest.java
29,src/main/java/teammates/ui/output/AccountRequestData.java
129,src/main/java/teammates/logic/core/LogicStarter.java
131,src/main/java/teammates/storage/entity/Account.java
1,src/e2e/java/teammates/e2e/cases/FeedbackRankOptionQuestionE2ETest.java
4,src/test/java/teammates/ui/webapi/DeleteFeedbackSessionActionTest.java
4,src/test/java/teammates/ui/webapi/CreateAccountRequestActionTest.java
1,src/test/java/teammates/storage/search/package-info.java
97,src/main/java/teammates/ui/request/CourseUpdateRequest.java
1,src/e2e/java/teammates/e2e/pageobjects/InstructorSessionIndividualExtensionPage.java
175,src/main/java/teammates/common/datatransfer/questions/FeedbackRankOptionsResponseDetails.java
1,src/main/java/teammates/ui/webapi/GetFeedbackSessionLogsAction.java
88,src/main/java/teammates/storage/entity/FeedbackResponse.java
1,src/test/java/teammates/ui/webapi/SearchInstructorsActionTest.java
29,src/test/java/teammates/ui/webapi/UpdateFeedbackSessionActionTest.java
47,src/test/java/teammates/ui/webapi/GetCourseSectionNamesActionTest.java
88,src/main/java/teammates/storage/entity/FeedbackResponseComment.java
81,src/main/java/teammates/ui/output/FeedbackSessionStatsData.java
29,src/main/java/teammates/ui/request/FeedbackSessionRemindRequest.java
131,src/main/java/teammates/ui/output/UsageStatisticsData.java
129,src/main/java/teammates/logic/api/EmailSender.java
185,src/e2e/java/teammates/e2e/pageobjects/InstructorCourseEditPage.java
122,src/main/java/teammates/logic/external/RecaptchaService.java
1,src/client/java/teammates/client/scripts/DataMigrationForInstructorNullIsArchivedField.java
81,src/main/java/teammates/ui/output/HasResponsesData.java
5,src/main/java/teammates/ui/servlets/LogoutServlet.java
185,src/e2e/java/teammates/e2e/cases/InstructorCourseStudentDetailsEditPageE2ETest.java
4,src/main/java/teammates/ui/output/ReadNotificationsData.java
97,src/main/java/teammates/ui/request/Intent.java
47,src/test/java/teammates/ui/webapi/GetAccountsActionTest.java
185,src/e2e/java/teammates/e2e/cases/StudentNotificationsPageE2ETest.java
4,src/main/java/teammates/ui/webapi/ArchiveCourseAction.java
1,src/test/java/teammates/common/datatransfer/package-info.java
5,src/main/java/teammates/ui/request/FeedbackSessionRemindRequest.java
81,src/main/java/teammates/ui/output/FeedbackQuestionRecipientsData.java
17,src/e2e/java/teammates/e2e/pageobjects/StudentHomePage.java
47,src/test/java/teammates/ui/servlets/OriginCheckFilterTest.java
101,src/main/java/teammates/storage/search/AccountRequestSearchManager.java
175,src/main/java/teammates/common/util/SanitizationHelper.java
1,src/test/java/teammates/logic/core/FeedbackSessionsLogicTest.java
174,src/main/java/teammates/common/datatransfer/QueryLogsResults.java
16,src/e2e/java/teammates/e2e/pageobjects/AdminSessionsPage.java
1,src/main/java/teammates/ui/webapi/GetInstructorsAction.java
4,src/main/java/teammates/ui/webapi/package-info.java
131,src/test/java/teammates/ui/webapi/GetAccountActionTest.java
185,src/e2e/java/teammates/e2e/util/TestPropertiesTest.java
155,src/test/java/teammates/common/datatransfer/questions/FeedbackRankQuestionDetailsTest.java
7,src/test/java/teammates/ui/webapi/SendErrorReportActionTest.java
7,src/main/java/teammates/ui/servlets/WebPageServlet.java
97,src/main/java/teammates/ui/webapi/CreateAccountAction.java
15,src/e2e/java/teammates/e2e/util/BackDoor.java
97,src/test/java/teammates/ui/webapi/GetSessionResultsActionTest.java
4,src/main/java/teammates/ui/output/FeedbackResponseData.java
25,src/test/java/teammates/ui/webapi/RestoreFeedbackSessionActionTest.java
17,src/e2e/java/teammates/e2e/pageobjects/InstructorHomePage.java
131,src/test/java/teammates/ui/webapi/JoinCourseActionTest.java
1,src/main/java/teammates/ui/webapi/GetAccountRequestAction.java
29,src/main/java/teammates/ui/webapi/GenerateEmailAction.java
4,src/main/java/teammates/ui/webapi/GetAuthInfoAction.java
47,src/test/java/teammates/ui/webapi/RegenerateInstructorKeyActionTest.java
185,src/e2e/java/teammates/e2e/pageobjects/InstructorSessionIndividualExtensionPage.java
186,src/e2e/java/teammates/e2e/cases/axe/package-info.java
81,src/main/java/teammates/ui/webapi/GetHasResponsesAction.java
81,src/main/java/teammates/ui/webapi/GetCoursesAction.java
5,src/main/java/teammates/ui/webapi/DatastoreBackupAction.java
129,src/main/java/teammates/logic/core/InstructorsLogic.java
81,src/main/java/teammates/ui/webapi/ArchiveCourseAction.java
47,src/main/java/teammates/logic/core/FeedbackResponsesLogic.java
25,src/test/java/teammates/ui/webapi/SearchInstructorsActionTest.java
101,src/main/java/teammates/storage/api/DatastoreEmulatorRunner.java
5,src/main/java/teammates/ui/output/FeedbackQuestionsData.java
131,src/main/java/teammates/storage/entity/Instructor.java
1,src/test/java/teammates/test/TestNgXmlTest.java
175,src/test/java/teammates/common/util/StringHelperTest.java
10,src/test/java/teammates/test/FileHelper.java
47,src/test/java/teammates/ui/webapi/BaseActionTest.java
186,src/e2e/java/teammates/e2e/cases/InstructorCourseJoinConfirmationPageE2ETest.java
175,src/main/java/teammates/common/datatransfer/logs/FeedbackSessionLogType.java
25,src/test/java/teammates/ui/webapi/JsonResultTest.java
20,src/main/java/teammates/common/util/StdOutConsoleHandler.java
7,src/main/java/teammates/ui/webapi/GetFeedbackSessionSubmittedGiverSetAction.java
5,src/main/java/teammates/ui/webapi/UpdateNotificationAction.java
1,src/test/java/teammates/ui/webapi/MarkNotificationAsReadActionTest.java
4,src/test/java/teammates/ui/webapi/GetReadNotificationsActionTest.java
15,src/e2e/java/teammates/e2e/cases/axe/AdminNotificationsPageAxeTest.java
5,src/test/java/teammates/ui/webapi/DeleteNotificationActionTest.java
97,src/test/java/teammates/logic/api/MockEmailSender.java
97,src/main/java/teammates/logic/api/Logic.java
1,src/test/java/teammates/ui/webapi/UpdateFeedbackResponseCommentActionTest.java
185,src/e2e/java/teammates/e2e/cases/BaseE2ETestCase.java
5,src/test/java/teammates/ui/webapi/SearchAccountRequestsActionTest.java
131,src/main/java/teammates/ui/output/TimeZonesData.java
131,src/main/java/teammates/storage/search/SearchManager.java
4,src/main/java/teammates/ui/webapi/GetFeedbackResponseCommentAction.java
16,src/e2e/java/teammates/e2e/cases/BaseE2ETestCase.java
101,src/main/java/teammates/storage/entity/FeedbackSession.java
47,src/main/java/teammates/logic/core/AccountsLogic.java
131,src/main/java/teammates/ui/webapi/RegenerateInstructorKeyAction.java
25,src/main/java/teammates/ui/output/FeedbackQuestionsData.java
81,src/main/java/teammates/ui/output/ApiOutput.java
81,src/test/java/teammates/ui/webapi/JoinCourseActionTest.java
1,src/test/java/teammates/common/datatransfer/attributes/AccountAttributesTest.java
186,src/e2e/java/teammates/e2e/pageobjects/AppPage.java
15,src/e2e/java/teammates/e2e/pageobjects/HomePage.java
47,src/main/java/teammates/ui/constants/ResourceEndpoints.java
155,src/main/java/teammates/common/datatransfer/SessionResultsBundle.java
25,src/main/java/teammates/ui/webapi/DeleteDataBundleAction.java
131,src/main/java/teammates/ui/webapi/ActionFactory.java
1,src/test/java/teammates/common/datatransfer/AttributesDeletionQueryTest.java
97,src/main/java/teammates/logic/external/EmptyEmailService.java
7,src/test/java/teammates/ui/webapi/FeedbackSessionClosedRemindersActionTest.java
5,src/main/java/teammates/ui/webapi/CreateFeedbackSessionAction.java
68,src/main/java/teammates/logic/external/EmailSenderService.java
101,src/test/java/teammates/storage/search/package-info.java
25,src/main/java/teammates/ui/webapi/GateKeeper.java
29,src/main/java/teammates/ui/output/FeedbackSessionLogsData.java
1,src/main/java/teammates/common/datatransfer/attributes/FeedbackSessionAttributes.java
47,src/main/java/teammates/ui/webapi/InstructorCourseJoinEmailWorkerAction.java
1,src/main/java/teammates/ui/webapi/DeleteInstructorAction.java
4,src/main/java/teammates/ui/webapi/GetInstructorPrivilegeAction.java
81,src/test/java/teammates/ui/webapi/SessionLinksRecoveryActionTest.java
77,src/test/java/teammates/logic/external/GoogleRecaptchaServiceTest.java
1,src/test/java/teammates/common/datatransfer/questions/FeedbackRankOptionsQuestionDetailsTest.java
97,src/main/java/teammates/ui/webapi/DeleteCourseAction.java
97,src/main/java/teammates/ui/webapi/DatastoreBackupAction.java
81,src/test/java/teammates/ui/webapi/SearchInstructorsActionTest.java
101,src/main/java/teammates/storage/entity/FeedbackQuestion.java
122,src/test/java/teammates/logic/api/MockEmailSender.java
81,src/test/java/teammates/ui/webapi/FeedbackSessionPublishedRemindersActionTest.java
177,src/main/java/teammates/storage/api/DatastoreEmulatorRunner.java
20,src/main/java/teammates/common/util/EmailType.java
97,src/main/java/teammates/ui/servlets/LoginServlet.java
97,src/test/java/teammates/ui/webapi/GetInstructorActionTest.java
47,src/test/java/teammates/ui/webapi/DeleteInstructorActionTest.java
4,src/main/java/teammates/ui/webapi/CreateNotificationAction.java
131,src/main/java/teammates/ui/webapi/GetNotificationsAction.java
4,src/main/java/teammates/ui/webapi/GetRegkeyValidityAction.java
17,src/e2e/java/teammates/e2e/pageobjects/InstructorCourseEditPage.java
128,src/main/java/teammates/storage/search/AccountRequestSearchDocument.java
131,src/main/java/teammates/ui/webapi/ActionResult.java
1,src/client/java/teammates/client/util/package-info.java
7,src/main/java/teammates/ui/webapi/SessionLinksRecoveryAction.java
131,src/main/java/teammates/ui/webapi/CreateFeedbackSessionAction.java
29,src/main/java/teammates/ui/constants/QuestionTypeStructures.java
68,src/test/java/teammates/logic/api/MockAuthProxy.java
131,src/test/java/teammates/storage/search/BaseSearchTest.java
1,src/client/java/teammates/client/connector/package-info.java
97,src/main/java/teammates/ui/webapi/GetRegkeyValidityAction.java
17,src/e2e/java/teammates/e2e/cases/SystemErrorEmailReportE2ETest.java
7,src/test/java/teammates/ui/webapi/GetRegkeyValidityActionTest.java
18,src/client/java/teammates/client/scripts/statistics/StatisticsPerInstitute.java
29,src/test/java/teammates/ui/webapi/FeedbackSessionPublishedRemindersActionTest.java
29,src/test/java/teammates/ui/webapi/CompileLogsActionTest.java
20,src/main/java/teammates/common/datatransfer/questions/FeedbackContributionResponseDetails.java
16,src/e2e/java/teammates/e2e/cases/AdminAccountsPageE2ETest.java
47,src/test/java/teammates/ui/webapi/GetNotificationActionTest.java
29,src/main/java/teammates/ui/webapi/UpdateFeedbackSessionAction.java
1,src/main/java/teammates/ui/webapi/GetCourseSectionNamesAction.java
131,src/main/java/teammates/storage/api/FeedbackQuestionsDb.java
81,src/main/java/teammates/ui/output/TimeZonesData.java
81,src/main/java/teammates/ui/output/InstructorsData.java
1,src/main/java/teammates/common/datatransfer/attributes/package-info.java
131,src/main/java/teammates/ui/webapi/DeleteDataBundleAction.java
7,src/main/java/teammates/ui/request/FeedbackResponsesRequest.java
47,src/main/java/teammates/ui/webapi/CreateFeedbackSessionLogAction.java
47,src/test/java/teammates/ui/webapi/GetFeedbackResponsesActionTest.java
29,src/test/java/teammates/ui/webapi/CreateFeedbackResponseCommentActionTest.java
5,src/test/java/teammates/ui/request/package-info.java
81,src/main/java/teammates/ui/webapi/GetReadNotificationsAction.java
29,src/main/java/teammates/ui/request/Intent.java
155,src/test/java/teammates/common/datatransfer/attributes/NotificationAttributesTest.java
15,src/e2e/java/teammates/e2e/cases/InstructorCourseStudentDetailsEditPageE2ETest.java
68,src/test/java/teammates/logic/api/LogicExtension.java
174,src/test/java/teammates/common/util/BuildPropertiesTest.java
4,src/main/java/teammates/ui/output/FeedbackSessionLogData.java
97,src/main/java/teammates/ui/webapi/FeedbackSessionOpeningRemindersAction.java
25,src/main/java/teammates/ui/webapi/SessionLinksRecoveryAction.java
131,src/main/java/teammates/ui/webapi/RestoreCourseAction.java
131,src/main/java/teammates/ui/output/AccountRequestsData.java
97,src/test/java/teammates/ui/webapi/GetFeedbackQuestionRecipientsActionTest.java
77,src/test/java/teammates/logic/api/MockLogsProcessor.java
10,src/test/java/teammates/test/BaseTestCaseWithLocalDatabaseAccess.java
81,src/main/java/teammates/ui/request/FeedbackQuestionBasicRequest.java
4,src/test/java/teammates/ui/webapi/CreateFeedbackQuestionActionTest.java
97,src/main/java/teammates/ui/output/InstructorPermissionRole.java
1,src/main/java/teammates/storage/api/InstructorsDb.java
7,src/main/java/teammates/ui/servlets/WebApiServlet.java
88,src/main/java/teammates/logic/core/UsageStatisticsLogic.java
20,src/test/java/teammates/common/datatransfer/questions/FeedbackTextQuestionDetailsTest.java
185,src/e2e/java/teammates/e2e/cases/InstructorStudentActivityLogsPageE2ETest.java
175,src/main/java/teammates/common/datatransfer/FeedbackQuestionRecipient.java
15,src/e2e/java/teammates/e2e/cases/axe/StudentHomePageAxeTest.java
1,src/test/java/teammates/ui/webapi/StudentCourseJoinEmailWorkerActionTest.java
176,src/test/java/teammates/logic/core/InstructorsLogicTest.java
131,src/test/java/teammates/ui/webapi/GetFeedbackQuestionsActionTest.java
77,src/test/java/teammates/logic/api/MockTaskQueuer.java
1,src/e2e/java/teammates/e2e/util/EmailAccount.java
128,src/main/java/teammates/storage/entity/CourseStudent.java
68,src/main/java/teammates/logic/external/SendgridService.java
7,src/main/java/teammates/ui/servlets/AuthServlet.java
77,src/test/java/teammates/logic/core/FeedbackResponsesLogicTest.java
177,src/main/java/teammates/storage/entity/Account.java
5,src/test/java/teammates/ui/webapi/SearchStudentsActionTest.java
5,src/main/java/teammates/ui/webapi/GetTimeZonesAction.java
81,src/main/java/teammates/ui/output/ActionClasses.java
1,src/main/java/teammates/ui/webapi/PutDataBundleDocumentsAction.java
25,src/main/java/teammates/ui/webapi/FeedbackSessionPublishedEmailWorkerAction.java
81,src/test/java/teammates/ui/webapi/UnpublishFeedbackSessionActionTest.java
81,src/main/java/teammates/ui/webapi/GetSessionResponseStatsAction.java
101,src/main/java/teammates/storage/api/FeedbackSessionsDb.java
5,src/main/java/teammates/ui/webapi/GateKeeper.java
29,src/main/java/teammates/ui/request/NotificationCreateRequest.java
5,src/main/java/teammates/ui/webapi/UpdateCourseAction.java
1,src/test/java/teammates/ui/webapi/GetDeadlineExtensionActionTest.java
77,src/main/java/teammates/logic/api/LogsProcessor.java
81,src/test/java/teammates/ui/servlets/LegacyUrlMapperTest.java
131,src/main/java/teammates/ui/webapi/FeedbackSessionResendPublishedEmailWorkerAction.java
1,src/main/java/teammates/ui/webapi/InstructorSearchIndexingWorkerAction.java
47,src/main/java/teammates/ui/constants/QuestionTypeStructures.java
25,src/test/java/teammates/ui/servlets/WebApiServletTest.java
1,src/test/java/teammates/common/util/BuildPropertiesTest.java
20,src/main/java/teammates/common/datatransfer/questions/FeedbackConstantSumDistributePointsType.java
5,src/main/java/teammates/ui/webapi/DeleteFeedbackResponseCommentAction.java
174,src/main/java/teammates/common/datatransfer/FeedbackResultFetchType.java
25,src/main/java/teammates/ui/webapi/GetAccountRequestAction.java
131,src/test/java/teammates/ui/webapi/DeleteNotificationActionTest.java
15,src/e2e/java/teammates/e2e/cases/InstructorFeedbackEditPageE2ETest.java
7,src/test/java/teammates/ui/webapi/EnrollStudentsActionTest.java
1,src/e2e/java/teammates/e2e/cases/axe/InstructorFeedbackSessionsPageAxeTest.java
47,src/test/java/teammates/ui/webapi/ResetAccountActionTest.java
174,src/main/java/teammates/common/datatransfer/questions/FeedbackQuestionType.java
47,src/main/java/teammates/ui/output/OngoingSessionsData.java
186,src/e2e/java/teammates/e2e/pageobjects/FeedbackResultsPage.java
81,src/test/java/teammates/ui/webapi/RegenerateStudentKeyActionTest.java
29,src/test/java/teammates/ui/servlets/package-info.java
68,src/test/java/teammates/logic/core/NotificationsLogicTest.java
131,src/main/java/teammates/ui/request/NotificationCreateRequest.java
16,src/e2e/java/teammates/e2e/pageobjects/AdminHomePage.java
29,src/test/java/teammates/ui/webapi/DeleteFeedbackSessionActionTest.java
1,src/main/java/teammates/logic/external/RecaptchaService.java
25,src/main/java/teammates/ui/request/package-info.java
4,src/main/java/teammates/ui/output/StudentData.java
81,src/main/java/teammates/ui/webapi/GetAccountRequestAction.java
155,src/main/java/teammates/common/datatransfer/InstructorPrivilegesLegacy.java
175,src/test/java/teammates/common/datatransfer/attributes/NotificationAttributesTest.java
47,src/test/java/teammates/ui/webapi/JsonResultTest.java
128,src/main/java/teammates/storage/entity/Account.java
97,src/main/java/teammates/ui/output/FeedbackQuestionsData.java
81,src/main/java/teammates/ui/output/SendLoginEmailResponseData.java
131,src/main/java/teammates/ui/output/FeedbackSessionsData.java
155,src/main/java/teammates/common/datatransfer/attributes/FeedbackResponseAttributes.java
7,src/main/java/teammates/ui/webapi/FeedbackSessionOpeningRemindersAction.java
81,src/main/java/teammates/ui/output/FeedbackSessionLogEntryData.java
97,src/test/java/teammates/logic/core/UsageStatisticsLogicTest.java
131,src/main/java/teammates/ui/webapi/FeedbackSessionOpeningSoonRemindersAction.java
5,src/main/java/teammates/ui/webapi/UpdateInstructorPrivilegeAction.java
88,src/main/java/teammates/storage/search/SearchManagerFactory.java
15,src/e2e/java/teammates/e2e/cases/axe/InstructorCourseDetailsPageAxeTest.java
88,src/main/java/teammates/storage/entity/Account.java
1,src/main/java/teammates/ui/webapi/SearchStudentsAction.java
77,src/main/java/teammates/logic/core/package-info.java
25,src/main/java/teammates/ui/webapi/SendEmailWorkerAction.java
176,src/test/java/teammates/logic/core/DeadlineExtensionsLogicTest.java
1,src/main/java/teammates/storage/entity/AccountRequest.java
122,src/main/java/teammates/logic/core/CoursesLogic.java
1,src/e2e/java/teammates/e2e/cases/axe/StudentHomePageAxeTest.java
4,src/main/java/teammates/ui/request/FeedbackResponseCommentCreateRequest.java
174,src/main/java/teammates/common/datatransfer/FeedbackSessionLogEntry.java
87,src/test/java/teammates/logic/api/UserProvisionTest.java
1,src/e2e/java/teammates/e2e/cases/InstructorHomePageE2ETest.java
7,src/main/java/teammates/ui/request/StudentUpdateRequest.java
177,src/main/java/teammates/storage/entity/UsageStatistics.java
1,src/main/java/teammates/logic/external/MailjetService.java
131,src/test/java/teammates/storage/search/StudentSearchTest.java
15,src/e2e/java/teammates/e2e/pageobjects/package-info.java
122,src/main/java/teammates/logic/core/InstructorsLogic.java
29,src/main/java/teammates/ui/webapi/FeedbackSessionResendPublishedEmailWorkerAction.java
1,src/e2e/java/teammates/e2e/pageobjects/InstructorCourseEditPage.java
15,src/e2e/java/teammates/e2e/pageobjects/DevServerLoginPage.java
97,src/main/java/teammates/ui/webapi/JoinCourseAction.java
118,src/main/java/teammates/storage/search/SearchManagerStarter.java
97,src/main/java/teammates/logic/external/EmailSenderService.java
1,src/main/java/teammates/storage/entity/FeedbackResponse.java
131,src/main/java/teammates/ui/webapi/FeedbackSessionRemindEmailWorkerAction.java
1,src/test/java/teammates/ui/webapi/GetActionClassesActionTest.java
88,src/main/java/teammates/storage/entity/DeadlineExtension.java
128,src/main/java/teammates/storage/search/StudentSearchDocument.java
4,src/main/java/teammates/ui/output/SessionLinksRecoveryResponseData.java
97,src/main/java/teammates/ui/output/RegenerateKeyData.java
97,src/test/java/teammates/ui/webapi/GetFeedbackResponseCommentActionTest.java
177,src/main/java/teammates/storage/entity/DeadlineExtension.java
4,src/main/java/teammates/ui/request/FeedbackResponsesRequest.java
5,src/main/java/teammates/ui/output/FeedbackSessionSubmissionStatus.java
175,src/main/java/teammates/common/datatransfer/ErrorLogEntry.java
47,src/main/java/teammates/ui/webapi/DeleteFeedbackSessionAction.java
7,src/main/java/teammates/ui/webapi/FeedbackSessionUnpublishedEmailWorkerAction.java
47,src/main/java/teammates/ui/request/FeedbackResponseCommentUpdateRequest.java
1,src/main/java/teammates/ui/webapi/InvalidOperationException.java
131,src/main/java/teammates/ui/output/AuthInfo.java
68,src/test/java/teammates/logic/api/MockLogsProcessor.java
7,src/test/java/teammates/ui/webapi/RemindFeedbackSessionResultActionTest.java
4,src/main/java/teammates/ui/webapi/Action.java
47,src/main/java/teammates/ui/webapi/GetUserCookieAction.java
186,src/e2e/java/teammates/e2e/pageobjects/InstructorCourseStudentDetailsViewPage.java
97,src/main/java/teammates/ui/output/InstructorData.java
20,src/main/java/teammates/common/datatransfer/questions/FeedbackRankOptionsResponseDetails.java
25,src/main/java/teammates/ui/output/FeedbackSessionSubmissionStatus.java
185,src/e2e/java/teammates/e2e/cases/axe/InstructorFeedbackEditPageAxeTest.java
194,src/client/java/teammates/client/scripts/IndexFeedbackSessionFields.java
18,src/client/java/teammates/client/scripts/DataMigrationForFeedbackSessionMismatchedTimezone.java
25,src/main/java/teammates/ui/servlets/WebSecurityHeaderFilter.java
97,src/test/java/teammates/ui/webapi/GetNotificationsActionTest.java
1,src/test/java/teammates/ui/webapi/FeedbackSessionClosedRemindersActionTest.java
1,src/main/java/teammates/ui/output/FeedbackSessionData.java
131,src/test/java/teammates/storage/search/InstructorSearchTest.java
17,src/e2e/java/teammates/e2e/cases/StudentNotificationsPageE2ETest.java
185,src/e2e/java/teammates/e2e/pageobjects/AdminSessionsPage.java
81,src/main/java/teammates/ui/constants/package-info.java
7,src/main/java/teammates/ui/output/AccountData.java
81,src/main/java/teammates/ui/output/SessionVisibleSetting.java
4,src/main/java/teammates/ui/webapi/StudentSearchIndexingWorkerAction.java
7,src/main/java/teammates/ui/output/FeedbackSessionSubmittedGiverSet.java
97,src/main/java/teammates/logic/core/FeedbackResponseCommentsLogic.java
4,src/main/java/teammates/ui/request/FeedbackResponseCommentUpdateRequest.java
25,src/main/java/teammates/ui/servlets/OAuth2CallbackServlet.java
97,src/test/java/teammates/ui/webapi/GetFeedbackSessionsActionTest.java
4,src/main/java/teammates/ui/webapi/InstructorSearchIndexingWorkerAction.java
18,src/client/java/teammates/client/scripts/DataMigrationForStudentsAndTeamsRecipientType.java
47,src/main/java/teammates/ui/output/HasResponsesData.java
174,src/test/java/teammates/common/datatransfer/questions/package-info.java
15,src/e2e/java/teammates/e2e/cases/InstructorStudentRecordsPageE2ETest.java
131,src/test/java/teammates/ui/webapi/CreateCourseActionTest.java
101,src/main/java/teammates/storage/search/InstructorSearchManager.java
1,src/main/java/teammates/common/datatransfer/FeedbackParticipantType.java
47,src/test/java/teammates/ui/webapi/GetFeedbackQuestionsActionTest.java
131,src/main/java/teammates/ui/webapi/GetStudentAction.java
1,src/main/java/teammates/storage/entity/Notification.java
7,src/test/java/teammates/ui/webapi/DeleteStudentActionTest.java
1,src/main/java/teammates/ui/webapi/GetDeadlineExtensionAction.java
97,src/main/java/teammates/ui/request/BasicRequest.java
47,src/test/java/teammates/ui/webapi/EnrollStudentsActionTest.java
47,src/main/java/teammates/ui/webapi/GetAccountRequestAction.java
185,src/e2e/java/teammates/e2e/pageobjects/IanaTimezonePage.java
25,src/test/java/teammates/ui/webapi/DeleteNotificationActionTest.java
1,src/e2e/java/teammates/e2e/cases/InstructorStudentActivityLogsPageE2ETest.java
29,src/test/java/teammates/ui/webapi/SendJoinReminderEmailActionTest.java
155,src/main/java/teammates/common/datatransfer/questions/FeedbackMcqResponseDetails.java
131,src/main/java/teammates/ui/request/FeedbackSessionUpdateRequest.java
5,src/test/java/teammates/ui/webapi/GetSessionResponseStatsActionTest.java
174,src/main/java/teammates/common/util/EmailType.java
18,src/client/java/teammates/client/util/package-info.java
175,src/test/java/teammates/common/util/UrlTest.java
131,src/main/java/teammates/storage/api/DeadlineExtensionsDb.java
163,src/test/java/teammates/test/BaseTestCaseWithDatabaseAccess.java
81,src/main/java/teammates/ui/webapi/GetNotificationAction.java
1,src/main/java/teammates/logic/api/Logic.java
131,src/main/java/teammates/ui/webapi/GetRegkeyValidityAction.java
1,src/main/java/teammates/ui/webapi/GetActionClassesAction.java
97,src/main/java/teammates/ui/webapi/GetHasResponsesAction.java
174,src/test/java/teammates/common/util/SanitizationHelperTest.java
7,src/main/java/teammates/ui/output/ApiOutput.java
77,src/main/java/teammates/logic/api/Logic.java
7,src/test/java/teammates/ui/webapi/JsonResultTest.java
5,src/test/java/teammates/ui/webapi/GetInstructorsActionTest.java
175,src/test/java/teammates/common/datatransfer/attributes/InstructorAttributesTest.java
185,src/e2e/java/teammates/e2e/cases/FeedbackNumScaleQuestionE2ETest.java
97,src/test/java/teammates/ui/webapi/UpdateInstructorPrivilegeActionTest.java
4,src/test/java/teammates/ui/webapi/RestoreCourseActionTest.java
131,src/main/java/teammates/ui/webapi/SendErrorReportAction.java
175,src/test/java/teammates/common/datatransfer/attributes/AccountAttributesTest.java
131,src/main/java/teammates/ui/request/CourseArchiveRequest.java
97,src/main/java/teammates/ui/webapi/GetFeedbackSessionsAction.java
175,src/test/java/teammates/common/util/package-info.java
7,src/main/java/teammates/ui/request/FeedbackQuestionBasicRequest.java
47,src/main/java/teammates/ui/webapi/SessionLinksRecoveryAction.java
155,src/main/java/teammates/common/datatransfer/QueryLogsResults.java
177,src/test/java/teammates/storage/api/NotificationsDbTest.java
20,src/main/java/teammates/common/datatransfer/questions/FeedbackResponseDetails.java
29,src/main/java/teammates/ui/webapi/InvalidOperationException.java
5,src/main/java/teammates/ui/request/CourseCreateRequest.java
97,src/main/java/teammates/ui/webapi/GetUsageStatisticsAction.java
1,src/main/java/teammates/ui/output/AuthInfo.java
25,src/main/java/teammates/ui/webapi/GetFeedbackQuestionsAction.java
176,src/main/java/teammates/logic/api/TaskQueuer.java
81,src/main/java/teammates/ui/output/OngoingSessionsData.java
7,src/main/java/teammates/ui/webapi/GetInstructorPrivilegeAction.java
5,src/main/java/teammates/ui/webapi/UpdateStudentAction.java
7,src/test/java/teammates/ui/webapi/GetNotificationActionTest.java
87,src/test/java/teammates/logic/api/package-info.java
1,src/test/java/teammates/common/datatransfer/attributes/FeedbackQuestionAttributesTest.java
7,src/test/java/teammates/ui/webapi/AccountRequestSearchIndexingWorkerActionTest.java
175,src/main/java/teammates/common/datatransfer/questions/FeedbackConstantSumDistributePointsType.java
4,src/main/java/teammates/ui/output/HasResponsesData.java
97,src/main/java/teammates/ui/webapi/UpdateNotificationAction.java
47,src/test/java/teammates/logic/core/BaseLogicTest.java
68,src/main/java/teammates/logic/api/EmailGenerator.java
97,src/main/java/teammates/ui/webapi/RegenerateInstructorKeyAction.java
1,src/e2e/java/teammates/e2e/pageobjects/InstructorNotificationsPage.java
97,src/main/java/teammates/ui/webapi/SendJoinReminderEmailAction.java
131,src/test/java/teammates/ui/webapi/GetDeadlineExtensionActionTest.java
7,src/test/java/teammates/ui/webapi/DeleteNotificationActionTest.java
47,src/test/java/teammates/ui/webapi/GetFeedbackQuestionRecipientsActionTest.java
15,src/e2e/java/teammates/e2e/pageobjects/StudentNotificationsPage.java
177,src/main/java/teammates/storage/api/FeedbackResponseCommentsDb.java
1,src/main/java/teammates/ui/webapi/BasicCommentSubmissionAction.java
29,src/main/java/teammates/ui/webapi/AuthType.java
174,src/main/java/teammates/common/datatransfer/ErrorLogEntry.java
88,src/test/java/teammates/storage/search/StudentSearchTest.java
1,src/test/java/teammates/ui/webapi/GetCourseJoinStatusActionTest.java
47,src/main/java/teammates/logic/core/FeedbackQuestionsLogic.java
81,src/test/java/teammates/ui/webapi/GetOngoingSessionsActionTest.java
4,src/main/java/teammates/ui/output/AccountsData.java
131,src/test/java/teammates/ui/webapi/InstructorSearchIndexingWorkerActionTest.java
5,src/main/java/teammates/ui/request/StudentUpdateRequest.java
81,src/main/java/teammates/ui/request/FeedbackSessionBasicRequest.java
174,src/main/java/teammates/common/datatransfer/questions/FeedbackConstantSumDistributePointsType.java
7,src/main/java/teammates/ui/webapi/GenerateEmailAction.java
47,src/main/java/teammates/ui/output/ActionClasses.java
17,src/e2e/java/teammates/e2e/pageobjects/CourseJoinConfirmationPage.java
81,src/test/java/teammates/ui/webapi/GetHasResponsesActionTest.java
88,src/main/java/teammates/logic/external/LogService.java
47,src/main/java/teammates/ui/webapi/FeedbackSessionClosedRemindersAction.java
185,src/e2e/java/teammates/e2e/cases/NotificationBannerE2ETest.java
29,src/test/java/teammates/ui/webapi/BaseActionTest.java
97,src/main/java/teammates/ui/request/NotificationUpdateRequest.java
1,src/main/java/teammates/ui/request/CourseArchiveRequest.java
1,src/e2e/java/teammates/e2e/cases/FeedbackNumScaleQuestionE2ETest.java
118,src/main/java/teammates/storage/api/FeedbackQuestionsDb.java
1,src/main/java/teammates/storage/api/package-info.java
1,src/test/java/teammates/logic/api/MockRecaptchaVerifier.java
18,src/client/java/teammates/client/scripts/DataMigrationForSanitizedInstructorName.java
186,src/e2e/java/teammates/e2e/pageobjects/HomePage.java
47,src/main/java/teammates/ui/output/FeedbackSessionSubmittedGiverSet.java
175,src/main/java/teammates/common/datatransfer/logs/GeneralLogEntry.java
47,src/main/java/teammates/ui/webapi/EntityNotFoundException.java
128,src/main/java/teammates/storage/entity/Notification.java
47,src/main/java/teammates/ui/output/UsageStatisticsRangeData.java
97,src/main/java/teammates/ui/webapi/ActionResult.java
16,src/e2e/java/teammates/e2e/cases/package-info.java
97,src/main/java/teammates/ui/webapi/CreateFeedbackSessionAction.java
129,src/test/java/teammates/logic/api/MockAuthProxy.java
128,src/test/java/teammates/storage/api/AccountsDbTest.java
186,src/e2e/java/teammates/e2e/pageobjects/IanaTimezonePage.java
4,src/main/java/teammates/ui/servlets/OAuth2CallbackServlet.java
118,src/test/java/teammates/storage/search/BaseSearchTest.java
4,src/main/java/teammates/ui/request/Intent.java
155,src/main/java/teammates/common/datatransfer/questions/FeedbackMsqQuestionDetails.java
81,src/main/java/teammates/ui/webapi/GetUserCookieAction.java
177,src/main/java/teammates/storage/api/AccountRequestsDb.java
155,src/main/java/teammates/common/datatransfer/InstructorPermissionSet.java
7,src/main/java/teammates/ui/webapi/AccountRequestSearchIndexingWorkerAction.java
47,src/test/java/teammates/ui/webapi/GetFeedbackSessionActionTest.java
20,src/main/java/teammates/common/datatransfer/attributes/FeedbackResponseCommentAttributes.java
7,src/test/java/teammates/ui/webapi/GetFeedbackQuestionsActionTest.java
131,src/main/java/teammates/storage/entity/BaseEntity.java
155,src/main/java/teammates/common/datatransfer/logs/QueryLogsParams.java
5,src/main/java/teammates/ui/output/ApiOutput.java
20,src/test/java/teammates/common/datatransfer/questions/FeedbackContributionQuestionDetailsTest.java
118,src/main/java/teammates/storage/api/FeedbackSessionsDb.java
1,src/main/java/teammates/common/datatransfer/questions/FeedbackContributionResponseDetails.java
1,src/main/java/teammates/storage/search/SearchManager.java
1,src/main/java/teammates/ui/output/FeedbackResponseCommentData.java
81,src/main/java/teammates/ui/webapi/GetFeedbackResponseCommentAction.java
131,src/main/java/teammates/ui/request/CourseCreateRequest.java
5,src/main/java/teammates/ui/webapi/BinFeedbackSessionAction.java
1,src/e2e/java/teammates/e2e/pageobjects/InstructorCourseEnrollPage.java
7,src/main/java/teammates/ui/webapi/JsonResult.java
131,src/main/java/teammates/storage/api/FeedbackSessionsDb.java
47,src/test/java/teammates/ui/webapi/RestoreCourseActionTest.java
118,src/main/java/teammates/storage/entity/DeadlineExtension.java
25,src/test/java/teammates/ui/webapi/FeedbackSessionUnpublishedEmailWorkerActionTest.java
47,src/test/java/teammates/ui/webapi/StudentCourseJoinEmailWorkerActionTest.java
47,src/test/java/teammates/ui/servlets/package-info.java
25,src/main/java/teammates/ui/output/NumberOfEntitiesToGiveFeedbackToSetting.java
1,src/test/java/teammates/ui/webapi/GetTimeZonesActionTest.java
16,src/e2e/java/teammates/e2e/cases/axe/StudentNotificationsPageAxeTest.java
1,src/main/java/teammates/common/datatransfer/logs/RequestLogUser.java
4,src/main/java/teammates/ui/output/InstructorsData.java
131,src/main/java/teammates/ui/webapi/GetTimeZonesAction.java
68,src/test/java/teammates/logic/core/FeedbackQuestionsLogicTest.java
1,src/main/java/teammates/common/util/Config.java
7,src/test/java/teammates/ui/webapi/ResetAccountActionTest.java
97,src/main/java/teammates/ui/servlets/OriginCheckFilter.java
81,src/test/java/teammates/ui/webapi/UpdateCourseActionTest.java
5,src/main/java/teammates/ui/request/NotificationUpdateRequest.java
155,src/test/java/teammates/common/util/JsonUtilsTest.java
131,src/main/java/teammates/ui/request/FeedbackResponsesRequest.java
5,src/test/java/teammates/ui/webapi/RestoreFeedbackSessionActionTest.java
97,src/test/java/teammates/ui/webapi/DeleteAccountActionTest.java
1,src/e2e/java/teammates/e2e/cases/axe/StudentNotificationsPageAxeTest.java
81,src/main/java/teammates/ui/request/StudentsEnrollRequest.java
131,src/test/java/teammates/storage/api/AccountRequestsDbTest.java
25,src/main/java/teammates/ui/output/JoinLinkData.java
16,src/e2e/java/teammates/e2e/cases/FeedbackConstSumOptionQuestionE2ETest.java
16,src/e2e/java/teammates/e2e/pageobjects/InstructorSessionIndividualExtensionPage.java
17,src/e2e/java/teammates/e2e/cases/FeedbackRankOptionQuestionE2ETest.java
1,src/main/java/teammates/ui/webapi/ActionFactory.java
7,src/main/java/teammates/ui/webapi/EntityNotFoundException.java
177,src/main/java/teammates/storage/api/FeedbackResponsesDb.java
186,src/e2e/java/teammates/e2e/cases/axe/FeedbackResultsPageAxeTest.java
1,src/main/java/teammates/common/datatransfer/questions/FeedbackRankOptionsResponseDetails.java
17,src/e2e/java/teammates/e2e/cases/axe/AdminNotificationsPageAxeTest.java
175,src/main/java/teammates/common/datatransfer/questions/FeedbackQuestionDetails.java
1,src/main/java/teammates/ui/webapi/ActionResult.java
18,src/client/java/teammates/client/scripts/package-info.java
4,src/main/java/teammates/ui/request/ErrorReportRequest.java
97,src/test/java/teammates/ui/servlets/OriginCheckFilterTest.java
177,src/main/java/teammates/storage/api/package-info.java
20,src/test/java/teammates/common/datatransfer/questions/FeedbackMcqQuestionDetailsTest.java
81,src/main/java/teammates/ui/request/CourseUpdateRequest.java
1,src/e2e/java/teammates/e2e/cases/NotificationBannerE2ETest.java
29,src/test/java/teammates/ui/webapi/GetRegkeyValidityActionTest.java
194,src/client/java/teammates/client/scripts/DataMigrationForTextQuestionRecommendedLength.java
15,src/e2e/java/teammates/e2e/cases/StudentCourseJoinConfirmationPageE2ETest.java
29,src/main/java/teammates/ui/output/OngoingSession.java
155,src/main/java/teammates/common/datatransfer/questions/FeedbackRankRecipientsQuestionDetails.java
29,src/test/java/teammates/ui/webapi/GetHasResponsesActionTest.java
15,src/e2e/java/teammates/e2e/cases/package-info.java
5,src/main/java/teammates/ui/request/Intent.java
1,src/main/java/teammates/logic/external/AuthService.java
1,src/main/java/teammates/logic/external/EmptyAuthService.java
7,src/test/java/teammates/ui/webapi/RestoreFeedbackSessionActionTest.java
29,src/test/java/teammates/ui/webapi/StudentSearchIndexingWorkerActionTest.java
17,src/e2e/java/teammates/e2e/pageobjects/AdminSearchPage.java
5,src/main/java/teammates/ui/request/CourseUpdateRequest.java
29,src/test/java/teammates/ui/webapi/QueryLogsActionTest.java
7,src/test/java/teammates/ui/servlets/WebApiServletTest.java
47,src/test/java/teammates/logic/core/AccountsLogicTest.java
131,src/main/java/teammates/ui/webapi/SearchInstructorsAction.java
4,src/main/java/teammates/ui/webapi/DeleteFeedbackResponseCommentAction.java
81,src/main/java/teammates/ui/webapi/GetTimeZonesAction.java
17,src/e2e/java/teammates/e2e/cases/FeedbackConstSumRecipientQuestionE2ETest.java
97,src/main/java/teammates/ui/webapi/GetDeadlineExtensionAction.java
25,src/main/java/teammates/ui/output/CourseSectionNamesData.java
129,src/main/java/teammates/logic/core/AccountRequestsLogic.java
185,src/e2e/java/teammates/e2e/pageobjects/CourseJoinConfirmationPage.java
129,src/main/java/teammates/logic/external/EmailSenderService.java
7,src/main/java/teammates/ui/webapi/CreateNotificationAction.java
18,src/client/java/teammates/client/scripts/DataMigrationForTextQuestionDetailsFormat.java
186,src/e2e/java/teammates/e2e/cases/InstructorCourseStudentDetailsEditPageE2ETest.java
4,src/main/java/teammates/ui/output/RegkeyValidityData.java
101,src/main/java/teammates/storage/api/CoursesDb.java
122,src/test/java/teammates/logic/core/package-info.java
186,src/e2e/java/teammates/e2e/pageobjects/AdminNotificationsPage.java
155,src/main/java/teammates/common/datatransfer/questions/FeedbackContributionResponseDetails.java
1,src/main/java/teammates/ui/webapi/UpdateCourseAction.java
7,src/main/java/teammates/ui/request/FeedbackResponseCommentCreateRequest.java
81,src/main/java/teammates/ui/output/InstructorData.java
68,src/test/java/teammates/logic/api/BaseLogicTest.java
47,src/test/java/teammates/ui/webapi/UpdateFeedbackResponseCommentActionTest.java
25,src/main/java/teammates/ui/servlets/LogoutServlet.java
7,src/test/java/teammates/ui/webapi/GetUsageStatisticsActionTest.java
25,src/test/java/teammates/ui/webapi/GetCourseJoinStatusActionTest.java
29,src/main/java/teammates/ui/output/FeedbackSessionLogEntryData.java
81,src/main/java/teammates/ui/webapi/CompileLogsAction.java
1,src/main/java/teammates/ui/output/AccountData.java
25,src/main/java/teammates/ui/output/InstructorPermissionRole.java
97,src/main/java/teammates/ui/webapi/CreateInstructorAction.java
131,src/main/java/teammates/ui/output/RegenerateKeyData.java
1,src/main/java/teammates/common/exception/DeadlineExceededException.java
1,src/main/java/teammates/logic/core/FeedbackQuestionsLogic.java
155,src/test/java/teammates/common/util/package-info.java
97,src/main/java/teammates/ui/request/CourseBasicRequest.java
97,src/main/java/teammates/ui/webapi/FeedbackSessionRemindEmailWorkerAction.java
176,src/test/java/teammates/logic/core/UsageStatisticsLogicTest.java
1,src/e2e/java/teammates/e2e/cases/axe/AdminSearchPageAxeTest.java
1,src/main/java/teammates/ui/output/OngoingSessionsData.java
131,src/test/java/teammates/ui/webapi/CreateInstructorActionTest.java
186,src/e2e/java/teammates/e2e/cases/InstructorStudentListPageE2ETest.java
68,src/main/java/teammates/logic/external/EmptyEmailService.java
101,src/main/java/teammates/storage/api/AccountsDb.java
16,src/e2e/java/teammates/e2e/cases/AutomatedSessionRemindersE2ETest.java
175,src/main/java/teammates/common/datatransfer/attributes/AccountAttributes.java
47,src/test/java/teammates/ui/webapi/CreateInstructorActionTest.java
25,src/main/java/teammates/ui/webapi/GenerateEmailAction.java
81,src/test/java/teammates/ui/webapi/SubmitFeedbackResponsesActionTest.java
155,src/test/java/teammates/common/datatransfer/questions/FeedbackContributionQuestionDetailsTest.java
174,src/test/java/teammates/common/datatransfer/questions/FeedbackContributionQuestionDetailsTest.java
131,src/main/java/teammates/ui/output/CourseData.java
29,src/main/java/teammates/ui/request/FeedbackResponseCommentCreateRequest.java
185,src/e2e/java/teammates/e2e/cases/axe/InstructorFeedbackSessionsPageAxeTest.java
47,src/test/java/teammates/ui/webapi/AccountRequestSearchIndexingWorkerActionTest.java
47,src/test/java/teammates/ui/webapi/SessionLinksRecoveryActionTest.java
1,src/main/java/teammates/ui/webapi/AuthType.java
29,src/main/java/teammates/ui/output/JoinStatus.java
47,src/main/java/teammates/ui/webapi/CompileLogsAction.java
47,src/main/java/teammates/ui/webapi/RemindFeedbackSessionSubmissionAction.java
29,src/test/java/teammates/ui/servlets/WebApiServletTest.java
81,src/test/java/teammates/ui/webapi/GetInstructorPrivilegeActionTest.java
25,src/test/java/teammates/ui/webapi/GetFeedbackSessionLogsActionTest.java
47,src/main/java/teammates/logic/api/LogsProcessor.java
25,src/main/java/teammates/ui/constants/package-info.java
68,src/main/java/teammates/logic/core/DeadlineExtensionsLogic.java
1,src/main/java/teammates/common/datatransfer/UserInfoCookie.java
1,src/main/java/teammates/ui/output/MessageOutput.java
5,src/main/java/teammates/ui/request/BasicRequest.java
10,src/test/java/teammates/test/BaseTestCaseWithDatabaseAccess.java
97,src/test/java/teammates/ui/webapi/SendErrorReportActionTest.java
4,src/test/java/teammates/ui/webapi/GetTimeZonesActionTest.java
4,src/main/java/teammates/ui/webapi/GetFeedbackResponsesAction.java
131,src/main/java/teammates/storage/search/AccountRequestSearchManager.java
88,src/test/java/teammates/storage/search/InstructorSearchTest.java
29,src/main/java/teammates/ui/webapi/CompileLogsAction.java
155,src/test/java/teammates/common/datatransfer/questions/FeedbackRankRecipientsQuestionDetailsTest.java
7,src/test/java/teammates/ui/webapi/StudentSearchIndexingWorkerActionTest.java
29,src/main/java/teammates/ui/webapi/ResetAccountRequestAction.java
5,src/main/java/teammates/ui/webapi/JsonResult.java
7,src/main/java/teammates/ui/webapi/StudentCourseJoinEmailWorkerAction.java
15,src/e2e/java/teammates/e2e/pageobjects/UserNotificationsPage.java
25,src/main/java/teammates/ui/output/UsageStatisticsData.java
77,src/main/java/teammates/logic/core/InstructorsLogic.java
97,src/main/java/teammates/ui/webapi/GetAccountsAction.java
1,src/e2e/java/teammates/e2e/pageobjects/InstructorHomePage.java
7,src/test/java/teammates/ui/webapi/DeleteAccountActionTest.java
5,src/main/java/teammates/ui/output/EmailData.java
7,src/test/java/teammates/ui/webapi/CompileLogsActionTest.java
81,src/test/java/teammates/ui/webapi/GetRegkeyValidityActionTest.java
25,src/test/java/teammates/ui/webapi/BinFeedbackSessionActionTest.java
155,src/main/java/teammates/common/datatransfer/attributes/FeedbackSessionAttributes.java
20,src/main/java/teammates/common/datatransfer/questions/package-info.java
186,src/e2e/java/teammates/e2e/cases/axe/InstructorFeedbackSessionsPageAxeTest.java
1,src/main/java/teammates/common/util/HttpRequestHelper.java
29,src/main/java/teammates/ui/webapi/ActionResult.java
7,src/test/java/teammates/ui/webapi/SessionLinksRecoveryActionTest.java
131,src/main/java/teammates/ui/webapi/GetFeedbackQuestionsAction.java
16,src/e2e/java/teammates/e2e/cases/InstructorSessionIndividualExtensionPageE2ETest.java
175,src/main/java/teammates/common/exception/EntityDoesNotExistException.java
7,src/main/java/teammates/ui/output/package-info.java
155,src/main/java/teammates/common/datatransfer/logs/GeneralLogEntry.java
1,src/test/java/teammates/ui/webapi/DeleteAccountRequestActionTest.java
81,src/test/java/teammates/ui/webapi/CalculateUsageStatisticsActionTest.java
97,src/main/java/teammates/ui/output/GeneralLogsData.java
25,src/main/java/teammates/ui/webapi/DeleteInstructorAction.java
4,src/main/java/teammates/ui/webapi/GetSessionResponseStatsAction.java
185,src/e2e/java/teammates/e2e/util/TestDataValidityTest.java
29,src/main/java/teammates/ui/webapi/GetAuthInfoAction.java
176,src/test/java/teammates/logic/core/FeedbackResponsesLogicTest.java
131,src/test/java/teammates/ui/webapi/MarkNotificationAsReadActionTest.java
20,src/main/java/teammates/common/datatransfer/NotificationTargetUser.java
4,src/main/java/teammates/ui/webapi/EnrollStudentsAction.java
174,src/test/java/teammates/common/datatransfer/questions/FeedbackQuestionDetailsTest.java
177,src/test/java/teammates/storage/api/FeedbackResponseCommentsDbTest.java
15,src/e2e/java/teammates/e2e/cases/StudentCourseDetailsPageE2ETest.java
131,src/main/java/teammates/ui/webapi/QueryLogsAction.java
118,src/main/java/teammates/storage/api/OfyHelper.java
97,src/test/java/teammates/logic/api/MockUserProvision.java
47,src/main/java/teammates/ui/webapi/ArchiveCourseAction.java
128,src/main/java/teammates/storage/api/CoursesDb.java
1,src/main/java/teammates/ui/servlets/RequestTraceFilter.java
97,src/test/java/teammates/ui/request/StudentsEnrollRequestTest.java
131,src/main/java/teammates/ui/webapi/GetReadNotificationsAction.java
47,src/main/java/teammates/logic/api/package-info.java
155,src/main/java/teammates/common/datatransfer/attributes/FeedbackQuestionAttributes.java
131,src/main/java/teammates/ui/output/NotificationsData.java
131,src/main/java/teammates/ui/request/SendEmailRequest.java
155,src/test/java/teammates/common/util/BuildPropertiesTest.java
175,src/main/java/teammates/common/datatransfer/logs/package-info.java
25,src/test/java/teammates/ui/webapi/GetFeedbackResponsesActionTest.java
29,src/test/java/teammates/ui/webapi/DeleteAccountRequestActionTest.java
7,src/main/java/teammates/ui/webapi/PutDataBundleDocumentsAction.java
18,src/client/java/teammates/client/scripts/statistics/FileStore.java
1,src/main/java/teammates/ui/webapi/CreateAccountAction.java
186,src/e2e/java/teammates/e2e/pageobjects/DevServerLoginPage.java
1,src/test/java/teammates/ui/webapi/CreateAccountActionTest.java
47,src/test/java/teammates/logic/api/package-info.java
25,src/test/java/teammates/ui/webapi/GetAccountRequestActionTest.java
1,src/main/java/teammates/ui/webapi/DatastoreBackupAction.java
175,src/main/java/teammates/common/datatransfer/CourseRoster.java
7,src/main/java/teammates/ui/webapi/Action.java
7,src/main/java/teammates/ui/webapi/CreateFeedbackSessionAction.java
47,src/test/java/teammates/logic/core/DataBundleLogicTest.java
29,src/main/java/teammates/ui/request/BasicRequest.java
175,src/main/java/teammates/common/datatransfer/attributes/UsageStatisticsAttributes.java
97,src/test/java/teammates/ui/webapi/RestoreFeedbackSessionActionTest.java
1,src/main/java/teammates/ui/request/StudentsEnrollRequest.java
16,src/e2e/java/teammates/e2e/cases/axe/AdminHomePageAxeTest.java
1,src/main/java/teammates/common/util/StdOutConsoleHandler.java
81,src/test/java/teammates/ui/webapi/GetInstructorsActionTest.java
25,src/main/java/teammates/ui/servlets/RequestTraceFilter.java
81,src/main/java/teammates/ui/webapi/DeleteStudentAction.java
1,src/e2e/java/teammates/e2e/cases/AdminSearchPageE2ETest.java
5,src/main/java/teammates/ui/webapi/ArchiveCourseAction.java
185,src/e2e/java/teammates/e2e/cases/FeedbackMsqQuestionE2ETest.java
81,src/test/java/teammates/ui/servlets/OriginCheckFilterTest.java
155,src/main/java/teammates/common/datatransfer/UserInfoCookie.java
1,src/main/java/teammates/ui/webapi/GetNotificationsAction.java
1,src/test/java/teammates/logic/api/MockEmailSender.java
1,src/main/java/teammates/ui/output/AccountRequestsData.java
1,src/test/java/teammates/test/AssertHelperTest.java
129,src/test/java/teammates/logic/core/package-info.java
81,src/main/java/teammates/ui/output/EnrollStudentsData.java
4,src/main/java/teammates/ui/constants/DefaultInstructorPermissions.java
20,src/test/java/teammates/common/datatransfer/attributes/FeedbackQuestionAttributesTest.java
81,src/main/java/teammates/ui/webapi/JoinCourseAction.java
29,src/main/java/teammates/ui/output/ApiOutput.java
4,src/main/java/teammates/ui/servlets/LegacyUrlMapper.java
1,src/main/java/teammates/ui/request/NotificationUpdateRequest.java
29,src/main/java/teammates/ui/output/EnrollStudentsData.java
1,src/main/java/teammates/ui/output/FeedbackSessionLogData.java
81,src/test/java/teammates/ui/webapi/BaseActionTest.java
174,src/main/java/teammates/common/datatransfer/questions/FeedbackRubricResponseDetails.java
25,src/main/java/teammates/ui/request/MarkNotificationAsReadRequest.java
15,src/e2e/java/teammates/e2e/pageobjects/AdminNotificationsPage.java
131,src/main/java/teammates/ui/output/JoinState.java
97,src/main/java/teammates/ui/webapi/package-info.java
15,src/e2e/java/teammates/e2e/util/RetryManager.java
5,src/main/java/teammates/ui/webapi/DeleteStudentAction.java
47,src/test/java/teammates/ui/webapi/DeleteFeedbackResponseCommentActionTest.java
25,src/main/java/teammates/ui/webapi/StudentSearchIndexingWorkerAction.java
1,src/main/java/teammates/ui/request/CourseBasicRequest.java
175,src/main/java/teammates/common/util/EmailType.java
131,src/test/java/teammates/ui/webapi/SearchAccountRequestsActionTest.java
4,src/main/java/teammates/ui/request/FeedbackSessionCreateRequest.java
29,src/main/java/teammates/ui/request/FeedbackSessionCreateRequest.java
1,src/test/java/teammates/logic/api/LogicExtension.java
17,src/e2e/java/teammates/e2e/pageobjects/InstructorFeedbackEditPage.java
1,src/e2e/java/teammates/e2e/cases/FeedbackContributionQuestionE2ETest.java
25,src/main/java/teammates/ui/servlets/OriginCheckFilter.java
16,src/e2e/java/teammates/e2e/pageobjects/AdminSearchPage.java
4,src/test/java/teammates/ui/webapi/GetUsageStatisticsActionTest.java
18,src/client/java/teammates/client/scripts/statistics/package-info.java
131,src/test/java/teammates/ui/webapi/SessionLinksRecoveryActionTest.java
1,src/main/java/teammates/ui/webapi/DeleteFeedbackQuestionAction.java
29,src/test/java/teammates/ui/webapi/GetFeedbackSessionsActionTest.java
5,src/main/java/teammates/ui/output/InstructorData.java
29,src/test/java/teammates/ui/webapi/FeedbackSessionPublishedEmailWorkerActionTest.java
20,src/main/java/teammates/common/datatransfer/questions/FeedbackRankRecipientsQuestionDetails.java
47,src/main/java/teammates/ui/webapi/GetDeadlineExtensionAction.java
131,src/main/java/teammates/ui/servlets/WebApiServlet.java
131,src/main/java/teammates/storage/search/AccountRequestSearchDocument.java
5,src/test/java/teammates/ui/webapi/SearchInstructorsActionTest.java
17,src/e2e/java/teammates/e2e/pageobjects/DevServerLoginPage.java
29,src/test/java/teammates/ui/webapi/GetAccountRequestActionTest.java
81,src/main/java/teammates/ui/webapi/AdminOnlyAction.java
16,src/e2e/java/teammates/e2e/pageobjects/DevServerLoginPage.java
18,src/client/java/teammates/client/scripts/GenerateUsageStatisticsObjects.java
4,src/main/java/teammates/ui/webapi/GetUserCookieAction.java
1,src/e2e/java/teammates/e2e/util/RetryManager.java
7,src/main/java/teammates/ui/webapi/UpdateInstructorAction.java
186,src/e2e/java/teammates/e2e/util/AxeUtil.java
81,src/main/java/teammates/ui/webapi/DeleteNotificationAction.java
7,src/main/java/teammates/ui/webapi/InvalidHttpParameterException.java
25,src/test/java/teammates/ui/webapi/GetNotificationsActionTest.java
47,src/main/java/teammates/ui/servlets/OriginCheckFilter.java
186,src/e2e/java/teammates/e2e/cases/axe/InstructorHomePageAxeTest.java
4,src/main/java/teammates/ui/webapi/ResetAccountAction.java
25,src/main/java/teammates/ui/servlets/WebApiServlet.java
7,src/main/java/teammates/ui/webapi/ArchiveCourseAction.java
175,src/main/java/teammates/common/util/StdOutConsoleHandler.java
1,src/test/java/teammates/common/datatransfer/questions/FeedbackMsqQuestionDetailsTest.java
29,src/main/java/teammates/ui/webapi/UpdateNotificationAction.java
7,src/test/java/teammates/ui/servlets/WebPageServletTest.java
185,src/e2e/java/teammates/e2e/pageobjects/InstructorNotificationsPage.java
29,src/test/java/teammates/ui/webapi/UpdateInstructorActionTest.java
5,src/test/java/teammates/ui/webapi/GetFeedbackSessionsActionTest.java
17,src/e2e/java/teammates/e2e/cases/InstructorSearchPageE2ETest.java
17,src/e2e/java/teammates/e2e/cases/InstructorHomePageE2ETest.java
175,src/test/java/teammates/common/datatransfer/questions/FeedbackRankQuestionDetailsTest.java
155,src/test/java/teammates/common/util/TimeHelperTest.java
77,src/main/java/teammates/logic/external/MailjetService.java
25,src/test/java/teammates/ui/webapi/InstructorSearchIndexingWorkerActionTest.java
97,src/test/java/teammates/logic/api/BaseLogicTest.java
1,src/e2e/java/teammates/e2e/util/AxeUtil.java
1,src/test/java/teammates/ui/webapi/FeedbackSessionOpeningRemindersActionTest.java
47,src/main/java/teammates/ui/webapi/GetStudentAction.java
5,src/main/java/teammates/ui/webapi/MarkNotificationAsReadAction.java
29,src/test/java/teammates/ui/webapi/FeedbackSessionRemindEmailWorkerActionTest.java
118,src/test/java/teammates/storage/api/FeedbackQuestionsDbTest.java
131,src/main/java/teammates/ui/webapi/InvalidHttpParameterException.java
7,src/main/java/teammates/ui/servlets/WebSecurityHeaderFilter.java
81,src/main/java/teammates/ui/webapi/GetFeedbackQuestionsAction.java
10,src/test/java/teammates/test/TestNgXmlTest.java
1,src/main/java/teammates/common/datatransfer/attributes/UsageStatisticsAttributes.java
1,src/test/java/teammates/common/util/StringHelperTest.java
29,src/test/java/teammates/ui/webapi/GetNotificationsActionTest.java
97,src/main/java/teammates/ui/webapi/GetAccountAction.java
5,src/main/java/teammates/ui/webapi/RestoreCourseAction.java
25,src/test/java/teammates/ui/webapi/GetReadNotificationsActionTest.java
155,src/main/java/teammates/common/datatransfer/logs/LogEvent.java
185,src/e2e/java/teammates/e2e/cases/InstructorCoursesPageE2ETest.java
4,src/test/java/teammates/ui/webapi/GetSessionResponseStatsActionTest.java
97,src/main/java/teammates/ui/webapi/GetCourseSectionNamesAction.java
1,src/main/java/teammates/ui/webapi/GetHasResponsesAction.java
81,src/main/java/teammates/ui/webapi/DeleteDataBundleAction.java
97,src/main/java/teammates/ui/webapi/GetFeedbackSessionAction.java
175,src/main/java/teammates/common/datatransfer/questions/FeedbackConstantSumQuestionDetails.java
88,src/main/java/teammates/storage/entity/Instructor.java
4,src/test/java/teammates/ui/webapi/DeleteNotificationActionTest.java
81,src/main/java/teammates/ui/webapi/GenerateEmailAction.java
131,src/test/java/teammates/ui/webapi/QueryLogsActionTest.java
1,src/main/java/teammates/ui/output/JoinLinkData.java
7,src/main/java/teammates/ui/webapi/GetRegkeyValidityAction.java
47,src/main/java/teammates/logic/external/RecaptchaService.java
25,src/test/java/teammates/ui/webapi/GetFeedbackQuestionRecipientsActionTest.java
88,src/main/java/teammates/logic/core/StudentsLogic.java
81,src/main/java/teammates/ui/webapi/UpdateFeedbackResponseCommentAction.java
15,src/e2e/java/teammates/e2e/pageobjects/AdminSessionsPage.java
131,src/main/java/teammates/ui/servlets/LogoutServlet.java
155,src/test/java/teammates/common/util/UrlTest.java
7,src/main/java/teammates/ui/output/InstructorsData.java
97,src/main/java/teammates/ui/output/MessageOutput.java
17,src/e2e/java/teammates/e2e/cases/axe/InstructorCourseStudentDetailsPageAxeTest.java
81,src/main/java/teammates/ui/webapi/DatastoreBackupAction.java
174,src/main/java/teammates/common/datatransfer/questions/FeedbackResponseDetails.java
7,src/main/java/teammates/ui/output/UsageStatisticsRangeData.java
29,src/main/java/teammates/ui/request/CourseUpdateRequest.java
7,src/main/java/teammates/ui/output/ActionClasses.java
97,src/main/java/teammates/ui/output/AccountsData.java
5,src/main/java/teammates/ui/webapi/UpdateFeedbackSessionAction.java
88,src/test/java/teammates/logic/core/InstructorsLogicTest.java
131,src/test/java/teammates/storage/api/CoursesDbTest.java
174,src/test/java/teammates/common/datatransfer/questions/FeedbackConstantSumQuestionDetailsTest.java
4,src/test/java/teammates/ui/webapi/GetStudentsActionTest.java
131,src/main/java/teammates/ui/webapi/RestoreFeedbackSessionAction.java
155,src/test/java/teammates/common/datatransfer/questions/FeedbackMcqQuestionDetailsTest.java
20,src/main/java/teammates/common/exception/package-info.java
5,src/main/java/teammates/ui/webapi/JoinCourseAction.java
101,src/test/java/teammates/storage/api/StudentsDbTest.java
25,src/main/java/teammates/ui/webapi/SearchStudentsAction.java
68,src/test/java/teammates/logic/core/DeadlineExtensionsLogicTest.java
185,src/e2e/java/teammates/e2e/cases/InstructorFeedbackSessionsPageE2ETest.java
25,src/main/java/teammates/ui/output/JoinState.java
7,src/test/java/teammates/ui/webapi/BaseActionTest.java
4,src/main/java/teammates/ui/webapi/RemindFeedbackSessionResultAction.java
177,src/main/java/teammates/storage/search/SearchManager.java
5,src/main/java/teammates/ui/webapi/SubmitFeedbackResponsesAction.java
176,src/main/java/teammates/logic/external/EmptyRecaptchaService.java
15,src/e2e/java/teammates/e2e/util/TestNgXmlTest.java
25,src/main/java/teammates/ui/request/NotificationCreateRequest.java
131,src/test/java/teammates/storage/api/InstructorsDbTest.java
131,src/test/java/teammates/ui/webapi/GetAccountRequestActionTest.java
7,src/main/java/teammates/ui/webapi/GetTimeZonesAction.java
29,src/main/java/teammates/ui/webapi/GetFeedbackQuestionRecipientsAction.java
20,src/main/java/teammates/common/datatransfer/FeedbackSessionLogEntry.java
25,src/main/java/teammates/ui/request/InstructorCreateRequest.java
81,src/test/java/teammates/ui/webapi/GetCoursesActionTest.java
47,src/main/java/teammates/ui/output/AuthInfo.java
25,src/main/java/teammates/ui/webapi/CreateFeedbackResponseCommentAction.java
128,src/test/java/teammates/storage/api/DeadlineExtensionsDbTest.java
20,src/main/java/teammates/common/datatransfer/attributes/InstructorAttributes.java
4,src/main/java/teammates/ui/webapi/PublishFeedbackSessionAction.java
81,src/main/java/teammates/ui/webapi/GetUsageStatisticsAction.java
97,src/main/java/teammates/logic/external/GoogleCloudLoggingService.java
4,src/main/java/teammates/ui/output/CommentVisibilityType.java
47,src/main/java/teammates/ui/webapi/RestoreFeedbackSessionAction.java
29,src/main/java/teammates/ui/request/package-info.java
81,src/test/java/teammates/ui/webapi/CreateAccountRequestActionTest.java
131,src/main/java/teammates/ui/servlets/DevServerLoginServlet.java
7,src/main/java/teammates/ui/webapi/UpdateFeedbackResponseCommentAction.java
29,src/main/java/teammates/ui/webapi/InstructorSearchIndexingWorkerAction.java
1,src/test/java/teammates/ui/webapi/FeedbackSessionClosingRemindersActionTest.java
186,src/e2e/java/teammates/e2e/util/EmailAccount.java
7,src/main/java/teammates/ui/request/InstructorCreateRequest.java
118,src/test/java/teammates/storage/api/FeedbackResponseCommentsDbTest.java
17,src/e2e/java/teammates/e2e/cases/FeedbackNumScaleQuestionE2ETest.java
97,src/test/java/teammates/ui/webapi/RemindFeedbackSessionResultActionTest.java
47,src/main/java/teammates/ui/request/Intent.java
88,src/main/java/teammates/logic/external/EmptyEmailService.java
81,src/main/java/teammates/ui/request/MarkNotificationAsReadRequest.java
175,src/main/java/teammates/common/exception/DeadlineExceededException.java
1,src/main/java/teammates/ui/webapi/GetCoursesAction.java
131,src/test/java/teammates/ui/webapi/UpdateFeedbackSessionActionTest.java
131,src/main/java/teammates/ui/servlets/AuthServlet.java
77,src/test/java/teammates/logic/api/UserProvisionTest.java
77,src/main/java/teammates/logic/core/AccountsLogic.java
128,src/test/java/teammates/storage/api/FeedbackQuestionsDbTest.java
29,src/main/java/teammates/ui/request/NotificationBasicRequest.java
47,src/test/java/teammates/ui/webapi/MarkNotificationAsReadActionTest.java
97,src/main/java/teammates/ui/request/NotificationBasicRequest.java
1,src/test/java/teammates/common/util/UrlTest.java
175,src/main/java/teammates/common/datatransfer/NotificationTargetUser.java
25,src/main/java/teammates/ui/webapi/GetActionClassesAction.java
29,src/main/java/teammates/ui/webapi/RegenerateStudentKeyAction.java
155,src/main/java/teammates/common/datatransfer/questions/FeedbackResponseDetails.java
175,src/test/java/teammates/common/datatransfer/CourseRosterTest.java
25,src/test/java/teammates/ui/webapi/FeedbackSessionRemindEmailWorkerActionTest.java
7,src/test/java/teammates/ui/webapi/GetCourseSectionNamesActionTest.java
1,src/test/java/teammates/ui/webapi/DeleteStudentsActionTest.java
4,src/main/java/teammates/ui/webapi/ResetAccountRequestAction.java
175,src/main/java/teammates/common/datatransfer/logs/LogDetails.java
29,src/test/java/teammates/ui/webapi/GetCoursesActionTest.java
47,src/test/java/teammates/ui/webapi/DeleteNotificationActionTest.java
175,src/main/java/teammates/common/util/AppUrl.java
20,src/main/java/teammates/common/util/EmailWrapper.java
77,src/test/java/teammates/logic/core/FeedbackQuestionsLogicTest.java
1,src/main/java/teammates/logic/api/LogsProcessor.java
97,src/test/java/teammates/logic/core/NotificationsLogicTest.java
15,src/e2e/java/teammates/e2e/cases/InstructorNotificationsPageE2ETest.java
1,src/test/java/teammates/ui/webapi/GetFeedbackQuestionsActionTest.java
1,src/main/java/teammates/ui/webapi/DeleteCourseAction.java
97,src/main/java/teammates/ui/webapi/UpdateInstructorPrivilegeAction.java
5,src/main/java/teammates/ui/webapi/CreateFeedbackQuestionAction.java
88,src/main/java/teammates/storage/api/AccountRequestsDb.java
131,src/test/java/teammates/ui/webapi/ArchiveCourseActionTest.java
97,src/main/java/teammates/logic/external/AuthService.java
186,src/e2e/java/teammates/e2e/cases/FeedbackSubmitPageE2ETest.java
81,src/main/java/teammates/ui/servlets/package-info.java
15,src/e2e/java/teammates/e2e/cases/InstructorCourseJoinConfirmationPageE2ETest.java
20,src/main/java/teammates/common/datatransfer/questions/FeedbackTextResponseDetails.java
101,src/main/java/teammates/storage/search/package-info.java
87,src/test/java/teammates/logic/api/BaseLogicTest.java
5,src/main/java/teammates/ui/output/DeadlineExtensionData.java
16,src/e2e/java/teammates/e2e/util/GmailServiceMaker.java
177,src/main/java/teammates/storage/api/UsageStatisticsDb.java
15,src/e2e/java/teammates/e2e/pageobjects/InstructorCourseStudentDetailsEditPage.java
18,src/client/java/teammates/client/scripts/DataMigrationForInstructorNullIsArchivedField.java
68,src/main/java/teammates/logic/api/package-info.java
81,src/main/java/teammates/ui/webapi/MarkNotificationAsReadAction.java
5,src/main/java/teammates/ui/webapi/GetUserCookieAction.java
131,src/main/java/teammates/storage/api/DatastoreEmulatorRunner.java
25,src/main/java/teammates/ui/output/FeedbackSessionLogEntryData.java
4,src/main/java/teammates/ui/request/CourseUpdateRequest.java
47,src/main/java/teammates/ui/webapi/FeedbackSessionOpeningSoonRemindersAction.java
25,src/main/java/teammates/ui/request/FeedbackQuestionUpdateRequest.java
7,src/test/java/teammates/ui/webapi/GetFeedbackSessionActionTest.java
1,src/test/java/teammates/ui/webapi/RestoreCourseActionTest.java
5,src/main/java/teammates/ui/webapi/GetCourseAction.java
176,src/main/java/teammates/logic/external/RecaptchaService.java
25,src/main/java/teammates/ui/output/FeedbackVisibilityType.java
97,src/main/java/teammates/ui/request/FeedbackResponsesRequest.java
68,src/test/java/teammates/logic/api/EmailSenderTest.java
81,src/main/java/teammates/ui/output/AccountData.java
5,src/main/java/teammates/ui/webapi/FeedbackSessionClosingRemindersAction.java
81,src/main/java/teammates/ui/webapi/DeleteFeedbackSessionAction.java
118,src/main/java/teammates/storage/api/AccountRequestsDb.java
176,src/main/java/teammates/logic/external/GoogleCloudTasksService.java
25,src/main/java/teammates/ui/webapi/GetFeedbackResponsesAction.java
29,src/test/java/teammates/ui/webapi/GetStudentsActionTest.java
29,src/test/java/teammates/ui/webapi/GetFeedbackResponseCommentActionTest.java
186,src/e2e/java/teammates/e2e/cases/NotificationBannerE2ETest.java
176,src/test/java/teammates/logic/core/BaseLogicTest.java
128,src/test/java/teammates/storage/api/InstructorsDbTest.java
87,src/main/java/teammates/logic/external/MailjetService.java
20,src/main/java/teammates/common/util/package-info.java
25,src/test/java/teammates/ui/webapi/ResetAccountRequestActionTest.java
4,src/test/java/teammates/ui/webapi/GetFeedbackSessionsActionTest.java
131,src/main/java/teammates/ui/constants/package-info.java
174,src/main/java/teammates/common/datatransfer/FeedbackQuestionRecipient.java
131,src/test/java/teammates/storage/api/StudentsDbTest.java
1,src/main/java/teammates/ui/request/package-info.java
4,src/main/java/teammates/ui/webapi/CreateFeedbackSessionLogAction.java
5,src/main/java/teammates/ui/webapi/QueryLogsAction.java
25,src/main/java/teammates/ui/webapi/BinFeedbackSessionAction.java
5,src/main/java/teammates/ui/output/TimeZonesData.java
155,src/main/java/teammates/common/datatransfer/InstructorPrivileges.java
47,src/test/java/teammates/logic/api/MockEmailSender.java
97,src/test/java/teammates/logic/core/BaseLogicTest.java
122,src/test/java/teammates/logic/core/FeedbackSessionsLogicTest.java
155,src/main/java/teammates/common/datatransfer/ErrorLogEntry.java
129,src/main/java/teammates/logic/api/RecaptchaVerifier.java
7,src/main/java/teammates/ui/servlets/OriginCheckFilter.java
81,src/main/java/teammates/ui/request/FeedbackResponseCommentBasicRequest.java
81,src/main/java/teammates/ui/webapi/GetFeedbackSessionSubmittedGiverSetAction.java
87,src/main/java/teammates/logic/external/GoogleCloudLoggingService.java
97,src/main/java/teammates/ui/servlets/RequestTraceFilter.java
131,src/main/java/teammates/ui/webapi/RemindFeedbackSessionSubmissionAction.java
20,src/test/java/teammates/common/datatransfer/questions/FeedbackRubricQuestionDetailsTest.java
17,src/e2e/java/teammates/e2e/cases/InstructorStudentRecordsPageE2ETest.java
77,src/main/java/teammates/logic/api/RecaptchaVerifier.java
15,src/e2e/java/teammates/e2e/pageobjects/AdminTimezonePage.java
1,src/main/java/teammates/ui/output/FeedbackQuestionData.java
5,src/main/java/teammates/ui/webapi/ActionFactory.java
174,src/main/java/teammates/common/datatransfer/questions/FeedbackMcqResponseDetails.java
25,src/test/java/teammates/ui/webapi/GetInstructorPrivilegeActionTest.java
16,src/e2e/java/teammates/e2e/cases/InstructorCourseEnrollPageE2ETest.java
25,src/main/java/teammates/ui/webapi/CreateFeedbackSessionAction.java
7,src/main/java/teammates/ui/request/FeedbackQuestionCreateRequest.java
7,src/test/java/teammates/ui/webapi/InstructorSearchIndexingWorkerActionTest.java
5,src/main/java/teammates/ui/output/NumberOfEntitiesToGiveFeedbackToSetting.java
128,src/main/java/teammates/storage/search/SearchDocument.java
97,src/main/java/teammates/ui/request/FeedbackSessionBasicRequest.java
16,src/e2e/java/teammates/e2e/pageobjects/StudentHomePage.java
20,src/test/java/teammates/common/datatransfer/attributes/AccountAttributesTest.java
1,src/main/java/teammates/common/datatransfer/attributes/AccountRequestAttributes.java
81,src/main/java/teammates/ui/servlets/LegacyUrlMapper.java
25,src/main/java/teammates/ui/webapi/FeedbackSessionClosingRemindersAction.java
176,src/main/java/teammates/logic/core/NotificationsLogic.java
1,src/main/java/teammates/ui/webapi/GetUsageStatisticsAction.java
5,src/main/java/teammates/ui/webapi/SearchAccountRequestsAction.java
122,src/test/java/teammates/logic/external/package-info.java
131,src/main/java/teammates/ui/request/AccountCreateRequest.java
7,src/main/java/teammates/ui/output/SessionVisibleSetting.java
185,src/e2e/java/teammates/e2e/cases/package-info.java
47,src/test/java/teammates/logic/api/MockLogsProcessor.java
1,src/main/java/teammates/ui/webapi/DeleteFeedbackResponseCommentAction.java
97,src/main/java/teammates/ui/constants/QuestionTypeStructures.java
25,src/main/java/teammates/ui/webapi/FeedbackSessionOpeningRemindersAction.java
1,src/test/java/teammates/common/datatransfer/questions/FeedbackRankRecipientsQuestionDetailsTest.java
122,src/main/java/teammates/logic/external/EmailSenderService.java
176,src/main/java/teammates/logic/external/LogService.java
131,src/test/java/teammates/ui/webapi/GetFeedbackSessionActionTest.java
131,src/test/java/teammates/ui/webapi/SearchInstructorsActionTest.java
1,src/main/java/teammates/ui/webapi/GetStudentsAction.java
1,src/test/java/teammates/ui/webapi/GetSessionResultsActionTest.java
175,src/main/java/teammates/common/datatransfer/questions/FeedbackNumericalScaleResponseDetails.java
47,src/test/java/teammates/logic/core/DeadlineExtensionsLogicTest.java
122,src/main/java/teammates/logic/external/LogService.java
185,src/e2e/java/teammates/e2e/pageobjects/InstructorFeedbackResultsPage.java
29,src/main/java/teammates/ui/output/package-info.java
29,src/main/java/teammates/ui/webapi/QueryLogsAction.java
1,src/e2e/java/teammates/e2e/pageobjects/StudentHomePage.java
1,src/e2e/java/teammates/e2e/util/Retryable.java
25,src/test/java/teammates/ui/webapi/GetActionClassesActionTest.java
163,src/test/java/teammates/test/MockHttpServletResponse.java
47,src/main/java/teammates/ui/webapi/GetFeedbackSessionLogsAction.java
118,src/main/java/teammates/storage/entity/CourseStudent.java
47,src/main/java/teammates/ui/webapi/GetCourseJoinStatusAction.java
81,src/test/java/teammates/ui/webapi/ArchiveCourseActionTest.java
81,src/main/java/teammates/ui/webapi/SubmitFeedbackResponsesAction.java
88,src/main/java/teammates/logic/external/RecaptchaService.java
18,src/client/java/teammates/client/scripts/DataMigrationForTeamNameInResponseGiver.java
174,src/main/java/teammates/common/datatransfer/questions/package-info.java
174,src/test/java/teammates/common/util/JsonUtilsTest.java
4,src/main/java/teammates/ui/output/EnrollStudentsData.java
25,src/main/java/teammates/ui/webapi/PutDataBundleAction.java
88,src/main/java/teammates/storage/search/AccountRequestSearchDocument.java
176,src/test/java/teammates/logic/core/AccountsLogicTest.java
29,src/main/java/teammates/ui/webapi/GetAccountAction.java
29,src/main/java/teammates/ui/request/CourseCreateRequest.java
185,src/e2e/java/teammates/e2e/util/EmailAccount.java
7,src/main/java/teammates/ui/webapi/RestoreFeedbackSessionAction.java
20,src/main/java/teammates/common/datatransfer/attributes/AccountRequestAttributes.java
81,src/test/java/teammates/ui/webapi/GetFeedbackSessionLogsActionTest.java
7,src/test/java/teammates/ui/webapi/GetAccountActionTest.java
16,src/e2e/java/teammates/e2e/cases/StudentCourseDetailsPageE2ETest.java
47,src/main/java/teammates/ui/request/CourseArchiveRequest.java
1,src/main/java/teammates/ui/webapi/JoinCourseAction.java
15,src/e2e/java/teammates/e2e/pageobjects/AdminSearchPage.java
155,src/main/java/teammates/common/util/TzdbResourceZoneRulesProvider.java
5,src/test/java/teammates/ui/webapi/UnpublishFeedbackSessionActionTest.java
15,src/e2e/java/teammates/e2e/cases/FeedbackRankRecipientQuestionE2ETest.java
88,src/test/java/teammates/storage/api/FeedbackResponseCommentsDbTest.java
1,src/e2e/java/teammates/e2e/pageobjects/AdminHomePage.java
97,src/main/java/teammates/ui/output/FeedbackVisibilityType.java
20,src/main/java/teammates/common/exception/HttpRequestFailedException.java
1,src/e2e/java/teammates/e2e/util/TestPropertiesTest.java
87,src/main/java/teammates/logic/external/EmptyEmailService.java
174,src/test/java/teammates/common/util/TimeHelperTest.java
1,src/main/java/teammates/logic/api/UserProvision.java
1,src/main/java/teammates/ui/webapi/GetFeedbackSessionsAction.java
4,src/main/java/teammates/ui/webapi/GetCoursesAction.java
1,src/main/java/teammates/common/datatransfer/NotificationTargetUser.java
4,src/test/java/teammates/ui/webapi/ActionFactoryTest.java
5,src/main/java/teammates/ui/servlets/OAuth2CallbackServlet.java
47,src/main/java/teammates/logic/core/FeedbackResponseCommentsLogic.java
131,src/main/java/teammates/storage/api/FeedbackResponsesDb.java
131,src/test/java/teammates/ui/webapi/GetAccountsActionTest.java
87,src/main/java/teammates/logic/core/FeedbackResponseCommentsLogic.java
16,src/e2e/java/teammates/e2e/pageobjects/InstructorSearchPage.java
1,src/main/java/teammates/ui/webapi/GetStudentAction.java
7,src/main/java/teammates/ui/webapi/GetDeadlineExtensionAction.java
17,src/e2e/java/teammates/e2e/pageobjects/InstructorSessionIndividualExtensionPage.java
77,src/main/java/teammates/logic/external/EmailSenderService.java
4,src/test/java/teammates/ui/webapi/JsonResultTest.java
29,src/test/java/teammates/ui/webapi/FeedbackSessionClosingRemindersActionTest.java
25,src/test/java/teammates/ui/webapi/AccountRequestSearchIndexingWorkerActionTest.java
97,src/main/java/teammates/ui/output/FeedbackSessionPublishStatus.java
81,src/main/java/teammates/ui/webapi/GetFeedbackQuestionRecipientsAction.java
118,src/main/java/teammates/storage/api/CoursesDb.java
155,src/main/java/teammates/common/util/Const.java
81,src/main/java/teammates/ui/webapi/StudentCourseJoinEmailWorkerAction.java
128,src/main/java/teammates/storage/api/AccountsDb.java
25,src/main/java/teammates/ui/webapi/UpdateInstructorPrivilegeAction.java
5,src/test/java/teammates/ui/webapi/FeedbackSessionUnpublishedEmailWorkerActionTest.java
1,src/main/java/teammates/common/datatransfer/logs/InstanceLogDetails.java
155,src/main/java/teammates/common/datatransfer/NotificationTargetUser.java
25,src/main/java/teammates/ui/webapi/UnauthorizedAccessException.java
29,src/main/java/teammates/ui/output/FeedbackQuestionsData.java
47,src/main/java/teammates/ui/output/FeedbackResponseCommentData.java
47,src/test/java/teammates/ui/webapi/CreateFeedbackQuestionActionTest.java
97,src/test/java/teammates/ui/webapi/GetCourseJoinStatusActionTest.java
97,src/main/java/teammates/ui/webapi/GetFeedbackQuestionRecipientsAction.java
97,src/test/java/teammates/ui/webapi/GetActionClassesActionTest.java
29,src/test/java/teammates/ui/webapi/SessionLinksRecoveryActionTest.java
47,src/main/java/teammates/logic/api/Logic.java
1,src/client/java/teammates/client/connector/DatastoreClient.java
29,src/main/java/teammates/ui/webapi/UpdateFeedbackQuestionAction.java
122,src/test/java/teammates/logic/api/UserProvisionTest.java
1,src/main/java/teammates/ui/servlets/WebApiServlet.java
186,src/e2e/java/teammates/e2e/util/EmailAccountTest.java
118,src/test/java/teammates/storage/api/AccountsDbTest.java
81,src/main/java/teammates/ui/request/FeedbackSessionRespondentRemindRequest.java
47,src/test/java/teammates/logic/api/MockTaskQueuer.java
25,src/main/java/teammates/ui/webapi/SearchInstructorsAction.java
5,src/test/java/teammates/ui/webapi/SessionLinksRecoveryActionTest.java
25,src/main/java/teammates/ui/request/FeedbackQuestionCreateRequest.java
174,src/main/java/teammates/common/datatransfer/questions/FeedbackContributionQuestionDetails.java
97,src/main/java/teammates/ui/webapi/BinCourseAction.java
97,src/main/java/teammates/ui/request/FeedbackResponseCommentCreateRequest.java
194,src/client/java/teammates/client/connector/DatastoreClient.java
47,src/main/java/teammates/ui/webapi/StudentCourseJoinEmailWorkerAction.java
29,src/main/java/teammates/ui/webapi/SearchInstructorsAction.java
97,src/main/java/teammates/logic/external/LocalTaskQueueService.java
186,src/e2e/java/teammates/e2e/cases/InstructorFeedbackReportPageE2ETest.java
155,src/main/java/teammates/common/exception/AuthException.java
87,src/main/java/teammates/logic/external/LogService.java
1,src/test/java/teammates/logic/core/UsageStatisticsLogicTest.java
4,src/main/java/teammates/ui/webapi/JoinCourseAction.java
68,src/main/java/teammates/logic/core/CoursesLogic.java
7,src/main/java/teammates/ui/webapi/CreateFeedbackQuestionAction.java
131,src/main/java/teammates/ui/webapi/package-info.java
7,src/test/java/teammates/ui/webapi/DeleteFeedbackQuestionActionTest.java
25,src/test/java/teammates/ui/webapi/FeedbackSessionPublishedEmailWorkerActionTest.java
177,src/main/java/teammates/storage/search/InstructorSearchManager.java
29,src/main/java/teammates/ui/webapi/BinCourseAction.java
1,src/main/java/teammates/ui/output/FeedbackSessionSubmissionStatus.java
7,src/test/java/teammates/ui/webapi/GetStudentsActionTest.java
97,src/main/java/teammates/ui/output/StudentsData.java
186,src/e2e/java/teammates/e2e/cases/axe/InstructorCourseEditPageAxeTest.java
4,src/test/java/teammates/ui/webapi/GetFeedbackResponseCommentActionTest.java
29,src/test/java/teammates/ui/webapi/GetFeedbackSessionActionTest.java
1,src/main/java/teammates/logic/core/DataBundleLogic.java
1,src/main/java/teammates/ui/webapi/MarkNotificationAsReadAction.java
175,src/main/java/teammates/common/datatransfer/TeamEvalResult.java
174,src/main/java/teammates/common/datatransfer/logs/ExceptionLogDetails.java
88,src/test/java/teammates/logic/core/package-info.java
131,src/main/java/teammates/ui/request/Intent.java
1,src/main/java/teammates/ui/webapi/GetSessionResultsAction.java
4,src/main/java/teammates/ui/webapi/ActionResult.java
81,src/test/java/teammates/ui/webapi/GetNotificationActionTest.java
7,src/test/java/teammates/ui/webapi/SubmitFeedbackResponsesActionTest.java
29,src/test/java/teammates/ui/webapi/GetSessionResultsActionTest.java
15,src/e2e/java/teammates/e2e/pageobjects/Browser.java
1,src/test/java/teammates/storage/api/AccountsDbTest.java
175,src/test/java/teammates/common/datatransfer/questions/FeedbackMsqQuestionDetailsTest.java
88,src/test/java/teammates/logic/api/UserProvisionTest.java
1,src/test/java/teammates/common/datatransfer/attributes/FeedbackResponseAttributesTest.java
81,src/main/java/teammates/ui/webapi/GetInstructorsAction.java
25,src/main/java/teammates/ui/webapi/GetFeedbackSessionLogsAction.java
88,src/test/java/teammates/logic/core/DataBundleLogicTest.java
7,src/main/java/teammates/ui/webapi/SendEmailWorkerAction.java
88,src/test/java/teammates/logic/core/FeedbackResponseCommentsLogicTest.java
10,src/test/java/teammates/test/package-info.java
1,src/client/java/teammates/client/util/BackDoor.java
29,src/test/java/teammates/ui/servlets/OriginCheckFilterTest.java
5,src/main/java/teammates/ui/webapi/GetUsageStatisticsAction.java
20,src/main/java/teammates/common/datatransfer/attributes/EntityAttributes.java
1,src/main/java/teammates/common/util/StringHelper.java
175,src/main/java/teammates/common/datatransfer/NotificationStyle.java
88,src/main/java/teammates/storage/entity/Course.java
77,src/main/java/teammates/logic/external/RecaptchaService.java
47,src/main/java/teammates/logic/external/EmptyAuthService.java
131,src/main/java/teammates/ui/webapi/GetFeedbackResponseCommentAction.java
7,src/main/java/teammates/ui/webapi/SearchStudentsAction.java
155,src/test/java/teammates/common/datatransfer/attributes/FeedbackResponseCommentAttributesTest.java
186,src/e2e/java/teammates/e2e/cases/InstructorCourseEditPageE2ETest.java
177,src/test/java/teammates/storage/api/package-info.java
4,src/main/java/teammates/ui/output/FeedbackSessionPublishStatus.java
131,src/main/java/teammates/ui/output/package-info.java
47,src/main/java/teammates/ui/webapi/UnpublishFeedbackSessionAction.java
155,src/main/java/teammates/common/exception/EntityAlreadyExistsException.java
97,src/main/java/teammates/ui/webapi/GetSessionResponseStatsAction.java
81,src/main/java/teammates/ui/webapi/SearchInstructorsAction.java
5,src/main/java/teammates/ui/webapi/SendLoginEmailAction.java
186,src/e2e/java/teammates/e2e/cases/axe/InstructorCourseEnrollPageAxeTest.java
175,src/main/java/teammates/common/exception/EntityAlreadyExistsException.java
7,src/main/java/teammates/ui/webapi/RemindFeedbackSessionSubmissionAction.java
15,src/e2e/java/teammates/e2e/cases/axe/AdminSessionsPageAxeTest.java
68,src/test/java/teammates/logic/api/MockRecaptchaVerifier.java
16,src/e2e/java/teammates/e2e/cases/axe/InstructorCourseStudentDetailsPageAxeTest.java
29,src/test/java/teammates/ui/webapi/EnrollStudentsActionTest.java
175,src/main/java/teammates/common/util/TimeHelper.java
88,src/test/java/teammates/logic/core/AccountRequestsLogicTest.java
88,src/test/java/teammates/storage/api/AccountsDbTest.java
17,src/e2e/java/teammates/e2e/cases/TimezoneSyncerTest.java
20,src/main/java/teammates/common/datatransfer/questions/FeedbackMsqQuestionDetails.java
101,src/test/java/teammates/storage/search/StudentSearchTest.java
1,src/main/java/teammates/ui/output/JoinState.java
25,src/main/java/teammates/ui/webapi/ResetAccountAction.java
18,src/client/java/teammates/client/connector/DatastoreClient.java
1,src/main/java/teammates/common/util/TzdbResourceZoneRulesProvider.java
174,src/main/java/teammates/common/exception/AuthException.java
175,src/main/java/teammates/common/datatransfer/questions/FeedbackConstantSumResponseDetails.java
131,src/test/java/teammates/ui/webapi/CalculateUsageStatisticsActionTest.java
7,src/main/java/teammates/ui/webapi/GetOngoingSessionsAction.java
29,src/main/java/teammates/ui/webapi/GetFeedbackSessionLogsAction.java
1,src/main/java/teammates/ui/webapi/AdminExceptionTestAction.java
1,src/test/java/teammates/ui/webapi/CreateFeedbackResponseCommentActionTest.java
128,src/main/java/teammates/storage/api/DatastoreEmulatorRunner.java
15,src/e2e/java/teammates/e2e/pageobjects/InstructorHomePage.java
25,src/test/java/teammates/ui/webapi/GetTimeZonesActionTest.java
131,src/test/java/teammates/ui/webapi/RegenerateStudentKeyActionTest.java
81,src/test/java/teammates/ui/webapi/SearchStudentsActionTest.java
1,src/main/java/teammates/logic/core/FeedbackSessionsLogic.java
17,src/e2e/java/teammates/e2e/pageobjects/AppPage.java
1,src/test/java/teammates/ui/webapi/SearchStudentsActionTest.java
97,src/main/java/teammates/ui/webapi/DeleteInstructorAction.java
47,src/test/java/teammates/ui/webapi/UnpublishFeedbackSessionActionTest.java
97,src/test/java/teammates/ui/request/package-info.java
1,src/main/java/teammates/common/util/SanitizationHelper.java
10,src/test/java/teammates/test/MockFilterChain.java
101,src/test/java/teammates/storage/api/DeadlineExtensionsDbTest.java
101,src/test/java/teammates/storage/api/CoursesDbTest.java
5,src/test/java/teammates/ui/webapi/PublishFeedbackSessionActionTest.java
131,src/test/java/teammates/storage/api/DeadlineExtensionsDbTest.java
1,src/main/java/teammates/ui/webapi/QueryLogsAction.java
174,src/main/java/teammates/common/datatransfer/AttributesDeletionQuery.java
101,src/main/java/teammates/storage/api/StudentsDb.java
1,src/main/java/teammates/ui/output/EmailData.java
97,src/main/java/teammates/ui/webapi/AccountRequestSearchIndexingWorkerAction.java
47,src/main/java/teammates/ui/request/FeedbackResponsesRequest.java
128,src/main/java/teammates/storage/search/InstructorSearchDocument.java
29,src/main/java/teammates/ui/webapi/GetInstructorsAction.java
77,src/main/java/teammates/logic/external/AuthService.java
97,src/main/java/teammates/logic/external/SendgridService.java
175,src/main/java/teammates/common/datatransfer/logs/LogSeverity.java
175,src/main/java/teammates/common/util/EmailWrapper.java
186,src/e2e/java/teammates/e2e/cases/axe/AdminAccountsPageAxeTest.java
1,src/main/java/teammates/storage/search/AccountRequestSearchDocument.java
131,src/test/java/teammates/ui/webapi/DeleteAccountActionTest.java
1,src/main/java/teammates/ui/webapi/FeedbackSessionPublishedEmailWorkerAction.java
131,src/test/java/teammates/ui/webapi/DeleteFeedbackResponseCommentActionTest.java
16,src/e2e/java/teammates/e2e/cases/axe/InstructorCourseEditPageAxeTest.java
17,src/e2e/java/teammates/e2e/pageobjects/AdminNotificationsPage.java
4,src/test/java/teammates/ui/webapi/CreateFeedbackResponseCommentActionTest.java
1,src/test/java/teammates/ui/webapi/SubmitFeedbackResponsesActionTest.java
29,src/main/java/teammates/ui/output/SessionLinksRecoveryResponseData.java
25,src/main/java/teammates/ui/output/JoinStatus.java
175,src/test/java/teammates/common/datatransfer/questions/FeedbackResponseDetailsTest.java
1,src/test/java/teammates/common/datatransfer/attributes/BaseAttributesTest.java
7,src/main/java/teammates/ui/webapi/GetAccountRequestAction.java
1,src/test/java/teammates/ui/webapi/CreateFeedbackSessionActionTest.java
4,src/test/java/teammates/ui/webapi/FeedbackSessionPublishedRemindersActionTest.java
7,src/main/java/teammates/ui/webapi/RestoreCourseAction.java
1,src/main/java/teammates/ui/webapi/GetRegkeyValidityAction.java
4,src/main/java/teammates/ui/webapi/FeedbackSessionPublishedRemindersAction.java
97,src/test/java/teammates/ui/webapi/InstructorSearchIndexingWorkerActionTest.java
1,src/e2e/java/teammates/e2e/pageobjects/InstructorCourseStudentDetailsViewPage.java
174,src/main/java/teammates/common/datatransfer/attributes/FeedbackSessionAttributes.java
1,src/client/java/teammates/client/scripts/SingleAccountGoogleIdMigrationScript.java
129,src/test/java/teammates/logic/api/LogicExtension.java
1,src/e2e/java/teammates/e2e/cases/FeedbackRubricQuestionE2ETest.java
29,src/main/java/teammates/ui/servlets/OriginCheckFilter.java
20,src/test/java/teammates/common/datatransfer/attributes/FeedbackResponseCommentAttributesTest.java
7,src/main/java/teammates/ui/webapi/DeleteNotificationAction.java
1,src/main/java/teammates/ui/webapi/SendJoinReminderEmailAction.java
47,src/main/java/teammates/ui/output/FeedbackQuestionRecipientData.java
5,src/test/java/teammates/ui/webapi/EnrollStudentsActionTest.java
47,src/main/java/teammates/ui/output/CourseData.java
81,src/main/java/teammates/ui/webapi/EnrollStudentsAction.java
29,src/test/java/teammates/ui/webapi/InstructorCourseJoinEmailWorkerActionTest.java
174,src/main/java/teammates/common/datatransfer/package-info.java
4,src/main/java/teammates/ui/webapi/CompileLogsAction.java
5,src/test/java/teammates/ui/webapi/CreateNotificationActionTest.java
47,src/main/java/teammates/ui/output/SessionVisibleSetting.java
25,src/main/java/teammates/ui/output/EmailData.java
175,src/test/java/teammates/common/datatransfer/questions/FeedbackConstantSumQuestionDetailsTest.java
47,src/test/java/teammates/ui/webapi/FeedbackSessionClosingRemindersActionTest.java
5,src/test/java/teammates/ui/webapi/AccountRequestSearchIndexingWorkerActionTest.java
97,src/test/java/teammates/ui/webapi/CalculateUsageStatisticsActionTest.java
1,src/main/java/teammates/ui/webapi/EnrollStudentsAction.java
1,src/e2e/java/teammates/e2e/cases/AdminHomePageE2ETest.java
7,src/main/java/teammates/ui/output/EmailData.java
77,src/test/java/teammates/logic/core/StudentsLogicTest.java
16,src/e2e/java/teammates/e2e/cases/AdminNotificationsPageE2ETest.java
1,src/e2e/java/teammates/e2e/util/package-info.java
176,src/test/java/teammates/logic/core/package-info.java
4,src/main/java/teammates/ui/webapi/GetAccountAction.java
1,src/main/java/teammates/common/datatransfer/AttributesDeletionQuery.java
5,src/main/java/teammates/ui/output/NotificationData.java
1,src/main/java/teammates/ui/webapi/SearchAccountRequestsAction.java
175,src/main/java/teammates/common/datatransfer/package-info.java
81,src/main/java/teammates/ui/output/FeedbackSessionData.java
131,src/main/java/teammates/ui/webapi/EnrollStudentsAction.java
81,src/main/java/teammates/ui/webapi/CreateFeedbackSessionAction.java
81,src/main/java/teammates/ui/webapi/UnpublishFeedbackSessionAction.java
20,src/main/java/teammates/common/datatransfer/questions/FeedbackContributionQuestionDetails.java
47,src/main/java/teammates/logic/core/package-info.java
1,src/main/java/teammates/common/datatransfer/logs/ExceptionLogDetails.java
17,src/e2e/java/teammates/e2e/cases/FeedbackTextQuestionE2ETest.java
185,src/e2e/java/teammates/e2e/util/TestProperties.java
101,src/main/java/teammates/storage/search/AccountRequestSearchDocument.java
47,src/main/java/teammates/ui/webapi/GetAuthInfoAction.java
29,src/main/java/teammates/ui/webapi/GetStudentAction.java
129,src/test/java/teammates/logic/api/EmailSenderTest.java
174,src/main/java/teammates/common/datatransfer/attributes/DeadlineExtensionAttributes.java
131,src/test/java/teammates/ui/webapi/GetNotificationsActionTest.java
97,src/main/java/teammates/ui/webapi/InstructorCourseJoinEmailWorkerAction.java
25,src/main/java/teammates/ui/output/DeadlineExtensionData.java
131,src/test/java/teammates/storage/search/AccountRequestSearchTest.java
7,src/main/java/teammates/ui/servlets/LogoutServlet.java
29,src/test/java/teammates/ui/webapi/GetAuthInfoActionTest.java
25,src/test/java/teammates/ui/webapi/CreateFeedbackSessionLogActionTest.java
7,src/main/java/teammates/ui/webapi/GetFeedbackSessionsAction.java
1,src/e2e/java/teammates/e2e/pageobjects/AdminNotificationsPage.java
7,src/main/java/teammates/ui/output/FeedbackSessionLogsData.java
68,src/main/java/teammates/logic/external/LocalLoggingService.java
29,src/main/java/teammates/ui/webapi/GetActionClassesAction.java
122,src/test/java/teammates/logic/core/AccountsLogicTest.java
25,src/test/java/teammates/ui/webapi/FeedbackSessionResendPublishedEmailWorkerActionTest.java
25,src/test/java/teammates/ui/servlets/WebPageServletTest.java
4,src/main/java/teammates/ui/webapi/AdminOnlyAction.java
185,src/e2e/java/teammates/e2e/cases/InstructorCourseStudentDetailsPageE2ETest.java
5,src/main/java/teammates/ui/webapi/CreateAccountAction.java
81,src/main/java/teammates/ui/webapi/SendEmailWorkerAction.java
174,src/main/java/teammates/common/datatransfer/questions/FeedbackNumericalScaleResponseDetails.java
18,src/client/java/teammates/client/scripts/statistics/CursorIterator.java
16,src/e2e/java/teammates/e2e/cases/axe/StudentHomePageAxeTest.java
177,src/test/java/teammates/storage/api/FeedbackResponsesDbTest.java
174,src/main/java/teammates/common/datatransfer/logs/package-info.java
5,src/main/java/teammates/ui/webapi/FeedbackSessionOpeningRemindersAction.java
97,src/main/java/teammates/ui/webapi/RegenerateStudentKeyAction.java
88,src/main/java/teammates/storage/search/AccountRequestSearchManager.java
5,src/test/java/teammates/ui/webapi/GetFeedbackQuestionRecipientsActionTest.java
194,src/client/java/teammates/client/scripts/DataMigrationForSanitizedInstructorName.java
1,src/e2e/java/teammates/e2e/cases/InstructorCourseJoinConfirmationPageE2ETest.java
47,src/main/java/teammates/ui/request/FeedbackSessionBasicRequest.java
18,src/client/java/teammates/client/scripts/TeamEvalResultCalculations.java
131,src/main/java/teammates/ui/webapi/GetInstructorsAction.java
5,src/test/java/teammates/ui/webapi/GetAccountRequestActionTest.java
47,src/test/java/teammates/ui/webapi/GetCoursesActionTest.java
18,src/client/java/teammates/client/util/BackDoor.java
5,src/main/java/teammates/ui/webapi/GetFeedbackSessionsAction.java
29,src/test/java/teammates/ui/webapi/GetAccountActionTest.java
20,src/main/java/teammates/common/datatransfer/attributes/FeedbackQuestionAttributes.java
122,src/main/java/teammates/logic/external/TaskQueueService.java
1,src/main/java/teammates/common/datatransfer/questions/FeedbackResponseDetails.java
175,src/test/java/teammates/common/datatransfer/attributes/FeedbackResponseCommentAttributesTest.java
81,src/main/java/teammates/ui/servlets/DevServerLoginServlet.java
131,src/test/java/teammates/ui/webapi/GetAuthInfoActionTest.java
129,src/test/java/teammates/logic/core/FeedbackResponsesLogicTest.java
97,src/main/java/teammates/logic/external/FirebaseAuthService.java
131,src/test/java/teammates/storage/api/FeedbackSessionsDbTest.java
177,src/main/java/teammates/storage/search/StudentSearchDocument.java
131,src/main/java/teammates/storage/api/StudentsDb.java
29,src/main/java/teammates/ui/constants/DefaultInstructorPermissions.java
175,src/main/java/teammates/common/datatransfer/questions/FeedbackRankOptionsQuestionDetails.java
29,src/main/java/teammates/ui/webapi/SendLoginEmailAction.java
15,src/e2e/java/teammates/e2e/cases/InstructorCourseStudentDetailsPageE2ETest.java
175,src/main/java/teammates/common/util/package-info.java
15,src/e2e/java/teammates/e2e/util/Retryable.java
1,src/test/java/teammates/storage/search/BaseSearchTest.java
15,src/e2e/java/teammates/e2e/pageobjects/InstructorFeedbackResultsPage.java
175,src/test/java/teammates/common/datatransfer/attributes/StudentAttributesTest.java
174,src/main/java/teammates/common/util/Url.java
4,src/test/java/teammates/ui/webapi/RemindFeedbackSessionResultActionTest.java
47,src/test/java/teammates/logic/core/AccountRequestsLogicTest.java
47,src/main/java/teammates/ui/webapi/PutDataBundleAction.java
1,src/test/java/teammates/logic/core/FeedbackResponsesLogicTest.java
1,src/main/java/teammates/common/datatransfer/InstructorPermissionSet.java
16,src/e2e/java/teammates/e2e/cases/FeedbackNumScaleQuestionE2ETest.java
5,src/test/java/teammates/ui/webapi/GetCoursesActionTest.java
7,src/test/java/teammates/ui/webapi/GetReadNotificationsActionTest.java
5,src/main/java/teammates/ui/webapi/CreateFeedbackSessionLogAction.java
131,src/test/java/teammates/ui/request/package-info.java
1,src/main/java/teammates/common/util/TaskWrapper.java
7,src/test/java/teammates/ui/webapi/ActionFactoryTest.java
97,src/main/java/teammates/ui/webapi/GetOngoingSessionsAction.java
131,src/test/java/teammates/ui/webapi/GetReadNotificationsActionTest.java
4,src/main/java/teammates/ui/webapi/SendEmailWorkerAction.java
155,src/test/java/teammates/common/datatransfer/SessionResultsBundleTest.java
20,src/test/java/teammates/common/util/StringHelperExtension.java
7,src/main/java/teammates/ui/servlets/HealthCheckServlet.java
77,src/test/java/teammates/logic/api/MockEmailSender.java
81,src/test/java/teammates/ui/webapi/StudentCourseJoinEmailWorkerActionTest.java
131,src/main/java/teammates/ui/webapi/FeedbackSessionPublishedEmailWorkerAction.java
25,src/main/java/teammates/ui/output/OngoingSessionsData.java
1,src/e2e/java/teammates/e2e/cases/AdminSessionsPageE2ETest.java
4,src/main/java/teammates/ui/output/FeedbackResponseCommentData.java
81,src/main/java/teammates/ui/webapi/GetSessionResultsAction.java
29,src/main/java/teammates/ui/constants/ApiConst.java
4,src/main/java/teammates/ui/webapi/GetCourseAction.java
1,src/main/java/teammates/common/util/AppUrl.java
25,src/test/java/teammates/ui/webapi/DeleteFeedbackQuestionActionTest.java
4,src/main/java/teammates/ui/webapi/DeleteFeedbackSessionAction.java
155,src/main/java/teammates/common/datatransfer/NotificationStyle.java
16,src/e2e/java/teammates/e2e/cases/FeedbackMcqQuestionE2ETest.java
29,src/main/java/teammates/ui/request/CourseArchiveRequest.java
101,src/main/java/teammates/storage/entity/Notification.java
77,src/test/java/teammates/logic/core/FeedbackResponseCommentsLogicTest.java
129,src/main/java/teammates/logic/api/EmailGenerator.java
81,src/main/java/teammates/ui/webapi/SearchStudentsAction.java
5,src/main/java/teammates/ui/request/AccountCreateRequest.java
47,src/main/java/teammates/logic/core/LogicStarter.java
47,src/main/java/teammates/ui/output/RegenerateKeyData.java
1,src/main/java/teammates/common/datatransfer/logs/DefaultLogDetails.java
15,src/e2e/java/teammates/e2e/util/TestProperties.java
155,src/main/java/teammates/common/datatransfer/logs/SourceLocation.java
81,src/main/java/teammates/ui/webapi/SendLoginEmailAction.java
7,src/main/java/teammates/ui/webapi/DeleteInstructorAction.java
4,src/test/java/teammates/ui/webapi/GetAccountActionTest.java
129,src/main/java/teammates/logic/external/FirebaseAuthService.java
97,src/main/java/teammates/ui/request/FeedbackResponseCommentBasicRequest.java
97,src/main/java/teammates/logic/external/LogService.java
1,src/test/java/teammates/ui/servlets/package-info.java
25,src/test/java/teammates/ui/webapi/GetHasResponsesActionTest.java
47,src/main/java/teammates/logic/external/LogService.java
7,src/main/java/teammates/ui/request/NotificationUpdateRequest.java
131,src/main/java/teammates/ui/constants/QuestionTypeStructures.java
185,src/e2e/java/teammates/e2e/pageobjects/ErrorReportingModal.java
7,src/main/java/teammates/ui/webapi/GetCourseJoinStatusAction.java
5,src/main/java/teammates/ui/webapi/SearchStudentsAction.java
25,src/main/java/teammates/ui/webapi/BasicCommentSubmissionAction.java
1,src/main/java/teammates/ui/request/BasicRequest.java
1,src/main/java/teammates/ui/webapi/GateKeeper.java
131,src/main/java/teammates/ui/webapi/GetAccountsAction.java
5,src/main/java/teammates/ui/webapi/RegenerateStudentKeyAction.java
128,src/main/java/teammates/storage/entity/package-info.java
174,src/main/java/teammates/common/datatransfer/logs/GeneralLogEntry.java
81,src/test/java/teammates/ui/webapi/DeleteAccountActionTest.java
88,src/test/java/teammates/logic/api/MockTaskQueuer.java
1,src/main/java/teammates/logic/api/AuthProxy.java
175,src/main/java/teammates/common/datatransfer/FeedbackSessionLogEntry.java
47,src/main/java/teammates/logic/external/MailjetService.java
174,src/main/java/teammates/common/exception/InvalidParametersException.java
5,src/main/java/teammates/ui/output/GeneralLogsData.java
1,src/e2e/java/teammates/e2e/cases/BaseE2ETestCase.java
7,src/main/java/teammates/ui/webapi/SubmitFeedbackResponsesAction.java
1,src/main/java/teammates/logic/core/InstructorsLogic.java
7,src/test/java/teammates/ui/webapi/GetInstructorsActionTest.java
1,src/main/java/teammates/logic/external/LocalTaskQueueService.java
131,src/test/java/teammates/ui/webapi/SendErrorReportActionTest.java
7,src/main/java/teammates/ui/webapi/InstructorCourseJoinEmailWorkerAction.java
4,src/main/java/teammates/ui/request/BasicRequest.java
1,src/main/java/teammates/logic/core/AccountsLogic.java
29,src/main/java/teammates/ui/request/FeedbackResponseCommentUpdateRequest.java
186,src/e2e/java/teammates/e2e/cases/InstructorStudentRecordsPageE2ETest.java
176,src/main/java/teammates/logic/api/package-info.java
174,src/main/java/teammates/common/datatransfer/questions/FeedbackQuestionDetails.java
1,src/main/java/teammates/common/exception/HttpRequestFailedException.java
5,src/main/java/teammates/ui/webapi/CreateNotificationAction.java
16,src/e2e/java/teammates/e2e/pageobjects/Browser.java
7,src/test/java/teammates/ui/webapi/DeleteFeedbackSessionActionTest.java
5,src/test/java/teammates/ui/webapi/RemindFeedbackSessionResultActionTest.java
7,src/main/java/teammates/ui/output/InstructorData.java
175,src/main/java/teammates/common/datatransfer/questions/FeedbackMsqQuestionDetails.java
97,src/test/java/teammates/ui/webapi/FeedbackSessionOpeningRemindersActionTest.java
29,src/main/java/teammates/ui/output/CourseArchiveData.java
4,src/main/java/teammates/ui/webapi/CreateCourseAction.java
1,src/e2e/java/teammates/e2e/cases/InstructorStudentListPageE2ETest.java
47,src/main/java/teammates/logic/external/package-info.java
5,src/main/java/teammates/ui/output/RegkeyValidityData.java
175,src/main/java/teammates/common/datatransfer/attributes/FeedbackQuestionAttributes.java
25,src/main/java/teammates/ui/request/StudentUpdateRequest.java
17,src/e2e/java/teammates/e2e/cases/axe/InstructorSessionIndividualExtensionPageAxeTest.java
155,src/main/java/teammates/common/datatransfer/questions/FeedbackRubricResponseDetails.java
29,src/main/java/teammates/ui/webapi/Action.java
7,src/test/java/teammates/ui/webapi/GetFeedbackQuestionRecipientsActionTest.java
47,src/main/java/teammates/ui/webapi/DatastoreBackupAction.java
17,src/e2e/java/teammates/e2e/util/GmailServiceMaker.java
47,src/main/java/teammates/ui/output/MessageOutput.java
131,src/main/java/teammates/storage/api/FeedbackResponseCommentsDb.java
131,src/test/java/teammates/ui/request/StudentsEnrollRequestTest.java
155,src/main/java/teammates/common/util/Templates.java
118,src/main/java/teammates/storage/entity/FeedbackSession.java
1,src/test/java/teammates/storage/api/package-info.java
47,src/main/java/teammates/ui/webapi/PublishFeedbackSessionAction.java
7,src/main/java/teammates/ui/output/FeedbackResponseData.java
4,src/main/java/teammates/ui/request/StudentsEnrollRequest.java
68,src/main/java/teammates/logic/core/LogicStarter.java
17,src/e2e/java/teammates/e2e/cases/axe/InstructorFeedbackReportPageAxeTest.java
81,src/test/java/teammates/ui/webapi/DeleteNotificationActionTest.java
25,src/main/java/teammates/ui/output/FeedbackQuestionRecipientsData.java
81,src/test/java/teammates/ui/webapi/CreateInstructorActionTest.java
7,src/main/java/teammates/ui/webapi/BasicFeedbackSubmissionAction.java
174,src/test/java/teammates/common/datatransfer/attributes/package-info.java
97,src/main/java/teammates/ui/output/InstructorPrivilegeData.java
25,src/main/java/teammates/ui/webapi/RestoreFeedbackSessionAction.java
194,src/client/java/teammates/client/scripts/DataMigrationForFeedbackSessionMismatchedTimezone.java
4,src/test/java/teammates/ui/webapi/RemindFeedbackSessionSubmissionActionTest.java
155,src/main/java/teammates/common/util/StringHelper.java
77,src/main/java/teammates/logic/api/UserProvision.java
7,src/main/java/teammates/ui/webapi/MarkNotificationAsReadAction.java
29,src/test/java/teammates/ui/webapi/DeleteNotificationActionTest.java
7,src/main/java/teammates/ui/output/DeadlineExtensionData.java
1,src/client/java/teammates/client/scripts/DataMigrationForSanitizedInstructorName.java
1,src/e2e/java/teammates/e2e/pageobjects/InstructorFeedbackResultsPage.java
186,src/e2e/java/teammates/e2e/cases/axe/InstructorNotificationsPageAxeTest.java
1,src/main/java/teammates/ui/constants/QuestionTypeStructures.java
29,src/main/java/teammates/ui/webapi/GetCoursesAction.java
18,src/client/java/teammates/client/scripts/DataBundleRegenerator.java
81,src/test/java/teammates/ui/webapi/DeleteFeedbackResponseCommentActionTest.java
17,src/e2e/java/teammates/e2e/cases/axe/AdminAccountsPageAxeTest.java
1,src/main/java/teammates/ui/output/FeedbackSessionPublishStatus.java
5,src/main/java/teammates/ui/webapi/GetFeedbackQuestionRecipientsAction.java
118,src/test/java/teammates/storage/search/InstructorSearchTest.java
1,src/test/java/teammates/logic/api/MockUserProvision.java
1,src/main/java/teammates/common/exception/package-info.java
177,src/main/java/teammates/storage/search/AccountRequestSearchManager.java
16,src/e2e/java/teammates/e2e/cases/axe/InstructorStudentListPageAxeTest.java
97,src/test/java/teammates/ui/webapi/GetFeedbackSessionSubmittedGiverSetActionTest.java
47,src/test/java/teammates/ui/webapi/FeedbackSessionRemindParticularUsersEmailWorkerActionTest.java
186,src/e2e/java/teammates/e2e/cases/axe/InstructorCourseJoinConfirmationPageAxeTest.java
47,src/main/java/teammates/ui/output/NotificationData.java
81,src/main/java/teammates/ui/output/SessionResultsData.java
5,src/main/java/teammates/ui/output/OngoingSessionsData.java
131,src/main/java/teammates/ui/output/InstructorsData.java
29,src/main/java/teammates/ui/servlets/WebSecurityHeaderFilter.java
1,src/main/java/teammates/common/datatransfer/logs/LogEvent.java
47,src/test/java/teammates/ui/webapi/DeleteStudentsActionTest.java
185,src/e2e/java/teammates/e2e/cases/FeedbackSubmitPageE2ETest.java
131,src/main/java/teammates/ui/output/OngoingSessionsData.java
15,src/e2e/java/teammates/e2e/cases/InstructorFeedbackSessionsPageE2ETest.java
87,src/main/java/teammates/logic/external/EmailSenderService.java
1,src/main/java/teammates/storage/api/NotificationsDb.java
25,src/main/java/teammates/ui/output/StudentData.java
47,src/main/java/teammates/ui/output/CommentVisibilityType.java
47,src/test/java/teammates/ui/webapi/GetDeadlineExtensionActionTest.java
25,src/main/java/teammates/ui/webapi/JsonResult.java
81,src/main/java/teammates/ui/webapi/ResetAccountRequestAction.java
155,src/main/java/teammates/common/datatransfer/logs/package-info.java
29,src/main/java/teammates/ui/webapi/JsonResult.java
1,src/main/java/teammates/ui/webapi/GetInstructorAction.java
15,src/e2e/java/teammates/e2e/pageobjects/InstructorSearchPage.java
5,src/test/java/teammates/ui/webapi/UpdateInstructorPrivilegeActionTest.java
7,src/main/java/teammates/ui/webapi/AuthType.java
4,src/test/java/teammates/ui/webapi/PublishFeedbackSessionActionTest.java
97,src/main/java/teammates/ui/webapi/UpdateFeedbackSessionAction.java
25,src/test/java/teammates/ui/webapi/BinCourseActionTest.java
47,src/main/java/teammates/logic/core/DeadlineExtensionsLogic.java
25,src/main/java/teammates/ui/output/CourseArchiveData.java
1,src/test/java/teammates/logic/api/MockTaskQueuer.java
47,src/test/java/teammates/ui/webapi/BinFeedbackSessionActionTest.java
29,src/test/java/teammates/ui/webapi/DeleteFeedbackQuestionActionTest.java
131,src/main/java/teammates/ui/webapi/StudentSearchIndexingWorkerAction.java
174,src/main/java/teammates/common/datatransfer/questions/FeedbackMsqQuestionDetails.java
194,src/client/java/teammates/client/scripts/GoogleIdMigrationBaseScript.java
97,src/test/java/teammates/ui/webapi/FeedbackSessionUnpublishedEmailWorkerActionTest.java
4,src/main/java/teammates/ui/webapi/AccountRequestSearchIndexingWorkerAction.java
185,src/e2e/java/teammates/e2e/cases/axe/InstructorHomePageAxeTest.java
88,src/main/java/teammates/storage/search/SearchManager.java
1,src/test/java/teammates/storage/api/FeedbackSessionsDbTest.java
131,src/main/java/teammates/storage/api/package-info.java
81,src/main/java/teammates/ui/output/AccountRequestsData.java
47,src/main/java/teammates/ui/webapi/QueryLogsAction.java
4,src/main/java/teammates/ui/webapi/FeedbackSessionClosedRemindersAction.java
97,src/test/java/teammates/ui/webapi/DeleteStudentsActionTest.java
25,src/test/java/teammates/ui/webapi/SendJoinReminderEmailActionTest.java
129,src/main/java/teammates/logic/api/package-info.java
1,src/client/java/teammates/client/scripts/DataMigrationForInstructorFeedbackResponseComments.java
122,src/main/java/teammates/logic/external/MailgunService.java
174,src/test/java/teammates/common/datatransfer/AttributesDeletionQueryTest.java
131,src/main/java/teammates/ui/output/SessionLinksRecoveryResponseData.java
185,src/e2e/java/teammates/e2e/cases/StudentCourseJoinConfirmationPageE2ETest.java
194,src/client/java/teammates/client/connector/package-info.java
77,src/main/java/teammates/logic/core/AccountRequestsLogic.java
5,src/main/java/teammates/ui/webapi/DeleteDataBundleAction.java
87,src/test/java/teammates/logic/external/GoogleRecaptchaServiceTest.java
1,src/e2e/java/teammates/e2e/util/TestNgXmlTest.java
4,src/main/java/teammates/ui/webapi/GetCourseSectionNamesAction.java
29,src/main/java/teammates/ui/servlets/WebPageServlet.java
1,src/test/java/teammates/ui/webapi/CreateFeedbackQuestionActionTest.java
1,src/main/java/teammates/ui/servlets/package-info.java
47,src/main/java/teammates/ui/webapi/GetAccountsAction.java
47,src/main/java/teammates/ui/output/FeedbackSessionPublishStatus.java
5,src/main/java/teammates/ui/output/FeedbackQuestionData.java
185,src/e2e/java/teammates/e2e/pageobjects/InstructorCourseEnrollPage.java
97,src/main/java/teammates/logic/external/EmptyRecaptchaService.java
29,src/main/java/teammates/ui/request/FeedbackSessionBasicRequest.java
4,src/test/java/teammates/ui/webapi/DeleteCourseActionTest.java
20,src/test/java/teammates/common/util/UrlTest.java
1,src/test/java/teammates/ui/webapi/GetFeedbackSessionsActionTest.java
1,src/test/java/teammates/storage/api/EntitiesDbTest.java
5,src/main/java/teammates/ui/webapi/GetInstructorAction.java
97,src/test/java/teammates/ui/webapi/MarkNotificationAsReadActionTest.java
20,src/main/java/teammates/common/datatransfer/FeedbackParticipantType.java
16,src/e2e/java/teammates/e2e/util/TestDataValidityTest.java
97,src/main/java/teammates/ui/request/FeedbackSessionRespondentRemindRequest.java
5,src/main/java/teammates/ui/webapi/RemindFeedbackSessionSubmissionAction.java
88,src/main/java/teammates/logic/api/AuthProxy.java
7,src/main/java/teammates/ui/webapi/GetNotificationsAction.java
186,src/e2e/java/teammates/e2e/cases/SystemErrorEmailReportE2ETest.java
29,src/test/java/teammates/ui/webapi/GetInstructorActionTest.java
131,src/main/java/teammates/storage/search/SearchDocument.java
77,src/main/java/teammates/logic/api/AuthProxy.java
1,src/main/java/teammates/common/datatransfer/questions/FeedbackQuestionType.java
4,src/main/java/teammates/ui/output/JoinLinkData.java
4,src/main/java/teammates/ui/output/FeedbackSessionLogEntryData.java
15,src/e2e/java/teammates/e2e/util/TestPropertiesTest.java
81,src/test/java/teammates/ui/webapi/SendJoinReminderEmailActionTest.java
194,src/client/java/teammates/client/scripts/MockCourseWithLargeResponseScript.java
97,src/test/java/teammates/logic/external/GoogleRecaptchaServiceTest.java
129,src/main/java/teammates/logic/core/UsageStatisticsLogic.java
1,src/main/java/teammates/ui/output/FeedbackSessionLogEntryData.java
4,src/main/java/teammates/ui/webapi/BinCourseAction.java
131,src/test/java/teammates/ui/webapi/UpdateCourseActionTest.java
131,src/main/java/teammates/storage/search/package-info.java
18,src/client/java/teammates/client/scripts/DataMigrationEntitiesBaseScript.java
88,src/test/java/teammates/logic/api/EmailSenderTest.java
1,src/test/java/teammates/ui/webapi/UpdateFeedbackQuestionActionTest.java
131,src/main/java/teammates/ui/webapi/BasicCommentSubmissionAction.java
29,src/main/java/teammates/ui/webapi/GetDeadlineExtensionAction.java
155,src/test/java/teammates/common/datatransfer/questions/FeedbackTextResponseDetailsTest.java
185,src/e2e/java/teammates/e2e/cases/AdminHomePageE2ETest.java
16,src/e2e/java/teammates/e2e/cases/axe/InstructorCourseJoinConfirmationPageAxeTest.java
4,src/test/java/teammates/ui/webapi/GetNotificationActionTest.java
7,src/main/java/teammates/ui/output/CommentVisibilityType.java
5,src/main/java/teammates/ui/output/FeedbackSessionLogsData.java
20,src/main/java/teammates/common/datatransfer/questions/FeedbackQuestionType.java
81,src/main/java/teammates/ui/webapi/FeedbackSessionClosingRemindersAction.java
81,src/test/java/teammates/ui/webapi/GetAuthInfoActionTest.java
81,src/main/java/teammates/ui/output/AccountRequestData.java
47,src/test/java/teammates/ui/webapi/FeedbackSessionOpeningRemindersActionTest.java
186,src/e2e/java/teammates/e2e/cases/InstructorStudentActivityLogsPageE2ETest.java
97,src/test/java/teammates/ui/servlets/LegacyUrlMapperTest.java
1,src/main/java/teammates/common/datatransfer/attributes/InstructorAttributes.java
20,src/main/java/teammates/common/util/AppUrl.java
4,src/test/java/teammates/ui/webapi/GetFeedbackQuestionsActionTest.java
4,src/test/java/teammates/ui/webapi/CreateInstructorActionTest.java
68,src/test/java/teammates/logic/core/FeedbackSessionsLogicTest.java
7,src/main/java/teammates/ui/output/FeedbackSessionsData.java
20,src/main/java/teammates/common/exception/SearchServiceException.java
87,src/main/java/teammates/logic/core/package-info.java
101,src/main/java/teammates/storage/entity/UsageStatistics.java
81,src/main/java/teammates/ui/webapi/CreateAccountAction.java
15,src/e2e/java/teammates/e2e/cases/FeedbackTextQuestionE2ETest.java
29,src/main/java/teammates/ui/output/CourseSectionNamesData.java
155,src/main/java/teammates/common/datatransfer/DataBundle.java
155,src/main/java/teammates/common/exception/HttpRequestFailedException.java
155,src/main/java/teammates/common/datatransfer/attributes/StudentAttributes.java
7,src/test/java/teammates/ui/webapi/GetFeedbackSessionLogsActionTest.java
175,src/main/java/teammates/common/datatransfer/logs/EmailSentLogDetails.java
81,src/main/java/teammates/ui/output/RegenerateKeyData.java
176,src/main/java/teammates/logic/core/FeedbackQuestionsLogic.java
186,src/e2e/java/teammates/e2e/cases/axe/AdminHomePageAxeTest.java
174,src/main/java/teammates/common/datatransfer/attributes/AccountRequestAttributes.java
1,src/test/java/teammates/common/datatransfer/questions/FeedbackRankQuestionDetailsTest.java
1,src/main/java/teammates/common/datatransfer/logs/LogSeverity.java
155,src/test/java/teammates/common/datatransfer/InstructorPrivilegesTest.java
77,src/test/java/teammates/logic/core/package-info.java
16,src/e2e/java/teammates/e2e/cases/FeedbackResultsPageE2ETest.java
5,src/main/java/teammates/ui/webapi/Action.java
155,src/main/java/teammates/common/util/TaskWrapper.java
1,src/main/java/teammates/storage/entity/Account.java
174,src/main/java/teammates/common/datatransfer/DataBundle.java
97,src/main/java/teammates/ui/request/FeedbackQuestionUpdateRequest.java
47,src/main/java/teammates/ui/webapi/EnrollStudentsAction.java
5,src/main/java/teammates/ui/webapi/InstructorSearchIndexingWorkerAction.java
5,src/main/java/teammates/ui/webapi/DeleteNotificationAction.java
16,src/e2e/java/teammates/e2e/util/RetryManager.java
174,src/main/java/teammates/common/datatransfer/questions/FeedbackMcqQuestionDetails.java
185,src/e2e/java/teammates/e2e/pageobjects/InstructorCourseDetailsPage.java
15,src/e2e/java/teammates/e2e/pageobjects/FeedbackSubmitPage.java
155,src/main/java/teammates/common/datatransfer/FeedbackResultFetchType.java
1,src/e2e/java/teammates/e2e/pageobjects/InstructorStudentRecordsPage.java
25,src/main/java/teammates/ui/output/FeedbackSessionStatsData.java
122,src/main/java/teammates/logic/core/DataBundleLogic.java
155,src/test/java/teammates/common/datatransfer/questions/FeedbackTextQuestionDetailsTest.java
81,src/main/java/teammates/ui/webapi/GetAuthInfoAction.java
29,src/main/java/teammates/ui/request/NotificationUpdateRequest.java
4,src/test/java/teammates/ui/webapi/FeedbackSessionOpeningSoonRemindersActionTest.java
5,src/main/java/teammates/ui/request/FeedbackSessionRespondentRemindRequest.java
4,src/main/java/teammates/ui/webapi/GetStudentAction.java
131,src/test/java/teammates/ui/webapi/GetCourseJoinStatusActionTest.java
47,src/test/java/teammates/ui/webapi/UpdateInstructorPrivilegeActionTest.java
1,src/e2e/java/teammates/e2e/cases/axe/InstructorCourseStudentDetailsPageAxeTest.java
20,src/main/java/teammates/common/util/StringHelper.java
47,src/test/java/teammates/ui/webapi/UpdateFeedbackSessionActionTest.java
25,src/test/java/teammates/ui/webapi/GetSessionResponseStatsActionTest.java
97,src/main/java/teammates/ui/webapi/DeleteFeedbackResponseCommentAction.java
1,src/main/java/teammates/ui/output/TimeZonesData.java
97,src/test/java/teammates/ui/webapi/SendJoinReminderEmailActionTest.java
7,src/main/java/teammates/ui/request/FeedbackSessionRemindRequest.java
131,src/main/java/teammates/ui/webapi/SendLoginEmailAction.java
1,src/main/java/teammates/ui/webapi/UpdateFeedbackSessionAction.java
88,src/test/java/teammates/logic/external/package-info.java
81,src/main/java/teammates/ui/output/JoinLinkData.java
29,src/main/java/teammates/ui/webapi/DeleteFeedbackQuestionAction.java
5,src/main/java/teammates/ui/servlets/WebSecurityHeaderFilter.java
122,src/test/java/teammates/logic/core/FeedbackResponseCommentsLogicTest.java
87,src/test/java/teammates/logic/api/EmailSenderTest.java
81,src/main/java/teammates/ui/servlets/LoginServlet.java
81,src/test/java/teammates/ui/webapi/DeleteInstructorActionTest.java
47,src/main/java/teammates/ui/webapi/FeedbackSessionResendPublishedEmailWorkerAction.java
4,src/main/java/teammates/ui/output/CourseSectionNamesData.java
131,src/main/java/teammates/ui/webapi/UpdateFeedbackResponseCommentAction.java
131,src/test/java/teammates/ui/webapi/EnrollStudentsActionTest.java
4,src/main/java/teammates/ui/output/NotificationData.java
81,src/main/java/teammates/ui/webapi/DeleteStudentsAction.java
1,src/main/java/teammates/ui/request/ErrorReportRequest.java
185,src/e2e/java/teammates/e2e/cases/AutomatedSessionRemindersE2ETest.java
81,src/test/java/teammates/ui/webapi/CreateFeedbackSessionLogActionTest.java
185,src/e2e/java/teammates/e2e/cases/InstructorSearchPageE2ETest.java
68,src/test/java/teammates/logic/api/UserProvisionTest.java
185,src/e2e/java/teammates/e2e/cases/axe/StudentCourseJoinConfirmationPageAxeTest.java
4,src/main/java/teammates/ui/webapi/SearchAccountRequestsAction.java
5,src/main/java/teammates/ui/output/SendLoginEmailResponseData.java
194,src/client/java/teammates/client/scripts/DataMigrationForConstSumForceUnevenDistribution.java
5,src/test/java/teammates/ui/webapi/UpdateFeedbackSessionActionTest.java
131,src/test/java/teammates/storage/search/package-info.java
129,src/main/java/teammates/logic/external/GoogleCloudLoggingService.java
87,src/test/java/teammates/logic/api/MockTaskQueuer.java
47,src/main/java/teammates/ui/webapi/GetInstructorsAction.java
88,src/test/java/teammates/logic/core/FeedbackQuestionsLogicTest.java
29,src/main/java/teammates/ui/webapi/FeedbackSessionClosingRemindersAction.java
131,src/main/java/teammates/ui/output/FeedbackQuestionRecipientsData.java
129,src/main/java/teammates/logic/api/AuthProxy.java
47,src/main/java/teammates/ui/output/SendLoginEmailResponseData.java
97,src/main/java/teammates/ui/output/AccountRequestsData.java
176,src/test/java/teammates/logic/api/LogicExtension.java
128,src/main/java/teammates/storage/api/UsageStatisticsDb.java
7,src/main/java/teammates/ui/output/GeneralLogsData.java
175,src/main/java/teammates/common/datatransfer/questions/FeedbackMsqResponseDetails.java
122,src/test/java/teammates/logic/core/InstructorsLogicTest.java
174,src/main/java/teammates/common/util/FieldValidator.java
131,src/test/java/teammates/ui/webapi/GetFeedbackResponseCommentActionTest.java
20,src/main/java/teammates/common/datatransfer/package-info.java
186,src/e2e/java/teammates/e2e/cases/InstructorCourseDetailsPageE2ETest.java
88,src/main/java/teammates/storage/api/DatastoreEmulatorRunner.java
97,src/test/java/teammates/ui/webapi/GetFeedbackSessionActionTest.java
174,src/test/java/teammates/common/datatransfer/questions/FeedbackMcqQuestionDetailsTest.java
4,src/main/java/teammates/ui/webapi/AdminExceptionTestAction.java
87,src/main/java/teammates/logic/api/UserProvision.java
81,src/main/java/teammates/ui/webapi/FeedbackSessionClosedRemindersAction.java
1,src/main/java/teammates/ui/webapi/EntityNotFoundException.java
47,src/test/java/teammates/ui/webapi/CreateAccountActionTest.java
29,src/test/java/teammates/ui/webapi/package-info.java
16,src/e2e/java/teammates/e2e/pageobjects/InstructorHomePage.java
17,src/e2e/java/teammates/e2e/cases/FeedbackMsqQuestionE2ETest.java
81,src/main/java/teammates/ui/output/NotificationData.java
174,src/test/java/teammates/common/datatransfer/attributes/InstructorAttributesTest.java
15,src/e2e/java/teammates/e2e/util/EmailAccountTest.java
4,src/main/java/teammates/ui/webapi/PutDataBundleDocumentsAction.java
122,src/main/java/teammates/logic/api/RecaptchaVerifier.java
1,src/main/java/teammates/common/exception/InstructorUpdateException.java
7,src/main/java/teammates/ui/webapi/UnpublishFeedbackSessionAction.java
4,src/test/java/teammates/ui/webapi/StudentCourseJoinEmailWorkerActionTest.java
174,src/test/java/teammates/common/datatransfer/questions/FeedbackRankQuestionDetailsTest.java
1,src/test/java/teammates/ui/webapi/DeleteAccountActionTest.java
97,src/main/java/teammates/ui/output/package-info.java
25,src/test/java/teammates/ui/webapi/GetAccountActionTest.java
15,src/e2e/java/teammates/e2e/cases/axe/StudentCourseDetailsPageAxeTest.java
1,src/test/java/teammates/logic/core/DataBundleLogicTest.java
185,src/e2e/java/teammates/e2e/cases/InstructorCourseEnrollPageE2ETest.java
29,src/main/java/teammates/ui/webapi/GetRegkeyValidityAction.java
15,src/e2e/java/teammates/e2e/util/package-info.java
17,src/e2e/java/teammates/e2e/cases/AutomatedSessionRemindersE2ETest.java
47,src/test/java/teammates/logic/core/StudentsLogicTest.java
1,src/main/java/teammates/ui/output/InstructorPermissionRole.java
25,src/main/java/teammates/ui/servlets/LoginServlet.java
1,src/main/java/teammates/common/datatransfer/questions/FeedbackRankRecipientsQuestionDetails.java
175,src/main/java/teammates/common/datatransfer/attributes/InstructorAttributes.java
88,src/main/java/teammates/logic/external/GoogleRecaptchaService.java
97,src/main/java/teammates/logic/external/MailgunService.java
97,src/main/java/teammates/ui/webapi/GetFeedbackResponseCommentAction.java
47,src/test/java/teammates/ui/webapi/GetHasResponsesActionTest.java
131,src/main/java/teammates/ui/webapi/DeleteFeedbackSessionAction.java
25,src/main/java/teammates/ui/webapi/GetFeedbackSessionsAction.java
155,src/main/java/teammates/common/datatransfer/questions/FeedbackTextResponseDetails.java
47,src/main/java/teammates/ui/webapi/StudentSearchIndexingWorkerAction.java
175,src/main/java/teammates/common/datatransfer/questions/FeedbackRankRecipientsQuestionDetails.java
131,src/main/java/teammates/ui/request/StudentsEnrollRequest.java
81,src/test/java/teammates/ui/webapi/GetAccountActionTest.java
7,src/main/java/teammates/ui/webapi/JoinCourseAction.java
25,src/main/java/teammates/ui/webapi/PutDataBundleDocumentsAction.java
25,src/test/java/teammates/ui/webapi/SubmitFeedbackResponsesActionTest.java
7,src/main/java/teammates/ui/webapi/ResetAccountRequestAction.java
15,src/e2e/java/teammates/e2e/cases/InstructorSessionIndividualExtensionPageE2ETest.java
1,src/test/java/teammates/ui/webapi/UpdateNotificationActionTest.java
15,src/e2e/java/teammates/e2e/cases/axe/InstructorFeedbackEditPageAxeTest.java
4,src/test/java/teammates/ui/webapi/GetHasResponsesActionTest.java
1,src/test/java/teammates/common/datatransfer/questions/package-info.java
1,src/test/java/teammates/test/TestPropertiesTest.java
17,src/e2e/java/teammates/e2e/cases/NotificationBannerE2ETest.java
128,src/main/java/teammates/storage/api/EntitiesDb.java
131,src/main/java/teammates/ui/webapi/UpdateStudentAction.java
131,src/main/java/teammates/ui/servlets/OriginCheckFilter.java
47,src/main/java/teammates/ui/webapi/ResetAccountRequestAction.java
97,src/test/java/teammates/logic/core/AccountRequestsLogicTest.java
5,src/test/java/teammates/ui/webapi/SendLoginEmailActionTest.java
7,src/main/java/teammates/ui/request/FeedbackResponseCommentUpdateRequest.java
88,src/main/java/teammates/logic/api/Logic.java
155,src/main/java/teammates/common/datatransfer/FeedbackParticipantType.java
25,src/test/java/teammates/ui/webapi/GetFeedbackSessionSubmittedGiverSetActionTest.java
4,src/main/java/teammates/ui/request/FeedbackSessionUpdateRequest.java
97,src/test/java/teammates/ui/webapi/FeedbackSessionRemindParticularUsersEmailWorkerActionTest.java
5,src/main/java/teammates/ui/output/MessageOutput.java
7,src/test/java/teammates/ui/request/package-info.java
118,src/test/java/teammates/storage/api/InstructorsDbTest.java
16,src/e2e/java/teammates/e2e/pageobjects/package-info.java
18,src/client/java/teammates/client/scripts/DataMigrationForGoogleIdToGmail.java
131,src/main/java/teammates/ui/output/FeedbackSessionLogEntryData.java
29,src/test/java/teammates/ui/webapi/GetFeedbackResponsesActionTest.java
15,src/e2e/java/teammates/e2e/cases/InstructorStudentListPageE2ETest.java
122,src/main/java/teammates/logic/external/GoogleRecaptchaService.java
47,src/main/java/teammates/ui/webapi/SubmitFeedbackResponsesAction.java
47,src/main/java/teammates/ui/request/FeedbackResponseCommentBasicRequest.java
97,src/test/java/teammates/ui/webapi/DeleteInstructorActionTest.java
155,src/main/java/teammates/common/exception/InvalidParametersException.java
174,src/main/java/teammates/common/datatransfer/logs/SourceLocation.java
25,src/test/java/teammates/ui/webapi/QueryLogsActionTest.java
81,src/main/java/teammates/ui/webapi/RegenerateStudentKeyAction.java
1,src/main/java/teammates/storage/api/AccountsDb.java
1,src/main/java/teammates/common/datatransfer/questions/FeedbackRubricResponseDetails.java
81,src/test/java/teammates/ui/webapi/FeedbackSessionClosedRemindersActionTest.java
97,src/test/java/teammates/logic/api/EmailSenderTest.java
185,src/e2e/java/teammates/e2e/cases/InstructorHomePageE2ETest.java
97,src/main/java/teammates/logic/core/AccountsLogic.java
16,src/e2e/java/teammates/e2e/cases/axe/InstructorCourseEnrollPageAxeTest.java
1,src/test/java/teammates/test/package-info.java
131,src/main/java/teammates/ui/output/InstructorData.java
131,src/test/java/teammates/ui/webapi/BinFeedbackSessionActionTest.java
97,src/test/java/teammates/ui/webapi/QueryLogsActionTest.java
176,src/test/java/teammates/logic/core/FeedbackResponseCommentsLogicTest.java
185,src/e2e/java/teammates/e2e/cases/FeedbackResultsPageE2ETest.java
101,src/main/java/teammates/storage/api/InstructorsDb.java
176,src/main/java/teammates/logic/external/TaskQueueService.java
97,src/main/java/teammates/logic/external/LocalLoggingService.java
155,src/main/java/teammates/common/datatransfer/logs/DefaultLogDetails.java
175,src/test/java/teammates/common/util/SanitizationHelperTest.java
175,src/test/java/teammates/common/datatransfer/questions/FeedbackNumericalScaleQuestionDetailsTest.java
25,src/main/java/teammates/ui/output/FeedbackResponseCommentData.java
16,src/e2e/java/teammates/e2e/util/MaximumRetriesExceededException.java
174,src/main/java/teammates/common/datatransfer/questions/FeedbackConstantSumResponseDetails.java
25,src/main/java/teammates/ui/request/StudentsEnrollRequest.java
47,src/main/java/teammates/ui/webapi/AdminExceptionTestAction.java
97,src/main/java/teammates/ui/output/CoursesData.java
15,src/e2e/java/teammates/e2e/cases/axe/InstructorCoursesPageAxeTest.java
25,src/test/java/teammates/ui/webapi/GetInstructorsActionTest.java
20,src/test/java/teammates/common/datatransfer/attributes/NotificationAttributesTest.java
1,src/main/java/teammates/logic/api/EmailGenerator.java
129,src/main/java/teammates/logic/core/package-info.java
1,src/main/java/teammates/common/datatransfer/questions/FeedbackRankRecipientsResponseDetails.java
5,src/main/java/teammates/ui/output/ActionClasses.java
1,src/main/java/teammates/storage/search/InstructorSearchDocument.java
25,src/test/java/teammates/ui/webapi/package-info.java
88,src/main/java/teammates/storage/search/SearchDocument.java
186,src/e2e/java/teammates/e2e/cases/axe/StudentCourseJoinConfirmationPageAxeTest.java
1,src/test/java/teammates/ui/servlets/OriginCheckFilterTest.java
1,src/test/java/teammates/ui/servlets/LegacyUrlMapperTest.java
128,src/main/java/teammates/storage/api/NotificationsDb.java
175,src/test/java/teammates/common/datatransfer/AttributesDeletionQueryTest.java
88,src/main/java/teammates/logic/core/FeedbackResponseCommentsLogic.java
155,src/main/java/teammates/common/datatransfer/AttributesDeletionQuery.java
81,src/main/java/teammates/ui/output/FeedbackVisibilityType.java
25,src/test/java/teammates/ui/webapi/GetInstructorActionTest.java
17,src/e2e/java/teammates/e2e/cases/axe/StudentCourseDetailsPageAxeTest.java
186,src/e2e/java/teammates/e2e/pageobjects/InstructorCourseStudentDetailsEditPage.java
47,src/main/java/teammates/ui/webapi/DeleteCourseAction.java
5,src/main/java/teammates/ui/webapi/GetAccountsAction.java
16,src/e2e/java/teammates/e2e/pageobjects/StudentNotificationsPage.java
185,src/e2e/java/teammates/e2e/pageobjects/InstructorStudentActivityLogsPage.java
155,src/main/java/teammates/common/exception/EmailSendingException.java
176,src/test/java/teammates/logic/core/FeedbackQuestionsLogicTest.java
47,src/main/java/teammates/ui/output/ReadNotificationsData.java
155,src/test/java/teammates/common/datatransfer/ErrorLogEntryTest.java
1,src/test/java/teammates/logic/api/MockLogsProcessor.java
174,src/main/java/teammates/common/datatransfer/questions/FeedbackContributionResponseDetails.java
5,src/main/java/teammates/ui/webapi/UnauthorizedAccessException.java
175,src/main/java/teammates/common/util/Const.java
16,src/e2e/java/teammates/e2e/util/TestProperties.java
131,src/test/java/teammates/ui/webapi/ResetAccountRequestActionTest.java
20,src/main/java/teammates/common/util/Templates.java
81,src/main/java/teammates/ui/webapi/GetFeedbackResponsesAction.java
1,src/client/java/teammates/client/util/LoopHelper.java
1,src/test/java/teammates/ui/webapi/GetAccountsActionTest.java
185,src/e2e/java/teammates/e2e/cases/axe/InstructorFeedbackReportPageAxeTest.java
29,src/main/java/teammates/ui/webapi/CreateAccountAction.java
1,src/e2e/java/teammates/e2e/pageobjects/DevServerLoginPage.java
131,src/main/java/teammates/ui/webapi/UnpublishFeedbackSessionAction.java
47,src/main/java/teammates/ui/request/package-info.java
194,src/client/java/teammates/client/scripts/DataMigrationForStudentsAndTeamsRecipientType.java
25,src/main/java/teammates/ui/output/OngoingSession.java
4,src/main/java/teammates/ui/webapi/FeedbackSessionResendPublishedEmailWorkerAction.java
7,src/test/java/teammates/ui/webapi/GetFeedbackResponsesActionTest.java
7,src/main/java/teammates/ui/request/FeedbackResponseCommentBasicRequest.java
88,src/test/java/teammates/storage/api/FeedbackSessionsDbTest.java
1,src/e2e/java/teammates/e2e/cases/package-info.java
1,src/test/java/teammates/common/datatransfer/attributes/FeedbackSessionAttributesTest.java
29,src/main/java/teammates/ui/webapi/DeleteAccountRequestAction.java
5,src/main/java/teammates/ui/webapi/SendEmailWorkerAction.java
68,src/main/java/teammates/logic/external/FirebaseAuthService.java
29,src/test/java/teammates/ui/webapi/CreateInstructorActionTest.java
88,src/test/java/teammates/storage/api/package-info.java
4,src/test/java/teammates/ui/webapi/GetStudentActionTest.java
5,src/main/java/teammates/ui/webapi/DeleteInstructorAction.java
131,src/test/java/teammates/ui/webapi/DeleteFeedbackSessionActionTest.java
25,src/test/java/teammates/ui/request/package-info.java
81,src/main/java/teammates/ui/webapi/DeleteFeedbackQuestionAction.java
20,src/test/java/teammates/common/util/BuildPropertiesTest.java
16,src/e2e/java/teammates/e2e/cases/NotificationBannerE2ETest.java
1,src/main/java/teammates/ui/request/SendEmailRequest.java
131,src/test/java/teammates/ui/webapi/GetCourseSectionNamesActionTest.java
1,src/main/java/teammates/ui/webapi/FeedbackSessionResendPublishedEmailWorkerAction.java
16,src/e2e/java/teammates/e2e/cases/InstructorStudentActivityLogsPageE2ETest.java
1,src/test/java/teammates/ui/webapi/FeedbackSessionResendPublishedEmailWorkerActionTest.java
16,src/e2e/java/teammates/e2e/cases/InstructorNotificationsPageE2ETest.java
81,src/main/java/teammates/ui/request/StudentUpdateRequest.java
25,src/main/java/teammates/ui/output/TimeZonesData.java
97,src/main/java/teammates/ui/webapi/GetNotificationsAction.java
131,src/main/java/teammates/ui/webapi/AuthType.java
87,src/test/java/teammates/logic/core/DeadlineExtensionsLogicTest.java
186,src/e2e/java/teammates/e2e/cases/InstructorFeedbackSessionsPageE2ETest.java
122,src/test/java/teammates/logic/external/GoogleRecaptchaServiceTest.java
97,src/main/java/teammates/ui/webapi/GenerateEmailAction.java
25,src/main/java/teammates/ui/webapi/GetUsageStatisticsAction.java
175,src/main/java/teammates/common/datatransfer/FeedbackResultFetchType.java
1,src/e2e/java/teammates/e2e/pageobjects/InstructorFeedbackEditPage.java
7,src/main/java/teammates/ui/webapi/InvalidOperationException.java
77,src/main/java/teammates/logic/external/LocalLoggingService.java
175,src/test/java/teammates/common/datatransfer/questions/FeedbackTextQuestionDetailsTest.java
5,src/main/java/teammates/ui/output/AccountRequestsData.java
1,src/main/java/teammates/ui/webapi/GetFeedbackResponsesAction.java
88,src/test/java/teammates/logic/core/UsageStatisticsLogicTest.java
122,src/main/java/teammates/logic/external/LocalLoggingService.java
15,src/e2e/java/teammates/e2e/pageobjects/InstructorCourseDetailsPage.java
20,src/main/java/teammates/common/util/HttpRequestHelper.java
29,src/main/java/teammates/ui/webapi/UpdateStudentAction.java
1,src/test/java/teammates/common/datatransfer/attributes/AccountRequestAttributesTest.java
4,src/main/java/teammates/ui/request/FeedbackSessionBasicRequest.java
186,src/e2e/java/teammates/e2e/cases/axe/InstructorStudentRecordsPageAxeTest.java
25,src/main/java/teammates/ui/output/CoursesData.java
88,src/main/java/teammates/logic/external/GoogleCloudTasksService.java
17,src/e2e/java/teammates/e2e/cases/axe/StudentHomePageAxeTest.java
7,src/main/java/teammates/ui/webapi/DeleteFeedbackResponseCommentAction.java
97,src/test/java/teammates/ui/webapi/FeedbackSessionRemindEmailWorkerActionTest.java
5,src/main/java/teammates/ui/output/CoursesData.java
97,src/main/java/teammates/ui/webapi/CreateFeedbackResponseCommentAction.java
25,src/main/java/teammates/ui/webapi/FeedbackSessionRemindEmailWorkerAction.java
88,src/main/java/teammates/logic/core/DeadlineExtensionsLogic.java
97,src/main/java/teammates/ui/output/NumberOfEntitiesToGiveFeedbackToSetting.java
1,src/test/java/teammates/test/EmailCheckerTest.java
1,src/e2e/java/teammates/e2e/cases/BaseFeedbackQuestionE2ETest.java
29,src/main/java/teammates/ui/output/DeadlineExtensionData.java
1,src/main/java/teammates/ui/webapi/ResetAccountRequestAction.java
4,src/main/java/teammates/ui/request/FeedbackSessionRemindRequest.java
81,src/main/java/teammates/ui/webapi/GetOngoingSessionsAction.java
4,src/main/java/teammates/ui/request/package-info.java
185,src/e2e/java/teammates/e2e/cases/InstructorStudentRecordsPageE2ETest.java
47,src/main/java/teammates/ui/output/StudentsData.java
97,src/main/java/teammates/ui/webapi/GetStudentsAction.java
15,src/e2e/java/teammates/e2e/util/TestDataValidityTest.java
25,src/test/java/teammates/ui/webapi/UpdateCourseActionTest.java
128,src/main/java/teammates/storage/search/SearchManagerFactory.java
7,src/main/java/teammates/ui/output/FeedbackSessionData.java
5,src/test/java/teammates/ui/webapi/GetStudentsActionTest.java
4,src/main/java/teammates/ui/webapi/UpdateFeedbackSessionAction.java
97,src/test/java/teammates/ui/webapi/UpdateFeedbackQuestionActionTest.java
47,src/main/java/teammates/ui/webapi/UpdateCourseAction.java
131,src/test/java/teammates/ui/webapi/GetHasResponsesActionTest.java
5,src/main/java/teammates/ui/output/CourseData.java
101,src/main/java/teammates/storage/api/FeedbackResponseCommentsDb.java
17,src/e2e/java/teammates/e2e/cases/FeedbackResultsPageE2ETest.java
20,src/main/java/teammates/common/util/Logger.java
1,src/main/java/teammates/ui/output/UsageStatisticsData.java
18,src/client/java/teammates/client/scripts/PopulateCourseSearchDocuments.java
16,src/e2e/java/teammates/e2e/cases/axe/AdminNotificationsPageAxeTest.java
47,src/main/java/teammates/ui/servlets/RequestTraceFilter.java
81,src/test/java/teammates/ui/webapi/FeedbackSessionPublishedEmailWorkerActionTest.java
81,src/main/java/teammates/ui/servlets/WebPageServlet.java
47,src/main/java/teammates/ui/webapi/GetReadNotificationsAction.java
81,src/main/java/teammates/ui/webapi/CalculateUsageStatisticsAction.java
25,src/main/java/teammates/ui/request/FeedbackSessionBasicRequest.java
5,src/main/java/teammates/ui/webapi/StudentCourseJoinEmailWorkerAction.java
174,src/main/java/teammates/common/util/AppUrl.java
4,src/main/java/teammates/ui/webapi/GetUsageStatisticsAction.java
131,src/main/java/teammates/ui/output/StudentsData.java
97,src/test/java/teammates/ui/webapi/package-info.java
81,src/main/java/teammates/ui/webapi/RemindFeedbackSessionSubmissionAction.java
47,src/main/java/teammates/ui/webapi/MarkNotificationAsReadAction.java
131,src/test/java/teammates/storage/api/FeedbackResponsesDbTest.java
77,src/main/java/teammates/logic/api/EmailSender.java
7,src/main/java/teammates/ui/webapi/CreateAccountRequestAction.java
185,src/e2e/java/teammates/e2e/cases/InstructorFeedbackReportPageE2ETest.java
97,src/main/java/teammates/ui/webapi/StudentSearchIndexingWorkerAction.java
174,src/test/java/teammates/common/datatransfer/questions/FeedbackMsqQuestionDetailsTest.java
29,src/main/java/teammates/ui/output/FeedbackSessionsData.java
131,src/main/java/teammates/storage/search/InstructorSearchManager.java
47,src/main/java/teammates/ui/output/AccountData.java
87,src/main/java/teammates/logic/external/GoogleCloudTasksService.java
122,src/main/java/teammates/logic/api/EmailGenerator.java
47,src/test/java/teammates/ui/webapi/DeleteCourseActionTest.java
47,src/main/java/teammates/ui/output/AccountRequestData.java
16,src/e2e/java/teammates/e2e/cases/axe/InstructorFeedbackSessionsPageAxeTest.java
47,src/main/java/teammates/ui/webapi/InvalidHttpParameterException.java
1,src/test/java/teammates/common/datatransfer/questions/FeedbackQuestionDetailsTest.java
185,src/e2e/java/teammates/e2e/pageobjects/StudentHomePage.java
29,src/test/java/teammates/ui/webapi/RegenerateStudentKeyActionTest.java
88,src/test/java/teammates/logic/api/MockEmailSender.java
81,src/main/java/teammates/ui/webapi/FeedbackSessionPublishedRemindersAction.java
88,src/test/java/teammates/storage/api/NotificationsDbTest.java
5,src/main/java/teammates/ui/webapi/GetStudentAction.java
68,src/main/java/teammates/logic/external/GoogleCloudLoggingService.java
5,src/test/java/teammates/ui/request/StudentsEnrollRequestTest.java
81,src/test/java/teammates/ui/request/StudentsEnrollRequestTest.java
185,src/e2e/java/teammates/e2e/cases/axe/InstructorCourseJoinConfirmationPageAxeTest.java
17,src/e2e/java/teammates/e2e/cases/StudentCourseDetailsPageE2ETest.java
17,src/e2e/java/teammates/e2e/pageobjects/AdminTimezonePage.java
97,src/test/java/teammates/logic/api/MockRecaptchaVerifier.java
5,src/main/java/teammates/ui/webapi/CreateInstructorAction.java
15,src/e2e/java/teammates/e2e/cases/InstructorFeedbackReportPageE2ETest.java
47,src/main/java/teammates/ui/webapi/UpdateFeedbackSessionAction.java
16,src/e2e/java/teammates/e2e/pageobjects/InstructorCourseStudentDetailsViewPage.java
29,src/test/java/teammates/ui/webapi/CreateAccountActionTest.java
176,src/test/java/teammates/logic/external/package-info.java
81,src/test/java/teammates/ui/servlets/WebApiServletTest.java
77,src/test/java/teammates/logic/core/BaseLogicTest.java
1,src/test/java/teammates/storage/api/StudentsDbTest.java
129,src/main/java/teammates/logic/external/GoogleRecaptchaService.java
131,src/main/java/teammates/ui/webapi/GetCourseSectionNamesAction.java
118,src/test/java/teammates/storage/api/package-info.java
97,src/test/java/teammates/ui/webapi/StudentCourseJoinEmailWorkerActionTest.java
4,src/main/java/teammates/ui/webapi/GateKeeper.java
175,src/main/java/teammates/common/datatransfer/InstructorPermissionSet.java
77,src/main/java/teammates/logic/external/TaskQueueService.java
17,src/e2e/java/teammates/e2e/cases/InstructorCourseDetailsPageE2ETest.java
155,src/main/java/teammates/common/datatransfer/attributes/DeadlineExtensionAttributes.java
175,src/test/java/teammates/common/datatransfer/attributes/CourseAttributesTest.java
5,src/test/java/teammates/ui/webapi/JsonResultTest.java
97,src/main/java/teammates/ui/webapi/SendErrorReportAction.java
1,src/e2e/java/teammates/e2e/pageobjects/AppPage.java
47,src/test/java/teammates/ui/webapi/SendLoginEmailActionTest.java
47,src/main/java/teammates/ui/request/FeedbackSessionUpdateRequest.java
81,src/main/java/teammates/ui/output/FeedbackQuestionRecipientData.java
15,src/e2e/java/teammates/e2e/cases/FeedbackConstSumRecipientQuestionE2ETest.java
4,src/test/java/teammates/ui/webapi/CreateCourseActionTest.java
131,src/test/java/teammates/ui/webapi/GetNotificationActionTest.java
155,src/test/java/teammates/common/datatransfer/questions/FeedbackRankOptionsQuestionDetailsTest.java
47,src/main/java/teammates/ui/request/FeedbackSessionCreateRequest.java
129,src/test/java/teammates/logic/core/DataBundleLogicTest.java
20,src/main/java/teammates/common/datatransfer/logs/GeneralLogEntry.java
97,src/main/java/teammates/ui/webapi/UpdateFeedbackQuestionAction.java
131,src/main/java/teammates/ui/webapi/GetAuthInfoAction.java
81,src/test/java/teammates/ui/webapi/FeedbackSessionClosingRemindersActionTest.java
81,src/test/java/teammates/ui/webapi/GetCourseJoinStatusActionTest.java
16,src/e2e/java/teammates/e2e/cases/InstructorFeedbackSessionsPageE2ETest.java
4,src/test/java/teammates/ui/webapi/FeedbackSessionResendPublishedEmailWorkerActionTest.java
29,src/test/java/teammates/ui/webapi/CreateNotificationActionTest.java
47,src/test/java/teammates/ui/webapi/BinCourseActionTest.java
1,src/test/java/teammates/ui/webapi/GetAccountActionTest.java
176,src/test/java/teammates/logic/core/FeedbackSessionsLogicTest.java
47,src/main/java/teammates/ui/webapi/CreateInstructorAction.java
101,src/main/java/teammates/storage/api/DeadlineExtensionsDb.java
5,src/main/java/teammates/ui/webapi/GetStudentsAction.java
1,src/test/java/teammates/ui/webapi/RemindFeedbackSessionSubmissionActionTest.java
155,src/test/java/teammates/common/datatransfer/attributes/BaseAttributesTest.java
155,src/main/java/teammates/common/datatransfer/logs/FeedbackSessionLogType.java
25,src/test/java/teammates/ui/webapi/DeleteAccountActionTest.java
185,src/e2e/java/teammates/e2e/cases/AdminSessionsPageE2ETest.java
20,src/test/java/teammates/common/datatransfer/SessionResultsBundleTest.java
16,src/e2e/java/teammates/e2e/cases/axe/InstructorStudentActivityLogsPageAxeTest.java
16,src/e2e/java/teammates/e2e/pageobjects/InstructorCourseEnrollPage.java
20,src/main/java/teammates/common/datatransfer/logs/QueryLogsParams.java
7,src/main/java/teammates/ui/output/FeedbackSessionStatsData.java
129,src/main/java/teammates/logic/api/LogsProcessor.java
81,src/test/java/teammates/ui/webapi/ActionFactoryTest.java
97,src/main/java/teammates/ui/webapi/GetFeedbackResponsesAction.java
16,src/e2e/java/teammates/e2e/cases/axe/InstructorCourseStudentDetailsEditPageAxeTest.java
1,src/main/java/teammates/ui/webapi/FeedbackSessionClosedRemindersAction.java
175,src/test/java/teammates/common/datatransfer/questions/FeedbackRankOptionsQuestionDetailsTest.java
1,src/main/java/teammates/ui/output/AccountsData.java
25,src/main/java/teammates/ui/webapi/GetInstructorsAction.java
1,src/main/java/teammates/ui/servlets/WebPageServlet.java
185,src/e2e/java/teammates/e2e/pageobjects/InstructorCourseStudentDetailsEditPage.java
29,src/main/java/teammates/ui/webapi/UnauthorizedAccessException.java
185,src/e2e/java/teammates/e2e/util/Retryable.java
88,src/main/java/teammates/logic/api/EmailGenerator.java
16,src/e2e/java/teammates/e2e/cases/axe/InstructorSessionIndividualExtensionPageAxeTest.java
5,src/main/java/teammates/ui/webapi/FeedbackSessionResendPublishedEmailWorkerAction.java
5,src/main/java/teammates/ui/output/SessionVisibleSetting.java
5,src/main/java/teammates/ui/webapi/SendJoinReminderEmailAction.java
29,src/main/java/teammates/ui/webapi/GetFeedbackSessionsAction.java
97,src/test/java/teammates/ui/webapi/SessionLinksRecoveryActionTest.java
81,src/main/java/teammates/ui/output/FeedbackResponsesData.java
186,src/e2e/java/teammates/e2e/cases/AdminSessionsPageE2ETest.java
175,src/main/java/teammates/common/datatransfer/QueryLogsResults.java
131,src/main/java/teammates/ui/webapi/ResetAccountRequestAction.java
4,src/main/java/teammates/ui/output/SendLoginEmailResponseData.java
81,src/main/java/teammates/ui/output/package-info.java
25,src/main/java/teammates/ui/webapi/FeedbackSessionResendPublishedEmailWorkerAction.java
1,src/test/java/teammates/test/TestProperties.java
47,src/main/java/teammates/ui/servlets/WebPageServlet.java
29,src/main/java/teammates/ui/output/FeedbackQuestionData.java
5,src/main/java/teammates/ui/webapi/GetInstructorsAction.java
175,src/test/java/teammates/common/datatransfer/questions/FeedbackContributionQuestionDetailsTest.java
5,src/main/java/teammates/ui/webapi/SendErrorReportAction.java
174,src/main/java/teammates/common/util/RequestTracer.java
101,src/main/java/teammates/storage/entity/CourseStudent.java
118,src/main/java/teammates/storage/api/NotificationsDb.java
5,src/main/java/teammates/ui/webapi/CreateAccountRequestAction.java
17,src/e2e/java/teammates/e2e/cases/axe/AdminHomePageAxeTest.java
97,src/test/java/teammates/ui/servlets/WebApiServletTest.java
1,src/test/java/teammates/ui/webapi/AccountRequestSearchIndexingWorkerActionTest.java
7,src/main/java/teammates/ui/webapi/UpdateNotificationAction.java
4,src/main/java/teammates/ui/webapi/CreateInstructorAction.java
1,src/main/java/teammates/storage/api/DatastoreEmulatorRunner.java
17,src/e2e/java/teammates/e2e/util/BackDoor.java
4,src/test/java/teammates/ui/webapi/SendJoinReminderEmailActionTest.java
29,src/main/java/teammates/ui/output/SendLoginEmailResponseData.java
97,src/test/java/teammates/ui/webapi/RestoreCourseActionTest.java
1,src/client/java/teammates/client/scripts/TeamEvalResultCalculations.java
7,src/main/java/teammates/ui/webapi/GetActionClassesAction.java
129,src/main/java/teammates/logic/api/Logic.java
5,src/test/java/teammates/ui/webapi/CalculateUsageStatisticsActionTest.java
81,src/main/java/teammates/ui/webapi/AccountRequestSearchIndexingWorkerAction.java
1,src/test/java/teammates/ui/request/package-info.java
4,src/test/java/teammates/ui/webapi/CalculateUsageStatisticsActionTest.java
29,src/main/java/teammates/ui/webapi/GetFeedbackSessionAction.java
81,src/test/java/teammates/ui/webapi/RemindFeedbackSessionSubmissionActionTest.java
4,src/test/java/teammates/ui/webapi/DeleteAccountActionTest.java
29,src/test/java/teammates/ui/webapi/GetNotificationActionTest.java
5,src/main/java/teammates/ui/request/MarkNotificationAsReadRequest.java
7,src/main/java/teammates/ui/output/JoinLinkData.java
88,src/main/java/teammates/logic/core/LogicStarter.java
155,src/main/java/teammates/common/exception/EntityDoesNotExistException.java
1,src/main/java/teammates/ui/webapi/GetCourseJoinStatusAction.java
128,src/main/java/teammates/storage/search/package-info.java
5,src/main/java/teammates/ui/webapi/GetSessionResponseStatsAction.java
18,src/client/java/teammates/client/util/ClientProperties.java
47,src/test/java/teammates/logic/external/GoogleRecaptchaServiceTest.java
5,src/test/java/teammates/ui/webapi/GetCourseSectionNamesActionTest.java
25,src/main/java/teammates/ui/webapi/SendJoinReminderEmailAction.java
25,src/main/java/teammates/ui/output/FeedbackSessionLogsData.java
128,src/main/java/teammates/storage/search/SearchManagerStarter.java
88,src/main/java/teammates/storage/api/AccountsDb.java
5,src/test/java/teammates/ui/webapi/GetAccountActionTest.java
1,src/main/java/teammates/ui/webapi/FeedbackSessionUnpublishedEmailWorkerAction.java
122,src/test/java/teammates/logic/core/StudentsLogicTest.java
47,src/test/java/teammates/ui/webapi/CreateAccountRequestActionTest.java
81,src/main/java/teammates/ui/webapi/GetFeedbackSessionsAction.java
81,src/test/java/teammates/ui/webapi/GetAccountsActionTest.java
29,src/test/java/teammates/ui/webapi/RemindFeedbackSessionSubmissionActionTest.java
4,src/test/java/teammates/ui/webapi/package-info.java
174,src/main/java/teammates/common/datatransfer/questions/FeedbackTextQuestionDetails.java
29,src/main/java/teammates/ui/output/CoursesData.java
20,src/main/java/teammates/common/datatransfer/questions/FeedbackMcqResponseDetails.java
16,src/e2e/java/teammates/e2e/cases/axe/InstructorFeedbackEditPageAxeTest.java
68,src/main/java/teammates/logic/api/TaskQueuer.java
174,src/main/java/teammates/common/datatransfer/attributes/CourseAttributes.java
1,src/main/java/teammates/ui/webapi/CompileLogsAction.java
174,src/test/java/teammates/common/datatransfer/SessionResultsBundleTest.java
175,src/main/java/teammates/common/util/TaskWrapper.java
185,src/e2e/java/teammates/e2e/cases/axe/InstructorCourseStudentDetailsEditPageAxeTest.java
4,src/test/java/teammates/ui/servlets/package-info.java
17,src/e2e/java/teammates/e2e/util/EmailAccountTest.java
81,src/main/java/teammates/ui/servlets/WebApiServlet.java
81,src/main/java/teammates/ui/request/NotificationBasicRequest.java
118,src/main/java/teammates/storage/api/FeedbackResponseCommentsDb.java
25,src/main/java/teammates/ui/webapi/GetUserCookieAction.java
1,src/main/java/teammates/ui/output/SendLoginEmailResponseData.java
1,src/test/java/teammates/storage/search/AccountRequestSearchTest.java
5,src/main/java/teammates/ui/output/SessionResultsData.java
81,src/test/java/teammates/ui/webapi/CreateAccountActionTest.java
25,src/test/java/teammates/ui/webapi/GetSessionResultsActionTest.java
4,src/main/java/teammates/ui/request/FeedbackQuestionCreateRequest.java
5,src/test/java/teammates/ui/webapi/GetFeedbackResponsesActionTest.java
97,src/test/java/teammates/ui/webapi/GetAccountActionTest.java
87,src/test/java/teammates/logic/core/FeedbackResponsesLogicTest.java
88,src/main/java/teammates/storage/api/package-info.java
1,src/test/java/teammates/ui/webapi/SendErrorReportActionTest.java
16,src/e2e/java/teammates/e2e/pageobjects/AdminAccountsPage.java
7,src/test/java/teammates/ui/webapi/GetHasResponsesActionTest.java
185,src/e2e/java/teammates/e2e/cases/axe/StudentNotificationsPageAxeTest.java
25,src/main/java/teammates/ui/output/FeedbackResponsesData.java
131,src/main/java/teammates/ui/webapi/CreateInstructorAction.java
5,src/main/java/teammates/ui/webapi/UpdateFeedbackResponseCommentAction.java
4,src/main/java/teammates/ui/webapi/InvalidOperationException.java
1,src/e2e/java/teammates/e2e/cases/InstructorCourseEnrollPageE2ETest.java
77,src/main/java/teammates/logic/external/EmptyAuthService.java
47,src/main/java/teammates/ui/webapi/CreateNotificationAction.java
97,src/main/java/teammates/logic/core/FeedbackSessionsLogic.java
176,src/main/java/teammates/logic/core/DeadlineExtensionsLogic.java
97,src/main/java/teammates/ui/output/RegkeyValidityData.java
97,src/test/java/teammates/ui/webapi/SubmitFeedbackResponsesActionTest.java
1,src/main/java/teammates/ui/webapi/DeleteAccountAction.java
131,src/main/java/teammates/ui/webapi/UnauthorizedAccessException.java
176,src/test/java/teammates/logic/core/DataBundleLogicTest.java
155,src/main/java/teammates/common/datatransfer/logs/ExceptionLogDetails.java
7,src/main/java/teammates/ui/output/FeedbackSessionLogEntryData.java
175,src/test/java/teammates/common/datatransfer/ErrorLogEntryTest.java
175,src/test/java/teammates/common/util/FieldValidatorTest.java
47,src/main/java/teammates/ui/output/package-info.java
29,src/main/java/teammates/ui/request/CourseBasicRequest.java
87,src/main/java/teammates/logic/core/StudentsLogic.java
25,src/test/java/teammates/ui/webapi/StudentSearchIndexingWorkerActionTest.java
131,src/main/java/teammates/ui/output/EnrollStudentsData.java
7,src/main/java/teammates/ui/webapi/DeleteAccountRequestAction.java
17,src/e2e/java/teammates/e2e/pageobjects/InstructorSearchPage.java
25,src/main/java/teammates/ui/output/InstructorsData.java
176,src/main/java/teammates/logic/external/GoogleCloudLoggingService.java
15,src/e2e/java/teammates/e2e/util/GmailServiceMaker.java
1,src/e2e/java/teammates/e2e/cases/axe/InstructorCourseJoinConfirmationPageAxeTest.java
97,src/main/java/teammates/ui/output/FeedbackQuestionData.java
5,src/main/java/teammates/ui/webapi/ResetAccountAction.java
7,src/test/java/teammates/ui/webapi/GetActionClassesActionTest.java
1,src/main/java/teammates/ui/request/FeedbackResponseCommentBasicRequest.java
1,src/main/java/teammates/common/exception/EntityAlreadyExistsException.java
20,src/main/java/teammates/common/datatransfer/questions/FeedbackConstantSumResponseDetails.java
47,src/main/java/teammates/ui/webapi/SendJoinReminderEmailAction.java
7,src/main/java/teammates/ui/webapi/GetAuthInfoAction.java
131,src/main/java/teammates/ui/output/SessionResultsData.java
1,src/test/java/teammates/ui/webapi/UpdateCourseActionTest.java
131,src/main/java/teammates/ui/request/FeedbackQuestionBasicRequest.java
7,src/test/java/teammates/ui/servlets/package-info.java
131,src/main/java/teammates/ui/webapi/GetAccountRequestAction.java
25,src/test/java/teammates/ui/webapi/GetCourseSectionNamesActionTest.java
131,src/main/java/teammates/ui/request/MarkNotificationAsReadRequest.java
7,src/main/java/teammates/ui/request/StudentsEnrollRequest.java
128,src/test/java/teammates/storage/search/BaseSearchTest.java
77,src/main/java/teammates/logic/external/GoogleRecaptchaService.java
97,src/main/java/teammates/logic/api/UserProvision.java
5,src/main/java/teammates/ui/output/ReadNotificationsData.java
97,src/test/java/teammates/ui/webapi/ResetAccountRequestActionTest.java
1,src/main/java/teammates/ui/webapi/RegenerateStudentKeyAction.java
1,src/test/java/teammates/ui/webapi/GetRegkeyValidityActionTest.java
4,src/test/java/teammates/ui/webapi/BaseActionTest.java
25,src/main/java/teammates/ui/output/EnrollStudentsData.java
97,src/test/java/teammates/ui/webapi/CompileLogsActionTest.java
5,src/main/java/teammates/ui/webapi/GetHasResponsesAction.java
88,src/main/java/teammates/logic/external/LocalLoggingService.java
97,src/main/java/teammates/logic/external/TaskQueueService.java
122,src/test/java/teammates/logic/api/MockTaskQueuer.java
155,src/main/java/teammates/common/datatransfer/questions/FeedbackRankOptionsQuestionDetails.java
29,src/test/java/teammates/ui/webapi/GetInstructorPrivilegeActionTest.java
1,src/client/java/teammates/client/scripts/ListActiveInstructors.java
1,src/main/java/teammates/common/datatransfer/questions/FeedbackMsqResponseDetails.java
155,src/main/java/teammates/common/exception/DeadlineExceededException.java
68,src/main/java/teammates/logic/external/RecaptchaService.java
186,src/e2e/java/teammates/e2e/pageobjects/InstructorSessionIndividualExtensionPage.java
174,src/main/java/teammates/common/datatransfer/attributes/AccountAttributes.java
25,src/main/java/teammates/ui/output/SendLoginEmailResponseData.java
97,src/main/java/teammates/ui/webapi/DeleteNotificationAction.java
1,src/client/java/teammates/client/scripts/DataMigrationForUnencryptedKeyForStudents.java
20,src/main/java/teammates/common/datatransfer/questions/FeedbackConstantSumQuestionDetails.java
5,src/main/java/teammates/ui/output/AuthInfo.java
155,src/main/java/teammates/common/datatransfer/questions/FeedbackConstantSumDistributePointsType.java
1,src/main/java/teammates/ui/output/FeedbackSessionSubmittedGiverSet.java
1,src/test/java/teammates/logic/core/StudentsLogicTest.java
4,src/main/java/teammates/ui/webapi/FeedbackSessionPublishedEmailWorkerAction.java
1,src/main/java/teammates/storage/entity/FeedbackSession.java
174,src/main/java/teammates/common/util/EmailWrapper.java
17,src/e2e/java/teammates/e2e/cases/axe/InstructorStudentActivityLogsPageAxeTest.java
1,src/main/java/teammates/common/datatransfer/attributes/FeedbackResponseAttributes.java
131,src/test/java/teammates/ui/webapi/GetFeedbackSessionsActionTest.java
131,src/test/java/teammates/ui/webapi/GetInstructorPrivilegeActionTest.java
155,src/main/java/teammates/common/util/AppUrl.java
47,src/main/java/teammates/ui/constants/package-info.java
131,src/main/java/teammates/ui/webapi/GetCourseJoinStatusAction.java
25,src/test/java/teammates/ui/webapi/GetFeedbackQuestionsActionTest.java
47,src/test/java/teammates/ui/webapi/CreateFeedbackResponseCommentActionTest.java
5,src/main/java/teammates/ui/webapi/FeedbackSessionOpeningSoonRemindersAction.java
16,src/e2e/java/teammates/e2e/pageobjects/StudentCourseDetailsPage.java
1,src/test/java/teammates/test/FileHelper.java
101,src/main/java/teammates/storage/api/package-info.java
7,src/main/java/teammates/ui/webapi/CreateAccountAction.java
25,src/test/java/teammates/ui/webapi/GetOngoingSessionsActionTest.java
5,src/main/java/teammates/ui/webapi/GetCourseSectionNamesAction.java
118,src/main/java/teammates/storage/search/AccountRequestSearchManager.java
25,src/test/java/teammates/ui/webapi/InstructorCourseJoinEmailWorkerActionTest.java
88,src/test/java/teammates/logic/core/StudentsLogicTest.java
7,src/main/java/teammates/ui/servlets/LoginServlet.java
7,src/test/java/teammates/ui/webapi/FeedbackSessionPublishedEmailWorkerActionTest.java
15,src/e2e/java/teammates/e2e/cases/BaseE2ETestCase.java
97,src/main/java/teammates/ui/webapi/DeleteStudentsAction.java
7,src/main/java/teammates/ui/output/EnrollStudentsData.java
4,src/main/java/teammates/ui/servlets/WebPageServlet.java
97,src/test/java/teammates/ui/webapi/CreateNotificationActionTest.java
20,src/main/java/teammates/common/util/Config.java
47,src/main/java/teammates/ui/webapi/CreateAccountAction.java
4,src/main/java/teammates/ui/output/JoinStatus.java
18,src/client/java/teammates/client/scripts/IndexFeedbackSessionFields.java
131,src/test/java/teammates/ui/webapi/FeedbackSessionPublishedRemindersActionTest.java
177,src/main/java/teammates/storage/api/OfyHelper.java
176,src/main/java/teammates/logic/external/package-info.java
175,src/test/java/teammates/common/datatransfer/attributes/AccountRequestAttributesTest.java
25,src/main/java/teammates/ui/webapi/SendLoginEmailAction.java
1,src/client/java/teammates/client/scripts/DataBundleRegenerator.java
97,src/test/java/teammates/ui/webapi/DeleteNotificationActionTest.java
97,src/main/java/teammates/ui/output/ResponseVisibleSetting.java
77,src/test/java/teammates/logic/core/AccountRequestsLogicTest.java
5,src/test/java/teammates/ui/webapi/GetRegkeyValidityActionTest.java
4,src/main/java/teammates/ui/constants/ApiConst.java
25,src/test/java/teammates/ui/webapi/GetAuthInfoActionTest.java
1,src/main/java/teammates/ui/webapi/UpdateInstructorPrivilegeAction.java
77,src/test/java/teammates/logic/api/MockRecaptchaVerifier.java
131,src/test/java/teammates/ui/webapi/FeedbackSessionClosingRemindersActionTest.java
77,src/test/java/teammates/logic/api/BaseLogicTest.java
131,src/main/java/teammates/ui/output/FeedbackSessionLogsData.java
20,src/main/java/teammates/common/datatransfer/logs/ExceptionLogDetails.java
174,src/main/java/teammates/common/util/JsonUtils.java
4,src/main/java/teammates/ui/output/FeedbackVisibilityType.java
1,src/client/java/teammates/client/scripts/DataMigrationForSampleGoogleIdInStudentAttributes.java
25,src/test/java/teammates/ui/webapi/GetUsageStatisticsActionTest.java
155,src/main/java/teammates/common/datatransfer/questions/FeedbackRankOptionsResponseDetails.java
25,src/test/java/teammates/ui/webapi/CreateAccountActionTest.java
131,src/main/java/teammates/ui/output/NumberOfEntitiesToGiveFeedbackToSetting.java
1,src/main/java/teammates/ui/output/RegkeyValidityData.java
4,src/main/java/teammates/ui/webapi/GetStudentsAction.java
1,src/main/java/teammates/ui/webapi/DeleteStudentsAction.java
174,src/main/java/teammates/common/datatransfer/attributes/InstructorAttributes.java
129,src/test/java/teammates/logic/core/FeedbackQuestionsLogicTest.java
101,src/main/java/teammates/storage/search/SearchManagerFactory.java
7,src/main/java/teammates/ui/output/StudentsData.java
1,src/main/java/teammates/common/datatransfer/InstructorPrivilegesLegacy.java
47,src/main/java/teammates/ui/request/ErrorReportRequest.java
1,src/test/java/teammates/storage/api/FeedbackResponseCommentsDbTest.java
29,src/test/java/teammates/ui/webapi/GetFeedbackSessionLogsActionTest.java
131,src/main/java/teammates/ui/request/FeedbackQuestionCreateRequest.java
97,src/main/java/teammates/ui/webapi/PutDataBundleDocumentsAction.java
20,src/main/java/teammates/common/datatransfer/UserInfoCookie.java
174,src/main/java/teammates/common/util/EmailSendingStatus.java
131,src/test/java/teammates/ui/webapi/FeedbackSessionResendPublishedEmailWorkerActionTest.java
176,src/test/java/teammates/logic/api/package-info.java
81,src/main/java/teammates/ui/output/FeedbackSessionsData.java
5,src/test/java/teammates/ui/webapi/DeleteFeedbackResponseCommentActionTest.java
16,src/e2e/java/teammates/e2e/pageobjects/InstructorFeedbackSessionsPage.java
88,src/test/java/teammates/storage/search/package-info.java
128,src/main/java/teammates/storage/entity/FeedbackQuestion.java
1,src/test/java/teammates/ui/webapi/GetUsageStatisticsActionTest.java
175,src/main/java/teammates/common/exception/HttpRequestFailedException.java
97,src/test/java/teammates/ui/webapi/SendLoginEmailActionTest.java
81,src/main/java/teammates/ui/output/CoursesData.java
118,src/main/java/teammates/storage/entity/FeedbackResponse.java
25,src/main/java/teammates/ui/request/CourseCreateRequest.java
16,src/e2e/java/teammates/e2e/pageobjects/IanaTimezonePage.java
1,src/main/java/teammates/storage/api/FeedbackQuestionsDb.java
1,src/main/java/teammates/logic/core/CoursesLogic.java
1,src/main/java/teammates/ui/output/CoursesData.java
1,src/test/java/teammates/storage/search/InstructorSearchTest.java
185,src/e2e/java/teammates/e2e/cases/FeedbackRubricQuestionE2ETest.java
47,src/test/java/teammates/ui/webapi/GetActionClassesActionTest.java
47,src/test/java/teammates/ui/webapi/ActionFactoryTest.java
17,src/e2e/java/teammates/e2e/cases/axe/InstructorNotificationsPageAxeTest.java
101,src/main/java/teammates/storage/search/SearchManagerStarter.java
97,src/test/java/teammates/ui/webapi/GetHasResponsesActionTest.java
29,src/test/java/teammates/ui/webapi/JoinCourseActionTest.java
81,src/main/java/teammates/ui/webapi/CreateCourseAction.java
16,src/e2e/java/teammates/e2e/pageobjects/InstructorFeedbackEditPage.java
129,src/test/java/teammates/logic/core/FeedbackResponseCommentsLogicTest.java
131,src/main/java/teammates/ui/request/FeedbackSessionRespondentRemindRequest.java
4,src/main/java/teammates/ui/webapi/DeleteStudentsAction.java
25,src/main/java/teammates/ui/output/NotificationsData.java
5,src/main/java/teammates/ui/webapi/PublishFeedbackSessionAction.java
47,src/main/java/teammates/ui/webapi/ActionResult.java
97,src/main/java/teammates/ui/output/SessionLinksRecoveryResponseData.java
15,src/e2e/java/teammates/e2e/pageobjects/InstructorCoursesPage.java
118,src/main/java/teammates/storage/search/package-info.java
177,src/main/java/teammates/storage/entity/FeedbackResponseComment.java
29,src/main/java/teammates/ui/webapi/BasicFeedbackSubmissionAction.java
29,src/main/java/teammates/ui/webapi/GetOngoingSessionsAction.java
88,src/test/java/teammates/logic/api/BaseLogicTest.java
4,src/main/java/teammates/ui/output/GeneralLogsData.java
25,src/main/java/teammates/ui/webapi/GetHasResponsesAction.java
97,src/test/java/teammates/ui/webapi/GetUsageStatisticsActionTest.java
5,src/main/java/teammates/ui/request/ErrorReportRequest.java
47,src/main/java/teammates/ui/request/InstructorPrivilegeUpdateRequest.java
1,src/main/java/teammates/ui/webapi/FeedbackSessionOpeningSoonRemindersAction.java
29,src/test/java/teammates/ui/webapi/SearchStudentsActionTest.java
131,src/main/java/teammates/ui/webapi/GetFeedbackSessionAction.java
97,src/main/java/teammates/ui/output/JoinState.java
4,src/main/java/teammates/ui/output/FeedbackQuestionsData.java
131,src/main/java/teammates/ui/webapi/DeleteFeedbackResponseCommentAction.java
29,src/main/java/teammates/ui/request/FeedbackSessionRespondentRemindRequest.java
29,src/main/java/teammates/ui/webapi/GetSessionResultsAction.java
97,src/test/java/teammates/ui/webapi/RemindFeedbackSessionSubmissionActionTest.java
4,src/main/java/teammates/ui/webapi/CreateFeedbackResponseCommentAction.java
29,src/main/java/teammates/ui/webapi/SendEmailWorkerAction.java
81,src/main/java/teammates/ui/request/NotificationUpdateRequest.java
5,src/test/java/teammates/ui/webapi/SendJoinReminderEmailActionTest.java
81,src/main/java/teammates/ui/servlets/OAuth2CallbackServlet.java
29,src/main/java/teammates/ui/webapi/CreateFeedbackQuestionAction.java
175,src/main/java/teammates/common/util/FieldValidator.java
29,src/main/java/teammates/ui/webapi/FeedbackSessionPublishedRemindersAction.java
131,src/main/java/teammates/ui/output/EmailData.java
1,src/test/java/teammates/ui/webapi/package-info.java
25,src/main/java/teammates/ui/webapi/AdminOnlyAction.java
97,src/main/java/teammates/ui/servlets/AuthServlet.java
1,src/test/java/teammates/common/datatransfer/attributes/DeadlineExtensionAttributesTest.java
97,src/main/java/teammates/logic/core/NotificationsLogic.java
174,src/test/java/teammates/common/datatransfer/attributes/DeadlineExtensionAttributesTest.java
25,src/main/java/teammates/ui/servlets/HealthCheckServlet.java
25,src/main/java/teammates/ui/webapi/GetRegkeyValidityAction.java
175,src/test/java/teammates/common/datatransfer/questions/FeedbackTextResponseDetailsTest.java
1,src/main/java/teammates/ui/webapi/DeleteNotificationAction.java
5,src/main/java/teammates/ui/webapi/UnpublishFeedbackSessionAction.java
131,src/main/java/teammates/ui/constants/ApiConst.java
88,src/main/java/teammates/logic/external/FirebaseAuthService.java
131,src/main/java/teammates/ui/servlets/RequestTraceFilter.java
129,src/main/java/teammates/logic/external/MailgunService.java
155,src/main/java/teammates/common/util/SanitizationHelper.java
47,src/test/java/teammates/logic/api/EmailSenderTest.java
5,src/main/java/teammates/ui/output/StudentsData.java
175,src/main/java/teammates/common/datatransfer/attributes/StudentAttributes.java
81,src/test/java/teammates/ui/webapi/GetStudentsActionTest.java
131,src/main/java/teammates/storage/search/SearchManagerStarter.java
16,src/e2e/java/teammates/e2e/cases/InstructorSearchPageE2ETest.java
5,src/main/java/teammates/ui/request/FeedbackSessionUpdateRequest.java
29,src/main/java/teammates/ui/output/InstructorPermissionRole.java
97,src/test/java/teammates/ui/webapi/UpdateStudentActionTest.java
17,src/e2e/java/teammates/e2e/cases/InstructorSessionIndividualExtensionPageE2ETest.java
88,src/test/java/teammates/logic/core/DeadlineExtensionsLogicTest.java
131,src/main/java/teammates/ui/request/BasicRequest.java
5,src/main/java/teammates/ui/output/CourseSectionNamesData.java
4,src/main/java/teammates/ui/webapi/SearchInstructorsAction.java
97,src/main/java/teammates/ui/request/FeedbackSessionCreateRequest.java
97,src/main/java/teammates/ui/output/SessionVisibleSetting.java
194,src/client/java/teammates/client/scripts/DataMigrationForSanitizedDataInInstructorAttributes.java
7,src/test/java/teammates/ui/webapi/FeedbackSessionPublishedRemindersActionTest.java
194,src/client/java/teammates/client/scripts/ListActiveInstructors.java
81,src/main/java/teammates/ui/webapi/UpdateCourseAction.java
101,src/main/java/teammates/storage/entity/AccountRequest.java
5,src/test/java/teammates/ui/servlets/package-info.java
131,src/main/java/teammates/ui/webapi/UpdateFeedbackSessionAction.java
25,src/main/java/teammates/ui/webapi/DeleteAccountRequestAction.java
177,src/main/java/teammates/storage/entity/FeedbackSession.java
5,src/main/java/teammates/ui/output/FeedbackQuestionRecipientsData.java
118,src/main/java/teammates/storage/entity/Course.java
1,src/test/java/teammates/ui/webapi/UpdateFeedbackSessionActionTest.java
16,src/e2e/java/teammates/e2e/cases/axe/AdminSearchPageAxeTest.java
7,src/main/java/teammates/ui/webapi/DeleteAccountAction.java
7,src/main/java/teammates/ui/webapi/UnauthorizedAccessException.java
1,src/main/java/teammates/common/exception/EmailSendingException.java
20,src/main/java/teammates/common/datatransfer/questions/FeedbackMsqResponseDetails.java
163,src/test/java/teammates/test/EmailChecker.java
175,src/main/java/teammates/common/datatransfer/questions/FeedbackNumericalScaleQuestionDetails.java
131,src/main/java/teammates/ui/webapi/GetCoursesAction.java
1,src/main/java/teammates/ui/output/FeedbackResponseData.java
1,src/main/java/teammates/ui/webapi/GetFeedbackResponseCommentAction.java
1,src/test/java/teammates/ui/webapi/GetReadNotificationsActionTest.java
97,src/main/java/teammates/ui/webapi/GetInstructorAction.java
97,src/main/java/teammates/ui/webapi/FeedbackSessionPublishedEmailWorkerAction.java
1,src/main/java/teammates/common/datatransfer/logs/LogDetails.java
88,src/main/java/teammates/storage/entity/CourseStudent.java
186,src/e2e/java/teammates/e2e/cases/AdminAccountsPageE2ETest.java
1,src/main/java/teammates/common/datatransfer/logs/SourceLocation.java
131,src/test/java/teammates/ui/webapi/GetFeedbackResponsesActionTest.java
25,src/test/java/teammates/ui/webapi/UnpublishFeedbackSessionActionTest.java
20,src/test/java/teammates/common/datatransfer/questions/FeedbackQuestionDetailsTest.java
47,src/main/java/teammates/ui/output/EmailData.java
97,src/test/java/teammates/logic/core/InstructorsLogicTest.java
155,src/main/java/teammates/common/datatransfer/logs/FeedbackSessionAuditLogDetails.java
131,src/test/java/teammates/ui/webapi/FeedbackSessionOpeningSoonRemindersActionTest.java
7,src/main/java/teammates/ui/webapi/CalculateUsageStatisticsAction.java
97,src/test/java/teammates/ui/webapi/UpdateInstructorActionTest.java
88,src/main/java/teammates/storage/entity/UsageStatistics.java
155,src/main/java/teammates/common/datatransfer/attributes/InstructorAttributes.java
1,src/e2e/java/teammates/e2e/pageobjects/InstructorStudentListPage.java
47,src/main/java/teammates/ui/webapi/PutDataBundleDocumentsAction.java
176,src/test/java/teammates/logic/api/MockTaskQueuer.java
47,src/test/java/teammates/ui/webapi/FeedbackSessionClosedRemindersActionTest.java
131,src/main/java/teammates/ui/output/RegkeyValidityData.java
47,src/test/java/teammates/logic/core/FeedbackQuestionsLogicTest.java
186,src/e2e/java/teammates/e2e/util/package-info.java
20,src/test/java/teammates/common/datatransfer/InstructorPrivilegesTest.java
1,src/test/java/teammates/ui/webapi/BinFeedbackSessionActionTest.java
97,src/main/java/teammates/ui/webapi/UpdateStudentAction.java
29,src/main/java/teammates/ui/constants/ResourceEndpoints.java
185,src/e2e/java/teammates/e2e/cases/axe/InstructorCourseStudentDetailsPageAxeTest.java
1,src/test/java/teammates/common/datatransfer/ErrorLogEntryTest.java
47,src/test/java/teammates/ui/webapi/ArchiveCourseActionTest.java
122,src/main/java/teammates/logic/external/EmptyEmailService.java
7,src/test/java/teammates/ui/webapi/UpdateInstructorActionTest.java
1,src/main/java/teammates/ui/webapi/DeleteDataBundleAction.java
81,src/test/java/teammates/ui/webapi/FeedbackSessionRemindEmailWorkerActionTest.java
5,src/test/java/teammates/ui/webapi/FeedbackSessionOpeningSoonRemindersActionTest.java
101,src/main/java/teammates/storage/entity/package-info.java
122,src/main/java/teammates/logic/external/package-info.java
131,src/main/java/teammates/ui/output/FeedbackResponseCommentData.java
4,src/main/java/teammates/ui/servlets/RequestTraceFilter.java
47,src/main/java/teammates/ui/webapi/SendEmailWorkerAction.java
7,src/main/java/teammates/ui/request/MarkNotificationAsReadRequest.java
5,src/main/java/teammates/ui/output/UsageStatisticsData.java
1,src/main/java/teammates/storage/search/SearchManagerFactory.java
29,src/main/java/teammates/ui/output/SessionVisibleSetting.java
15,src/e2e/java/teammates/e2e/cases/axe/InstructorSessionIndividualExtensionPageAxeTest.java
174,src/main/java/teammates/common/util/TzdbResourceZoneRulesProvider.java
175,src/main/java/teammates/common/datatransfer/questions/FeedbackResponseDetails.java
131,src/main/java/teammates/ui/request/InstructorPrivilegeUpdateRequest.java
131,src/main/java/teammates/ui/webapi/DeleteStudentAction.java
97,src/main/java/teammates/ui/output/FeedbackSessionData.java
1,src/main/java/teammates/ui/request/CourseCreateRequest.java
5,src/test/java/teammates/ui/webapi/DeleteInstructorActionTest.java
175,src/main/java/teammates/common/util/RequestTracer.java
1,src/main/java/teammates/storage/entity/BaseEntity.java
81,src/main/java/teammates/ui/webapi/GetFeedbackSessionLogsAction.java
5,src/main/java/teammates/ui/request/NotificationCreateRequest.java
5,src/main/java/teammates/ui/output/CourseArchiveData.java
131,src/main/java/teammates/ui/webapi/DeleteNotificationAction.java
97,src/test/java/teammates/ui/webapi/DeleteFeedbackResponseCommentActionTest.java
5,src/test/java/teammates/ui/webapi/FeedbackSessionPublishedEmailWorkerActionTest.java
20,src/main/java/teammates/common/datatransfer/attributes/CourseAttributes.java
29,src/test/java/teammates/ui/webapi/CreateFeedbackQuestionActionTest.java
5,src/test/java/teammates/ui/servlets/WebPageServletTest.java
68,src/main/java/teammates/logic/api/LogsProcessor.java
15,src/e2e/java/teammates/e2e/cases/axe/InstructorStudentListPageAxeTest.java
175,src/main/java/teammates/common/util/EmailSendingStatus.java
17,src/e2e/java/teammates/e2e/util/TestPropertiesTest.java
47,src/main/java/teammates/ui/servlets/DevServerLoginServlet.java
81,src/main/java/teammates/ui/webapi/GetNotificationsAction.java
1,src/client/java/teammates/client/scripts/GoogleIdMigrationBaseScript.java
97,src/main/java/teammates/ui/webapi/GetInstructorsAction.java
20,src/main/java/teammates/common/datatransfer/questions/FeedbackTextQuestionDetails.java
88,src/main/java/teammates/logic/external/LocalTaskQueueService.java
1,src/client/java/teammates/client/scripts/DataMigrationForUnencryptedKeyForInstructors.java
155,src/test/java/teammates/common/util/FieldValidatorTest.java
155,src/main/java/teammates/common/datatransfer/attributes/FeedbackResponseCommentAttributes.java
7,src/test/java/teammates/ui/request/StudentsEnrollRequestTest.java
1,src/test/java/teammates/ui/webapi/GetFeedbackQuestionRecipientsActionTest.java
97,src/test/java/teammates/ui/servlets/WebPageServletTest.java
16,src/e2e/java/teammates/e2e/cases/InstructorCourseEditPageE2ETest.java
7,src/test/java/teammates/ui/webapi/BinFeedbackSessionActionTest.java
5,src/test/java/teammates/ui/webapi/DeleteStudentActionTest.java
7,src/test/java/teammates/ui/webapi/GetCourseJoinStatusActionTest.java
4,src/main/java/teammates/ui/webapi/SubmitFeedbackResponsesAction.java
25,src/main/java/teammates/ui/output/ActionClasses.java
17,src/e2e/java/teammates/e2e/cases/axe/package-info.java
1,src/main/java/teammates/common/util/FileHelper.java
131,src/main/java/teammates/ui/request/NotificationBasicRequest.java
177,src/main/java/teammates/storage/search/SearchManagerFactory.java
194,src/client/java/teammates/client/util/ClientProperties.java
88,src/test/java/teammates/storage/api/StudentsDbTest.java
7,src/main/java/teammates/ui/output/UsageStatisticsData.java
155,src/test/java/teammates/common/datatransfer/attributes/InstructorAttributesTest.java
186,src/e2e/java/teammates/e2e/pageobjects/AdminHomePage.java
1,src/e2e/java/teammates/e2e/pageobjects/StudentCourseDetailsPage.java
1,src/test/java/teammates/ui/webapi/CreateNotificationActionTest.java
4,src/main/java/teammates/ui/output/UsageStatisticsData.java
131,src/main/java/teammates/ui/servlets/package-info.java
186,src/e2e/java/teammates/e2e/pageobjects/AdminAccountsPage.java
7,src/main/java/teammates/ui/output/JoinStatus.java
81,src/test/java/teammates/ui/webapi/BinFeedbackSessionActionTest.java
4,src/test/java/teammates/ui/webapi/DeleteFeedbackQuestionActionTest.java
155,src/main/java/teammates/common/datatransfer/questions/FeedbackRubricQuestionDetails.java
16,src/e2e/java/teammates/e2e/cases/AdminSearchPageE2ETest.java
17,src/e2e/java/teammates/e2e/util/TestProperties.java
131,src/main/java/teammates/ui/output/FeedbackSessionStatsData.java
1,src/test/java/teammates/ui/webapi/SearchAccountRequestsActionTest.java
1,src/test/java/teammates/storage/api/CoursesDbTest.java
29,src/main/java/teammates/ui/webapi/EnrollStudentsAction.java
16,src/e2e/java/teammates/e2e/util/EmailAccountTest.java
29,src/main/java/teammates/ui/request/FeedbackQuestionUpdateRequest.java
29,src/main/java/teammates/ui/webapi/AccountRequestSearchIndexingWorkerAction.java
1,src/test/java/teammates/ui/webapi/GetFeedbackResponseCommentActionTest.java
81,src/main/java/teammates/ui/output/CourseData.java
88,src/main/java/teammates/storage/entity/AccountRequest.java
68,src/test/java/teammates/logic/external/GoogleRecaptchaServiceTest.java
175,src/main/java/teammates/common/exception/InstructorUpdateException.java
1,src/main/java/teammates/common/util/Const.java
175,src/main/java/teammates/common/datatransfer/logs/LogEvent.java
176,src/test/java/teammates/logic/core/CoursesLogicTest.java
177,src/main/java/teammates/storage/api/DeadlineExtensionsDb.java
174,src/test/java/teammates/common/datatransfer/attributes/AccountRequestAttributesTest.java
81,src/main/java/teammates/ui/webapi/ActionResult.java
7,src/test/java/teammates/ui/webapi/RegenerateInstructorKeyActionTest.java
1,src/main/java/teammates/ui/request/MarkNotificationAsReadRequest.java
29,src/main/java/teammates/ui/output/GeneralLogsData.java
5,src/main/java/teammates/ui/webapi/CompileLogsAction.java
29,src/main/java/teammates/ui/webapi/GetCourseSectionNamesAction.java
17,src/e2e/java/teammates/e2e/pageobjects/InstructorCourseDetailsPage.java
1,src/test/java/teammates/storage/api/FeedbackResponsesDbTest.java
25,src/test/java/teammates/ui/webapi/GetStudentsActionTest.java
20,src/test/java/teammates/common/datatransfer/questions/FeedbackNumericalScaleQuestionDetailsTest.java
4,src/main/java/teammates/ui/webapi/InstructorCourseJoinEmailWorkerAction.java
131,src/main/java/teammates/storage/entity/DeadlineExtension.java
186,src/e2e/java/teammates/e2e/cases/TimezoneSyncerTest.java
101,src/main/java/teammates/storage/entity/Course.java
16,src/e2e/java/teammates/e2e/cases/InstructorCoursesPageE2ETest.java
131,src/test/java/teammates/ui/webapi/GetCoursesActionTest.java
97,src/main/java/teammates/logic/core/DeadlineExtensionsLogic.java
176,src/main/java/teammates/logic/external/FirebaseAuthService.java
7,src/test/java/teammates/ui/webapi/GetInstructorActionTest.java
1,src/main/java/teammates/ui/servlets/WebSecurityHeaderFilter.java
15,src/e2e/java/teammates/e2e/pageobjects/InstructorFeedbackEditPage.java
20,src/main/java/teammates/common/datatransfer/InstructorPrivilegesLegacy.java
177,src/main/java/teammates/storage/search/AccountRequestSearchDocument.java
5,src/main/java/teammates/ui/request/InstructorCreateRequest.java
131,src/test/java/teammates/ui/webapi/BinCourseActionTest.java
97,src/test/java/teammates/ui/webapi/GetAuthInfoActionTest.java
97,src/main/java/teammates/ui/output/FeedbackSessionLogsData.java
7,src/main/java/teammates/ui/request/package-info.java
1,src/main/java/teammates/storage/api/FeedbackSessionsDb.java
5,src/main/java/teammates/ui/webapi/DeleteStudentsAction.java
29,src/main/java/teammates/ui/output/StudentData.java
97,src/test/java/teammates/ui/webapi/GetOngoingSessionsActionTest.java
175,src/main/java/teammates/common/datatransfer/InstructorPrivilegesLegacy.java
1,src/test/java/teammates/common/datatransfer/attributes/NotificationAttributesTest.java
29,src/test/java/teammates/ui/webapi/GetReadNotificationsActionTest.java
5,src/test/java/teammates/ui/webapi/DeleteStudentsActionTest.java
185,src/e2e/java/teammates/e2e/util/BackDoor.java
25,src/main/java/teammates/ui/output/ReadNotificationsData.java
15,src/e2e/java/teammates/e2e/cases/FeedbackMsqQuestionE2ETest.java
5,src/test/java/teammates/ui/webapi/GetFeedbackSessionLogsActionTest.java
25,src/test/java/teammates/ui/webapi/DeleteCourseActionTest.java
7,src/test/java/teammates/ui/webapi/UnpublishFeedbackSessionActionTest.java
128,src/main/java/teammates/storage/entity/UsageStatistics.java
16,src/e2e/java/teammates/e2e/cases/axe/StudentCourseJoinConfirmationPageAxeTest.java
47,src/main/java/teammates/ui/webapi/RemindFeedbackSessionResultAction.java
177,src/main/java/teammates/storage/entity/Instructor.java
7,src/test/java/teammates/ui/webapi/GetFeedbackSessionsActionTest.java
194,src/client/java/teammates/client/scripts/DataMigrationForTeamNameInResponseGiver.java
175,src/test/java/teammates/common/datatransfer/TeamEvalResultTest.java
4,src/test/java/teammates/ui/request/package-info.java
25,src/main/java/teammates/ui/webapi/DeleteFeedbackQuestionAction.java
20,src/test/java/teammates/common/datatransfer/attributes/FeedbackResponseAttributesTest.java
81,src/main/java/teammates/ui/webapi/PublishFeedbackSessionAction.java
97,src/main/java/teammates/logic/api/AuthProxy.java
1,src/test/java/teammates/logic/api/BaseLogicTest.java
7,src/main/java/teammates/ui/webapi/GetFeedbackSessionLogsAction.java
17,src/e2e/java/teammates/e2e/pageobjects/InstructorCourseEnrollPage.java
97,src/test/java/teammates/ui/webapi/GetStudentsActionTest.java
1,src/main/java/teammates/ui/request/FeedbackQuestionUpdateRequest.java
97,src/test/java/teammates/logic/core/DeadlineExtensionsLogicTest.java
68,src/main/java/teammates/logic/api/RecaptchaVerifier.java
25,src/main/java/teammates/ui/request/FeedbackResponseCommentBasicRequest.java
186,src/e2e/java/teammates/e2e/cases/axe/InstructorSessionIndividualExtensionPageAxeTest.java
7,src/main/java/teammates/ui/servlets/OAuth2CallbackServlet.java
88,src/test/java/teammates/logic/external/GoogleRecaptchaServiceTest.java
186,src/e2e/java/teammates/e2e/pageobjects/InstructorCourseEditPage.java
29,src/main/java/teammates/ui/webapi/DeleteInstructorAction.java
68,src/main/java/teammates/logic/core/FeedbackSessionsLogic.java
128,src/test/java/teammates/storage/api/FeedbackResponsesDbTest.java
81,src/main/java/teammates/ui/webapi/UpdateFeedbackQuestionAction.java
81,src/test/java/teammates/ui/webapi/GetActionClassesActionTest.java
29,src/main/java/teammates/ui/output/JoinLinkData.java
97,src/main/java/teammates/ui/webapi/SendLoginEmailAction.java
163,src/test/java/teammates/test/package-info.java
1,src/e2e/java/teammates/e2e/pageobjects/FeedbackSubmitPage.java
1,src/main/java/teammates/ui/output/OngoingSession.java
1,src/main/java/teammates/common/datatransfer/FeedbackResultFetchType.java
122,src/test/java/teammates/logic/core/DataBundleLogicTest.java
129,src/main/java/teammates/logic/external/RecaptchaService.java
25,src/main/java/teammates/ui/webapi/GetAuthInfoAction.java
7,src/main/java/teammates/ui/webapi/SearchAccountRequestsAction.java
155,src/main/java/teammates/common/datatransfer/attributes/NotificationAttributes.java
97,src/main/java/teammates/ui/webapi/InvalidHttpParameterException.java
10,src/test/java/teammates/test/AbstractBackDoor.java
122,src/main/java/teammates/logic/core/AccountRequestsLogic.java
81,src/main/java/teammates/ui/request/FeedbackSessionUpdateRequest.java
47,src/test/java/teammates/ui/webapi/CalculateUsageStatisticsActionTest.java
4,src/main/java/teammates/ui/output/InstructorPrivilegeData.java
177,src/main/java/teammates/storage/entity/BaseEntity.java
175,src/main/java/teammates/common/datatransfer/questions/FeedbackContributionResponseDetails.java
25,src/main/java/teammates/ui/request/AccountCreateRequest.java
174,src/test/java/teammates/common/util/StringHelperExtension.java
4,src/main/java/teammates/ui/webapi/GenerateEmailAction.java
81,src/main/java/teammates/ui/output/NumberOfEntitiesToGiveFeedbackToSetting.java
47,src/test/java/teammates/logic/api/UserProvisionTest.java
29,src/main/java/teammates/ui/webapi/DeleteFeedbackSessionAction.java
20,src/main/java/teammates/common/util/TzdbResourceZoneRulesProvider.java
155,src/test/java/teammates/common/datatransfer/attributes/DeadlineExtensionAttributesTest.java
88,src/test/java/teammates/logic/api/LogicExtension.java
1,src/main/java/teammates/common/datatransfer/attributes/FeedbackQuestionAttributes.java
129,src/test/java/teammates/logic/api/MockEmailSender.java
97,src/main/java/teammates/ui/output/ActionClasses.java
68,src/test/java/teammates/logic/core/AccountsLogicTest.java
81,src/main/java/teammates/ui/webapi/GetAccountAction.java
174,src/main/java/teammates/common/exception/SearchServiceException.java
128,src/main/java/teammates/storage/api/FeedbackResponsesDb.java
131,src/test/java/teammates/ui/webapi/CreateFeedbackResponseCommentActionTest.java
97,src/main/java/teammates/logic/core/package-info.java
1,src/test/java/teammates/ui/webapi/GetStudentsActionTest.java
16,src/e2e/java/teammates/e2e/cases/InstructorHomePageE2ETest.java
25,src/main/java/teammates/ui/constants/ApiConst.java
68,src/test/java/teammates/logic/core/CoursesLogicTest.java
186,src/e2e/java/teammates/e2e/cases/FeedbackConstSumRecipientQuestionE2ETest.java
175,src/test/java/teammates/common/datatransfer/questions/package-info.java
15,src/e2e/java/teammates/e2e/pageobjects/InstructorCourseEditPage.java
185,src/e2e/java/teammates/e2e/cases/FeedbackRankRecipientQuestionE2ETest.java
174,src/main/java/teammates/common/util/Templates.java
185,src/e2e/java/teammates/e2e/cases/axe/InstructorCourseEnrollPageAxeTest.java
131,src/main/java/teammates/ui/webapi/AdminExceptionTestAction.java
5,src/main/java/teammates/ui/webapi/GetNotificationAction.java
5,src/main/java/teammates/ui/output/JoinStatus.java
4,src/main/java/teammates/ui/output/FeedbackQuestionData.java
176,src/main/java/teammates/logic/external/MailgunService.java
5,src/main/java/teammates/ui/output/InstructorPermissionRole.java
97,src/test/java/teammates/ui/webapi/StudentSearchIndexingWorkerActionTest.java
174,src/main/java/teammates/common/datatransfer/FeedbackParticipantType.java
17,src/e2e/java/teammates/e2e/cases/axe/InstructorStudentListPageAxeTest.java
29,src/main/java/teammates/ui/webapi/FeedbackSessionPublishedEmailWorkerAction.java
131,src/test/java/teammates/ui/webapi/StudentSearchIndexingWorkerActionTest.java
47,src/main/java/teammates/ui/output/InstructorsData.java
185,src/e2e/java/teammates/e2e/cases/axe/AdminHomePageAxeTest.java
1,src/test/java/teammates/ui/webapi/JsonResultTest.java
5,src/test/java/teammates/ui/webapi/GetDeadlineExtensionActionTest.java
81,src/main/java/teammates/ui/webapi/InvalidHttpParameterException.java
155,src/main/java/teammates/common/util/Logger.java
4,src/main/java/teammates/ui/servlets/LoginServlet.java
163,src/test/java/teammates/test/AbstractBackDoor.java
5,src/main/java/teammates/ui/servlets/package-info.java
17,src/e2e/java/teammates/e2e/cases/BaseE2ETestCase.java
131,src/main/java/teammates/ui/output/FeedbackSessionLogData.java
25,src/main/java/teammates/ui/webapi/GetNotificationsAction.java
7,src/main/java/teammates/ui/output/FeedbackSessionSubmissionStatus.java
131,src/main/java/teammates/ui/webapi/CompileLogsAction.java
29,src/main/java/teammates/ui/request/FeedbackResponseCommentBasicRequest.java
1,src/main/java/teammates/ui/output/FeedbackResponsesData.java
7,src/main/java/teammates/ui/request/InvalidHttpRequestBodyException.java
97,src/main/java/teammates/logic/core/AccountRequestsLogic.java
1,src/test/java/teammates/logic/core/DeadlineExtensionsLogicTest.java
185,src/e2e/java/teammates/e2e/util/MaximumRetriesExceededException.java
131,src/main/java/teammates/ui/webapi/SearchStudentsAction.java
1,src/e2e/java/teammates/e2e/pageobjects/StudentNotificationsPage.java
1,src/client/java/teammates/client/scripts/GenerateUsageStatisticsObjects.java
1,src/main/java/teammates/ui/output/CourseSectionNamesData.java
87,src/test/java/teammates/logic/api/MockAuthProxy.java
155,src/main/java/teammates/common/datatransfer/questions/FeedbackContributionQuestionDetails.java
29,src/main/java/teammates/ui/webapi/JoinCourseAction.java
155,src/test/java/teammates/common/datatransfer/attributes/FeedbackSessionAttributesTest.java
15,src/e2e/java/teammates/e2e/cases/FeedbackNumScaleQuestionE2ETest.java
81,src/main/java/teammates/ui/webapi/Action.java
29,src/main/java/teammates/ui/webapi/CreateFeedbackSessionLogAction.java
131,src/main/java/teammates/ui/webapi/PutDataBundleDocumentsAction.java
176,src/main/java/teammates/logic/external/EmptyAuthService.java
4,src/main/java/teammates/ui/output/TimeZonesData.java
118,src/test/java/teammates/storage/api/FeedbackSessionsDbTest.java
1,src/main/java/teammates/ui/webapi/SessionLinksRecoveryAction.java
47,src/main/java/teammates/logic/core/InstructorsLogic.java
68,src/test/java/teammates/logic/core/BaseLogicTest.java
5,src/main/java/teammates/ui/webapi/PutDataBundleAction.java
1,src/main/java/teammates/common/datatransfer/DataBundle.java
97,src/main/java/teammates/logic/core/StudentsLogic.java
88,src/main/java/teammates/storage/search/SearchManagerStarter.java
88,src/test/java/teammates/storage/api/EntitiesDbTest.java
1,src/test/java/teammates/ui/webapi/CalculateUsageStatisticsActionTest.java
29,src/main/java/teammates/ui/webapi/FeedbackSessionOpeningSoonRemindersAction.java
1,src/main/java/teammates/logic/core/FeedbackResponseCommentsLogic.java
1,src/e2e/java/teammates/e2e/cases/axe/InstructorCourseDetailsPageAxeTest.java
131,src/main/java/teammates/storage/entity/FeedbackSession.java
81,src/test/java/teammates/ui/webapi/CompileLogsActionTest.java
47,src/main/java/teammates/ui/output/StudentData.java
47,src/test/java/teammates/ui/webapi/GetReadNotificationsActionTest.java
185,src/e2e/java/teammates/e2e/pageobjects/Browser.java
16,src/e2e/java/teammates/e2e/pageobjects/AdminNotificationsPage.java
7,src/main/java/teammates/ui/servlets/DevServerLoginServlet.java
4,src/main/java/teammates/ui/output/FeedbackSessionLogsData.java
81,src/main/java/teammates/ui/output/UsageStatisticsData.java
15,src/e2e/java/teammates/e2e/cases/NotificationBannerE2ETest.java
131,src/main/java/teammates/ui/webapi/GetFeedbackSessionLogsAction.java
5,src/test/java/teammates/ui/webapi/SubmitFeedbackResponsesActionTest.java
47,src/main/java/teammates/ui/output/SessionResultsData.java
1,src/main/java/teammates/common/datatransfer/attributes/NotificationAttributes.java
68,src/test/java/teammates/logic/core/AccountRequestsLogicTest.java
4,src/test/java/teammates/ui/webapi/JoinCourseActionTest.java
97,src/test/java/teammates/ui/webapi/RegenerateStudentKeyActionTest.java
97,src/test/java/teammates/ui/webapi/ResetAccountActionTest.java
4,src/main/java/teammates/ui/webapi/AuthType.java
155,src/main/java/teammates/common/datatransfer/attributes/EntityAttributes.java
81,src/main/java/teammates/ui/output/JoinStatus.java
47,src/test/java/teammates/logic/api/MockRecaptchaVerifier.java
4,src/main/java/teammates/ui/servlets/HealthCheckServlet.java
118,src/main/java/teammates/storage/search/SearchManagerFactory.java
20,src/main/java/teammates/common/datatransfer/questions/FeedbackRubricQuestionDetails.java
47,src/test/java/teammates/ui/webapi/GetStudentsActionTest.java
16,src/e2e/java/teammates/e2e/cases/InstructorCourseStudentDetailsEditPageE2ETest.java
185,src/e2e/java/teammates/e2e/pageobjects/AdminAccountsPage.java
129,src/test/java/teammates/logic/external/GoogleRecaptchaServiceTest.java
1,src/main/java/teammates/ui/request/FeedbackResponseCommentUpdateRequest.java
97,src/test/java/teammates/ui/webapi/EnrollStudentsActionTest.java
16,src/e2e/java/teammates/e2e/pageobjects/InstructorFeedbackResultsPage.java
186,src/e2e/java/teammates/e2e/cases/FeedbackRubricQuestionE2ETest.java
131,src/main/java/teammates/ui/output/FeedbackQuestionsData.java
175,src/test/java/teammates/common/datatransfer/attributes/BaseAttributesTest.java
81,src/main/java/teammates/ui/webapi/GetStudentAction.java
131,src/test/java/teammates/ui/webapi/GetActionClassesActionTest.java
1,src/e2e/java/teammates/e2e/cases/InstructorCourseStudentDetailsPageE2ETest.java
29,src/main/java/teammates/ui/servlets/DevServerLoginServlet.java
128,src/main/java/teammates/storage/search/SearchManager.java
174,src/main/java/teammates/common/util/StringHelper.java
81,src/test/java/teammates/ui/webapi/GetSessionResponseStatsActionTest.java
97,src/main/java/teammates/logic/external/EmptyAuthService.java
185,src/e2e/java/teammates/e2e/cases/FeedbackContributionQuestionE2ETest.java
4,src/main/java/teammates/ui/webapi/GetReadNotificationsAction.java
128,src/test/java/teammates/storage/api/FeedbackResponseCommentsDbTest.java
155,src/main/java/teammates/common/datatransfer/questions/FeedbackRankRecipientsResponseDetails.java
1,src/main/java/teammates/ui/webapi/UpdateNotificationAction.java
68,src/test/java/teammates/logic/core/FeedbackResponseCommentsLogicTest.java
4,src/test/java/teammates/ui/webapi/RegenerateInstructorKeyActionTest.java
10,src/test/java/teammates/test/AssertHelper.java
29,src/main/java/teammates/ui/output/NumberOfEntitiesToGiveFeedbackToSetting.java
5,src/main/java/teammates/ui/output/ResponseVisibleSetting.java
131,src/test/java/teammates/ui/webapi/GetFeedbackSessionLogsActionTest.java
1,src/test/java/teammates/ui/webapi/DeleteInstructorActionTest.java
25,src/test/java/teammates/ui/webapi/GetFeedbackResponseCommentActionTest.java
5,src/test/java/teammates/ui/webapi/CreateCourseActionTest.java
4,src/main/java/teammates/ui/webapi/UpdateInstructorPrivilegeAction.java
88,src/main/java/teammates/storage/search/StudentSearchManager.java
47,src/main/java/teammates/ui/webapi/GetFeedbackQuestionsAction.java
118,src/main/java/teammates/storage/api/InstructorsDb.java
1,src/e2e/java/teammates/e2e/cases/StudentHomePageE2ETest.java
20,src/main/java/teammates/common/datatransfer/InstructorPrivileges.java
131,src/main/java/teammates/ui/webapi/DeleteAccountRequestAction.java
4,src/main/java/teammates/ui/constants/ResourceEndpoints.java
1,src/main/java/teammates/logic/external/package-info.java
7,src/main/java/teammates/ui/request/CourseCreateRequest.java
4,src/test/java/teammates/ui/webapi/GetOngoingSessionsActionTest.java
131,src/test/java/teammates/ui/webapi/GetInstructorsActionTest.java
4,src/main/java/teammates/ui/output/InstructorPermissionRole.java
97,src/main/java/teammates/ui/output/FeedbackSessionLogEntryData.java
25,src/main/java/teammates/ui/webapi/GetCourseJoinStatusAction.java
7,src/test/java/teammates/ui/webapi/GetAccountRequestActionTest.java
68,src/main/java/teammates/logic/core/AccountsLogic.java
1,src/main/java/teammates/common/datatransfer/questions/FeedbackMcqResponseDetails.java
25,src/main/java/teammates/ui/webapi/InstructorSearchIndexingWorkerAction.java
1,src/main/java/teammates/common/util/HttpRequest.java
1,src/test/java/teammates/ui/webapi/FeedbackSessionRemindEmailWorkerActionTest.java
177,src/main/java/teammates/storage/entity/AccountRequest.java
29,src/main/java/teammates/ui/output/InstructorsData.java
1,src/e2e/java/teammates/e2e/cases/axe/InstructorCourseEditPageAxeTest.java
1,src/e2e/java/teammates/e2e/cases/StudentCourseJoinConfirmationPageE2ETest.java
4,src/test/java/teammates/ui/webapi/SearchAccountRequestsActionTest.java
131,src/test/java/teammates/ui/webapi/GetRegkeyValidityActionTest.java
47,src/test/java/teammates/ui/webapi/FeedbackSessionRemindEmailWorkerActionTest.java
97,src/test/java/teammates/ui/webapi/UpdateNotificationActionTest.java
25,src/main/java/teammates/ui/output/FeedbackSessionLogData.java
81,src/main/java/teammates/ui/output/FeedbackSessionPublishStatus.java
17,src/e2e/java/teammates/e2e/cases/InstructorFeedbackSessionsPageE2ETest.java
17,src/e2e/java/teammates/e2e/cases/AdminSearchPageE2ETest.java
1,src/main/java/teammates/storage/api/FeedbackResponseCommentsDb.java
174,src/main/java/teammates/common/datatransfer/logs/QueryLogsParams.java
5,src/test/java/teammates/ui/webapi/CreateFeedbackSessionActionTest.java
97,src/main/java/teammates/ui/webapi/GetTimeZonesAction.java
5,src/main/java/teammates/ui/webapi/FeedbackSessionPublishedRemindersAction.java
15,src/e2e/java/teammates/e2e/cases/axe/InstructorNotificationsPageAxeTest.java
47,src/main/java/teammates/ui/webapi/GetOngoingSessionsAction.java
1,src/test/java/teammates/ui/webapi/GetInstructorActionTest.java
5,src/main/java/teammates/ui/output/NotificationsData.java
131,src/main/java/teammates/ui/webapi/SubmitFeedbackResponsesAction.java
1,src/test/java/teammates/common/datatransfer/questions/FeedbackContributionQuestionDetailsTest.java
25,src/main/java/teammates/ui/output/HasResponsesData.java
81,src/test/java/teammates/ui/webapi/RestoreFeedbackSessionActionTest.java
1,src/e2e/java/teammates/e2e/pageobjects/InstructorStudentActivityLogsPage.java
131,src/main/java/teammates/ui/request/FeedbackResponseCommentBasicRequest.java
47,src/main/java/teammates/ui/webapi/GetAccountAction.java
5,src/main/java/teammates/ui/webapi/ActionResult.java
16,src/e2e/java/teammates/e2e/cases/FeedbackConstSumRecipientQuestionE2ETest.java
47,src/main/java/teammates/ui/webapi/DeleteStudentsAction.java
47,src/main/java/teammates/ui/output/FeedbackSessionStatsData.java
77,src/test/java/teammates/logic/core/InstructorsLogicTest.java
4,src/main/java/teammates/ui/webapi/CreateFeedbackSessionAction.java
97,src/main/java/teammates/ui/output/AuthInfo.java
1,src/client/java/teammates/client/scripts/package-info.java
4,src/test/java/teammates/ui/webapi/UpdateFeedbackQuestionActionTest.java
131,src/test/java/teammates/ui/webapi/UpdateInstructorActionTest.java
29,src/test/java/teammates/ui/webapi/FeedbackSessionClosedRemindersActionTest.java
68,src/test/java/teammates/logic/api/package-info.java
131,src/main/java/teammates/ui/constants/ResourceEndpoints.java
7,src/main/java/teammates/ui/webapi/DeleteCourseAction.java
29,src/main/java/teammates/ui/webapi/InstructorCourseJoinEmailWorkerAction.java
1,src/main/java/teammates/ui/servlets/LoginServlet.java
1,src/main/java/teammates/ui/webapi/CreateAccountRequestAction.java
194,src/client/java/teammates/client/util/package-info.java
1,src/main/java/teammates/common/datatransfer/logs/QueryLogsParams.java
47,src/main/java/teammates/ui/request/FeedbackQuestionUpdateRequest.java
1,src/client/java/teammates/client/scripts/DataMigrationEntitiesBaseScript.java
186,src/e2e/java/teammates/e2e/cases/InstructorSessionIndividualExtensionPageE2ETest.java
131,src/main/java/teammates/storage/api/UsageStatisticsDb.java
47,src/main/java/teammates/logic/external/AuthService.java
101,src/test/java/teammates/storage/api/FeedbackResponseCommentsDbTest.java
29,src/test/java/teammates/ui/webapi/GetFeedbackQuestionsActionTest.java
186,src/e2e/java/teammates/e2e/cases/package-info.java
175,src/main/java/teammates/common/util/HttpRequest.java
1,src/test/java/teammates/ui/webapi/GetFeedbackSessionSubmittedGiverSetActionTest.java
185,src/e2e/java/teammates/e2e/pageobjects/InstructorStudentListPage.java
101,src/main/java/teammates/storage/entity/FeedbackResponseComment.java
4,src/test/java/teammates/ui/request/StudentsEnrollRequestTest.java
1,src/test/java/teammates/ui/webapi/DeleteCourseActionTest.java
5,src/main/java/teammates/ui/output/HasResponsesData.java
5,src/main/java/teammates/ui/request/NotificationBasicRequest.java
68,src/main/java/teammates/logic/api/EmailSender.java
47,src/main/java/teammates/logic/api/EmailSender.java
25,src/test/java/teammates/ui/webapi/RegenerateInstructorKeyActionTest.java
174,src/test/java/teammates/common/datatransfer/InstructorPrivilegesTest.java
15,src/e2e/java/teammates/e2e/cases/AdminHomePageE2ETest.java
1,src/main/java/teammates/logic/api/RecaptchaVerifier.java
163,src/test/java/teammates/test/TestPropertiesTest.java
131,src/test/java/teammates/ui/webapi/UpdateFeedbackQuestionActionTest.java
4,src/main/java/teammates/ui/webapi/MarkNotificationAsReadAction.java
186,src/e2e/java/teammates/e2e/cases/StudentCourseJoinConfirmationPageE2ETest.java
29,src/main/java/teammates/ui/webapi/FeedbackSessionUnpublishedEmailWorkerAction.java
185,src/e2e/java/teammates/e2e/cases/TimezoneSyncerTest.java
16,src/e2e/java/teammates/e2e/cases/axe/FeedbackSubmitPageAxeTest.java
15,src/e2e/java/teammates/e2e/cases/axe/InstructorCourseEditPageAxeTest.java
186,src/e2e/java/teammates/e2e/pageobjects/ErrorReportingModal.java
5,src/main/java/teammates/ui/output/StudentData.java
25,src/main/java/teammates/ui/webapi/RemindFeedbackSessionResultAction.java
5,src/main/java/teammates/ui/output/FeedbackSessionData.java
5,src/main/java/teammates/ui/webapi/UpdateFeedbackQuestionAction.java
88,src/test/java/teammates/storage/search/AccountRequestSearchTest.java
47,src/test/java/teammates/ui/webapi/SendJoinReminderEmailActionTest.java
29,src/main/java/teammates/ui/output/FeedbackSessionPublishStatus.java
7,src/main/java/teammates/ui/webapi/SendErrorReportAction.java
17,src/e2e/java/teammates/e2e/pageobjects/AdminHomePage.java
7,src/test/java/teammates/ui/webapi/DeleteAccountRequestActionTest.java
118,src/main/java/teammates/storage/entity/BaseEntity.java
97,src/test/java/teammates/ui/webapi/JsonResultTest.java
4,src/test/java/teammates/ui/servlets/WebApiServletTest.java
7,src/main/java/teammates/ui/request/FeedbackSessionRespondentRemindRequest.java
7,src/test/java/teammates/ui/webapi/CalculateUsageStatisticsActionTest.java
97,src/test/java/teammates/ui/webapi/GetTimeZonesActionTest.java
4,src/main/java/teammates/ui/webapi/GetInstructorAction.java
174,src/test/java/teammates/common/datatransfer/TeamEvalResultTest.java
25,src/main/java/teammates/ui/webapi/BasicFeedbackSubmissionAction.java
174,src/main/java/teammates/common/datatransfer/UserInfoCookie.java
81,src/main/java/teammates/ui/output/StudentData.java
1,src/e2e/java/teammates/e2e/cases/InstructorCourseEditPageE2ETest.java
47,src/main/java/teammates/ui/webapi/RegenerateStudentKeyAction.java
97,src/main/java/teammates/ui/webapi/GetFeedbackSessionSubmittedGiverSetAction.java
81,src/test/java/teammates/ui/webapi/UpdateInstructorPrivilegeActionTest.java
4,src/main/java/teammates/ui/webapi/GetAccountsAction.java
29,src/main/java/teammates/ui/webapi/CreateAccountRequestAction.java
1,src/main/java/teammates/ui/request/AccountCreateRequest.java
1,src/main/java/teammates/ui/output/FeedbackSessionLogsData.java
7,src/test/java/teammates/ui/webapi/DeleteStudentsActionTest.java
25,src/test/java/teammates/ui/webapi/MarkNotificationAsReadActionTest.java
97,src/main/java/teammates/ui/webapi/AuthType.java
5,src/test/java/teammates/ui/webapi/GetNotificationsActionTest.java
101,src/main/java/teammates/storage/api/AccountRequestsDb.java
4,src/main/java/teammates/ui/output/FeedbackSessionSubmissionStatus.java
194,src/client/java/teammates/client/scripts/DataMigrationForUnencryptedKeyForStudents.java
122,src/test/java/teammates/logic/api/MockAuthProxy.java
47,src/main/java/teammates/ui/webapi/FeedbackSessionUnpublishedEmailWorkerAction.java
25,src/main/java/teammates/ui/webapi/GetSessionResponseStatsAction.java
101,src/main/java/teammates/storage/search/InstructorSearchDocument.java
18,src/client/java/teammates/client/scripts/SingleAccountGoogleIdMigrationScript.java
128,src/test/java/teammates/storage/api/StudentsDbTest.java
47,src/test/java/teammates/ui/webapi/GetStudentActionTest.java
16,src/e2e/java/teammates/e2e/pageobjects/InstructorCourseDetailsPage.java
131,src/test/java/teammates/ui/webapi/RestoreFeedbackSessionActionTest.java
1,src/main/java/teammates/ui/request/FeedbackSessionBasicRequest.java
1,src/main/java/teammates/ui/webapi/GetFeedbackSessionAction.java
101,src/test/java/teammates/storage/search/BaseSearchTest.java
185,src/e2e/java/teammates/e2e/cases/axe/AdminAccountsPageAxeTest.java
29,src/main/java/teammates/ui/webapi/GetInstructorAction.java
176,src/main/java/teammates/logic/core/package-info.java
131,src/test/java/teammates/ui/webapi/RemindFeedbackSessionResultActionTest.java
20,src/test/java/teammates/common/datatransfer/questions/FeedbackResponseDetailsTest.java
7,src/main/java/teammates/ui/servlets/LegacyUrlMapper.java
155,src/main/java/teammates/common/datatransfer/logs/EmailSentLogDetails.java
185,src/e2e/java/teammates/e2e/cases/axe/InstructorSessionIndividualExtensionPageAxeTest.java
25,src/main/java/teammates/ui/webapi/RemindFeedbackSessionSubmissionAction.java
97,src/test/java/teammates/ui/webapi/DeleteFeedbackQuestionActionTest.java
47,src/main/java/teammates/logic/api/EmailGenerator.java
1,src/e2e/java/teammates/e2e/cases/InstructorNotificationsPageE2ETest.java
47,src/test/java/teammates/ui/servlets/LegacyUrlMapperTest.java
81,src/main/java/teammates/ui/request/FeedbackQuestionUpdateRequest.java
47,src/main/java/teammates/ui/servlets/LoginServlet.java
20,src/test/java/teammates/common/datatransfer/package-info.java
131,src/test/java/teammates/ui/webapi/GetCourseActionTest.java
81,src/test/java/teammates/ui/webapi/RegenerateInstructorKeyActionTest.java
17,src/e2e/java/teammates/e2e/cases/axe/InstructorCourseJoinConfirmationPageAxeTest.java
128,src/main/java/teammates/storage/entity/FeedbackResponse.java
25,src/main/java/teammates/ui/output/UsageStatisticsRangeData.java
81,src/test/java/teammates/ui/webapi/CreateFeedbackResponseCommentActionTest.java
131,src/main/java/teammates/ui/request/InvalidHttpRequestBodyException.java
194,src/client/java/teammates/client/scripts/DataMigrationForUnencryptedKeyForInstructors.java
1,src/main/java/teammates/logic/core/package-info.java
25,src/test/java/teammates/ui/webapi/FeedbackSessionOpeningSoonRemindersActionTest.java
131,src/main/java/teammates/ui/output/InstructorPrivilegeData.java
88,src/main/java/teammates/storage/api/StudentsDb.java
97,src/main/java/teammates/ui/webapi/GetStudentAction.java
174,src/main/java/teammates/common/datatransfer/attributes/NotificationAttributes.java
81,src/main/java/teammates/ui/webapi/SendJoinReminderEmailAction.java
4,src/test/java/teammates/ui/webapi/GetRegkeyValidityActionTest.java
186,src/e2e/java/teammates/e2e/cases/axe/StudentCourseDetailsPageAxeTest.java
47,src/test/java/teammates/ui/webapi/DeleteFeedbackSessionActionTest.java
1,src/test/java/teammates/ui/webapi/BaseActionTest.java
185,src/e2e/java/teammates/e2e/pageobjects/HomePage.java
5,src/test/java/teammates/ui/webapi/RestoreCourseActionTest.java
175,src/main/java/teammates/common/datatransfer/FeedbackParticipantType.java
97,src/main/java/teammates/ui/output/InstructorsData.java
1,src/main/java/teammates/ui/constants/package-info.java
131,src/main/java/teammates/ui/webapi/GetSessionResponseStatsAction.java
25,src/test/java/teammates/ui/webapi/SearchStudentsActionTest.java
81,src/main/java/teammates/ui/request/CourseBasicRequest.java
1,src/main/java/teammates/ui/request/NotificationBasicRequest.java
25,src/test/java/teammates/ui/webapi/RegenerateStudentKeyActionTest.java
7,src/test/java/teammates/ui/webapi/GetStudentActionTest.java
16,src/e2e/java/teammates/e2e/pageobjects/FeedbackSubmitPage.java
47,src/main/java/teammates/ui/webapi/InvalidOperationException.java
129,src/test/java/teammates/logic/core/AccountsLogicTest.java
16,src/e2e/java/teammates/e2e/util/TestPropertiesTest.java
97,src/main/java/teammates/logic/core/CoursesLogic.java
7,src/main/java/teammates/ui/webapi/FeedbackSessionPublishedEmailWorkerAction.java
25,src/main/java/teammates/ui/webapi/CreateCourseAction.java
7,src/main/java/teammates/ui/request/Intent.java
88,src/test/java/teammates/logic/core/NotificationsLogicTest.java
185,src/e2e/java/teammates/e2e/cases/axe/InstructorCourseEditPageAxeTest.java
122,src/test/java/teammates/logic/core/FeedbackQuestionsLogicTest.java
129,src/test/java/teammates/logic/api/MockUserProvision.java
25,src/test/java/teammates/ui/webapi/GetDeadlineExtensionActionTest.java
101,src/main/java/teammates/storage/api/OfyHelper.java
186,src/e2e/java/teammates/e2e/cases/axe/StudentNotificationsPageAxeTest.java
29,src/test/java/teammates/ui/webapi/InstructorSearchIndexingWorkerActionTest.java
1,src/main/java/teammates/ui/output/ResponseVisibleSetting.java
87,src/test/java/teammates/logic/core/InstructorsLogicTest.java
97,src/test/java/teammates/ui/webapi/SearchStudentsActionTest.java
16,src/e2e/java/teammates/e2e/util/Retryable.java
20,src/main/java/teammates/common/datatransfer/logs/EmailSentLogDetails.java
7,src/main/java/teammates/ui/webapi/ActionMappingException.java
97,src/test/java/teammates/logic/api/MockAuthProxy.java
25,src/main/java/teammates/ui/output/FeedbackQuestionRecipientData.java
1,src/main/java/teammates/ui/webapi/GetAuthInfoAction.java
4,src/main/java/teammates/ui/output/FeedbackResponsesData.java
131,src/main/java/teammates/ui/output/StudentData.java
185,src/e2e/java/teammates/e2e/util/RetryManager.java
1,src/test/java/teammates/storage/api/NotificationsDbTest.java
97,src/main/java/teammates/ui/webapi/UnpublishFeedbackSessionAction.java
155,src/test/java/teammates/common/datatransfer/questions/FeedbackResponseDetailsTest.java
81,src/test/java/teammates/ui/webapi/UpdateNotificationActionTest.java
97,src/test/java/teammates/ui/webapi/CreateFeedbackQuestionActionTest.java
1,src/main/java/teammates/common/datatransfer/attributes/DeadlineExtensionAttributes.java
97,src/main/java/teammates/logic/core/DataBundleLogic.java
129,src/test/java/teammates/logic/core/NotificationsLogicTest.java
7,src/main/java/teammates/ui/output/CourseArchiveData.java
155,src/main/java/teammates/common/exception/SearchServiceException.java
1,src/main/java/teammates/ui/webapi/BasicFeedbackSubmissionAction.java
1,src/test/java/teammates/ui/webapi/GetHasResponsesActionTest.java
1,src/main/java/teammates/common/datatransfer/attributes/EntityAttributes.java
5,src/test/java/teammates/ui/webapi/GetInstructorPrivilegeActionTest.java
163,src/test/java/teammates/test/BaseTestCaseWithLocalDatabaseAccess.java
7,src/main/java/teammates/ui/output/ResponseVisibleSetting.java
47,src/test/java/teammates/ui/webapi/SearchAccountRequestsActionTest.java
186,src/e2e/java/teammates/e2e/cases/InstructorCoursesPageE2ETest.java
17,src/e2e/java/teammates/e2e/cases/axe/InstructorStudentRecordsPageAxeTest.java
88,src/main/java/teammates/logic/core/CoursesLogic.java
17,src/e2e/java/teammates/e2e/pageobjects/UserNotificationsPage.java
1,src/e2e/java/teammates/e2e/cases/FeedbackTextQuestionE2ETest.java
10,src/test/java/teammates/test/BaseTestCase.java
118,src/main/java/teammates/storage/api/EntitiesDb.java
20,src/main/java/teammates/common/datatransfer/logs/LogDetails.java
88,src/main/java/teammates/storage/api/FeedbackResponseCommentsDb.java
97,src/main/java/teammates/ui/webapi/FeedbackSessionOpeningSoonRemindersAction.java
1,src/e2e/java/teammates/e2e/pageobjects/package-info.java
87,src/main/java/teammates/logic/api/LogsProcessor.java
77,src/test/java/teammates/logic/core/FeedbackSessionsLogicTest.java
47,src/test/java/teammates/ui/webapi/FeedbackSessionResendPublishedEmailWorkerActionTest.java
29,src/test/java/teammates/ui/webapi/GetCourseSectionNamesActionTest.java
4,src/test/java/teammates/ui/webapi/UpdateCourseActionTest.java
4,src/main/java/teammates/ui/output/ApiOutput.java
4,src/main/java/teammates/ui/output/NumberOfEntitiesToGiveFeedbackToSetting.java
97,src/main/java/teammates/ui/webapi/CreateAccountRequestAction.java
20,src/test/java/teammates/common/datatransfer/ErrorLogEntryTest.java
1,src/main/java/teammates/common/datatransfer/questions/FeedbackNumericalScaleResponseDetails.java
131,src/main/java/teammates/ui/output/CommentVisibilityType.java
1,src/test/java/teammates/ui/webapi/ResetAccountRequestActionTest.java
118,src/main/java/teammates/storage/entity/UsageStatistics.java
5,src/test/java/teammates/ui/webapi/package-info.java
81,src/main/java/teammates/ui/webapi/RemindFeedbackSessionResultAction.java
1,src/e2e/java/teammates/e2e/cases/axe/InstructorCourseEnrollPageAxeTest.java
1,src/test/java/teammates/ui/webapi/GetFeedbackSessionActionTest.java
7,src/main/java/teammates/ui/webapi/CreateInstructorAction.java
29,src/test/java/teammates/ui/webapi/GetInstructorsActionTest.java
81,src/test/java/teammates/ui/webapi/FeedbackSessionOpeningRemindersActionTest.java
131,src/main/java/teammates/ui/webapi/DatastoreBackupAction.java
1,src/test/java/teammates/common/datatransfer/questions/FeedbackTextQuestionDetailsTest.java
20,src/main/java/teammates/common/datatransfer/ErrorLogEntry.java
118,src/main/java/teammates/storage/entity/FeedbackQuestion.java
97,src/main/java/teammates/ui/webapi/RestoreCourseAction.java
25,src/main/java/teammates/ui/servlets/WebPageServlet.java
1,src/main/java/teammates/ui/request/FeedbackSessionCreateRequest.java
47,src/main/java/teammates/logic/external/LocalLoggingService.java
25,src/main/java/teammates/ui/request/CourseArchiveRequest.java
7,src/main/java/teammates/ui/webapi/CreateCourseAction.java
1,src/e2e/java/teammates/e2e/cases/AdminAccountsPageE2ETest.java
176,src/test/java/teammates/logic/api/EmailGeneratorTest.java
29,src/main/java/teammates/ui/constants/package-info.java
87,src/main/java/teammates/logic/core/DataBundleLogic.java
5,src/main/java/teammates/ui/output/AccountRequestData.java
185,src/e2e/java/teammates/e2e/pageobjects/InstructorSearchPage.java
81,src/main/java/teammates/ui/request/InvalidHttpRequestBodyException.java
1,src/main/java/teammates/ui/webapi/GetOngoingSessionsAction.java
186,src/e2e/java/teammates/e2e/cases/FeedbackResultsPageE2ETest.java
47,src/main/java/teammates/ui/webapi/SendErrorReportAction.java
7,src/main/java/teammates/ui/webapi/GetSessionResultsAction.java
1,src/e2e/java/teammates/e2e/cases/axe/AdminSessionsPageAxeTest.java
20,src/main/java/teammates/common/datatransfer/logs/LogSeverity.java
81,src/test/java/teammates/ui/webapi/GetUsageStatisticsActionTest.java
129,src/test/java/teammates/logic/core/FeedbackSessionsLogicTest.java
4,src/main/java/teammates/ui/output/MessageOutput.java
97,src/main/java/teammates/ui/webapi/EnrollStudentsAction.java
77,src/main/java/teammates/logic/external/FirebaseAuthService.java
68,src/test/java/teammates/logic/core/package-info.java
47,src/main/java/teammates/ui/webapi/GetFeedbackResponsesAction.java
175,src/test/java/teammates/common/datatransfer/questions/FeedbackMcqQuestionDetailsTest.java
5,src/main/java/teammates/ui/servlets/LoginServlet.java
1,src/main/java/teammates/logic/api/TaskQueuer.java
17,src/e2e/java/teammates/e2e/util/AxeUtil.java
5,src/main/java/teammates/ui/servlets/DevServerLoginServlet.java
29,src/main/java/teammates/ui/webapi/CreateCourseAction.java
1,src/main/java/teammates/storage/search/AccountRequestSearchManager.java
175,src/main/java/teammates/common/datatransfer/attributes/package-info.java
131,src/test/java/teammates/ui/webapi/ActionFactoryTest.java
47,src/main/java/teammates/ui/webapi/UpdateStudentAction.java
47,src/main/java/teammates/ui/webapi/FeedbackSessionClosingRemindersAction.java
4,src/main/java/teammates/ui/request/CourseArchiveRequest.java
15,src/e2e/java/teammates/e2e/cases/InstructorSearchPageE2ETest.java
1,src/test/java/teammates/common/util/SanitizationHelperTest.java
131,src/main/java/teammates/ui/webapi/UpdateInstructorAction.java
1,src/main/java/teammates/common/datatransfer/logs/RequestLogDetails.java
1,src/main/java/teammates/ui/webapi/ArchiveCourseAction.java
1,src/main/java/teammates/ui/output/FeedbackVisibilityType.java
97,src/test/java/teammates/ui/webapi/GetFeedbackQuestionsActionTest.java
1,src/main/java/teammates/common/datatransfer/questions/FeedbackNumericalScaleQuestionDetails.java
88,src/main/java/teammates/storage/search/StudentSearchDocument.java
81,src/main/java/teammates/ui/webapi/package-info.java
47,src/test/java/teammates/ui/servlets/WebPageServletTest.java
4,src/main/java/teammates/ui/output/StudentsData.java
174,src/main/java/teammates/common/datatransfer/questions/FeedbackRankOptionsQuestionDetails.java
81,src/main/java/teammates/ui/output/SessionLinksRecoveryResponseData.java
177,src/test/java/teammates/storage/api/EntitiesDbTest.java
4,src/main/java/teammates/ui/webapi/RegenerateInstructorKeyAction.java
175,src/test/java/teammates/common/datatransfer/questions/FeedbackRankRecipientsQuestionDetailsTest.java
1,src/main/java/teammates/ui/output/FeedbackQuestionRecipientData.java
47,src/test/java/teammates/ui/webapi/GetSessionResultsActionTest.java
29,src/main/java/teammates/ui/servlets/RequestTraceFilter.java
81,src/test/java/teammates/ui/webapi/CreateFeedbackQuestionActionTest.java
175,src/test/java/teammates/common/datatransfer/UserInfoCookieTest.java
131,src/main/java/teammates/ui/servlets/LegacyUrlMapper.java
186,src/e2e/java/teammates/e2e/pageobjects/InstructorCourseDetailsPage.java
1,src/test/java/teammates/test/MockFilterChain.java
81,src/main/java/teammates/ui/webapi/InstructorSearchIndexingWorkerAction.java
47,src/main/java/teammates/ui/webapi/UnauthorizedAccessException.java
1,src/test/java/teammates/ui/webapi/GetAccountRequestActionTest.java
131,src/test/java/teammates/ui/webapi/CreateAccountActionTest.java
47,src/main/java/teammates/ui/constants/DefaultInstructorPermissions.java
25,src/test/java/teammates/ui/webapi/FeedbackSessionPublishedRemindersActionTest.java
97,src/main/java/teammates/ui/webapi/ResetAccountRequestAction.java
176,src/main/java/teammates/logic/core/FeedbackResponsesLogic.java
7,src/main/java/teammates/ui/request/CourseBasicRequest.java
29,src/main/java/teammates/ui/webapi/DeleteStudentAction.java
155,src/main/java/teammates/common/util/Url.java
16,src/e2e/java/teammates/e2e/cases/axe/package-info.java
4,src/main/java/teammates/ui/webapi/RestoreFeedbackSessionAction.java
185,src/e2e/java/teammates/e2e/util/AxeUtil.java
81,src/main/java/teammates/ui/servlets/AuthServlet.java
177,src/main/java/teammates/storage/api/EntitiesDb.java
47,src/main/java/teammates/logic/external/FirebaseAuthService.java
29,src/test/java/teammates/ui/webapi/JsonResultTest.java
155,src/main/java/teammates/common/datatransfer/logs/RequestLogUser.java
87,src/test/java/teammates/logic/core/FeedbackResponseCommentsLogicTest.java
131,src/main/java/teammates/storage/api/EntitiesDb.java
1,src/e2e/java/teammates/e2e/cases/InstructorCourseDetailsPageE2ETest.java
16,src/e2e/java/teammates/e2e/util/EmailAccount.java
29,src/main/java/teammates/ui/webapi/SendJoinReminderEmailAction.java
15,src/e2e/java/teammates/e2e/cases/axe/AdminSearchPageAxeTest.java
88,src/main/java/teammates/storage/search/package-info.java
101,src/main/java/teammates/storage/api/NotificationsDb.java
15,src/e2e/java/teammates/e2e/pageobjects/InstructorNotificationsPage.java
20,src/main/java/teammates/common/exception/InvalidParametersException.java
1,src/main/java/teammates/ui/webapi/BinFeedbackSessionAction.java
97,src/main/java/teammates/logic/api/RecaptchaVerifier.java
4,src/test/java/teammates/ui/webapi/ResetAccountActionTest.java
1,src/main/java/teammates/storage/search/SearchManagerStarter.java
25,src/main/java/teammates/ui/output/NotificationData.java
131,src/main/java/teammates/ui/webapi/GetFeedbackResponsesAction.java
5,src/test/java/teammates/ui/webapi/QueryLogsActionTest.java
47,src/test/java/teammates/logic/api/LogicExtension.java
88,src/test/java/teammates/storage/api/InstructorsDbTest.java
186,src/e2e/java/teammates/e2e/cases/axe/InstructorCourseStudentDetailsEditPageAxeTest.java
122,src/main/java/teammates/logic/external/FirebaseAuthService.java
5,src/main/java/teammates/ui/webapi/GetSessionResultsAction.java
1,src/test/java/teammates/logic/core/FeedbackQuestionsLogicTest.java
5,src/main/java/teammates/ui/webapi/DeleteCourseAction.java
5,src/test/java/teammates/ui/webapi/UpdateFeedbackResponseCommentActionTest.java
175,src/main/java/teammates/common/util/JsonUtils.java
177,src/test/java/teammates/storage/api/FeedbackSessionsDbTest.java
87,src/test/java/teammates/logic/external/package-info.java
25,src/main/java/teammates/ui/request/InvalidHttpRequestBodyException.java
15,src/e2e/java/teammates/e2e/pageobjects/CourseJoinConfirmationPage.java
128,src/test/java/teammates/storage/search/StudentSearchTest.java
174,src/main/java/teammates/common/datatransfer/InstructorPrivilegesLegacy.java
29,src/main/java/teammates/ui/servlets/OAuth2CallbackServlet.java
97,src/main/java/teammates/ui/request/CourseCreateRequest.java
175,src/main/java/teammates/common/datatransfer/attributes/FeedbackResponseCommentAttributes.java
4,src/main/java/teammates/ui/request/FeedbackResponseCommentBasicRequest.java
131,src/main/java/teammates/ui/webapi/GetOngoingSessionsAction.java
186,src/e2e/java/teammates/e2e/util/MaximumRetriesExceededException.java
5,src/test/java/teammates/ui/webapi/DeleteCourseActionTest.java
25,src/test/java/teammates/ui/webapi/GetStudentActionTest.java
7,src/test/java/teammates/ui/webapi/PublishFeedbackSessionActionTest.java
7,src/main/java/teammates/ui/output/MessageOutput.java
1,src/e2e/java/teammates/e2e/pageobjects/UserNotificationsPage.java
7,src/main/java/teammates/ui/webapi/RegenerateStudentKeyAction.java
29,src/test/java/teammates/ui/webapi/CreateFeedbackSessionActionTest.java
4,src/main/java/teammates/ui/webapi/UnpublishFeedbackSessionAction.java
129,src/main/java/teammates/logic/core/FeedbackSessionsLogic.java
18,src/client/java/teammates/client/scripts/DataMigrationForUnencryptedKeyForStudents.java
81,src/main/java/teammates/ui/output/GeneralLogsData.java
1,src/main/java/teammates/ui/output/HasResponsesData.java
5,src/main/java/teammates/ui/webapi/DeleteAccountRequestAction.java
47,src/test/java/teammates/ui/request/package-info.java
5,src/test/java/teammates/ui/webapi/CompileLogsActionTest.java
131,src/main/java/teammates/ui/output/FeedbackSessionSubmittedGiverSet.java
174,src/test/java/teammates/common/datatransfer/UserInfoCookieTest.java
194,src/client/java/teammates/client/scripts/DataMigrationForInstructorNullIsArchivedField.java
174,src/main/java/teammates/common/datatransfer/logs/LogEvent.java
20,src/test/java/teammates/common/datatransfer/attributes/CourseAttributesTest.java
129,src/main/java/teammates/logic/core/FeedbackQuestionsLogic.java
81,src/main/java/teammates/ui/webapi/CreateFeedbackResponseCommentAction.java
47,src/test/java/teammates/logic/external/package-info.java
1,src/main/java/teammates/ui/webapi/CreateFeedbackSessionAction.java
1,src/main/java/teammates/storage/api/CoursesDb.java
7,src/main/java/teammates/ui/output/JoinState.java
97,src/main/java/teammates/ui/request/CourseArchiveRequest.java
97,src/test/java/teammates/ui/webapi/GetInstructorPrivilegeActionTest.java
1,src/main/java/teammates/storage/api/DeadlineExtensionsDb.java
131,src/test/java/teammates/ui/webapi/UpdateStudentActionTest.java
47,src/main/java/teammates/ui/servlets/WebApiServlet.java
122,src/main/java/teammates/logic/external/GoogleCloudTasksService.java
185,src/e2e/java/teammates/e2e/cases/FeedbackConstSumOptionQuestionE2ETest.java
5,src/test/java/teammates/ui/webapi/SendErrorReportActionTest.java
81,src/main/java/teammates/ui/webapi/FeedbackSessionRemindEmailWorkerAction.java
1,src/main/java/teammates/common/datatransfer/attributes/FeedbackResponseCommentAttributes.java
29,src/main/java/teammates/ui/webapi/GetCourseJoinStatusAction.java
1,src/main/java/teammates/ui/output/InstructorPrivilegeData.java
186,src/e2e/java/teammates/e2e/cases/AdminNotificationsPageE2ETest.java
118,src/test/java/teammates/storage/api/CoursesDbTest.java
29,src/test/java/teammates/ui/webapi/SearchInstructorsActionTest.java
81,src/main/java/teammates/ui/request/BasicRequest.java
81,src/main/java/teammates/ui/webapi/ActionMappingException.java
7,src/main/java/teammates/ui/output/AccountsData.java
4,src/main/java/teammates/ui/request/StudentUpdateRequest.java
129,src/main/java/teammates/logic/core/StudentsLogic.java
1,src/e2e/java/teammates/e2e/util/GmailServiceMaker.java
1,src/test/java/teammates/ui/webapi/QueryLogsActionTest.java
129,src/test/java/teammates/logic/core/InstructorsLogicTest.java
29,src/main/java/teammates/ui/output/FeedbackSessionSubmissionStatus.java
77,src/main/java/teammates/logic/core/CoursesLogic.java
97,src/main/java/teammates/ui/webapi/Action.java
5,src/main/java/teammates/ui/webapi/GetNotificationsAction.java
29,src/test/java/teammates/ui/request/package-info.java
175,src/main/java/teammates/common/datatransfer/questions/FeedbackTextQuestionDetails.java
97,src/main/java/teammates/ui/webapi/CompileLogsAction.java
20,src/main/java/teammates/common/datatransfer/attributes/FeedbackResponseAttributes.java
47,src/main/java/teammates/ui/constants/ApiConst.java
87,src/main/java/teammates/logic/external/MailgunService.java
7,src/main/java/teammates/ui/request/SendEmailRequest.java
16,src/e2e/java/teammates/e2e/pageobjects/InstructorStudentActivityLogsPage.java
15,src/e2e/java/teammates/e2e/pageobjects/IanaTimezonePage.java
4,src/main/java/teammates/ui/output/AccountRequestsData.java
97,src/test/java/teammates/ui/webapi/GetStudentActionTest.java
20,src/main/java/teammates/common/datatransfer/TeamEvalResult.java
97,src/main/java/teammates/ui/request/MarkNotificationAsReadRequest.java
131,src/main/java/teammates/ui/request/NotificationUpdateRequest.java
1,src/test/java/teammates/logic/core/BaseLogicTest.java
1,src/e2e/java/teammates/e2e/cases/FeedbackSubmitPageE2ETest.java
7,src/main/java/teammates/ui/webapi/GetFeedbackResponseCommentAction.java
47,src/main/java/teammates/ui/webapi/GenerateEmailAction.java
174,src/test/java/teammates/common/datatransfer/questions/FeedbackRankRecipientsQuestionDetailsTest.java
175,src/main/java/teammates/common/datatransfer/logs/RequestLogDetails.java
97,src/main/java/teammates/ui/webapi/FeedbackSessionClosedRemindersAction.java
174,src/main/java/teammates/common/datatransfer/logs/DefaultLogDetails.java
186,src/e2e/java/teammates/e2e/pageobjects/StudentCourseDetailsPage.java
1,src/main/java/teammates/common/datatransfer/questions/FeedbackContributionQuestionDetails.java
25,src/main/java/teammates/ui/webapi/CreateAccountAction.java
5,src/main/java/teammates/ui/output/InstructorPrivilegeData.java
81,src/test/java/teammates/ui/request/package-info.java
129,src/main/java/teammates/logic/external/LocalLoggingService.java
131,src/test/java/teammates/storage/api/NotificationsDbTest.java
17,src/e2e/java/teammates/e2e/cases/axe/InstructorCourseEnrollPageAxeTest.java
47,src/main/java/teammates/ui/webapi/FeedbackSessionPublishedEmailWorkerAction.java
131,src/main/java/teammates/ui/webapi/GetFeedbackSessionSubmittedGiverSetAction.java
4,src/test/java/teammates/ui/webapi/GetCoursesActionTest.java
25,src/main/java/teammates/ui/webapi/GetSessionResultsAction.java
4,src/main/java/teammates/ui/output/AuthInfo.java
131,src/main/java/teammates/storage/entity/FeedbackResponse.java
10,src/test/java/teammates/test/ThreadHelper.java
29,src/main/java/teammates/ui/request/MarkNotificationAsReadRequest.java
131,src/main/java/teammates/ui/webapi/UpdateFeedbackQuestionAction.java
47,src/main/java/teammates/ui/webapi/GetCourseSectionNamesAction.java
4,src/test/java/teammates/ui/webapi/FeedbackSessionUnpublishedEmailWorkerActionTest.java
81,src/test/java/teammates/ui/webapi/RestoreCourseActionTest.java
185,src/e2e/java/teammates/e2e/util/TestNgXmlTest.java
15,src/e2e/java/teammates/e2e/cases/axe/InstructorCourseJoinConfirmationPageAxeTest.java
177,src/main/java/teammates/storage/entity/CourseStudent.java
88,src/main/java/teammates/logic/core/DataBundleLogic.java
7,src/main/java/teammates/ui/output/FeedbackQuestionData.java
5,src/main/java/teammates/ui/request/SendEmailRequest.java
25,src/main/java/teammates/ui/servlets/AuthServlet.java
1,src/e2e/java/teammates/e2e/cases/axe/FeedbackSubmitPageAxeTest.java
25,src/test/java/teammates/ui/webapi/GetFeedbackSessionActionTest.java
4,src/main/java/teammates/ui/webapi/FeedbackSessionClosingRemindersAction.java
10,src/test/java/teammates/test/TestProperties.java
77,src/test/java/teammates/logic/external/package-info.java
1,src/main/java/teammates/logic/core/AccountRequestsLogic.java
176,src/test/java/teammates/logic/external/GoogleRecaptchaServiceTest.java
185,src/e2e/java/teammates/e2e/cases/SystemErrorEmailReportE2ETest.java
131,src/main/java/teammates/ui/request/ErrorReportRequest.java
1,src/main/java/teammates/storage/search/StudentSearchManager.java
176,src/main/java/teammates/logic/core/DataBundleLogic.java
25,src/main/java/teammates/ui/webapi/UpdateCourseAction.java
131,src/test/java/teammates/ui/webapi/RegenerateInstructorKeyActionTest.java
47,src/main/java/teammates/ui/webapi/GetInstructorAction.java
174,src/main/java/teammates/common/datatransfer/NotificationTargetUser.java
174,src/test/java/teammates/common/datatransfer/attributes/StudentAttributesTest.java
131,src/test/java/teammates/ui/webapi/GetTimeZonesActionTest.java
101,src/main/java/teammates/storage/api/FeedbackResponsesDb.java
128,src/main/java/teammates/storage/search/InstructorSearchManager.java
7,src/test/java/teammates/ui/webapi/CreateFeedbackSessionLogActionTest.java
7,src/main/java/teammates/ui/webapi/FeedbackSessionClosingRemindersAction.java
20,src/main/java/teammates/common/datatransfer/logs/package-info.java
68,src/test/java/teammates/logic/core/StudentsLogicTest.java
97,src/main/java/teammates/ui/request/NotificationCreateRequest.java
177,src/main/java/teammates/storage/search/InstructorSearchDocument.java
29,src/main/java/teammates/ui/webapi/SearchAccountRequestsAction.java
29,src/main/java/teammates/ui/webapi/GetNotificationsAction.java
155,src/main/java/teammates/common/datatransfer/attributes/CourseAttributes.java
20,src/main/java/teammates/common/datatransfer/logs/FeedbackSessionAuditLogDetails.java
15,src/e2e/java/teammates/e2e/cases/SystemErrorEmailReportE2ETest.java
7,src/main/java/teammates/ui/output/TimeZonesData.java
122,src/test/java/teammates/logic/core/CoursesLogicTest.java
1,src/main/java/teammates/common/datatransfer/ErrorLogEntry.java
25,src/test/java/teammates/ui/webapi/CreateFeedbackSessionActionTest.java
131,src/test/java/teammates/ui/webapi/GetSessionResultsActionTest.java
47,src/test/java/teammates/ui/webapi/PublishFeedbackSessionActionTest.java
186,src/e2e/java/teammates/e2e/cases/axe/FeedbackSubmitPageAxeTest.java
81,src/main/java/teammates/ui/webapi/PutDataBundleAction.java
29,src/main/java/teammates/ui/webapi/SearchStudentsAction.java
4,src/main/java/teammates/ui/webapi/GetFeedbackSessionLogsAction.java
177,src/main/java/teammates/storage/api/NotificationsDb.java
1,src/main/java/teammates/common/datatransfer/FeedbackQuestionRecipient.java
5,src/test/java/teammates/ui/webapi/GetCourseActionTest.java
175,src/main/java/teammates/common/exception/EmailSendingException.java
47,src/main/java/teammates/ui/request/InstructorCreateRequest.java
186,src/e2e/java/teammates/e2e/pageobjects/Browser.java
7,src/main/java/teammates/ui/output/NotificationsData.java
175,src/test/java/teammates/common/util/BuildPropertiesTest.java
88,src/main/java/teammates/storage/entity/Notification.java
29,src/main/java/teammates/ui/webapi/FeedbackSessionClosedRemindersAction.java
4,src/test/java/teammates/ui/webapi/UpdateFeedbackSessionActionTest.java
29,src/main/java/teammates/ui/output/FeedbackQuestionRecipientsData.java
5,src/test/java/teammates/ui/webapi/CreateInstructorActionTest.java
186,src/e2e/java/teammates/e2e/cases/axe/InstructorFeedbackReportPageAxeTest.java
131,src/main/java/teammates/ui/output/AccountRequestData.java
129,src/test/java/teammates/logic/core/StudentsLogicTest.java
131,src/main/java/teammates/ui/webapi/CalculateUsageStatisticsAction.java
87,src/main/java/teammates/logic/external/LocalLoggingService.java
29,src/main/java/teammates/ui/output/TimeZonesData.java
15,src/e2e/java/teammates/e2e/cases/InstructorStudentActivityLogsPageE2ETest.java
1,src/test/java/teammates/logic/core/CoursesLogicTest.java
177,src/main/java/teammates/storage/api/FeedbackSessionsDb.java
29,src/test/java/teammates/ui/webapi/GetCourseJoinStatusActionTest.java
5,src/main/java/teammates/ui/output/EnrollStudentsData.java
131,src/main/java/teammates/ui/output/FeedbackResponseData.java
4,src/main/java/teammates/ui/webapi/DeleteNotificationAction.java
7,src/main/java/teammates/ui/webapi/AdminExceptionTestAction.java
77,src/test/java/teammates/logic/api/package-info.java
175,src/main/java/teammates/common/exception/package-info.java
1,src/e2e/java/teammates/e2e/cases/axe/AdminAccountsPageAxeTest.java
29,src/main/java/teammates/ui/webapi/FeedbackSessionRemindParticularUsersEmailWorkerAction.java
20,src/test/java/teammates/common/util/FieldValidatorTest.java
68,src/test/java/teammates/logic/core/FeedbackResponsesLogicTest.java
47,src/main/java/teammates/ui/request/StudentUpdateRequest.java
185,src/e2e/java/teammates/e2e/cases/axe/AdminSessionsPageAxeTest.java
129,src/test/java/teammates/logic/api/UserProvisionTest.java
81,src/main/java/teammates/ui/output/CommentVisibilityType.java
185,src/e2e/java/teammates/e2e/cases/FeedbackTextQuestionE2ETest.java
186,src/e2e/java/teammates/e2e/pageobjects/InstructorNotificationsPage.java
5,src/test/java/teammates/ui/webapi/GetInstructorActionTest.java
7,src/test/java/teammates/ui/webapi/RemindFeedbackSessionSubmissionActionTest.java
122,src/test/java/teammates/logic/api/MockRecaptchaVerifier.java
155,src/main/java/teammates/common/datatransfer/FeedbackSessionLogEntry.java
131,src/main/java/teammates/ui/webapi/FeedbackSessionClosedRemindersAction.java
174,src/main/java/teammates/common/datatransfer/questions/FeedbackConstantSumQuestionDetails.java
1,src/main/java/teammates/ui/request/InstructorCreateRequest.java
1,src/main/java/teammates/logic/external/TaskQueueService.java
81,src/main/java/teammates/ui/webapi/GetInstructorPrivilegeAction.java
88,src/test/java/teammates/storage/api/FeedbackResponsesDbTest.java
4,src/test/java/teammates/ui/webapi/GetInstructorPrivilegeActionTest.java
118,src/main/java/teammates/storage/entity/Notification.java
176,src/test/java/teammates/logic/api/BaseLogicTest.java
4,src/main/java/teammates/ui/webapi/EntityNotFoundException.java
174,src/main/java/teammates/common/util/TimeHelper.java
29,src/main/java/teammates/ui/webapi/GetCourseAction.java
185,src/e2e/java/teammates/e2e/pageobjects/InstructorFeedbackSessionsPage.java
20,src/main/java/teammates/common/datatransfer/logs/RequestLogDetails.java
7,src/main/java/teammates/ui/webapi/GetSessionResponseStatsAction.java
5,src/test/java/teammates/ui/webapi/FeedbackSessionClosedRemindersActionTest.java
47,src/main/java/teammates/ui/request/FeedbackResponseCommentCreateRequest.java
81,src/test/java/teammates/ui/webapi/DeleteFeedbackQuestionActionTest.java
186,src/e2e/java/teammates/e2e/cases/FeedbackRankRecipientQuestionE2ETest.java
47,src/test/java/teammates/ui/webapi/RemindFeedbackSessionResultActionTest.java
131,src/main/java/teammates/ui/webapi/GetAccountAction.java
81,src/main/java/teammates/ui/request/FeedbackResponsesRequest.java
176,src/main/java/teammates/logic/api/EmailSender.java
155,src/main/java/teammates/common/datatransfer/attributes/AccountRequestAttributes.java
81,src/test/java/teammates/ui/webapi/GetFeedbackResponseCommentActionTest.java
7,src/test/java/teammates/ui/webapi/QueryLogsActionTest.java
25,src/main/java/teammates/ui/output/CommentVisibilityType.java
7,src/main/java/teammates/ui/webapi/EnrollStudentsAction.java
97,src/main/java/teammates/logic/api/EmailGenerator.java
122,src/main/java/teammates/logic/core/FeedbackQuestionsLogic.java
4,src/main/java/teammates/ui/webapi/UnauthorizedAccessException.java
131,src/test/java/teammates/ui/servlets/WebApiServletTest.java
4,src/main/java/teammates/ui/webapi/UpdateCourseAction.java
131,src/test/java/teammates/ui/webapi/InstructorCourseJoinEmailWorkerActionTest.java
15,src/e2e/java/teammates/e2e/cases/AutomatedSessionRemindersE2ETest.java
1,src/main/java/teammates/ui/request/FeedbackQuestionBasicRequest.java
17,src/e2e/java/teammates/e2e/cases/InstructorCourseStudentDetailsPageE2ETest.java
15,src/e2e/java/teammates/e2e/cases/axe/InstructorCourseEnrollPageAxeTest.java
5,src/main/java/teammates/ui/output/FeedbackVisibilityType.java
47,src/main/java/teammates/logic/core/FeedbackSessionsLogic.java
176,src/main/java/teammates/logic/external/EmailSenderService.java
29,src/main/java/teammates/ui/output/RegkeyValidityData.java
47,src/main/java/teammates/ui/webapi/DeleteFeedbackQuestionAction.java
1,src/main/java/teammates/ui/webapi/RegenerateInstructorKeyAction.java
186,src/e2e/java/teammates/e2e/util/Retryable.java
17,src/e2e/java/teammates/e2e/pageobjects/InstructorFeedbackSessionsPage.java
4,src/main/java/teammates/ui/webapi/GetActionClassesAction.java
155,src/main/java/teammates/common/util/FieldValidator.java
1,src/main/java/teammates/ui/webapi/FeedbackSessionPublishedRemindersAction.java
1,src/main/java/teammates/ui/webapi/AccountRequestSearchIndexingWorkerAction.java
15,src/e2e/java/teammates/e2e/pageobjects/AdminHomePage.java
16,src/e2e/java/teammates/e2e/pageobjects/AppPage.java
186,src/e2e/java/teammates/e2e/cases/BaseE2ETestCase.java
194,src/client/java/teammates/client/scripts/DataMigrationForContributionQuestionDetailsIsZeroSum.java
1,src/e2e/java/teammates/e2e/cases/axe/InstructorFeedbackEditPageAxeTest.java
4,src/main/java/teammates/ui/webapi/BasicCommentSubmissionAction.java
97,src/test/java/teammates/logic/core/AccountsLogicTest.java
4,src/main/java/teammates/ui/webapi/PutDataBundleAction.java
47,src/main/java/teammates/ui/output/InstructorPrivilegeData.java
174,src/main/java/teammates/common/datatransfer/NotificationStyle.java
175,src/main/java/teammates/common/datatransfer/UserInfo.java
88,src/main/java/teammates/logic/external/MailjetService.java
176,src/main/java/teammates/logic/external/AuthService.java
185,src/e2e/java/teammates/e2e/pageobjects/AdminTimezonePage.java
29,src/main/java/teammates/ui/webapi/BasicCommentSubmissionAction.java
29,src/test/java/teammates/ui/webapi/UpdateCourseActionTest.java
47,src/test/java/teammates/ui/webapi/UpdateInstructorActionTest.java
88,src/main/java/teammates/logic/core/package-info.java
29,src/test/java/teammates/ui/webapi/GetFeedbackSessionSubmittedGiverSetActionTest.java
4,src/main/java/teammates/ui/output/FeedbackSessionStatsData.java
7,src/test/java/teammates/ui/webapi/ArchiveCourseActionTest.java
129,src/test/java/teammates/logic/api/MockRecaptchaVerifier.java
5,src/main/java/teammates/ui/webapi/BasicCommentSubmissionAction.java
29,src/main/java/teammates/ui/webapi/ResetAccountAction.java
155,src/main/java/teammates/common/datatransfer/questions/FeedbackMsqResponseDetails.java
122,src/main/java/teammates/logic/api/EmailSender.java
81,src/test/java/teammates/ui/webapi/ResetAccountActionTest.java
29,src/main/java/teammates/ui/webapi/GetUserCookieAction.java
81,src/main/java/teammates/ui/servlets/HealthCheckServlet.java
174,src/main/java/teammates/common/datatransfer/logs/FeedbackSessionLogType.java
1,src/e2e/java/teammates/e2e/cases/axe/InstructorCoursesPageAxeTest.java
131,src/main/java/teammates/ui/request/FeedbackSessionCreateRequest.java
97,src/test/java/teammates/logic/api/UserProvisionTest.java
47,src/main/java/teammates/logic/external/MailgunService.java
129,src/main/java/teammates/logic/external/TaskQueueService.java
174,src/main/java/teammates/common/datatransfer/attributes/StudentAttributes.java
47,src/test/java/teammates/ui/webapi/UpdateFeedbackQuestionActionTest.java
4,src/main/java/teammates/ui/output/NotificationsData.java
5,src/main/java/teammates/ui/webapi/ActionMappingException.java
7,src/test/java/teammates/ui/webapi/GetInstructorPrivilegeActionTest.java
4,src/test/java/teammates/ui/webapi/GetInstructorActionTest.java
1,src/main/java/teammates/common/datatransfer/questions/FeedbackConstantSumResponseDetails.java
128,src/test/java/teammates/storage/api/AccountRequestsDbTest.java
25,src/main/java/teammates/ui/webapi/InvalidHttpParameterException.java
4,src/main/java/teammates/ui/request/AccountCreateRequest.java
17,src/e2e/java/teammates/e2e/cases/axe/InstructorCourseEditPageAxeTest.java
97,src/main/java/teammates/ui/output/EmailData.java
5,src/main/java/teammates/ui/webapi/UpdateInstructorAction.java
81,src/main/java/teammates/ui/output/StudentsData.java
1,src/e2e/java/teammates/e2e/pageobjects/IanaTimezonePage.java
1,src/main/java/teammates/storage/entity/FeedbackResponseComment.java
155,src/main/java/teammates/common/util/Config.java
1,src/main/java/teammates/storage/api/FeedbackResponsesDb.java
5,src/main/java/teammates/ui/webapi/AdminOnlyAction.java
29,src/main/java/teammates/ui/output/StudentsData.java
47,src/main/java/teammates/ui/output/CourseSectionNamesData.java
1,src/main/java/teammates/ui/output/NumberOfEntitiesToGiveFeedbackToSetting.java
1,src/e2e/java/teammates/e2e/cases/StudentNotificationsPageE2ETest.java
47,src/main/java/teammates/ui/webapi/CalculateUsageStatisticsAction.java
155,src/test/java/teammates/common/datatransfer/TeamEvalResultTest.java
81,src/main/java/teammates/ui/output/UsageStatisticsRangeData.java
5,src/main/java/teammates/ui/webapi/GetFeedbackQuestionsAction.java
101,src/test/java/teammates/storage/api/InstructorsDbTest.java
174,src/main/java/teammates/common/datatransfer/logs/InstanceLogDetails.java
29,src/main/java/teammates/ui/output/HasResponsesData.java
4,src/test/java/teammates/ui/webapi/UpdateStudentActionTest.java
29,src/test/java/teammates/ui/webapi/ArchiveCourseActionTest.java
5,src/main/java/teammates/ui/webapi/GetCourseJoinStatusAction.java
77,src/main/java/teammates/logic/external/GoogleCloudTasksService.java
47,src/main/java/teammates/ui/webapi/ActionMappingException.java
29,src/main/java/teammates/ui/servlets/HealthCheckServlet.java
1,src/main/java/teammates/storage/search/InstructorSearchManager.java
1,src/main/java/teammates/common/exception/InvalidParametersException.java
131,src/test/java/teammates/ui/webapi/GetFeedbackQuestionRecipientsActionTest.java
163,src/test/java/teammates/test/FileHelper.java
29,src/test/java/teammates/ui/webapi/GetTimeZonesActionTest.java
4,src/test/java/teammates/ui/webapi/GetFeedbackQuestionRecipientsActionTest.java
131,src/main/java/teammates/ui/webapi/GetCourseAction.java
1,src/main/java/teammates/ui/webapi/GenerateEmailAction.java
15,src/e2e/java/teammates/e2e/pageobjects/StudentCourseDetailsPage.java
129,src/main/java/teammates/logic/external/package-info.java
7,src/main/java/teammates/ui/webapi/DeleteFeedbackQuestionAction.java
25,src/main/java/teammates/ui/webapi/Action.java
29,src/main/java/teammates/ui/webapi/RestoreFeedbackSessionAction.java
81,src/test/java/teammates/ui/webapi/FeedbackSessionResendPublishedEmailWorkerActionTest.java
7,src/main/java/teammates/ui/output/AuthInfo.java
1,src/main/java/teammates/common/exception/AuthException.java
131,src/main/java/teammates/ui/output/FeedbackResponsesData.java
7,src/main/java/teammates/ui/webapi/FeedbackSessionRemindParticularUsersEmailWorkerAction.java
81,src/test/java/teammates/ui/webapi/InstructorSearchIndexingWorkerActionTest.java
97,src/test/java/teammates/logic/external/package-info.java
1,src/main/java/teammates/ui/webapi/GetReadNotificationsAction.java
17,src/e2e/java/teammates/e2e/cases/FeedbackMcqQuestionE2ETest.java
20,src/test/java/teammates/common/datatransfer/attributes/package-info.java
97,src/main/java/teammates/ui/request/FeedbackSessionRemindRequest.java
25,src/main/java/teammates/ui/output/FeedbackSessionSubmittedGiverSet.java
81,src/main/java/teammates/ui/request/FeedbackResponseCommentCreateRequest.java
1,src/main/java/teammates/ui/request/FeedbackSessionUpdateRequest.java
175,src/main/java/teammates/common/datatransfer/attributes/AccountRequestAttributes.java
25,src/main/java/teammates/ui/webapi/EnrollStudentsAction.java
25,src/test/java/teammates/ui/webapi/GetCoursesActionTest.java
29,src/main/java/teammates/ui/webapi/RegenerateInstructorKeyAction.java
97,src/main/java/teammates/ui/webapi/UpdateCourseAction.java
174,src/test/java/teammates/common/datatransfer/questions/FeedbackTextQuestionDetailsTest.java
122,src/test/java/teammates/logic/core/NotificationsLogicTest.java
16,src/e2e/java/teammates/e2e/util/TestNgXmlTest.java
1,src/main/java/teammates/logic/core/StudentsLogic.java
101,src/main/java/teammates/storage/api/UsageStatisticsDb.java
25,src/main/java/teammates/ui/request/FeedbackSessionUpdateRequest.java
5,src/main/java/teammates/ui/webapi/GetDeadlineExtensionAction.java
47,src/main/java/teammates/ui/output/FeedbackSessionData.java
88,src/test/java/teammates/logic/core/FeedbackResponsesLogicTest.java
68,src/main/java/teammates/logic/core/FeedbackQuestionsLogic.java
101,src/test/java/teammates/storage/api/AccountsDbTest.java
97,src/main/java/teammates/ui/servlets/OAuth2CallbackServlet.java
5,src/main/java/teammates/ui/request/FeedbackResponsesRequest.java
177,src/main/java/teammates/storage/entity/FeedbackQuestion.java
17,src/e2e/java/teammates/e2e/cases/AdminSessionsPageE2ETest.java
47,src/main/java/teammates/ui/webapi/SendLoginEmailAction.java
15,src/e2e/java/teammates/e2e/pageobjects/FeedbackResultsPage.java
25,src/main/java/teammates/ui/webapi/FeedbackSessionRemindParticularUsersEmailWorkerAction.java
7,src/main/java/teammates/ui/webapi/GetCourseAction.java
20,src/main/java/teammates/common/datatransfer/questions/FeedbackNumericalScaleQuestionDetails.java
81,src/main/java/teammates/ui/webapi/UpdateInstructorPrivilegeAction.java
128,src/main/java/teammates/storage/api/InstructorsDb.java
87,src/test/java/teammates/logic/core/package-info.java
16,src/e2e/java/teammates/e2e/cases/axe/FeedbackResultsPageAxeTest.java
87,src/main/java/teammates/logic/core/CoursesLogic.java
7,src/main/java/teammates/ui/constants/ApiConst.java
97,src/main/java/teammates/ui/request/FeedbackQuestionBasicRequest.java
131,src/main/java/teammates/storage/search/StudentSearchDocument.java
20,src/test/java/teammates/common/datatransfer/attributes/StudentAttributesTest.java
5,src/main/java/teammates/ui/webapi/GetFeedbackSessionAction.java
155,src/test/java/teammates/common/datatransfer/questions/FeedbackNumericalScaleQuestionDetailsTest.java
15,src/e2e/java/teammates/e2e/cases/axe/InstructorFeedbackReportPageAxeTest.java
87,src/main/java/teammates/logic/external/package-info.java
25,src/main/java/teammates/ui/webapi/DeleteStudentAction.java
1,src/main/java/teammates/ui/webapi/RemindFeedbackSessionSubmissionAction.java
16,src/e2e/java/teammates/e2e/cases/axe/InstructorHomePageAxeTest.java
4,src/test/java/teammates/ui/webapi/UpdateFeedbackResponseCommentActionTest.java
97,src/test/java/teammates/ui/webapi/CreateAccountRequestActionTest.java
81,src/main/java/teammates/ui/output/NotificationsData.java
1,src/main/java/teammates/ui/webapi/FeedbackSessionClosingRemindersAction.java
7,src/main/java/teammates/ui/webapi/FeedbackSessionRemindEmailWorkerAction.java
1,src/test/java/teammates/ui/webapi/RestoreFeedbackSessionActionTest.java
7,src/test/java/teammates/ui/webapi/RestoreCourseActionTest.java
174,src/test/java/teammates/common/util/package-info.java
1,src/test/java/teammates/ui/webapi/SendJoinReminderEmailActionTest.java
1,src/main/java/teammates/ui/webapi/AdminOnlyAction.java
1,src/main/java/teammates/ui/webapi/ActionMappingException.java
131,src/main/java/teammates/ui/output/JoinStatus.java
25,src/main/java/teammates/ui/webapi/AuthType.java
20,src/main/java/teammates/common/datatransfer/logs/FeedbackSessionLogType.java
47,src/test/java/teammates/ui/webapi/GetAccountRequestActionTest.java
128,src/main/java/teammates/storage/api/AccountRequestsDb.java
118,src/main/java/teammates/storage/api/DatastoreEmulatorRunner.java
186,src/e2e/java/teammates/e2e/pageobjects/InstructorFeedbackSessionsPage.java
174,src/main/java/teammates/common/datatransfer/questions/FeedbackRankOptionsResponseDetails.java
174,src/main/java/teammates/common/util/SanitizationHelper.java
5,src/main/java/teammates/ui/webapi/CalculateUsageStatisticsAction.java
131,src/main/java/teammates/ui/output/ApiOutput.java
81,src/main/java/teammates/ui/webapi/FeedbackSessionUnpublishedEmailWorkerAction.java
1,src/main/java/teammates/common/datatransfer/questions/FeedbackRankOptionsQuestionDetails.java
97,src/main/java/teammates/ui/webapi/FeedbackSessionRemindParticularUsersEmailWorkerAction.java
47,src/test/java/teammates/ui/webapi/GetCourseActionTest.java
29,src/main/java/teammates/ui/output/ResponseVisibleSetting.java
97,src/main/java/teammates/ui/webapi/CreateFeedbackQuestionAction.java
25,src/main/java/teammates/ui/webapi/UpdateInstructorAction.java
97,src/main/java/teammates/logic/external/GoogleRecaptchaService.java
97,src/main/java/teammates/ui/webapi/DeleteAccountRequestAction.java
1,src/main/java/teammates/common/datatransfer/questions/FeedbackTextQuestionDetails.java
7,src/test/java/teammates/ui/webapi/CreateAccountActionTest.java
177,src/main/java/teammates/storage/entity/FeedbackResponse.java
4,src/main/java/teammates/ui/output/EmailData.java
1,src/e2e/java/teammates/e2e/pageobjects/AdminSearchPage.java
155,src/test/java/teammates/common/datatransfer/attributes/FeedbackResponseAttributesTest.java
47,src/test/java/teammates/ui/webapi/SearchStudentsActionTest.java
5,src/main/java/teammates/ui/webapi/DeleteFeedbackQuestionAction.java
47,src/main/java/teammates/ui/output/FeedbackQuestionsData.java
15,src/e2e/java/teammates/e2e/util/AxeUtil.java
185,src/e2e/java/teammates/e2e/cases/InstructorNotificationsPageE2ETest.java
155,src/main/java/teammates/common/exception/InstructorUpdateException.java
7,src/test/java/teammates/ui/webapi/GetOngoingSessionsActionTest.java
1,src/test/java/teammates/ui/webapi/UpdateInstructorActionTest.java
47,src/test/java/teammates/ui/webapi/SearchInstructorsActionTest.java
20,src/main/java/teammates/common/datatransfer/SessionResultsBundle.java
5,src/main/java/teammates/ui/request/InstructorPrivilegeUpdateRequest.java
20,src/main/java/teammates/common/datatransfer/logs/SourceLocation.java
81,src/main/java/teammates/ui/webapi/AdminExceptionTestAction.java
29,src/main/java/teammates/ui/webapi/UpdateInstructorPrivilegeAction.java
5,src/test/java/teammates/ui/webapi/BinFeedbackSessionActionTest.java
88,src/main/java/teammates/storage/entity/BaseEntity.java
29,src/main/java/teammates/ui/webapi/GetTimeZonesAction.java
25,src/main/java/teammates/ui/webapi/ActionResult.java
1,src/e2e/java/teammates/e2e/pageobjects/ErrorReportingModal.java
7,src/main/java/teammates/ui/webapi/FeedbackSessionOpeningSoonRemindersAction.java
122,src/test/java/teammates/logic/api/EmailSenderTest.java
4,src/main/java/teammates/ui/request/FeedbackQuestionUpdateRequest.java
101,src/main/java/teammates/storage/entity/DeadlineExtension.java
47,src/test/java/teammates/ui/webapi/CreateFeedbackSessionLogActionTest.java
7,src/main/java/teammates/ui/output/RegkeyValidityData.java
5,src/main/java/teammates/ui/servlets/HealthCheckServlet.java
97,src/main/java/teammates/ui/webapi/AdminOnlyAction.java
81,src/main/java/teammates/ui/webapi/GetCourseAction.java
5,src/test/java/teammates/ui/webapi/DeleteFeedbackQuestionActionTest.java
97,src/main/java/teammates/ui/output/EnrollStudentsData.java
1,src/test/java/teammates/ui/servlets/WebPageServletTest.java
29,src/main/java/teammates/ui/webapi/DeleteNotificationAction.java
81,src/main/java/teammates/ui/webapi/InvalidOperationException.java
5,src/main/java/teammates/ui/output/UsageStatisticsRangeData.java
155,src/main/java/teammates/common/util/EmailType.java
20,src/main/java/teammates/common/datatransfer/questions/FeedbackRubricResponseDetails.java
5,src/main/java/teammates/ui/request/FeedbackQuestionBasicRequest.java
47,src/main/java/teammates/ui/webapi/JsonResult.java
155,src/main/java/teammates/common/datatransfer/UserInfo.java
4,src/main/java/teammates/ui/request/NotificationCreateRequest.java
1,src/main/java/teammates/ui/webapi/CreateFeedbackQuestionAction.java
81,src/main/java/teammates/ui/webapi/FeedbackSessionOpeningSoonRemindersAction.java
131,src/test/java/teammates/ui/webapi/SendLoginEmailActionTest.java
1,src/main/java/teammates/ui/webapi/FeedbackSessionOpeningRemindersAction.java
174,src/test/java/teammates/common/datatransfer/questions/FeedbackTextResponseDetailsTest.java
16,src/e2e/java/teammates/e2e/cases/axe/InstructorNotificationsPageAxeTest.java
97,src/main/java/teammates/ui/webapi/UpdateInstructorAction.java
17,src/e2e/java/teammates/e2e/cases/StudentCourseJoinConfirmationPageE2ETest.java
131,src/main/java/teammates/ui/webapi/GateKeeper.java
7,src/test/java/teammates/ui/webapi/SearchStudentsActionTest.java
97,src/main/java/teammates/ui/webapi/CreateFeedbackSessionLogAction.java
88,src/main/java/teammates/logic/external/TaskQueueService.java
25,src/main/java/teammates/ui/output/RegenerateKeyData.java
131,src/main/java/teammates/storage/entity/Course.java
47,src/main/java/teammates/ui/webapi/BasicCommentSubmissionAction.java
186,src/e2e/java/teammates/e2e/cases/AdminHomePageE2ETest.java
16,src/e2e/java/teammates/e2e/cases/InstructorCourseJoinConfirmationPageE2ETest.java
29,src/main/java/teammates/ui/output/OngoingSessionsData.java
88,src/main/java/teammates/logic/api/TaskQueuer.java
186,src/e2e/java/teammates/e2e/cases/axe/InstructorCourseDetailsPageAxeTest.java
5,src/test/java/teammates/ui/webapi/GetReadNotificationsActionTest.java
155,src/test/java/teammates/common/datatransfer/questions/FeedbackConstantSumQuestionDetailsTest.java
47,src/test/java/teammates/logic/api/EmailGeneratorTest.java
186,src/e2e/java/teammates/e2e/pageobjects/StudentNotificationsPage.java
29,src/test/java/teammates/ui/webapi/DeleteInstructorActionTest.java
47,src/main/java/teammates/ui/request/CourseUpdateRequest.java
97,src/main/java/teammates/ui/webapi/FeedbackSessionPublishedRemindersAction.java
20,src/main/java/teammates/common/exception/EmailSendingException.java
174,src/test/java/teammates/common/util/TimeHelperExtension.java
97,src/main/java/teammates/logic/api/LogsProcessor.java
1,src/main/java/teammates/ui/webapi/BinCourseAction.java
118,src/test/java/teammates/storage/search/package-info.java
129,src/test/java/teammates/logic/api/package-info.java
47,src/main/java/teammates/ui/output/GeneralLogsData.java
1,src/main/java/teammates/logic/api/EmailSender.java
174,src/main/java/teammates/common/util/StdOutConsoleHandler.java
97,src/main/java/teammates/ui/constants/package-info.java
174,src/main/java/teammates/common/datatransfer/attributes/UsageStatisticsAttributes.java
15,src/e2e/java/teammates/e2e/cases/AdminNotificationsPageE2ETest.java
155,src/main/java/teammates/common/util/FileHelper.java
1,src/main/java/teammates/ui/request/FeedbackResponsesRequest.java
29,src/test/java/teammates/ui/webapi/RestoreCourseActionTest.java
175,src/main/java/teammates/common/datatransfer/questions/FeedbackQuestionType.java
131,src/main/java/teammates/ui/request/FeedbackResponseCommentCreateRequest.java
81,src/main/java/teammates/ui/webapi/UpdateInstructorAction.java
101,src/test/java/teammates/storage/api/FeedbackSessionsDbTest.java
18,src/client/java/teammates/client/scripts/DataMigrationForUnencryptedKeyForInstructors.java
5,src/test/java/teammates/ui/webapi/ResetAccountRequestActionTest.java
1,src/main/java/teammates/ui/webapi/package-info.java
29,src/main/java/teammates/ui/webapi/FeedbackSessionRemindEmailWorkerAction.java
194,src/client/java/teammates/client/scripts/DataMigrationForSanitizedDataInCourseAttributes.java
1,src/main/java/teammates/ui/webapi/InstructorCourseJoinEmailWorkerAction.java
174,src/main/java/teammates/common/util/FileHelper.java
7,src/main/java/teammates/ui/webapi/GetUserCookieAction.java
4,src/main/java/teammates/ui/webapi/GetTimeZonesAction.java
7,src/main/java/teammates/ui/webapi/UpdateCourseAction.java
5,src/test/java/teammates/ui/webapi/StudentCourseJoinEmailWorkerActionTest.java
97,src/main/java/teammates/ui/output/FeedbackSessionSubmissionStatus.java
29,src/main/java/teammates/ui/request/StudentsEnrollRequest.java
97,src/main/java/teammates/ui/webapi/RemindFeedbackSessionResultAction.java
131,src/main/java/teammates/ui/output/CoursesData.java
1,src/test/java/teammates/test/AssertHelper.java
47,src/main/java/teammates/ui/webapi/DeleteAccountRequestAction.java
97,src/test/java/teammates/ui/webapi/UnpublishFeedbackSessionActionTest.java
1,src/test/java/teammates/common/datatransfer/questions/FeedbackMcqQuestionDetailsTest.java
4,src/main/java/teammates/ui/output/FeedbackSessionSubmittedGiverSet.java
5,src/main/java/teammates/ui/webapi/InvalidOperationException.java
17,src/e2e/java/teammates/e2e/cases/InstructorCourseEditPageE2ETest.java
1,src/main/java/teammates/ui/webapi/GetAccountsAction.java
47,src/main/java/teammates/ui/request/BasicRequest.java
4,src/main/java/teammates/ui/webapi/DeleteDataBundleAction.java
155,src/test/java/teammates/common/datatransfer/attributes/CourseAttributesTest.java
97,src/main/java/teammates/ui/webapi/CreateCourseAction.java
47,src/main/java/teammates/ui/webapi/Action.java
4,src/main/java/teammates/ui/output/UsageStatisticsRangeData.java
1,src/main/java/teammates/ui/webapi/CreateInstructorAction.java
174,src/main/java/teammates/common/util/Const.java
129,src/test/java/teammates/logic/api/MockLogsProcessor.java
129,src/test/java/teammates/logic/api/BaseLogicTest.java
177,src/test/java/teammates/storage/api/FeedbackQuestionsDbTest.java
131,src/main/java/teammates/ui/webapi/JsonResult.java
20,src/main/java/teammates/common/datatransfer/questions/FeedbackRankOptionsQuestionDetails.java
17,src/e2e/java/teammates/e2e/util/TestDataValidityTest.java
47,src/main/java/teammates/ui/output/FeedbackResponsesData.java
47,src/main/java/teammates/logic/core/DataBundleLogic.java
7,src/test/java/teammates/ui/servlets/OriginCheckFilterTest.java
7,src/main/java/teammates/ui/webapi/UpdateStudentAction.java
81,src/main/java/teammates/ui/webapi/GetAccountsAction.java
77,src/main/java/teammates/logic/external/SendgridService.java
174,src/main/java/teammates/common/datatransfer/logs/LogSeverity.java
4,src/test/java/teammates/ui/webapi/SearchInstructorsActionTest.java
68,src/main/java/teammates/logic/api/Logic.java
155,src/test/java/teammates/common/datatransfer/AttributesDeletionQueryTest.java
77,src/main/java/teammates/logic/external/package-info.java
88,src/main/java/teammates/logic/core/NotificationsLogic.java
47,src/test/java/teammates/ui/webapi/InstructorCourseJoinEmailWorkerActionTest.java
47,src/main/java/teammates/ui/webapi/UpdateInstructorAction.java
1,src/test/java/teammates/ui/webapi/GetCourseSectionNamesActionTest.java
25,src/test/java/teammates/ui/webapi/FeedbackSessionRemindParticularUsersEmailWorkerActionTest.java
1,src/test/java/teammates/ui/webapi/FeedbackSessionPublishedEmailWorkerActionTest.java
174,src/main/java/teammates/common/exception/InstructorUpdateException.java
5,src/main/java/teammates/ui/constants/ResourceEndpoints.java
81,src/test/java/teammates/ui/webapi/SearchAccountRequestsActionTest.java
29,src/main/java/teammates/ui/webapi/FeedbackSessionOpeningRemindersAction.java
47,src/main/java/teammates/ui/webapi/GateKeeper.java
47,src/main/java/teammates/logic/external/GoogleRecaptchaService.java
194,src/client/java/teammates/client/scripts/statistics/StatisticsBundle.java
1,src/e2e/java/teammates/e2e/pageobjects/InstructorCourseDetailsPage.java
97,src/main/java/teammates/ui/output/NotificationsData.java
131,src/main/java/teammates/ui/webapi/InstructorCourseJoinEmailWorkerAction.java
1,src/main/java/teammates/ui/webapi/UpdateInstructorAction.java
25,src/main/java/teammates/ui/output/FeedbackSessionData.java
4,src/test/java/teammates/ui/webapi/SendErrorReportActionTest.java
17,src/e2e/java/teammates/e2e/cases/axe/FeedbackSubmitPageAxeTest.java
47,src/main/java/teammates/ui/webapi/GetUsageStatisticsAction.java
186,src/e2e/java/teammates/e2e/util/GmailServiceMaker.java
131,src/main/java/teammates/ui/webapi/GetUsageStatisticsAction.java
47,src/test/java/teammates/ui/webapi/DeleteStudentActionTest.java
87,src/main/java/teammates/logic/core/FeedbackSessionsLogic.java
131,src/test/java/teammates/ui/servlets/package-info.java
1,src/client/java/teammates/client/scripts/DataMigrationForTextQuestionRecommendedLength.java
7,src/main/java/teammates/ui/webapi/GetFeedbackSessionAction.java
131,src/main/java/teammates/ui/webapi/GetHasResponsesAction.java
7,src/test/java/teammates/ui/webapi/CreateInstructorActionTest.java
17,src/e2e/java/teammates/e2e/cases/AdminHomePageE2ETest.java
47,src/main/java/teammates/ui/output/FeedbackSessionsData.java
155,src/main/java/teammates/common/datatransfer/logs/LogDetails.java
1,src/test/java/teammates/ui/webapi/GetOngoingSessionsActionTest.java
77,src/main/java/teammates/logic/core/DataBundleLogic.java
1,src/test/java/teammates/ui/webapi/GetNotificationActionTest.java
97,src/main/java/teammates/ui/output/OngoingSession.java
16,src/e2e/java/teammates/e2e/cases/FeedbackContributionQuestionE2ETest.java
97,src/test/java/teammates/logic/core/FeedbackQuestionsLogicTest.java
29,src/main/java/teammates/ui/webapi/BinFeedbackSessionAction.java
5,src/test/java/teammates/ui/webapi/StudentSearchIndexingWorkerActionTest.java
5,src/main/java/teammates/ui/output/FeedbackQuestionRecipientData.java
87,src/main/java/teammates/logic/api/AuthProxy.java
81,src/main/java/teammates/ui/servlets/WebSecurityHeaderFilter.java
155,src/main/java/teammates/common/util/JsonUtils.java
29,src/main/java/teammates/ui/output/FeedbackSessionData.java
1,src/main/java/teammates/ui/output/CourseArchiveData.java
5,src/test/java/teammates/ui/webapi/RemindFeedbackSessionSubmissionActionTest.java
47,src/test/java/teammates/ui/webapi/RestoreFeedbackSessionActionTest.java
20,src/main/java/teammates/common/datatransfer/logs/RequestLogUser.java
18,src/client/java/teammates/client/scripts/GoogleIdMigrationBaseScript.java
1,src/test/java/teammates/logic/core/AccountsLogicTest.java
97,src/main/java/teammates/ui/webapi/DeleteFeedbackQuestionAction.java
131,src/main/java/teammates/ui/webapi/UpdateInstructorPrivilegeAction.java
97,src/main/java/teammates/ui/request/FeedbackSessionUpdateRequest.java
174,src/main/java/teammates/common/util/TaskWrapper.java
1,src/main/java/teammates/ui/request/CourseUpdateRequest.java
29,src/test/java/teammates/ui/webapi/CreateFeedbackSessionLogActionTest.java
5,src/test/java/teammates/ui/webapi/FeedbackSessionRemindParticularUsersEmailWorkerActionTest.java
186,src/e2e/java/teammates/e2e/cases/StudentCourseDetailsPageE2ETest.java
87,src/main/java/teammates/logic/core/AccountRequestsLogic.java
175,src/main/java/teammates/common/datatransfer/questions/FeedbackMcqResponseDetails.java
29,src/test/java/teammates/ui/webapi/FeedbackSessionRemindParticularUsersEmailWorkerActionTest.java
128,src/test/java/teammates/storage/api/FeedbackSessionsDbTest.java
185,src/e2e/java/teammates/e2e/cases/axe/StudentHomePageAxeTest.java
18,src/client/java/teammates/client/scripts/DataMigrationForNullCommentGiverType.java
15,src/e2e/java/teammates/e2e/cases/AdminSearchPageE2ETest.java
29,src/main/java/teammates/ui/output/FeedbackVisibilityType.java
128,src/main/java/teammates/storage/entity/DeadlineExtension.java
81,src/main/java/teammates/ui/request/CourseCreateRequest.java
47,src/test/java/teammates/ui/webapi/CreateFeedbackSessionActionTest.java
20,src/main/java/teammates/common/util/EmailSendingStatus.java
175,src/test/java/teammates/common/util/TimeHelperExtension.java
81,src/main/java/teammates/ui/webapi/DeleteAccountRequestAction.java
131,src/test/java/teammates/storage/api/package-info.java
87,src/test/java/teammates/logic/core/FeedbackSessionsLogicTest.java
15,src/e2e/java/teammates/e2e/cases/axe/InstructorHomePageAxeTest.java
97,src/main/java/teammates/ui/webapi/PublishFeedbackSessionAction.java
29,src/main/java/teammates/ui/webapi/UnpublishFeedbackSessionAction.java
7,src/main/java/teammates/ui/request/NotificationBasicRequest.java
7,src/main/java/teammates/ui/output/FeedbackQuestionsData.java
5,src/main/java/teammates/ui/webapi/RegenerateInstructorKeyAction.java
174,src/test/java/teammates/common/datatransfer/questions/FeedbackNumericalScaleQuestionDetailsTest.java
7,src/test/java/teammates/ui/webapi/GetFeedbackResponseCommentActionTest.java
68,src/test/java/teammates/logic/core/InstructorsLogicTest.java
129,src/test/java/teammates/logic/core/CoursesLogicTest.java
1,src/main/java/teammates/common/datatransfer/questions/FeedbackMcqQuestionDetails.java
7,src/main/java/teammates/ui/output/CourseSectionNamesData.java
5,src/test/java/teammates/ui/webapi/GetSessionResultsActionTest.java
1,src/main/java/teammates/ui/request/NotificationCreateRequest.java
25,src/main/java/teammates/ui/request/FeedbackResponsesRequest.java
7,src/test/java/teammates/ui/webapi/package-info.java
25,src/main/java/teammates/ui/request/FeedbackResponseCommentUpdateRequest.java
1,src/main/java/teammates/ui/output/SessionResultsData.java
47,src/main/java/teammates/ui/webapi/GetFeedbackResponseCommentAction.java
68,src/main/java/teammates/logic/external/GoogleRecaptchaService.java
87,src/test/java/teammates/logic/core/FeedbackQuestionsLogicTest.java
25,src/main/java/teammates/ui/webapi/UpdateFeedbackResponseCommentAction.java
20,src/test/java/teammates/common/util/JsonUtilsTest.java
17,src/e2e/java/teammates/e2e/cases/axe/InstructorCoursesPageAxeTest.java
194,src/client/java/teammates/client/util/BackDoor.java
1,src/main/java/teammates/ui/servlets/AuthServlet.java
25,src/main/java/teammates/ui/webapi/GetCourseSectionNamesAction.java
1,src/test/java/teammates/ui/webapi/StudentSearchIndexingWorkerActionTest.java
97,src/test/java/teammates/ui/webapi/FeedbackSessionClosedRemindersActionTest.java
29,src/main/java/teammates/ui/output/FeedbackSessionLogData.java
47,src/main/java/teammates/ui/output/CourseArchiveData.java
1,src/main/java/teammates/logic/external/LocalLoggingService.java
1,src/e2e/java/teammates/e2e/util/MaximumRetriesExceededException.java
68,src/main/java/teammates/logic/external/EmptyAuthService.java
68,src/test/java/teammates/logic/core/UsageStatisticsLogicTest.java
16,src/e2e/java/teammates/e2e/cases/AdminSessionsPageE2ETest.java
7,src/main/java/teammates/ui/output/RegenerateKeyData.java
174,src/main/java/teammates/common/exception/package-info.java
77,src/test/java/teammates/logic/api/MockAuthProxy.java
88,src/main/java/teammates/logic/core/FeedbackQuestionsLogic.java
1,src/main/java/teammates/ui/webapi/RestoreCourseAction.java
1,src/test/java/teammates/logic/api/MockAuthProxy.java
118,src/main/java/teammates/storage/api/DeadlineExtensionsDb.java
1,src/test/java/teammates/ui/webapi/JoinCourseActionTest.java
15,src/e2e/java/teammates/e2e/pageobjects/AppPage.java
4,src/main/java/teammates/ui/webapi/RemindFeedbackSessionSubmissionAction.java
175,src/main/java/teammates/common/datatransfer/questions/FeedbackRankQuestionDetails.java
4,src/main/java/teammates/ui/servlets/package-info.java
1,src/test/java/teammates/ui/webapi/DeleteFeedbackQuestionActionTest.java
29,src/main/java/teammates/ui/webapi/package-info.java
25,src/test/java/teammates/ui/webapi/SearchAccountRequestsActionTest.java
1,src/main/java/teammates/ui/webapi/GetAccountAction.java
1,src/main/java/teammates/common/datatransfer/TeamEvalResult.java
175,src/main/java/teammates/common/datatransfer/questions/FeedbackMcqQuestionDetails.java
101,src/main/java/teammates/storage/entity/Account.java
7,src/main/java/teammates/ui/webapi/FeedbackSessionClosedRemindersAction.java
155,src/test/java/teammates/common/datatransfer/attributes/AccountAttributesTest.java
81,src/test/java/teammates/ui/webapi/GetAccountRequestActionTest.java
81,src/main/java/teammates/ui/webapi/DeleteAccountAction.java
1,src/test/java/teammates/logic/external/package-info.java
97,src/main/java/teammates/logic/external/GoogleCloudTasksService.java
4,src/main/java/teammates/ui/webapi/GetAccountRequestAction.java
81,src/main/java/teammates/ui/webapi/GateKeeper.java
15,src/e2e/java/teammates/e2e/pageobjects/InstructorCourseStudentDetailsViewPage.java
7,src/test/java/teammates/ui/webapi/FeedbackSessionRemindParticularUsersEmailWorkerActionTest.java
4,src/main/java/teammates/ui/webapi/FeedbackSessionRemindParticularUsersEmailWorkerAction.java
177,src/main/java/teammates/storage/api/InstructorsDb.java
29,src/test/java/teammates/ui/webapi/PublishFeedbackSessionActionTest.java
175,src/main/java/teammates/common/datatransfer/attributes/EntityAttributes.java
81,src/main/java/teammates/ui/request/AccountCreateRequest.java
7,src/test/java/teammates/ui/webapi/FeedbackSessionOpeningRemindersActionTest.java
7,src/test/java/teammates/ui/webapi/GetSessionResultsActionTest.java
47,src/main/java/teammates/ui/webapi/RegenerateInstructorKeyAction.java
1,src/main/java/teammates/ui/output/CourseData.java
25,src/main/java/teammates/ui/webapi/FeedbackSessionPublishedRemindersAction.java
97,src/test/java/teammates/ui/webapi/GetRegkeyValidityActionTest.java
97,src/main/java/teammates/ui/webapi/GetSessionResultsAction.java
4,src/test/java/teammates/ui/webapi/GetCourseSectionNamesActionTest.java
7,src/test/java/teammates/ui/webapi/DeleteInstructorActionTest.java
7,src/test/java/teammates/ui/webapi/FeedbackSessionRemindEmailWorkerActionTest.java
87,src/main/java/teammates/logic/api/package-info.java
81,src/main/java/teammates/ui/webapi/UpdateNotificationAction.java
47,src/main/java/teammates/ui/webapi/AccountRequestSearchIndexingWorkerAction.java
5,src/main/java/teammates/ui/webapi/FeedbackSessionRemindEmailWorkerAction.java
186,src/e2e/java/teammates/e2e/cases/FeedbackRankOptionQuestionE2ETest.java
5,src/test/java/teammates/ui/webapi/FeedbackSessionClosingRemindersActionTest.java
88,src/main/java/teammates/logic/external/EmailSenderService.java
118,src/main/java/teammates/storage/search/StudentSearchDocument.java
5,src/main/java/teammates/ui/webapi/GetAuthInfoAction.java
1,src/main/java/teammates/common/datatransfer/attributes/AccountAttributes.java
20,src/main/java/teammates/common/util/SanitizationHelper.java
97,src/main/java/teammates/ui/webapi/GetAccountRequestAction.java
5,src/test/java/teammates/ui/servlets/OriginCheckFilterTest.java
1,src/main/java/teammates/common/datatransfer/CourseRoster.java
131,src/main/java/teammates/ui/output/FeedbackQuestionData.java
7,src/test/java/teammates/ui/webapi/GetDeadlineExtensionActionTest.java
1,src/main/java/teammates/ui/servlets/OAuth2CallbackServlet.java
4,src/test/java/teammates/ui/webapi/GetFeedbackSessionSubmittedGiverSetActionTest.java
131,src/test/java/teammates/storage/api/AccountsDbTest.java
81,src/main/java/teammates/ui/output/FeedbackResponseCommentData.java
177,src/main/java/teammates/storage/api/FeedbackQuestionsDb.java
29,src/main/java/teammates/ui/webapi/StudentSearchIndexingWorkerAction.java
7,src/main/java/teammates/ui/webapi/ActionResult.java
7,src/main/java/teammates/ui/webapi/FeedbackSessionPublishedRemindersAction.java
174,src/main/java/teammates/common/datatransfer/CourseRoster.java
29,src/main/java/teammates/ui/webapi/PutDataBundleDocumentsAction.java
16,src/e2e/java/teammates/e2e/cases/InstructorStudentListPageE2ETest.java
4,src/main/java/teammates/ui/output/AccountData.java
186,src/e2e/java/teammates/e2e/cases/axe/InstructorStudentActivityLogsPageAxeTest.java
47,src/test/java/teammates/ui/webapi/GetAccountActionTest.java
29,src/test/java/teammates/ui/webapi/FeedbackSessionOpeningSoonRemindersActionTest.java
1,src/test/java/teammates/common/datatransfer/CourseRosterTest.java
1,src/main/java/teammates/ui/output/InstructorData.java
81,src/main/java/teammates/ui/webapi/GetRegkeyValidityAction.java
97,src/main/java/teammates/ui/webapi/InvalidOperationException.java
97,src/main/java/teammates/ui/constants/ApiConst.java
97,src/test/java/teammates/ui/webapi/GetNotificationActionTest.java
97,src/test/java/teammates/ui/webapi/SearchInstructorsActionTest.java
20,src/test/java/teammates/common/util/SanitizationHelperTest.java
25,src/main/java/teammates/ui/request/CourseBasicRequest.java
97,src/main/java/teammates/ui/webapi/DeleteDataBundleAction.java
1,src/test/java/teammates/ui/webapi/CreateCourseActionTest.java
97,src/test/java/teammates/ui/webapi/GetSessionResponseStatsActionTest.java
29,src/main/java/teammates/ui/webapi/CalculateUsageStatisticsAction.java
29,src/main/java/teammates/ui/webapi/GetAccountsAction.java
1,src/test/java/teammates/ui/webapi/CreateAccountRequestActionTest.java
17,src/e2e/java/teammates/e2e/cases/FeedbackRankRecipientQuestionE2ETest.java
176,src/main/java/teammates/logic/external/MailjetService.java
81,src/test/java/teammates/ui/webapi/BinCourseActionTest.java
186,src/e2e/java/teammates/e2e/cases/InstructorFeedbackEditPageE2ETest.java
97,src/main/java/teammates/ui/webapi/FeedbackSessionUnpublishedEmailWorkerAction.java
47,src/main/java/teammates/ui/request/FeedbackQuestionCreateRequest.java
25,src/test/java/teammates/ui/webapi/EnrollStudentsActionTest.java
29,src/main/java/teammates/ui/webapi/MarkNotificationAsReadAction.java
185,src/e2e/java/teammates/e2e/pageobjects/InstructorCourseStudentDetailsViewPage.java
17,src/e2e/java/teammates/e2e/cases/InstructorFeedbackEditPageE2ETest.java
47,src/main/java/teammates/ui/webapi/CreateFeedbackResponseCommentAction.java
68,src/main/java/teammates/logic/core/AccountRequestsLogic.java
17,src/e2e/java/teammates/e2e/pageobjects/InstructorStudentListPage.java
20,src/main/java/teammates/common/util/TaskWrapper.java
47,src/main/java/teammates/ui/webapi/ActionFactory.java
176,src/test/java/teammates/logic/core/StudentsLogicTest.java
174,src/main/java/teammates/common/util/HttpRequestHelper.java
87,src/main/java/teammates/logic/core/InstructorsLogic.java
129,src/main/java/teammates/logic/external/EmptyAuthService.java
175,src/main/java/teammates/common/util/Url.java
47,src/main/java/teammates/logic/api/TaskQueuer.java
7,src/main/java/teammates/ui/webapi/SearchInstructorsAction.java
1,src/main/java/teammates/storage/api/UsageStatisticsDb.java
1,src/e2e/java/teammates/e2e/cases/StudentCourseDetailsPageE2ETest.java
97,src/main/java/teammates/ui/output/DeadlineExtensionData.java
97,src/test/java/teammates/logic/core/FeedbackResponseCommentsLogicTest.java
97,src/main/java/teammates/ui/request/InvalidHttpRequestBodyException.java
97,src/main/java/teammates/ui/webapi/GateKeeper.java
29,src/test/java/teammates/ui/webapi/UpdateInstructorPrivilegeActionTest.java
87,src/test/java/teammates/logic/core/AccountRequestsLogicTest.java
174,src/test/java/teammates/common/datatransfer/attributes/FeedbackResponseCommentAttributesTest.java
131,src/main/java/teammates/ui/webapi/PublishFeedbackSessionAction.java
97,src/main/java/teammates/logic/core/UsageStatisticsLogic.java
5,src/main/java/teammates/ui/webapi/AccountRequestSearchIndexingWorkerAction.java
7,src/test/java/teammates/ui/webapi/GetNotificationsActionTest.java
175,src/main/java/teammates/common/datatransfer/attributes/FeedbackSessionAttributes.java
118,src/test/java/teammates/storage/api/StudentsDbTest.java
5,src/main/java/teammates/ui/output/FeedbackSessionsData.java
186,src/e2e/java/teammates/e2e/cases/StudentNotificationsPageE2ETest.java
4,src/test/java/teammates/ui/webapi/GetFeedbackSessionLogsActionTest.java
128,src/main/java/teammates/storage/entity/Instructor.java
5,src/main/java/teammates/ui/request/CourseArchiveRequest.java
17,src/e2e/java/teammates/e2e/cases/axe/AdminSessionsPageAxeTest.java
1,src/main/java/teammates/ui/webapi/PutDataBundleAction.java
129,src/main/java/teammates/logic/core/CoursesLogic.java
20,src/main/java/teammates/common/util/FileHelper.java
29,src/test/java/teammates/ui/webapi/ResetAccountActionTest.java
97,src/main/java/teammates/ui/output/ReadNotificationsData.java
81,src/test/java/teammates/ui/webapi/CreateFeedbackSessionActionTest.java
1,src/test/java/teammates/ui/servlets/WebApiServletTest.java
176,src/main/java/teammates/logic/core/UsageStatisticsLogic.java
81,src/main/java/teammates/ui/webapi/GetCourseSectionNamesAction.java
29,src/main/java/teammates/ui/request/InstructorCreateRequest.java
175,src/main/java/teammates/common/datatransfer/questions/FeedbackRubricResponseDetails.java
1,src/main/java/teammates/common/datatransfer/package-info.java
1,src/main/java/teammates/storage/entity/UsageStatistics.java
1,src/test/java/teammates/logic/api/EmailSenderTest.java
15,src/e2e/java/teammates/e2e/cases/axe/InstructorCourseStudentDetailsEditPageAxeTest.java
97,src/main/java/teammates/ui/webapi/InstructorSearchIndexingWorkerAction.java
97,src/main/java/teammates/logic/external/RecaptchaService.java
4,src/main/java/teammates/ui/output/RegenerateKeyData.java
20,src/main/java/teammates/common/datatransfer/NotificationStyle.java
174,src/test/java/teammates/common/datatransfer/attributes/AccountAttributesTest.java
97,src/main/java/teammates/ui/request/StudentUpdateRequest.java
20,src/test/java/teammates/common/datatransfer/questions/FeedbackRankQuestionDetailsTest.java
47,src/main/java/teammates/ui/request/CourseBasicRequest.java
47,src/main/java/teammates/ui/webapi/GetSessionResponseStatsAction.java
97,src/test/java/teammates/ui/webapi/FeedbackSessionClosingRemindersActionTest.java
68,src/main/java/teammates/logic/external/package-info.java
29,src/main/java/teammates/ui/request/FeedbackQuestionCreateRequest.java
25,src/test/java/teammates/ui/webapi/DeleteInstructorActionTest.java
4,src/main/java/teammates/ui/webapi/UpdateFeedbackResponseCommentAction.java
29,src/main/java/teammates/ui/webapi/DeleteDataBundleAction.java
47,src/main/java/teammates/ui/webapi/CreateFeedbackQuestionAction.java
4,src/main/java/teammates/ui/webapi/BinFeedbackSessionAction.java
81,src/main/java/teammates/ui/constants/QuestionTypeStructures.java
131,src/main/java/teammates/storage/entity/CourseStudent.java
25,src/test/java/teammates/ui/webapi/CreateAccountRequestActionTest.java
47,src/main/java/teammates/logic/external/GoogleCloudTasksService.java
25,src/main/java/teammates/ui/webapi/EntityNotFoundException.java
176,src/main/java/teammates/logic/external/EmptyEmailService.java
47,src/main/java/teammates/ui/output/ApiOutput.java
1,src/test/java/teammates/ui/webapi/CreateFeedbackSessionLogActionTest.java
4,src/main/java/teammates/ui/webapi/CreateFeedbackQuestionAction.java
81,src/main/java/teammates/ui/webapi/ActionFactory.java
25,src/main/java/teammates/ui/constants/ResourceEndpoints.java
5,src/test/java/teammates/ui/webapi/FeedbackSessionOpeningRemindersActionTest.java
1,src/test/java/teammates/logic/core/FeedbackResponseCommentsLogicTest.java
177,src/main/java/teammates/storage/api/AccountsDb.java
4,src/main/java/teammates/ui/request/NotificationBasicRequest.java
101,src/main/java/teammates/storage/search/SearchDocument.java
4,src/main/java/teammates/ui/webapi/FeedbackSessionOpeningSoonRemindersAction.java
155,src/main/java/teammates/common/datatransfer/attributes/AccountAttributes.java
1,src/e2e/java/teammates/e2e/cases/axe/AdminHomePageAxeTest.java
1,src/e2e/java/teammates/e2e/pageobjects/InstructorCoursesPage.java
1,src/test/java/teammates/storage/api/FeedbackQuestionsDbTest.java
186,src/e2e/java/teammates/e2e/util/TestProperties.java
97,src/main/java/teammates/ui/output/JoinLinkData.java
4,src/main/java/teammates/ui/servlets/LogoutServlet.java
81,src/test/java/teammates/ui/webapi/GetNotificationsActionTest.java
25,src/test/java/teammates/ui/webapi/UpdateStudentActionTest.java
16,src/e2e/java/teammates/e2e/cases/AdminHomePageE2ETest.java
81,src/main/java/teammates/ui/request/NotificationCreateRequest.java
186,src/e2e/java/teammates/e2e/cases/FeedbackContributionQuestionE2ETest.java
20,src/main/java/teammates/common/exception/InstructorUpdateException.java
129,src/test/java/teammates/logic/core/DeadlineExtensionsLogicTest.java
97,src/test/java/teammates/ui/webapi/CreateCourseActionTest.java
1,src/main/java/teammates/storage/api/AccountRequestsDb.java
122,src/main/java/teammates/logic/external/GoogleCloudLoggingService.java
185,src/e2e/java/teammates/e2e/cases/AdminSearchPageE2ETest.java
4,src/main/java/teammates/ui/output/SessionVisibleSetting.java
47,src/main/java/teammates/ui/servlets/package-info.java
29,src/main/java/teammates/ui/output/UsageStatisticsData.java
5,src/test/java/teammates/ui/webapi/CreateFeedbackSessionLogActionTest.java
7,src/test/java/teammates/ui/webapi/JoinCourseActionTest.java
29,src/test/java/teammates/ui/webapi/RestoreFeedbackSessionActionTest.java
1,src/main/java/teammates/ui/webapi/FeedbackSessionRemindParticularUsersEmailWorkerAction.java
17,src/e2e/java/teammates/e2e/pageobjects/package-info.java
97,src/main/java/teammates/ui/output/FeedbackSessionsData.java
17,src/e2e/java/teammates/e2e/cases/InstructorStudentListPageE2ETest.java
81,src/main/java/teammates/ui/servlets/LogoutServlet.java
175,src/main/java/teammates/common/datatransfer/logs/ExceptionLogDetails.java
97,src/test/java/teammates/logic/core/FeedbackSessionsLogicTest.java
1,src/main/java/teammates/common/exception/EnrollException.java
15,src/e2e/java/teammates/e2e/pageobjects/InstructorStudentListPage.java
131,src/main/java/teammates/ui/webapi/GenerateEmailAction.java
7,src/test/java/teammates/ui/webapi/FeedbackSessionClosingRemindersActionTest.java
20,src/test/java/teammates/common/datatransfer/attributes/FeedbackSessionAttributesTest.java
68,src/main/java/teammates/logic/external/MailgunService.java
5,src/main/java/teammates/ui/webapi/EnrollStudentsAction.java
175,src/main/java/teammates/common/datatransfer/attributes/FeedbackResponseAttributes.java
1,src/main/java/teammates/logic/external/SendgridService.java
185,src/e2e/java/teammates/e2e/cases/InstructorCourseJoinConfirmationPageE2ETest.java
77,src/main/java/teammates/logic/core/FeedbackSessionsLogic.java
20,src/main/java/teammates/common/datatransfer/questions/FeedbackRankRecipientsResponseDetails.java
174,src/main/java/teammates/common/util/package-info.java
15,src/e2e/java/teammates/e2e/cases/FeedbackSubmitPageE2ETest.java
47,src/main/java/teammates/ui/servlets/OAuth2CallbackServlet.java
47,src/main/java/teammates/ui/webapi/InstructorSearchIndexingWorkerAction.java
1,src/test/java/teammates/ui/webapi/DeleteFeedbackSessionActionTest.java
7,src/main/java/teammates/ui/webapi/FeedbackSessionResendPublishedEmailWorkerAction.java
47,src/main/java/teammates/ui/output/JoinLinkData.java
1,src/test/java/teammates/ui/webapi/ResetAccountActionTest.java
97,src/main/java/teammates/ui/output/SessionResultsData.java
131,src/test/java/teammates/storage/api/FeedbackResponseCommentsDbTest.java
131,src/main/java/teammates/ui/webapi/BinCourseAction.java
25,src/main/java/teammates/ui/webapi/DeleteNotificationAction.java
47,src/main/java/teammates/ui/webapi/CreateCourseAction.java
47,src/test/java/teammates/logic/core/FeedbackResponseCommentsLogicTest.java
5,src/test/java/teammates/ui/webapi/DeleteAccountRequestActionTest.java
29,src/main/java/teammates/ui/webapi/PutDataBundleAction.java
131,src/main/java/teammates/ui/webapi/SendEmailWorkerAction.java
131,src/main/java/teammates/ui/servlets/LoginServlet.java
131,src/main/java/teammates/ui/webapi/CreateNotificationAction.java
175,src/main/java/teammates/common/util/Config.java
4,src/main/java/teammates/ui/webapi/GetSessionResultsAction.java
97,src/main/java/teammates/ui/output/HasResponsesData.java
29,src/main/java/teammates/ui/webapi/GetReadNotificationsAction.java
4,src/test/java/teammates/ui/webapi/InstructorSearchIndexingWorkerActionTest.java
185,src/e2e/java/teammates/e2e/cases/StudentCourseDetailsPageE2ETest.java
29,src/test/java/teammates/ui/webapi/GetAccountsActionTest.java
1,src/test/java/teammates/ui/webapi/GetInstructorPrivilegeActionTest.java
5,src/test/java/teammates/ui/webapi/DeleteAccountActionTest.java
88,src/main/java/teammates/logic/external/AuthService.java
25,src/test/java/teammates/ui/webapi/GetRegkeyValidityActionTest.java
155,src/main/java/teammates/common/datatransfer/logs/InstanceLogDetails.java
131,src/main/java/teammates/ui/webapi/GetFeedbackQuestionRecipientsAction.java
25,src/main/java/teammates/ui/request/FeedbackResponseCommentCreateRequest.java
1,src/client/java/teammates/client/scripts/DataMigrationForNullCommentGiverType.java
1,src/e2e/java/teammates/e2e/pageobjects/AdminAccountsPage.java
17,src/e2e/java/teammates/e2e/cases/AdminAccountsPageE2ETest.java
185,src/e2e/java/teammates/e2e/cases/axe/FeedbackSubmitPageAxeTest.java
25,src/main/java/teammates/ui/webapi/RegenerateStudentKeyAction.java
129,src/main/java/teammates/logic/core/AccountsLogic.java
47,src/test/java/teammates/logic/core/UsageStatisticsLogicTest.java
185,src/e2e/java/teammates/e2e/cases/InstructorCourseDetailsPageE2ETest.java
25,src/test/java/teammates/ui/webapi/BaseActionTest.java
131,src/test/java/teammates/ui/webapi/GetFeedbackSessionSubmittedGiverSetActionTest.java
97,src/main/java/teammates/ui/request/InstructorCreateRequest.java
97,src/test/java/teammates/ui/webapi/GetCoursesActionTest.java
97,src/main/java/teammates/ui/webapi/GetReadNotificationsAction.java
29,src/test/java/teammates/ui/webapi/MarkNotificationAsReadActionTest.java
122,src/main/java/teammates/logic/external/SendgridService.java
97,src/main/java/teammates/ui/webapi/ActionFactory.java
186,src/e2e/java/teammates/e2e/util/TestPropertiesTest.java
4,src/test/java/teammates/ui/webapi/GetNotificationsActionTest.java
29,src/test/java/teammates/ui/webapi/BinFeedbackSessionActionTest.java
81,src/test/java/teammates/ui/webapi/GetInstructorActionTest.java
97,src/test/java/teammates/ui/webapi/RegenerateInstructorKeyActionTest.java
7,src/test/java/teammates/ui/webapi/InstructorCourseJoinEmailWorkerActionTest.java
47,src/main/java/teammates/ui/output/AccountsData.java
16,src/e2e/java/teammates/e2e/cases/BaseFeedbackQuestionE2ETest.java
186,src/e2e/java/teammates/e2e/cases/InstructorCourseStudentDetailsPageE2ETest.java
25,src/main/java/teammates/ui/webapi/ActionFactory.java
47,src/main/java/teammates/logic/core/AccountRequestsLogic.java
68,src/main/java/teammates/logic/external/AuthService.java
25,src/test/java/teammates/ui/webapi/ResetAccountActionTest.java
25,src/main/java/teammates/ui/output/AccountData.java
174,src/test/java/teammates/common/datatransfer/CourseRosterTest.java
17,src/e2e/java/teammates/e2e/util/MaximumRetriesExceededException.java
5,src/main/java/teammates/ui/constants/ApiConst.java
155,src/main/java/teammates/common/datatransfer/questions/FeedbackNumericalScaleQuestionDetails.java
5,src/main/java/teammates/ui/webapi/CreateCourseAction.java
16,src/e2e/java/teammates/e2e/cases/StudentCourseJoinConfirmationPageE2ETest.java
5,src/main/java/teammates/ui/output/InstructorsData.java
4,src/main/java/teammates/ui/webapi/SendErrorReportAction.java
7,src/test/java/teammates/ui/webapi/CreateFeedbackQuestionActionTest.java
122,src/main/java/teammates/logic/api/Logic.java
77,src/main/java/teammates/logic/api/package-info.java
47,src/main/java/teammates/ui/output/FeedbackSessionLogsData.java
185,src/e2e/java/teammates/e2e/cases/axe/AdminNotificationsPageAxeTest.java
87,src/test/java/teammates/logic/core/AccountsLogicTest.java
47,src/test/java/teammates/ui/webapi/SendErrorReportActionTest.java
194,src/client/java/teammates/client/scripts/DataMigrationEntitiesBaseScript.java
7,src/main/java/teammates/ui/output/FeedbackQuestionRecipientData.java
97,src/main/java/teammates/ui/webapi/MarkNotificationAsReadAction.java
1,src/test/java/teammates/ui/webapi/DeleteStudentActionTest.java
15,src/e2e/java/teammates/e2e/cases/axe/AdminHomePageAxeTest.java
25,src/test/java/teammates/ui/webapi/RemindFeedbackSessionResultActionTest.java
29,src/test/java/teammates/ui/webapi/DeleteAccountActionTest.java
174,src/main/java/teammates/common/datatransfer/questions/FeedbackMsqResponseDetails.java
1,src/test/java/teammates/ui/webapi/GetStudentActionTest.java
25,src/main/java/teammates/ui/webapi/AdminExceptionTestAction.java
1,src/test/java/teammates/test/EmailChecker.java
7,src/main/java/teammates/ui/webapi/RegenerateInstructorKeyAction.java
17,src/e2e/java/teammates/e2e/cases/axe/StudentNotificationsPageAxeTest.java
1,src/test/java/teammates/test/AbstractBackDoor.java
155,src/main/java/teammates/common/util/EmailWrapper.java
15,src/e2e/java/teammates/e2e/cases/axe/InstructorCourseStudentDetailsPageAxeTest.java
18,src/client/java/teammates/client/scripts/DataMigrationForSanitizedDataInStudentAttributes.java
17,src/e2e/java/teammates/e2e/cases/axe/InstructorCourseStudentDetailsEditPageAxeTest.java
186,src/e2e/java/teammates/e2e/cases/axe/InstructorStudentListPageAxeTest.java
1,src/main/java/teammates/logic/external/FirebaseAuthService.java
1,src/main/java/teammates/common/datatransfer/questions/FeedbackRankQuestionDetails.java
174,src/main/java/teammates/common/datatransfer/UserInfo.java
194,src/client/java/teammates/client/scripts/PopulateCourseSearchDocuments.java
29,src/test/java/teammates/ui/webapi/AccountRequestSearchIndexingWorkerActionTest.java
25,src/test/java/teammates/ui/webapi/RestoreCourseActionTest.java
122,src/main/java/teammates/logic/api/LogsProcessor.java
87,src/test/java/teammates/logic/api/MockUserProvision.java
29,src/test/java/teammates/ui/webapi/GetOngoingSessionsActionTest.java
1,src/main/java/teammates/logic/core/UsageStatisticsLogic.java
1,src/e2e/java/teammates/e2e/cases/FeedbackResultsPageE2ETest.java
131,src/main/java/teammates/ui/webapi/BasicFeedbackSubmissionAction.java
47,src/test/java/teammates/ui/webapi/DeleteAccountActionTest.java
18,src/client/java/teammates/client/scripts/DataMigrationForTextQuestionRecommendedLength.java
131,src/test/java/teammates/ui/webapi/GetUsageStatisticsActionTest.java
20,src/main/java/teammates/common/util/Const.java
194,src/client/java/teammates/client/scripts/statistics/StatisticsPerInstitute.java
177,src/main/java/teammates/storage/search/package-info.java
1,src/main/java/teammates/ui/webapi/DeleteFeedbackSessionAction.java
174,src/main/java/teammates/common/datatransfer/logs/RequestLogUser.java
177,src/main/java/teammates/storage/search/SearchDocument.java
131,src/test/java/teammates/ui/webapi/FeedbackSessionRemindEmailWorkerActionTest.java
97,src/main/java/teammates/ui/webapi/DeleteFeedbackSessionAction.java
68,src/main/java/teammates/logic/api/AuthProxy.java
1,src/main/java/teammates/ui/webapi/GetNotificationAction.java
47,src/test/java/teammates/ui/webapi/GetAuthInfoActionTest.java
81,src/main/java/teammates/ui/constants/ApiConst.java
1,src/main/java/teammates/ui/servlets/HealthCheckServlet.java
97,src/main/java/teammates/ui/webapi/EntityNotFoundException.java
177,src/main/java/teammates/storage/entity/Notification.java
47,src/main/java/teammates/ui/webapi/BinCourseAction.java
131,src/main/java/teammates/ui/webapi/CreateAccountRequestAction.java
4,src/test/java/teammates/ui/webapi/UpdateInstructorPrivilegeActionTest.java
47,src/main/java/teammates/logic/external/GoogleCloudLoggingService.java
97,src/test/java/teammates/logic/api/package-info.java
1,src/e2e/java/teammates/e2e/pageobjects/InstructorCourseStudentDetailsEditPage.java
7,src/test/java/teammates/ui/webapi/FeedbackSessionOpeningSoonRemindersActionTest.java
118,src/test/java/teammates/storage/api/NotificationsDbTest.java
131,src/test/java/teammates/ui/webapi/UpdateNotificationActionTest.java
186,src/e2e/java/teammates/e2e/cases/FeedbackMcqQuestionE2ETest.java
25,src/test/java/teammates/ui/webapi/DeleteFeedbackResponseCommentActionTest.java
118,src/test/java/teammates/storage/api/FeedbackResponsesDbTest.java
1,src/test/java/teammates/logic/core/AccountRequestsLogicTest.java
18,src/client/java/teammates/client/scripts/statistics/StatisticsBundle.java
175,src/main/java/teammates/common/datatransfer/logs/InstanceLogDetails.java
5,src/main/java/teammates/ui/request/CourseBasicRequest.java
17,src/e2e/java/teammates/e2e/util/TestNgXmlTest.java
1,src/test/java/teammates/common/datatransfer/attributes/FeedbackResponseCommentAttributesTest.java
174,src/main/java/teammates/common/datatransfer/questions/FeedbackRubricQuestionDetails.java
81,src/main/java/teammates/ui/request/SendEmailRequest.java
81,src/main/java/teammates/ui/output/CourseSectionNamesData.java
1,src/main/java/teammates/ui/webapi/SubmitFeedbackResponsesAction.java
129,src/main/java/teammates/logic/external/EmptyEmailService.java
131,src/main/java/teammates/ui/webapi/EntityNotFoundException.java
29,src/main/java/teammates/ui/webapi/ActionFactory.java
97,src/main/java/teammates/ui/request/FeedbackQuestionCreateRequest.java
1,src/test/java/teammates/common/util/package-info.java
131,src/main/java/teammates/ui/output/AccountData.java
1,src/main/java/teammates/common/util/RequestTracer.java
97,src/test/java/teammates/ui/webapi/ActionFactoryTest.java
1,src/main/java/teammates/common/datatransfer/questions/FeedbackConstantSumDistributePointsType.java
88,src/main/java/teammates/logic/api/package-info.java
1,src/test/java/teammates/logic/external/GoogleRecaptchaServiceTest.java
1,src/client/java/teammates/client/scripts/MockCourseWithLargeResponseScript.java
5,src/test/java/teammates/ui/webapi/RegenerateStudentKeyActionTest.java
29,src/test/java/teammates/ui/webapi/GetUsageStatisticsActionTest.java
131,src/main/java/teammates/ui/webapi/RemindFeedbackSessionResultAction.java
7,src/main/java/teammates/ui/webapi/GetFeedbackResponsesAction.java
1,src/test/java/teammates/logic/api/EmailGeneratorTest.java
81,src/main/java/teammates/ui/output/DeadlineExtensionData.java
163,src/test/java/teammates/test/AssertHelper.java
29,src/main/java/teammates/ui/webapi/RestoreCourseAction.java
47,src/test/java/teammates/ui/webapi/package-info.java
185,src/e2e/java/teammates/e2e/cases/axe/InstructorStudentRecordsPageAxeTest.java
47,src/main/java/teammates/ui/request/FeedbackQuestionBasicRequest.java
5,src/test/java/teammates/ui/webapi/GetTimeZonesActionTest.java
5,src/main/java/teammates/ui/output/FeedbackSessionPublishStatus.java
155,src/test/java/teammates/common/datatransfer/attributes/package-info.java
29,src/main/java/teammates/ui/output/InstructorPrivilegeData.java
1,src/test/java/teammates/ui/webapi/UpdateStudentActionTest.java
7,src/main/java/teammates/ui/output/AccountRequestsData.java
25,src/main/java/teammates/ui/webapi/GetInstructorAction.java
186,src/e2e/java/teammates/e2e/cases/axe/StudentHomePageAxeTest.java
47,src/main/java/teammates/ui/servlets/WebSecurityHeaderFilter.java
1,src/main/java/teammates/ui/output/GeneralLogsData.java
29,src/main/java/teammates/ui/webapi/GateKeeper.java
7,src/main/java/teammates/ui/request/FeedbackSessionCreateRequest.java
47,src/main/java/teammates/ui/webapi/UpdateInstructorPrivilegeAction.java
25,src/main/java/teammates/ui/webapi/QueryLogsAction.java
10,src/test/java/teammates/test/MockHttpServletResponse.java
47,src/main/java/teammates/ui/webapi/GetHasResponsesAction.java
163,src/test/java/teammates/test/EmailCheckerTest.java
7,src/main/java/teammates/ui/request/AccountCreateRequest.java
97,src/main/java/teammates/logic/external/MailjetService.java
81,src/test/java/teammates/ui/webapi/UpdateInstructorActionTest.java
87,src/test/java/teammates/logic/core/BaseLogicTest.java
25,src/main/java/teammates/ui/webapi/GetDeadlineExtensionAction.java
87,src/test/java/teammates/logic/core/NotificationsLogicTest.java
129,src/main/java/teammates/logic/external/EmptyRecaptchaService.java
186,src/e2e/java/teammates/e2e/cases/axe/AdminSearchPageAxeTest.java
1,src/main/java/teammates/logic/external/MailgunService.java
25,src/test/java/teammates/ui/webapi/GetNotificationActionTest.java
186,src/e2e/java/teammates/e2e/cases/FeedbackNumScaleQuestionE2ETest.java
4,src/test/java/teammates/ui/webapi/MarkNotificationAsReadActionTest.java
5,src/main/java/teammates/ui/webapi/FeedbackSessionClosedRemindersAction.java
131,src/main/java/teammates/ui/request/FeedbackSessionRemindRequest.java
47,src/main/java/teammates/ui/webapi/GetActionClassesAction.java
5,src/main/java/teammates/ui/webapi/GetRegkeyValidityAction.java
25,src/test/java/teammates/ui/webapi/DeleteStudentActionTest.java
97,src/main/java/teammates/ui/webapi/GetCourseAction.java
4,src/main/java/teammates/ui/webapi/RegenerateStudentKeyAction.java
131,src/test/java/teammates/ui/webapi/RemindFeedbackSessionSubmissionActionTest.java
29,src/main/java/teammates/ui/output/FeedbackResponseData.java
87,src/main/java/teammates/logic/api/EmailSender.java
163,src/test/java/teammates/test/TestProperties.java
5,src/test/java/teammates/ui/webapi/GetFeedbackResponseCommentActionTest.java
97,src/main/java/teammates/ui/webapi/ArchiveCourseAction.java
88,src/test/java/teammates/storage/api/FeedbackQuestionsDbTest.java
81,src/main/java/teammates/ui/request/FeedbackSessionCreateRequest.java
97,src/main/java/teammates/ui/webapi/BasicCommentSubmissionAction.java
87,src/test/java/teammates/logic/core/CoursesLogicTest.java
174,src/test/java/teammates/common/datatransfer/questions/FeedbackRankOptionsQuestionDetailsTest.java
1,src/main/java/teammates/ui/servlets/LogoutServlet.java
175,src/main/java/teammates/common/datatransfer/logs/DefaultLogDetails.java
81,src/main/java/teammates/ui/webapi/FeedbackSessionOpeningRemindersAction.java
16,src/e2e/java/teammates/e2e/cases/InstructorCourseDetailsPageE2ETest.java
177,src/test/java/teammates/storage/search/package-info.java
88,src/test/java/teammates/logic/api/MockRecaptchaVerifier.java
175,src/test/java/teammates/common/datatransfer/attributes/DeadlineExtensionAttributesTest.java
1,src/main/java/teammates/common/util/Templates.java
68,src/test/java/teammates/logic/api/MockTaskQueuer.java
4,src/test/java/teammates/ui/webapi/ArchiveCourseActionTest.java
47,src/test/java/teammates/ui/webapi/RemindFeedbackSessionSubmissionActionTest.java
4,src/main/java/teammates/ui/output/CoursesData.java
5,src/test/java/teammates/ui/webapi/GetUsageStatisticsActionTest.java
128,src/test/java/teammates/storage/search/InstructorSearchTest.java
1,src/client/java/teammates/client/scripts/statistics/FileStore.java
15,src/e2e/java/teammates/e2e/cases/InstructorCourseEnrollPageE2ETest.java
20,src/main/java/teammates/common/util/Url.java
97,src/main/java/teammates/logic/core/FeedbackResponsesLogic.java
1,src/main/java/teammates/ui/output/SessionVisibleSetting.java
131,src/main/java/teammates/ui/webapi/DeleteInstructorAction.java
175,src/main/java/teammates/common/datatransfer/logs/QueryLogsParams.java
81,src/test/java/teammates/ui/webapi/DeleteAccountRequestActionTest.java
88,src/main/java/teammates/logic/external/MailgunService.java
97,src/test/java/teammates/ui/webapi/AccountRequestSearchIndexingWorkerActionTest.java
7,src/main/java/teammates/ui/webapi/QueryLogsAction.java
25,src/test/java/teammates/ui/webapi/GetAccountsActionTest.java
29,src/main/java/teammates/ui/output/CourseData.java
47,src/test/java/teammates/ui/servlets/WebApiServletTest.java
4,src/test/java/teammates/ui/webapi/GetAuthInfoActionTest.java
97,src/main/java/teammates/ui/output/AccountData.java
88,src/main/java/teammates/storage/api/FeedbackSessionsDb.java
1,src/main/java/teammates/ui/constants/DefaultInstructorPermissions.java
1,src/test/java/teammates/logic/core/NotificationsLogicTest.java
7,src/main/java/teammates/ui/webapi/UpdateFeedbackQuestionAction.java
47,src/main/java/teammates/ui/output/AccountRequestsData.java
186,src/e2e/java/teammates/e2e/util/BackDoor.java
25,src/main/java/teammates/ui/webapi/FeedbackSessionOpeningSoonRemindersAction.java
17,src/e2e/java/teammates/e2e/cases/axe/InstructorFeedbackSessionsPageAxeTest.java
1,src/test/java/teammates/ui/webapi/SessionLinksRecoveryActionTest.java
97,src/test/java/teammates/ui/servlets/package-info.java
4,src/main/java/teammates/ui/servlets/OriginCheckFilter.java
68,src/main/java/teammates/logic/external/GoogleCloudTasksService.java
77,src/test/java/teammates/logic/core/CoursesLogicTest.java
29,src/main/java/teammates/ui/request/InstructorPrivilegeUpdateRequest.java
1,src/e2e/java/teammates/e2e/cases/axe/InstructorStudentActivityLogsPageAxeTest.java
25,src/test/java/teammates/ui/webapi/SendLoginEmailActionTest.java
7,src/main/java/teammates/ui/webapi/GetStudentsAction.java
175,src/main/java/teammates/common/util/Templates.java
81,src/main/java/teammates/ui/output/ReadNotificationsData.java
25,src/main/java/teammates/ui/webapi/GetInstructorPrivilegeAction.java
7,src/main/java/teammates/ui/request/CourseArchiveRequest.java
176,src/test/java/teammates/logic/api/EmailSenderTest.java
101,src/test/java/teammates/storage/api/NotificationsDbTest.java
1,src/client/java/teammates/client/scripts/DataMigrationForGoogleIdToGmail.java
186,src/e2e/java/teammates/e2e/cases/BaseFeedbackQuestionE2ETest.java
47,src/test/java/teammates/ui/webapi/GetSessionResponseStatsActionTest.java
131,src/test/java/teammates/ui/webapi/GetSessionResponseStatsActionTest.java
7,src/test/java/teammates/ui/webapi/SearchAccountRequestsActionTest.java
4,src/main/java/teammates/ui/webapi/DeleteAccountRequestAction.java
47,src/main/java/teammates/ui/output/JoinStatus.java
77,src/main/java/teammates/logic/core/FeedbackQuestionsLogic.java
129,src/test/java/teammates/logic/core/AccountRequestsLogicTest.java
176,src/test/java/teammates/logic/core/NotificationsLogicTest.java
97,src/test/java/teammates/ui/webapi/CreateAccountActionTest.java
87,src/main/java/teammates/logic/core/FeedbackQuestionsLogic.java
7,src/main/java/teammates/ui/webapi/PutDataBundleAction.java
185,src/e2e/java/teammates/e2e/cases/StudentHomePageE2ETest.java
1,src/e2e/java/teammates/e2e/cases/TimezoneSyncerTest.java
17,src/e2e/java/teammates/e2e/cases/InstructorNotificationsPageE2ETest.java
97,src/main/java/teammates/ui/webapi/DeleteAccountAction.java
87,src/main/java/teammates/logic/external/FirebaseAuthService.java
186,src/e2e/java/teammates/e2e/cases/FeedbackMsqQuestionE2ETest.java
81,src/test/java/teammates/ui/webapi/InstructorCourseJoinEmailWorkerActionTest.java
25,src/main/java/teammates/ui/webapi/RegenerateInstructorKeyAction.java
5,src/main/java/teammates/ui/request/FeedbackQuestionUpdateRequest.java
20,src/main/java/teammates/common/datatransfer/questions/FeedbackNumericalScaleResponseDetails.java
1,src/e2e/java/teammates/e2e/cases/axe/InstructorFeedbackReportPageAxeTest.java
16,src/e2e/java/teammates/e2e/pageobjects/InstructorCourseEditPage.java
17,src/e2e/java/teammates/e2e/pageobjects/InstructorStudentActivityLogsPage.java
7,src/main/java/teammates/ui/webapi/DeleteStudentAction.java
47,src/test/java/teammates/ui/webapi/StudentSearchIndexingWorkerActionTest.java
155,src/main/java/teammates/common/util/RequestTracer.java
1,src/main/java/teammates/ui/webapi/DeleteAccountRequestAction.java
97,src/main/java/teammates/ui/webapi/SearchAccountRequestsAction.java
47,src/test/java/teammates/ui/webapi/GetFeedbackSessionsActionTest.java
47,src/main/java/teammates/ui/output/EnrollStudentsData.java
4,src/main/java/teammates/ui/constants/package-info.java
1,src/e2e/java/teammates/e2e/cases/axe/InstructorStudentListPageAxeTest.java
118,src/test/java/teammates/storage/api/DeadlineExtensionsDbTest.java
131,src/main/java/teammates/ui/webapi/CreateCourseAction.java
68,src/main/java/teammates/logic/external/MailjetService.java
4,src/main/java/teammates/ui/webapi/DatastoreBackupAction.java
129,src/main/java/teammates/logic/api/TaskQueuer.java
131,src/main/java/teammates/ui/webapi/ResetAccountAction.java
25,src/main/java/teammates/ui/output/FeedbackQuestionData.java
131,src/test/java/teammates/ui/webapi/ResetAccountActionTest.java
29,src/main/java/teammates/ui/webapi/AdminExceptionTestAction.java
5,src/main/java/teammates/ui/webapi/CreateFeedbackResponseCommentAction.java
1,src/main/java/teammates/ui/webapi/ResetAccountAction.java
1,src/main/java/teammates/ui/request/FeedbackSessionRemindRequest.java
7,src/main/java/teammates/ui/output/FeedbackVisibilityType.java
1,src/main/java/teammates/common/datatransfer/logs/GeneralLogEntry.java
1,src/client/java/teammates/client/scripts/statistics/package-info.java
29,src/test/java/teammates/ui/servlets/LegacyUrlMapperTest.java
88,src/main/java/teammates/storage/api/NotificationsDb.java
7,src/main/java/teammates/ui/webapi/SendLoginEmailAction.java
88,src/test/java/teammates/logic/core/BaseLogicTest.java
155,src/main/java/teammates/common/datatransfer/questions/FeedbackTextQuestionDetails.java
81,src/main/java/teammates/ui/request/InstructorPrivilegeUpdateRequest.java
1,src/test/java/teammates/ui/webapi/CreateInstructorActionTest.java
16,src/e2e/java/teammates/e2e/util/package-info.java
122,src/test/java/teammates/logic/core/FeedbackResponsesLogicTest.java
97,src/main/java/teammates/ui/output/ApiOutput.java
16,src/e2e/java/teammates/e2e/pageobjects/AdminTimezonePage.java
81,src/test/java/teammates/ui/webapi/UpdateFeedbackResponseCommentActionTest.java
1,src/main/java/teammates/ui/webapi/CreateNotificationAction.java
175,src/main/java/teammates/common/util/Logger.java
29,src/test/java/teammates/ui/webapi/SendErrorReportActionTest.java
7,src/main/java/teammates/ui/servlets/package-info.java
20,src/main/java/teammates/common/datatransfer/questions/FeedbackRankQuestionDetails.java
5,src/test/java/teammates/ui/webapi/GetAuthInfoActionTest.java
97,src/test/java/teammates/ui/webapi/CreateFeedbackSessionLogActionTest.java
175,src/test/java/teammates/common/util/StringHelperExtension.java
88,src/test/java/teammates/logic/core/AccountsLogicTest.java
15,src/e2e/java/teammates/e2e/pageobjects/InstructorFeedbackSessionsPage.java
97,src/test/java/teammates/ui/webapi/DeleteAccountRequestActionTest.java
17,src/e2e/java/teammates/e2e/cases/axe/InstructorSearchPageAxeTest.java
131,src/main/java/teammates/ui/output/FeedbackVisibilityType.java
1,src/main/java/teammates/ui/webapi/GetSessionResponseStatsAction.java
131,src/main/java/teammates/ui/request/CourseUpdateRequest.java
131,src/main/java/teammates/ui/webapi/FeedbackSessionRemindParticularUsersEmailWorkerAction.java
47,src/test/java/teammates/ui/webapi/GetTimeZonesActionTest.java
185,src/e2e/java/teammates/e2e/pageobjects/InstructorFeedbackEditPage.java
47,src/test/java/teammates/logic/core/InstructorsLogicTest.java
29,src/main/java/teammates/ui/webapi/UpdateInstructorAction.java
29,src/main/java/teammates/ui/servlets/LegacyUrlMapper.java
1,src/test/java/teammates/ui/webapi/EnrollStudentsActionTest.java
88,src/test/java/teammates/logic/core/FeedbackSessionsLogicTest.java
122,src/main/java/teammates/logic/external/EmptyAuthService.java
81,src/main/java/teammates/ui/webapi/SessionLinksRecoveryAction.java
29,src/test/java/teammates/ui/webapi/BinCourseActionTest.java
68,src/main/java/teammates/logic/core/NotificationsLogic.java
25,src/main/java/teammates/ui/webapi/GetReadNotificationsAction.java
29,src/main/java/teammates/ui/webapi/DeleteAccountAction.java
87,src/main/java/teammates/logic/external/EmptyAuthService.java
68,src/test/java/teammates/logic/external/package-info.java
1,src/main/java/teammates/storage/entity/package-info.java
47,src/main/java/teammates/logic/external/TaskQueueService.java
4,src/main/java/teammates/ui/webapi/GetFeedbackSessionSubmittedGiverSetAction.java
81,src/main/java/teammates/ui/webapi/GetStudentsAction.java
81,src/main/java/teammates/ui/webapi/PutDataBundleDocumentsAction.java
101,src/test/java/teammates/storage/api/FeedbackQuestionsDbTest.java
176,src/main/java/teammates/logic/api/LogsProcessor.java
186,src/e2e/java/teammates/e2e/pageobjects/package-info.java
175,src/main/java/teammates/common/exception/InvalidParametersException.java
1,src/main/java/teammates/ui/output/StudentsData.java
25,src/main/java/teammates/ui/webapi/CompileLogsAction.java
128,src/main/java/teammates/storage/api/DeadlineExtensionsDb.java
29,src/main/java/teammates/ui/servlets/AuthServlet.java
5,src/main/java/teammates/ui/request/FeedbackResponseCommentUpdateRequest.java
1,src/e2e/java/teammates/e2e/cases/FeedbackConstSumRecipientQuestionE2ETest.java
47,src/main/java/teammates/ui/webapi/DeleteDataBundleAction.java
25,src/test/java/teammates/ui/webapi/RemindFeedbackSessionSubmissionActionTest.java
29,src/main/java/teammates/ui/request/StudentUpdateRequest.java
97,src/main/java/teammates/ui/webapi/AdminExceptionTestAction.java
1,src/e2e/java/teammates/e2e/cases/axe/package-info.java
185,src/e2e/java/teammates/e2e/cases/FeedbackConstSumRecipientQuestionE2ETest.java
16,src/e2e/java/teammates/e2e/pageobjects/UserNotificationsPage.java
25,src/main/java/teammates/ui/webapi/GetFeedbackQuestionRecipientsAction.java
17,src/e2e/java/teammates/e2e/cases/InstructorCoursesPageE2ETest.java
5,src/main/java/teammates/ui/webapi/AdminExceptionTestAction.java
175,src/main/java/teammates/common/exception/EnrollException.java
5,src/main/java/teammates/ui/constants/QuestionTypeStructures.java
5,src/test/java/teammates/ui/webapi/GetFeedbackSessionActionTest.java
131,src/main/java/teammates/ui/output/CourseSectionNamesData.java
20,src/main/java/teammates/common/datatransfer/logs/LogEvent.java
88,src/test/java/teammates/logic/api/MockAuthProxy.java
29,src/test/java/teammates/ui/webapi/DeleteStudentActionTest.java
175,src/main/java/teammates/common/util/FileHelper.java
185,src/e2e/java/teammates/e2e/pageobjects/AdminHomePage.java
1,src/test/java/teammates/test/MockHttpServletResponse.java
81,src/main/java/teammates/ui/webapi/UpdateStudentAction.java
20,src/test/java/teammates/common/datatransfer/questions/FeedbackRankOptionsQuestionDetailsTest.java
1,src/main/java/teammates/ui/request/InvalidHttpRequestBodyException.java
25,src/main/java/teammates/ui/webapi/InstructorCourseJoinEmailWorkerAction.java
29,src/main/java/teammates/ui/webapi/GetNotificationAction.java
5,src/test/java/teammates/ui/webapi/GetActionClassesActionTest.java
131,src/main/java/teammates/ui/webapi/GetSessionResultsAction.java
4,src/test/java/teammates/ui/webapi/GetCourseActionTest.java
25,src/main/java/teammates/ui/webapi/ActionMappingException.java
4,src/main/java/teammates/ui/webapi/DeleteFeedbackQuestionAction.java
4,src/test/java/teammates/ui/webapi/GetCourseJoinStatusActionTest.java
29,src/main/java/teammates/ui/output/NotificationData.java
185,src/e2e/java/teammates/e2e/pageobjects/InstructorCoursesPage.java
122,src/test/java/teammates/logic/api/EmailGeneratorTest.java
25,src/main/java/teammates/ui/webapi/JoinCourseAction.java
194,src/client/java/teammates/client/scripts/SingleAccountGoogleIdMigrationScript.java
25,src/main/java/teammates/ui/webapi/PublishFeedbackSessionAction.java
4,src/main/java/teammates/ui/webapi/GetNotificationsAction.java
25,src/main/java/teammates/ui/output/AccountRequestsData.java
4,src/main/java/teammates/ui/servlets/WebSecurityHeaderFilter.java
88,src/main/java/teammates/storage/api/UsageStatisticsDb.java
131,src/main/java/teammates/ui/output/NotificationData.java
5,src/main/java/teammates/ui/request/FeedbackSessionBasicRequest.java
81,src/test/java/teammates/ui/webapi/GetReadNotificationsActionTest.java
1,src/e2e/java/teammates/e2e/cases/axe/InstructorSessionIndividualExtensionPageAxeTest.java
4,src/main/java/teammates/ui/output/FeedbackSessionsData.java
77,src/test/java/teammates/logic/core/DeadlineExtensionsLogicTest.java
29,src/main/java/teammates/ui/webapi/GetFeedbackQuestionsAction.java
4,src/main/java/teammates/ui/output/FeedbackQuestionRecipientData.java
47,src/test/java/teammates/logic/core/CoursesLogicTest.java
1,src/main/java/teammates/common/datatransfer/questions/FeedbackConstantSumQuestionDetails.java
25,src/test/java/teammates/ui/webapi/CreateNotificationActionTest.java
7,src/main/java/teammates/ui/request/FeedbackSessionUpdateRequest.java
5,src/main/java/teammates/ui/servlets/AuthServlet.java
7,src/main/java/teammates/ui/webapi/UpdateFeedbackSessionAction.java
81,src/test/java/teammates/ui/webapi/CreateNotificationActionTest.java
131,src/test/java/teammates/ui/webapi/RestoreCourseActionTest.java
185,src/e2e/java/teammates/e2e/cases/FeedbackRankOptionQuestionE2ETest.java
131,src/test/java/teammates/ui/webapi/DeleteInstructorActionTest.java
7,src/main/java/teammates/ui/webapi/package-info.java
81,src/test/java/teammates/ui/webapi/FeedbackSessionUnpublishedEmailWorkerActionTest.java
16,src/e2e/java/teammates/e2e/cases/InstructorStudentRecordsPageE2ETest.java
1,src/test/java/teammates/ui/webapi/RegenerateInstructorKeyActionTest.java
186,src/e2e/java/teammates/e2e/cases/AutomatedSessionRemindersE2ETest.java
4,src/main/java/teammates/ui/webapi/SendLoginEmailAction.java
5,src/main/java/teammates/ui/servlets/RequestTraceFilter.java
1,src/e2e/java/teammates/e2e/cases/InstructorSearchPageE2ETest.java
87,src/main/java/teammates/logic/core/NotificationsLogic.java
47,src/main/java/teammates/ui/webapi/GetFeedbackSessionSubmittedGiverSetAction.java
5,src/main/java/teammates/ui/request/FeedbackQuestionCreateRequest.java
122,src/main/java/teammates/logic/core/AccountsLogic.java
18,src/client/java/teammates/client/connector/package-info.java
5,src/main/java/teammates/ui/webapi/StudentSearchIndexingWorkerAction.java
4,src/main/java/teammates/ui/webapi/GetCourseJoinStatusAction.java
15,src/e2e/java/teammates/e2e/cases/FeedbackMcqQuestionE2ETest.java
131,src/main/java/teammates/ui/output/ResponseVisibleSetting.java
131,src/main/java/teammates/ui/servlets/HealthCheckServlet.java
177,src/main/java/teammates/storage/search/SearchManagerStarter.java
175,src/test/java/teammates/common/datatransfer/InstructorPrivilegesTest.java
20,src/test/java/teammates/common/datatransfer/attributes/BaseAttributesTest.java
25,src/main/java/teammates/ui/webapi/GetNotificationAction.java
47,src/main/java/teammates/ui/webapi/BasicFeedbackSubmissionAction.java
97,src/main/java/teammates/ui/request/ErrorReportRequest.java
174,src/main/java/teammates/common/exception/EntityDoesNotExistException.java
185,src/e2e/java/teammates/e2e/cases/axe/InstructorCourseDetailsPageAxeTest.java
1,src/test/java/teammates/test/ThreadHelper.java
131,src/test/java/teammates/ui/webapi/DeleteStudentActionTest.java
1,src/test/java/teammates/storage/search/StudentSearchTest.java
131,src/main/java/teammates/ui/webapi/JoinCourseAction.java
5,src/test/java/teammates/ui/webapi/MarkNotificationAsReadActionTest.java
81,src/main/java/teammates/ui/output/FeedbackSessionLogData.java
175,src/main/java/teammates/common/datatransfer/questions/package-info.java
7,src/test/java/teammates/ui/webapi/CreateAccountRequestActionTest.java
131,src/main/java/teammates/ui/webapi/UpdateNotificationAction.java
7,src/main/java/teammates/ui/request/FeedbackSessionBasicRequest.java
97,src/test/java/teammates/ui/webapi/GetAccountRequestActionTest.java
47,src/main/java/teammates/ui/servlets/LegacyUrlMapper.java
97,src/main/java/teammates/ui/servlets/HealthCheckServlet.java
131,src/main/java/teammates/ui/request/FeedbackQuestionUpdateRequest.java
7,src/main/java/teammates/ui/webapi/RemindFeedbackSessionResultAction.java
1,src/main/java/teammates/ui/webapi/SendErrorReportAction.java
68,src/main/java/teammates/logic/core/UsageStatisticsLogic.java
25,src/test/java/teammates/ui/request/StudentsEnrollRequestTest.java
81,src/test/java/teammates/ui/webapi/DeleteFeedbackSessionActionTest.java
25,src/test/java/teammates/ui/webapi/CreateInstructorActionTest.java
29,src/test/java/teammates/ui/webapi/CalculateUsageStatisticsActionTest.java
131,src/main/java/teammates/ui/webapi/CreateFeedbackResponseCommentAction.java
97,src/main/java/teammates/ui/servlets/WebPageServlet.java
131,src/test/java/teammates/ui/webapi/FeedbackSessionUnpublishedEmailWorkerActionTest.java
25,src/main/java/teammates/ui/webapi/RestoreCourseAction.java
175,src/main/java/teammates/common/datatransfer/questions/FeedbackRubricQuestionDetails.java
29,src/main/java/teammates/ui/servlets/package-info.java
25,src/main/java/teammates/ui/webapi/CreateInstructorAction.java
7,src/main/java/teammates/ui/webapi/DeleteDataBundleAction.java
47,src/main/java/teammates/ui/output/OngoingSession.java
155,src/main/java/teammates/common/exception/package-info.java
131,src/main/java/teammates/ui/output/InstructorPermissionRole.java
1,src/e2e/java/teammates/e2e/pageobjects/Browser.java
1,src/client/java/teammates/client/scripts/DataMigrationForContributionQuestionDetailsIsZeroSum.java
81,src/test/java/teammates/ui/servlets/WebPageServletTest.java
1,src/main/java/teammates/storage/api/OfyHelper.java
175,src/test/java/teammates/common/datatransfer/attributes/package-info.java
47,src/test/java/teammates/ui/webapi/FeedbackSessionUnpublishedEmailWorkerActionTest.java
25,src/main/java/teammates/ui/webapi/FeedbackSessionUnpublishedEmailWorkerAction.java
97,src/test/java/teammates/ui/webapi/GetFeedbackSessionLogsActionTest.java
25,src/main/java/teammates/ui/webapi/CalculateUsageStatisticsAction.java
81,src/main/java/teammates/ui/webapi/SendErrorReportAction.java
5,src/test/java/teammates/ui/webapi/CreateFeedbackQuestionActionTest.java
5,src/main/java/teammates/ui/webapi/GetReadNotificationsAction.java
186,src/e2e/java/teammates/e2e/cases/AdminSearchPageE2ETest.java
29,src/main/java/teammates/ui/webapi/EntityNotFoundException.java
81,src/test/java/teammates/ui/webapi/ResetAccountRequestActionTest.java
1,src/main/java/teammates/ui/webapi/FeedbackSessionRemindEmailWorkerAction.java
7,src/test/java/teammates/ui/webapi/CreateFeedbackResponseCommentActionTest.java
1,src/main/java/teammates/logic/core/NotificationsLogic.java
17,src/e2e/java/teammates/e2e/util/RetryManager.java
1,src/main/java/teammates/ui/output/InstructorsData.java
87,src/test/java/teammates/logic/core/StudentsLogicTest.java
131,src/main/java/teammates/ui/webapi/AdminOnlyAction.java
7,src/main/java/teammates/ui/webapi/CompileLogsAction.java
131,src/main/java/teammates/storage/search/SearchManagerFactory.java
25,src/main/java/teammates/ui/webapi/InvalidOperationException.java
163,src/test/java/teammates/test/BaseTestCase.java
131,src/main/java/teammates/ui/webapi/InvalidOperationException.java
7,src/test/java/teammates/ui/webapi/DeleteCourseActionTest.java
81,src/test/java/teammates/ui/webapi/DeleteCourseActionTest.java
5,src/test/java/teammates/ui/webapi/ActionFactoryTest.java
25,src/test/java/teammates/ui/webapi/ArchiveCourseActionTest.java
16,src/e2e/java/teammates/e2e/cases/axe/AdminAccountsPageAxeTest.java
17,src/e2e/java/teammates/e2e/cases/axe/InstructorFeedbackEditPageAxeTest.java
131,src/main/java/teammates/ui/webapi/ActionMappingException.java
7,src/main/java/teammates/ui/webapi/GetStudentAction.java
81,src/main/java/teammates/ui/webapi/RegenerateInstructorKeyAction.java
47,src/main/java/teammates/ui/webapi/FeedbackSessionRemindParticularUsersEmailWorkerAction.java
4,src/test/java/teammates/ui/webapi/CreateFeedbackSessionActionTest.java
47,src/main/java/teammates/ui/webapi/FeedbackSessionRemindEmailWorkerAction.java
7,src/main/java/teammates/ui/webapi/ResetAccountAction.java
1,src/test/java/teammates/common/datatransfer/questions/FeedbackConstantSumQuestionDetailsTest.java
177,src/test/java/teammates/storage/search/InstructorSearchTest.java
97,src/main/java/teammates/ui/output/FeedbackSessionLogData.java
77,src/main/java/teammates/logic/external/EmptyEmailService.java
25,src/main/java/teammates/ui/output/FeedbackSessionsData.java
97,src/main/java/teammates/ui/webapi/GetFeedbackSessionLogsAction.java
5,src/main/java/teammates/ui/request/package-info.java
185,src/e2e/java/teammates/e2e/cases/AdminAccountsPageE2ETest.java
129,src/main/java/teammates/logic/core/DataBundleLogic.java
5,src/main/java/teammates/ui/output/AccountData.java
128,src/test/java/teammates/storage/api/CoursesDbTest.java
15,src/e2e/java/teammates/e2e/cases/FeedbackConstSumOptionQuestionE2ETest.java
5,src/main/java/teammates/ui/webapi/BasicFeedbackSubmissionAction.java
1,src/main/java/teammates/ui/webapi/UnpublishFeedbackSessionAction.java
7,src/main/java/teammates/ui/webapi/PublishFeedbackSessionAction.java
7,src/test/java/teammates/ui/webapi/CreateCourseActionTest.java
131,src/main/java/teammates/ui/webapi/FeedbackSessionPublishedRemindersAction.java
29,src/main/java/teammates/ui/webapi/AdminOnlyAction.java
25,src/main/java/teammates/ui/webapi/CreateFeedbackSessionLogAction.java
77,src/main/java/teammates/logic/core/StudentsLogic.java
29,src/test/java/teammates/ui/webapi/ResetAccountRequestActionTest.java
131,src/main/java/teammates/ui/request/StudentUpdateRequest.java
5,src/test/java/teammates/ui/webapi/GetFeedbackSessionSubmittedGiverSetActionTest.java
97,src/main/java/teammates/ui/output/SendLoginEmailResponseData.java
97,src/main/java/teammates/ui/servlets/WebSecurityHeaderFilter.java
1,src/test/java/teammates/common/datatransfer/InstructorPrivilegesTest.java
185,src/e2e/java/teammates/e2e/pageobjects/AppPage.java
174,src/main/java/teammates/common/datatransfer/logs/LogDetails.java
101,src/test/java/teammates/storage/api/EntitiesDbTest.java
97,src/main/java/teammates/ui/output/UsageStatisticsRangeData.java
68,src/test/java/teammates/logic/api/MockUserProvision.java
176,src/test/java/teammates/logic/api/MockUserProvision.java
4,src/main/java/teammates/ui/webapi/GetFeedbackQuestionsAction.java
7,src/test/java/teammates/ui/webapi/RegenerateStudentKeyActionTest.java
1,src/client/java/teammates/client/scripts/statistics/CursorIterator.java
5,src/main/java/teammates/ui/webapi/SearchInstructorsAction.java
1,src/test/java/teammates/ui/webapi/InstructorSearchIndexingWorkerActionTest.java
1,src/test/java/teammates/ui/webapi/CompileLogsActionTest.java
129,src/test/java/teammates/logic/api/MockTaskQueuer.java
47,src/main/java/teammates/ui/request/NotificationCreateRequest.java
1,src/client/java/teammates/client/scripts/DataMigrationForTextQuestionDetailsFormat.java
47,src/test/java/teammates/logic/core/FeedbackSessionsLogicTest.java
1,src/main/java/teammates/ui/webapi/GetFeedbackSessionSubmittedGiverSetAction.java
81,src/main/java/teammates/ui/output/FeedbackQuestionsData.java
5,src/test/java/teammates/ui/webapi/GetNotificationActionTest.java
1,src/test/java/teammates/ui/webapi/ActionFactoryTest.java
20,src/main/java/teammates/common/datatransfer/DataBundle.java
174,src/main/java/teammates/common/datatransfer/questions/FeedbackRankRecipientsQuestionDetails.java
47,src/test/java/teammates/ui/webapi/DeleteFeedbackQuestionActionTest.java
25,src/main/java/teammates/ui/request/FeedbackQuestionBasicRequest.java
1,src/main/java/teammates/common/datatransfer/InstructorPrivileges.java
15,src/e2e/java/teammates/e2e/pageobjects/AdminAccountsPage.java
88,src/main/java/teammates/logic/external/GoogleCloudLoggingService.java
47,src/main/java/teammates/ui/webapi/FeedbackSessionPublishedRemindersAction.java
4,src/main/java/teammates/ui/output/ActionClasses.java
25,src/test/java/teammates/ui/webapi/FeedbackSessionClosedRemindersActionTest.java
81,src/main/java/teammates/ui/webapi/GetInstructorAction.java
174,src/test/java/teammates/common/util/UrlTest.java
77,src/main/java/teammates/logic/external/GoogleCloudLoggingService.java
4,src/test/java/teammates/ui/webapi/CreateFeedbackSessionLogActionTest.java
47,src/main/java/teammates/ui/webapi/GetCourseAction.java
25,src/main/java/teammates/ui/output/AccountRequestData.java
4,src/main/java/teammates/ui/webapi/ActionFactory.java
7,src/main/java/teammates/ui/output/InstructorPermissionRole.java
5,src/test/java/teammates/ui/webapi/FeedbackSessionResendPublishedEmailWorkerActionTest.java
5,src/main/java/teammates/ui/webapi/InvalidHttpParameterException.java
7,src/test/java/teammates/ui/webapi/GetCoursesActionTest.java
1,src/main/java/teammates/ui/request/StudentUpdateRequest.java
4,src/main/java/teammates/ui/webapi/FeedbackSessionOpeningRemindersAction.java
97,src/main/java/teammates/ui/request/AccountCreateRequest.java
175,src/main/java/teammates/common/datatransfer/attributes/CourseAttributes.java
129,src/main/java/teammates/logic/external/GoogleCloudTasksService.java
5,src/test/java/teammates/ui/webapi/RegenerateInstructorKeyActionTest.java
1,src/main/java/teammates/logic/external/EmptyEmailService.java
131,src/main/java/teammates/ui/webapi/PutDataBundleAction.java
7,src/main/java/teammates/ui/request/BasicRequest.java
118,src/main/java/teammates/storage/entity/AccountRequest.java
7,src/main/java/teammates/ui/webapi/GetFeedbackQuestionRecipientsAction.java
81,src/test/java/teammates/ui/webapi/EnrollStudentsActionTest.java
47,src/main/java/teammates/ui/servlets/LogoutServlet.java
4,src/main/java/teammates/ui/webapi/FeedbackSessionRemindEmailWorkerAction.java
47,src/main/java/teammates/ui/output/FeedbackResponseData.java
122,src/test/java/teammates/logic/api/BaseLogicTest.java
129,src/main/java/teammates/logic/core/NotificationsLogic.java
25,src/main/java/teammates/ui/webapi/AccountRequestSearchIndexingWorkerAction.java
186,src/e2e/java/teammates/e2e/pageobjects/UserNotificationsPage.java
1,src/main/java/teammates/common/util/package-info.java
81,src/main/java/teammates/ui/request/InstructorCreateRequest.java
176,src/main/java/teammates/logic/external/SendgridService.java
25,src/main/java/teammates/ui/output/SessionVisibleSetting.java
1,src/main/java/teammates/ui/webapi/StudentCourseJoinEmailWorkerAction.java
4,src/main/java/teammates/ui/output/ResponseVisibleSetting.java
1,src/test/java/teammates/common/datatransfer/UserInfoCookieTest.java
18,src/client/java/teammates/client/scripts/DataMigrationForContributionQuestionDetailsIsZeroSum.java
7,src/main/java/teammates/ui/webapi/BinCourseAction.java
7,src/main/java/teammates/ui/webapi/DeleteStudentsAction.java
17,src/e2e/java/teammates/e2e/cases/package-info.java
1,src/e2e/java/teammates/e2e/cases/FeedbackMcqQuestionE2ETest.java
131,src/main/java/teammates/ui/request/FeedbackResponseCommentUpdateRequest.java
129,src/test/java/teammates/logic/core/BaseLogicTest.java
185,src/e2e/java/teammates/e2e/cases/InstructorFeedbackEditPageE2ETest.java
174,src/test/java/teammates/common/datatransfer/questions/FeedbackResponseDetailsTest.java
81,src/main/java/teammates/ui/output/CourseArchiveData.java
4,src/test/java/teammates/ui/webapi/InstructorCourseJoinEmailWorkerActionTest.java
88,src/main/java/teammates/logic/external/package-info.java
101,src/main/java/teammates/storage/search/StudentSearchDocument.java
77,src/test/java/teammates/logic/core/AccountsLogicTest.java
5,src/test/java/teammates/ui/webapi/GetAccountsActionTest.java
4,src/test/java/teammates/ui/webapi/AccountRequestSearchIndexingWorkerActionTest.java
1,src/main/java/teammates/ui/output/CommentVisibilityType.java
1,src/main/java/teammates/ui/webapi/UnauthorizedAccessException.java
25,src/main/java/teammates/ui/webapi/SubmitFeedbackResponsesAction.java
25,src/test/java/teammates/ui/webapi/UpdateFeedbackSessionActionTest.java
17,src/e2e/java/teammates/e2e/util/Retryable.java
7,src/test/java/teammates/ui/servlets/LegacyUrlMapperTest.java
17,src/e2e/java/teammates/e2e/util/EmailAccount.java
47,src/main/java/teammates/logic/api/AuthProxy.java
5,src/test/java/teammates/ui/webapi/UpdateInstructorActionTest.java
68,src/test/java/teammates/logic/api/EmailGeneratorTest.java
97,src/test/java/teammates/logic/api/LogicExtension.java
1,src/main/java/teammates/ui/output/FeedbackSessionsData.java
97,src/test/java/teammates/ui/webapi/GetDeadlineExtensionActionTest.java
25,src/main/java/teammates/ui/webapi/GetStudentsAction.java
129,src/main/java/teammates/logic/api/UserProvision.java
47,src/test/java/teammates/logic/core/package-info.java
4,src/main/java/teammates/ui/webapi/GetFeedbackQuestionRecipientsAction.java
174,src/test/java/teammates/common/datatransfer/questions/FeedbackRubricQuestionDetailsTest.java
81,src/main/java/teammates/ui/output/InstructorPermissionRole.java
1,src/main/java/teammates/storage/entity/CourseStudent.java
176,src/main/java/teammates/logic/core/FeedbackResponseCommentsLogic.java
1,src/test/java/teammates/ui/webapi/BinCourseActionTest.java
47,src/test/java/teammates/ui/webapi/GetInstructorsActionTest.java
88,src/main/java/teammates/logic/core/FeedbackSessionsLogic.java
131,src/main/java/teammates/ui/webapi/FeedbackSessionOpeningRemindersAction.java
88,src/test/java/teammates/logic/api/package-info.java
97,src/test/java/teammates/logic/core/package-info.java
81,src/main/java/teammates/ui/webapi/DeleteInstructorAction.java
128,src/main/java/teammates/storage/api/StudentsDb.java
175,src/main/java/teammates/common/datatransfer/attributes/NotificationAttributes.java
1,src/e2e/java/teammates/e2e/cases/SystemErrorEmailReportE2ETest.java
1,src/test/java/teammates/ui/webapi/GetFeedbackResponsesActionTest.java
7,src/test/java/teammates/ui/webapi/UpdateFeedbackSessionActionTest.java
1,src/main/java/teammates/ui/webapi/RestoreFeedbackSessionAction.java
25,src/test/java/teammates/ui/webapi/CompileLogsActionTest.java
81,src/main/java/teammates/ui/output/FeedbackSessionSubmittedGiverSet.java
47,src/main/java/teammates/ui/webapi/DeleteFeedbackResponseCommentAction.java
131,src/main/java/teammates/ui/output/DeadlineExtensionData.java
88,src/main/java/teammates/storage/entity/FeedbackQuestion.java
177,src/main/java/teammates/storage/search/StudentSearchManager.java
17,src/e2e/java/teammates/e2e/pageobjects/ErrorReportingModal.java
131,src/test/java/teammates/ui/webapi/FeedbackSessionRemindParticularUsersEmailWorkerActionTest.java
15,src/e2e/java/teammates/e2e/cases/axe/FeedbackResultsPageAxeTest.java
5,src/main/java/teammates/ui/request/StudentsEnrollRequest.java
1,src/test/java/teammates/test/BaseTestCase.java
20,src/test/java/teammates/common/datatransfer/questions/package-info.java
29,src/test/java/teammates/ui/webapi/CreateCourseActionTest.java
4,src/test/java/teammates/ui/webapi/GetAccountRequestActionTest.java
77,src/main/java/teammates/logic/core/DeadlineExtensionsLogic.java
101,src/main/java/teammates/storage/search/StudentSearchManager.java
29,src/main/java/teammates/ui/webapi/GetHasResponsesAction.java
97,src/main/java/teammates/ui/output/NotificationData.java
128,src/main/java/teammates/storage/entity/Course.java
5,src/test/java/teammates/ui/webapi/UpdateNotificationActionTest.java
1,src/main/java/teammates/storage/search/package-info.java
20,src/main/java/teammates/common/datatransfer/FeedbackQuestionRecipient.java
176,src/main/java/teammates/logic/core/AccountsLogic.java
29,src/main/java/teammates/ui/output/AuthInfo.java
7,src/main/java/teammates/ui/webapi/ActionFactory.java
1,src/test/java/teammates/ui/webapi/SendLoginEmailActionTest.java
194,src/client/java/teammates/client/scripts/TeamEvalResultCalculations.java
25,src/main/java/teammates/ui/webapi/CreateAccountRequestAction.java
5,src/main/java/teammates/ui/webapi/GetInstructorPrivilegeAction.java
5,src/main/java/teammates/ui/output/AccountsData.java
174,src/main/java/teammates/common/datatransfer/SessionResultsBundle.java
1,src/main/java/teammates/storage/api/StudentsDb.java
118,src/main/java/teammates/storage/search/AccountRequestSearchDocument.java
131,src/test/java/teammates/ui/webapi/CompileLogsActionTest.java
155,src/test/java/teammates/common/datatransfer/UserInfoCookieTest.java
131,src/main/java/teammates/ui/output/ActionClasses.java
47,src/main/java/teammates/ui/webapi/RestoreCourseAction.java
29,src/test/java/teammates/ui/webapi/CreateAccountRequestActionTest.java
175,src/test/java/teammates/common/datatransfer/SessionResultsBundleTest.java
128,src/main/java/teammates/storage/api/OfyHelper.java
1,src/main/java/teammates/common/util/EmailType.java
1,src/test/java/teammates/ui/request/StudentsEnrollRequestTest.java
174,src/main/java/teammates/common/datatransfer/questions/FeedbackRankRecipientsResponseDetails.java
17,src/e2e/java/teammates/e2e/cases/axe/InstructorHomePageAxeTest.java
17,src/e2e/java/teammates/e2e/cases/InstructorStudentActivityLogsPageE2ETest.java
47,src/main/java/teammates/ui/output/FeedbackVisibilityType.java
29,src/test/java/teammates/ui/webapi/FeedbackSessionUnpublishedEmailWorkerActionTest.java
5,src/main/java/teammates/ui/request/InvalidHttpRequestBodyException.java
174,src/test/java/teammates/common/datatransfer/attributes/CourseAttributesTest.java
68,src/main/java/teammates/logic/external/TaskQueueService.java
176,src/main/java/teammates/logic/core/LogicStarter.java
131,src/main/java/teammates/ui/webapi/SessionLinksRecoveryAction.java
47,src/main/java/teammates/ui/request/MarkNotificationAsReadRequest.java
4,src/main/java/teammates/ui/webapi/DeleteInstructorAction.java
25,src/test/java/teammates/ui/webapi/UpdateFeedbackQuestionActionTest.java
131,src/test/java/teammates/ui/webapi/StudentCourseJoinEmailWorkerActionTest.java
131,src/main/java/teammates/ui/webapi/GetNotificationAction.java
122,src/main/java/teammates/logic/core/FeedbackResponseCommentsLogic.java
29,src/test/java/teammates/ui/webapi/UpdateFeedbackQuestionActionTest.java
174,src/main/java/teammates/common/util/Config.java
15,src/e2e/java/teammates/e2e/cases/FeedbackResultsPageE2ETest.java
17,src/e2e/java/teammates/e2e/cases/InstructorCourseJoinConfirmationPageE2ETest.java
1,src/test/java/teammates/logic/core/InstructorsLogicTest.java
20,src/main/java/teammates/common/exception/EnrollException.java
81,src/main/java/teammates/ui/webapi/CreateInstructorAction.java
81,src/main/java/teammates/ui/webapi/CreateFeedbackSessionLogAction.java
81,src/main/java/teammates/ui/webapi/DeleteCourseAction.java
15,src/e2e/java/teammates/e2e/cases/FeedbackContributionQuestionE2ETest.java
4,src/test/java/teammates/ui/webapi/CreateAccountActionTest.java
155,src/main/java/teammates/common/datatransfer/FeedbackQuestionRecipient.java
97,src/main/java/teammates/ui/webapi/ResetAccountAction.java
15,src/e2e/java/teammates/e2e/cases/BaseFeedbackQuestionE2ETest.java
5,src/main/java/teammates/ui/webapi/RestoreFeedbackSessionAction.java
47,src/main/java/teammates/ui/request/AccountCreateRequest.java
1,src/main/java/teammates/ui/webapi/InvalidHttpParameterException.java
7,src/test/java/teammates/ui/webapi/UpdateFeedbackResponseCommentActionTest.java
1,src/test/java/teammates/ui/webapi/GetSessionResponseStatsActionTest.java
128,src/main/java/teammates/storage/entity/FeedbackResponseComment.java
25,src/main/java/teammates/ui/webapi/ResetAccountRequestAction.java
17,src/e2e/java/teammates/e2e/cases/InstructorCourseStudentDetailsEditPageE2ETest.java
177,src/test/java/teammates/storage/api/StudentsDbTest.java
47,src/main/java/teammates/ui/webapi/SearchStudentsAction.java
81,src/main/java/teammates/ui/output/OngoingSession.java
1,src/test/java/teammates/ui/webapi/DeleteFeedbackResponseCommentActionTest.java
29,src/test/java/teammates/ui/webapi/SubmitFeedbackResponsesActionTest.java
97,src/main/java/teammates/ui/webapi/SendEmailWorkerAction.java
29,src/test/java/teammates/ui/webapi/GetActionClassesActionTest.java
88,src/test/java/teammates/logic/api/EmailGeneratorTest.java
131,src/main/java/teammates/ui/webapi/AccountRequestSearchIndexingWorkerAction.java
7,src/main/java/teammates/ui/constants/DefaultInstructorPermissions.java
131,src/main/java/teammates/storage/entity/package-info.java
77,src/main/java/teammates/logic/core/FeedbackResponsesLogic.java
155,src/main/java/teammates/common/datatransfer/logs/LogSeverity.java
88,src/main/java/teammates/logic/core/FeedbackResponsesLogic.java
174,src/main/java/teammates/common/datatransfer/attributes/package-info.java
5,src/main/java/teammates/ui/webapi/GetCoursesAction.java
5,src/main/java/teammates/ui/webapi/GetFeedbackSessionLogsAction.java
87,src/main/java/teammates/logic/core/LogicStarter.java
175,src/test/java/teammates/common/datatransfer/questions/FeedbackRubricQuestionDetailsTest.java
4,src/test/java/teammates/ui/webapi/StudentSearchIndexingWorkerActionTest.java
20,src/test/java/teammates/common/datatransfer/questions/FeedbackTextResponseDetailsTest.java
1,src/main/java/teammates/logic/external/GoogleCloudLoggingService.java
81,src/test/java/teammates/ui/webapi/GetCourseSectionNamesActionTest.java
88,src/main/java/teammates/storage/api/InstructorsDb.java
4,src/test/java/teammates/ui/webapi/QueryLogsActionTest.java
4,src/test/java/teammates/ui/webapi/DeleteStudentsActionTest.java
131,src/main/java/teammates/ui/request/CourseBasicRequest.java
81,src/main/java/teammates/ui/webapi/CreateAccountRequestAction.java
4,src/main/java/teammates/ui/request/InstructorCreateRequest.java
25,src/main/java/teammates/ui/request/CourseUpdateRequest.java
131,src/main/java/teammates/ui/webapi/CreateFeedbackSessionLogAction.java
7,src/test/java/teammates/ui/webapi/StudentCourseJoinEmailWorkerActionTest.java
5,src/main/java/teammates/ui/webapi/InstructorCourseJoinEmailWorkerAction.java
97,src/test/java/teammates/ui/webapi/UpdateCourseActionTest.java
5,src/main/java/teammates/ui/webapi/FeedbackSessionRemindParticularUsersEmailWorkerAction.java
1,src/main/java/teammates/ui/output/JoinStatus.java
97,src/main/java/teammates/ui/webapi/SessionLinksRecoveryAction.java
81,src/main/java/teammates/ui/webapi/GetFeedbackSessionAction.java
97,src/main/java/teammates/ui/webapi/GetAuthInfoAction.java
25,src/test/java/teammates/ui/webapi/DeleteAccountRequestActionTest.java
4,src/main/java/teammates/ui/webapi/ActionMappingException.java
131,src/main/java/teammates/ui/output/FeedbackQuestionRecipientData.java
81,src/main/java/teammates/ui/servlets/OriginCheckFilter.java
131,src/main/java/teammates/ui/output/CourseArchiveData.java
17,src/e2e/java/teammates/e2e/pageobjects/InstructorCoursesPage.java
175,src/main/java/teammates/common/datatransfer/logs/RequestLogUser.java
7,src/test/java/teammates/ui/webapi/FeedbackSessionResendPublishedEmailWorkerActionTest.java
25,src/main/java/teammates/ui/webapi/GetFeedbackSessionAction.java
88,src/test/java/teammates/logic/api/MockLogsProcessor.java
186,src/e2e/java/teammates/e2e/pageobjects/InstructorSearchPage.java
175,src/test/java/teammates/common/util/JsonUtilsTest.java
47,src/main/java/teammates/ui/request/FeedbackSessionRespondentRemindRequest.java
1,src/main/java/teammates/common/datatransfer/logs/package-info.java
128,src/main/java/teammates/storage/api/package-info.java
47,src/main/java/teammates/ui/request/CourseCreateRequest.java
194,src/client/java/teammates/client/scripts/GenerateUsageStatisticsObjects.java
15,src/e2e/java/teammates/e2e/cases/InstructorHomePageE2ETest.java
25,src/test/java/teammates/ui/webapi/ActionFactoryTest.java
17,src/e2e/java/teammates/e2e/pageobjects/StudentCourseDetailsPage.java
131,src/main/java/teammates/storage/entity/AccountRequest.java
5,src/test/java/teammates/ui/webapi/ResetAccountActionTest.java
186,src/e2e/java/teammates/e2e/pageobjects/StudentHomePage.java
1,src/client/java/teammates/client/scripts/DataMigrationForSanitizedDataInInstructorAttributes.java
7,src/main/java/teammates/ui/output/CourseData.java
20,src/test/java/teammates/common/datatransfer/questions/FeedbackConstantSumQuestionDetailsTest.java
81,src/main/java/teammates/ui/request/package-info.java
131,src/main/java/teammates/ui/webapi/GetStudentsAction.java
1,src/e2e/java/teammates/e2e/cases/axe/InstructorNotificationsPageAxeTest.java
1,src/test/java/teammates/common/util/JsonUtilsTest.java
1,src/test/java/teammates/ui/webapi/FeedbackSessionPublishedRemindersActionTest.java
29,src/main/java/teammates/ui/webapi/DeleteCourseAction.java
7,src/main/java/teammates/ui/output/FeedbackSessionLogData.java
97,src/main/java/teammates/ui/webapi/DeleteStudentAction.java
81,src/main/java/teammates/ui/webapi/EntityNotFoundException.java
10,src/test/java/teammates/test/EmailChecker.java
7,src/main/java/teammates/ui/output/AccountRequestData.java
15,src/e2e/java/teammates/e2e/cases/axe/StudentCourseJoinConfirmationPageAxeTest.java
5,src/test/java/teammates/ui/webapi/InstructorCourseJoinEmailWorkerActionTest.java
4,src/test/java/teammates/ui/webapi/BinFeedbackSessionActionTest.java
17,src/e2e/java/teammates/e2e/util/package-info.java
4,src/test/java/teammates/ui/webapi/EnrollStudentsActionTest.java
20,src/main/java/teammates/common/util/FieldValidator.java
1,src/main/java/teammates/ui/webapi/CreateFeedbackSessionLogAction.java
77,src/main/java/teammates/logic/core/UsageStatisticsLogic.java
7,src/main/java/teammates/ui/webapi/GetInstructorsAction.java
5,src/test/java/teammates/ui/webapi/FeedbackSessionPublishedRemindersActionTest.java
163,src/test/java/teammates/test/TestNgXmlTest.java
88,src/main/java/teammates/storage/api/FeedbackResponsesDb.java
97,src/main/java/teammates/ui/webapi/ActionMappingException.java
1,src/e2e/java/teammates/e2e/cases/InstructorCourseStudentDetailsEditPageE2ETest.java
4,src/test/java/teammates/ui/webapi/RegenerateStudentKeyActionTest.java
131,src/main/java/teammates/ui/webapi/InstructorSearchIndexingWorkerAction.java
25,src/main/java/teammates/ui/output/AccountsData.java
7,src/test/java/teammates/ui/webapi/SendJoinReminderEmailActionTest.java
131,src/test/java/teammates/ui/webapi/GetStudentsActionTest.java
131,src/main/java/teammates/ui/webapi/RegenerateStudentKeyAction.java
131,src/main/java/teammates/ui/webapi/DeleteAccountAction.java
1,src/main/java/teammates/common/datatransfer/UserInfo.java
25,src/main/java/teammates/ui/output/StudentsData.java
1,src/main/java/teammates/ui/webapi/PublishFeedbackSessionAction.java
15,src/e2e/java/teammates/e2e/util/MaximumRetriesExceededException.java
131,src/main/java/teammates/ui/webapi/DeleteFeedbackQuestionAction.java
20,src/main/java/teammates/common/exception/EntityAlreadyExistsException.java
47,src/main/java/teammates/logic/external/EmptyEmailService.java
29,src/test/java/teammates/ui/webapi/DeleteFeedbackResponseCommentActionTest.java
16,src/e2e/java/teammates/e2e/cases/axe/InstructorCoursesPageAxeTest.java
1,src/e2e/java/teammates/e2e/cases/axe/InstructorCourseStudentDetailsEditPageAxeTest.java
47,src/main/java/teammates/ui/webapi/DeleteAccountAction.java
7,src/main/java/teammates/ui/webapi/GetCourseSectionNamesAction.java
7,src/test/java/teammates/ui/webapi/DeleteFeedbackResponseCommentActionTest.java
88,src/main/java/teammates/logic/api/EmailSender.java
97,src/main/java/teammates/ui/webapi/BasicFeedbackSubmissionAction.java
29,src/main/java/teammates/ui/webapi/StudentCourseJoinEmailWorkerAction.java
4,src/test/java/teammates/ui/webapi/FeedbackSessionRemindEmailWorkerActionTest.java
87,src/main/java/teammates/logic/external/RecaptchaService.java
81,src/main/java/teammates/ui/webapi/QueryLogsAction.java
7,src/main/java/teammates/ui/output/OngoingSession.java
101,src/main/java/teammates/storage/api/FeedbackQuestionsDb.java
1,src/main/java/teammates/common/util/Logger.java
25,src/test/java/teammates/ui/webapi/FeedbackSessionClosingRemindersActionTest.java
88,src/main/java/teammates/storage/entity/package-info.java
174,src/test/java/teammates/common/datatransfer/attributes/FeedbackQuestionAttributesTest.java
97,src/test/java/teammates/logic/api/MockLogsProcessor.java
175,src/test/java/teammates/common/datatransfer/attributes/FeedbackSessionAttributesTest.java
4,src/main/java/teammates/ui/webapi/DeleteAccountAction.java
118,src/main/java/teammates/storage/api/package-info.java
122,src/main/java/teammates/logic/core/FeedbackSessionsLogic.java
25,src/test/java/teammates/ui/webapi/UpdateFeedbackResponseCommentActionTest.java
18,src/client/java/teammates/client/scripts/DataMigrationForInstructorFeedbackResponseComments.java
29,src/main/java/teammates/ui/webapi/CreateNotificationAction.java
1,src/main/java/teammates/logic/core/LogicStarter.java
1,src/client/java/teammates/client/scripts/DataMigrationForSanitizedDataInStudentAttributes.java
47,src/main/java/teammates/ui/request/InvalidHttpRequestBodyException.java
122,src/main/java/teammates/logic/core/FeedbackResponsesLogic.java
25,src/main/java/teammates/ui/request/SendEmailRequest.java
29,src/test/java/teammates/ui/webapi/GetFeedbackQuestionRecipientsActionTest.java
155,src/main/java/teammates/common/datatransfer/package-info.java
97,src/main/java/teammates/ui/servlets/package-info.java
97,src/test/java/teammates/ui/webapi/UpdateFeedbackSessionActionTest.java
1,src/e2e/java/teammates/e2e/cases/InstructorFeedbackReportPageE2ETest.java
87,src/main/java/teammates/logic/api/RecaptchaVerifier.java
16,src/e2e/java/teammates/e2e/cases/TimezoneSyncerTest.java
77,src/main/java/teammates/logic/core/LogicStarter.java
17,src/e2e/java/teammates/e2e/pageobjects/InstructorStudentRecordsPage.java
131,src/main/java/teammates/storage/api/OfyHelper.java
186,src/e2e/java/teammates/e2e/cases/axe/InstructorCourseStudentDetailsPageAxeTest.java
81,src/main/java/teammates/ui/webapi/CreateFeedbackQuestionAction.java
16,src/e2e/java/teammates/e2e/cases/axe/InstructorStudentRecordsPageAxeTest.java
7,src/main/java/teammates/ui/output/SessionLinksRecoveryResponseData.java
97,src/main/java/teammates/ui/output/TimeZonesData.java
131,src/main/java/teammates/ui/webapi/DeleteStudentsAction.java
25,src/main/java/teammates/ui/webapi/GetOngoingSessionsAction.java
81,src/main/java/teammates/ui/output/MessageOutput.java
131,src/test/java/teammates/ui/webapi/package-info.java
4,src/main/java/teammates/ui/webapi/CreateAccountRequestAction.java
47,src/main/java/teammates/ui/webapi/package-info.java
4,src/main/java/teammates/ui/output/CourseData.java
175,src/test/java/teammates/common/datatransfer/questions/FeedbackQuestionDetailsTest.java
29,src/test/java/teammates/ui/webapi/FeedbackSessionResendPublishedEmailWorkerActionTest.java
81,src/main/java/teammates/ui/webapi/RestoreFeedbackSessionAction.java
185,src/e2e/java/teammates/e2e/pageobjects/DevServerLoginPage.java
97,src/main/java/teammates/ui/servlets/DevServerLoginServlet.java
97,src/test/java/teammates/ui/webapi/BinCourseActionTest.java
16,src/e2e/java/teammates/e2e/util/AxeUtil.java
47,src/main/java/teammates/ui/output/FeedbackSessionLogEntryData.java
47,src/main/java/teammates/ui/webapi/UpdateFeedbackResponseCommentAction.java
174,src/test/java/teammates/common/datatransfer/attributes/FeedbackSessionAttributesTest.java
10,src/test/java/teammates/test/MockHttpServletRequest.java
4,src/main/java/teammates/ui/webapi/SendJoinReminderEmailAction.java
1,src/test/java/teammates/logic/core/package-info.java
1,src/test/java/teammates/ui/webapi/UnpublishFeedbackSessionActionTest.java
1,src/main/java/teammates/common/datatransfer/QueryLogsResults.java
5,src/main/java/teammates/ui/webapi/EntityNotFoundException.java
131,src/main/java/teammates/ui/request/InstructorCreateRequest.java
81,src/main/java/teammates/ui/webapi/SearchAccountRequestsAction.java
1,src/main/java/teammates/common/datatransfer/logs/FeedbackSessionAuditLogDetails.java
155,src/test/java/teammates/common/datatransfer/attributes/StudentAttributesTest.java
47,src/test/java/teammates/ui/webapi/JoinCourseActionTest.java
97,src/main/java/teammates/ui/webapi/GetInstructorPrivilegeAction.java
131,src/main/java/teammates/ui/output/ReadNotificationsData.java
29,src/main/java/teammates/ui/output/AccountData.java
5,src/main/java/teammates/ui/output/CommentVisibilityType.java
47,src/main/java/teammates/ui/request/StudentsEnrollRequest.java
7,src/main/java/teammates/ui/webapi/GetHasResponsesAction.java
186,src/e2e/java/teammates/e2e/util/TestNgXmlTest.java
25,src/main/java/teammates/ui/webapi/FeedbackSessionClosedRemindersAction.java
7,src/main/java/teammates/ui/webapi/GetFeedbackQuestionsAction.java
1,src/test/java/teammates/common/datatransfer/questions/FeedbackResponseDetailsTest.java
1,src/main/java/teammates/ui/webapi/SendEmailWorkerAction.java
1,src/main/java/teammates/ui/webapi/Action.java
122,src/main/java/teammates/logic/core/StudentsLogic.java
25,src/main/java/teammates/ui/webapi/UpdateFeedbackSessionAction.java
16,src/e2e/java/teammates/e2e/pageobjects/ErrorReportingModal.java
97,src/main/java/teammates/ui/constants/ResourceEndpoints.java
7,src/main/java/teammates/ui/output/OngoingSessionsData.java
5,src/main/java/teammates/ui/output/JoinState.java
1,src/main/java/teammates/ui/output/StudentData.java
174,src/main/java/teammates/common/datatransfer/TeamEvalResult.java
4,src/main/java/teammates/ui/webapi/UpdateNotificationAction.java
25,src/main/java/teammates/ui/webapi/UpdateFeedbackQuestionAction.java
5,src/test/java/teammates/ui/webapi/GetOngoingSessionsActionTest.java
47,src/main/java/teammates/ui/webapi/GetFeedbackSessionAction.java
129,src/main/java/teammates/logic/external/SendgridService.java
29,src/main/java/teammates/ui/output/FeedbackResponsesData.java
5,src/main/java/teammates/ui/webapi/SessionLinksRecoveryAction.java
155,src/main/java/teammates/common/datatransfer/questions/FeedbackConstantSumResponseDetails.java
29,src/main/java/teammates/ui/webapi/DeleteFeedbackResponseCommentAction.java
1,src/test/java/teammates/ui/webapi/GetCourseActionTest.java
131,src/test/java/teammates/storage/api/FeedbackQuestionsDbTest.java
97,src/main/java/teammates/ui/webapi/GetUserCookieAction.java
155,src/test/java/teammates/common/datatransfer/package-info.java
97,src/main/java/teammates/ui/webapi/SubmitFeedbackResponsesAction.java
4,src/test/java/teammates/ui/webapi/SearchStudentsActionTest.java
97,src/main/java/teammates/ui/webapi/FeedbackSessionResendPublishedEmailWorkerAction.java
16,src/e2e/java/teammates/e2e/pageobjects/HomePage.java
7,src/main/java/teammates/ui/webapi/CreateFeedbackResponseCommentAction.java
17,src/e2e/java/teammates/e2e/cases/FeedbackRubricQuestionE2ETest.java
1,src/test/java/teammates/common/datatransfer/attributes/InstructorAttributesTest.java
129,src/main/java/teammates/logic/core/FeedbackResponseCommentsLogic.java
185,src/e2e/java/teammates/e2e/util/GmailServiceMaker.java
131,src/test/java/teammates/ui/webapi/UpdateInstructorPrivilegeActionTest.java
4,src/main/java/teammates/ui/servlets/AuthServlet.java
5,src/test/java/teammates/ui/webapi/BinCourseActionTest.java
47,src/test/java/teammates/ui/webapi/FeedbackSessionPublishedEmailWorkerActionTest.java
5,src/test/java/teammates/ui/webapi/GetCourseJoinStatusActionTest.java
25,src/test/java/teammates/ui/webapi/UpdateInstructorActionTest.java
131,src/main/java/teammates/ui/webapi/Action.java
47,src/main/java/teammates/ui/output/NumberOfEntitiesToGiveFeedbackToSetting.java
47,src/main/java/teammates/logic/core/UsageStatisticsLogic.java
97,src/main/java/teammates/ui/output/FeedbackResponsesData.java
101,src/test/java/teammates/storage/api/package-info.java
47,src/main/java/teammates/ui/webapi/BinFeedbackSessionAction.java
7,src/main/java/teammates/ui/webapi/SendJoinReminderEmailAction.java
1,src/e2e/java/teammates/e2e/cases/FeedbackConstSumOptionQuestionE2ETest.java
29,src/main/java/teammates/ui/output/JoinState.java
1,src/main/java/teammates/ui/output/AccountRequestData.java
15,src/e2e/java/teammates/e2e/cases/TimezoneSyncerTest.java
131,src/test/java/teammates/storage/api/EntitiesDbTest.java
1,src/test/java/teammates/ui/webapi/RemindFeedbackSessionResultActionTest.java
185,src/e2e/java/teammates/e2e/pageobjects/StudentCourseDetailsPage.java
5,src/test/java/teammates/ui/servlets/LegacyUrlMapperTest.java
