modelElementID,codeId
1,src/test/java/org/jabref/model/metadata/MetaDataTest.java
4,src/test/java/org/jabref/logic/integrity/PagesCheckerBiblatexTest.java
6,src/main/java/org/jabref/logic/cleanup/Formatter.java
1,src/main/java/org/jabref/logic/importer/CompositeIdFetcher.java
7,src/main/java/org/jabref/gui/libraryproperties/LibraryPropertiesView.java
5,src/test/java/org/jabref/model/texparser/CitationTest.java
9,src/test/java/org/jabref/model/database/BibDatabaseTest.java
6,src/main/java/org/jabref/model/entry/event/EntriesEventSource.java
12,src/test/java/org/jabref/model/database/BibDatabaseModeDetectionTest.java
4,src/main/java/org/jabref/logic/bibtex/BibEntryWriter.java
5,src/main/java/org/jabref/model/openoffice/uno/UnoCrossRef.java
4,src/main/java/org/jabref/model/search/GroupSearchQuery.java
9,src/main/java/org/jabref/model/entry/event/EntriesEventSource.java
9,src/main/java/org/jabref/logic/layout/format/HTMLChars.java
4,src/test/java/org/jabref/logic/importer/fetcher/transformers/JstorQueryTransformerTest.java
1,src/main/java/org/jabref/model/database/KeyCollisionException.java
4,src/main/java/org/jabref/model/openoffice/uno/UnoNameAccess.java
1,src/main/java/org/jabref/logic/importer/fileformat/PdfEmbeddedBibFileImporter.java
6,src/main/java/org/jabref/gui/menus/ChangeEntryTypeMenu.java
6,src/main/java/org/jabref/model/entry/ParsedEntryLink.java
7,src/main/java/org/jabref/gui/undo/UndoableRemoveEntries.java
5,src/main/java/org/jabref/logic/importer/fetcher/MathSciNet.java
5,src/test/java/org/jabref/model/entry/BibEntryTest.java
12,src/main/java/org/jabref/model/database/KeyCollisionException.java
1,src/main/java/org/jabref/gui/integrity/IntegrityCheckDialogViewModel.java
6,src/main/java/org/jabref/logic/integrity/ISSNChecker.java
4,src/main/java/org/jabref/gui/mergeentries/newmergedialog/cell/sidebuttons/InfoButton.java
4,src/main/java/org/jabref/gui/help/SearchForUpdateAction.java
6,src/main/java/org/jabref/gui/entryeditor/fileannotationtab/FulltextSearchResultsTab.java
5,src/main/java/org/jabref/logic/cleanup/Formatter.java
1,src/test/java/org/jabref/logic/integrity/PersonNamesCheckerTest.java
4,src/main/java/org/jabref/logic/xmp/XmpUtilReader.java
5,src/main/java/org/jabref/logic/layout/format/AuthorFirstLastCommas.java
7,src/main/java/org/jabref/gui/importer/ImportEntriesDialog.java
9,src/main/java/org/jabref/logic/openoffice/frontend/OOFrontend.java
5,src/test/java/org/jabref/logic/formatter/bibtexfields/NormalizeEnDashesFormatterTest.java
1,src/main/java/org/jabref/logic/formatter/bibtexfields/ClearFormatter.java
4,src/main/java/org/jabref/gui/icon/JabRefIconView.java
7,src/main/java/org/jabref/gui/bibtexextractor/ExtractBibtexDialog.java
1,src/test/java/org/jabref/logic/importer/ImportFormatReaderParameterlessTest.java
4,src/main/java/org/jabref/model/study/StudyDatabase.java
4,src/test/java/org/jabref/logic/shared/TestManager.java
9,src/main/java/org/jabref/model/openoffice/CitationEntry.java
5,src/main/java/org/jabref/logic/integrity/IntegrityMessage.java
1,src/main/java/org/jabref/logic/net/ProxyAuthenticator.java
1,src/main/java/org/jabref/gui/entryeditor/OpenEntryEditorAction.java
4,src/main/java/org/jabref/logic/importer/fetcher/TrustLevel.java
9,src/main/java/org/jabref/logic/xmp/DocumentInformationExtractor.java
4,src/main/java/org/jabref/gui/fieldeditors/FieldEditors.java
6,src/test/java/org/jabref/model/entry/KeywordListTest.java
6,src/main/java/org/jabref/gui/mergeentries/EntriesMergeResult.java
12,src/main/java/org/jabref/model/openoffice/style/NonUniqueCitationMarker.java
7,src/main/java/org/jabref/gui/fieldeditors/CitationKeyEditor.java
9,src/main/java/org/jabref/logic/integrity/BibStringChecker.java
5,src/main/java/org/jabref/model/entry/identifier/ArXivIdentifier.java
6,src/main/java/org/jabref/logic/help/HelpFile.java
4,src/main/java/org/jabref/gui/journals/UndoableAbbreviator.java
5,src/test/java/org/jabref/logic/importer/fetcher/transformers/ZbMathQueryTransformerTest.java
9,src/main/java/org/jabref/logic/util/io/FileFinders.java
7,src/main/java/org/jabref/gui/util/ViewModelTreeTableRowFactory.java
1,src/main/java/org/jabref/gui/entryeditor/EntryEditorTab.java
4,src/main/java/org/jabref/logic/integrity/MonthChecker.java
1,src/main/java/org/jabref/model/database/event/EntriesRemovedEvent.java
1,src/test/java/org/jabref/gui/autocompleter/SuggestionProvidersTest.java
2,src/main/java/org/jabref/preferences/SidePanePreferences.java
6,src/main/java/org/jabref/logic/formatter/casechanger/CapitalizeFormatter.java
6,src/main/java/org/jabref/gui/copyfiles/CopyFilesResultItemViewModel.java
1,src/main/java/org/jabref/logic/cleanup/TimeStampToModificationDate.java
1,src/main/java/org/jabref/model/pdf/search/EnglishStemAnalyzer.java
1,src/main/java/org/jabref/logic/exporter/OpenDocumentRepresentation.java
6,src/main/java/org/jabref/model/openoffice/uno/UnoStyle.java
7,src/main/java/org/jabref/gui/preferences/groups/GroupsTabViewModel.java
5,src/test/java/org/jabref/logic/integrity/UTF8CheckerTest.java
5,src/main/java/org/jabref/logic/importer/fetcher/transformers/GVKQueryTransformer.java
5,src/test/java/org/jabref/model/entry/identifier/ArXivIdentifierTest.java
4,src/main/java/org/jabref/logic/importer/fetcher/GvkFetcher.java
5,src/main/java/org/jabref/logic/layout/format/CompositeFormat.java
9,src/main/java/org/jabref/logic/importer/fileformat/RepecNepImporter.java
12,src/main/java/org/jabref/model/entry/types/BiblatexAPAEntryTypeDefinitions.java
7,src/main/java/org/jabref/gui/push/PushToVimSettings.java
4,src/main/java/org/jabref/logic/importer/fetcher/IEEE.java
5,src/main/java/org/jabref/model/study/QueryResult.java
4,src/main/java/org/jabref/gui/copyfiles/CopySingleFileAction.java
4,src/main/java/org/jabref/logic/layout/format/WrapFileLinks.java
4,src/main/java/org/jabref/logic/importer/fileformat/BibtexImporter.java
9,src/main/java/org/jabref/logic/layout/format/ReplaceWithEscapedDoubleQuotes.java
4,src/main/java/org/jabref/model/database/event/ChangePropagation.java
7,src/main/java/org/jabref/gui/Dialog.java
9,src/main/java/org/jabref/logic/layout/format/DateFormatter.java
5,src/test/java/org/jabref/logic/formatter/casechanger/TitleCaseFormatterTest.java
9,src/main/java/org/jabref/model/entry/Author.java
6,src/main/java/org/jabref/gui/preferences/citationkeypattern/CitationKeyPatternTabViewModel.java
4,src/main/java/org/jabref/logic/importer/ImporterPreferences.java
6,src/test/java/org/jabref/model/entry/CrossrefTest.java
1,src/main/java/org/jabref/logic/importer/fileformat/medline/MeshHeading.java
9,src/test/java/org/jabref/logic/importer/util/JsonReaderTest.java
9,src/main/java/org/jabref/logic/pdf/EntryAnnotationImporter.java
9,src/main/java/org/jabref/logic/importer/fetcher/DOABFetcher.java
9,src/main/java/org/jabref/logic/preferences/DOIPreferences.java
9,src/main/java/org/jabref/logic/openoffice/OpenOfficeFileSearch.java
6,src/main/java/org/jabref/logic/pdf/search/indexing/IndexingTaskManager.java
12,src/main/java/org/jabref/model/openoffice/backend/NamedRange.java
9,src/test/java/org/jabref/logic/bibtex/FieldContentFormatterTest.java
1,src/main/java/org/jabref/model/util/MultiKeyMap.java
5,src/main/java/org/jabref/logic/bst/BstPreviewLayout.java
6,src/main/java/org/jabref/model/groups/AbstractGroup.java
4,src/main/java/org/jabref/gui/mergeentries/MergeTwoEntriesAction.java
5,src/main/java/org/jabref/logic/layout/format/RisMonth.java
6,src/main/java/org/jabref/logic/shared/exception/NotASharedDatabaseException.java
5,src/main/java/org/jabref/logic/importer/fileformat/medline/ArticleId.java
9,src/test/java/org/jabref/logic/net/MimeTypeDetectorTest.java
6,src/main/java/org/jabref/logic/importer/fetcher/MathSciNet.java
1,src/main/java/org/jabref/gui/preferences/citationkeypattern/CitationKeyPatternTabViewModel.java
6,src/test/java/org/jabref/logic/remote/RemotePreferencesTest.java
4,src/main/java/org/jabref/logic/util/strings/QuotedStringTokenizer.java
1,src/test/java/org/jabref/logic/importer/fileformat/ACMPortalParserTest.java
1,src/main/java/org/jabref/gui/mergeentries/MergeTwoEntriesAction.java
9,src/main/java/org/jabref/logic/importer/util/MediaTypes.java
9,src/main/java/org/jabref/logic/importer/EntryBasedParserFetcher.java
6,src/main/java/org/jabref/logic/msbib/MSBibConverter.java
7,src/main/java/org/jabref/gui/util/uithreadaware/UiThreadObservableList.java
1,src/test/java/org/jabref/logic/integrity/PagesCheckerBiblatexTest.java
4,src/test/java/org/jabref/gui/edit/RenameFieldViewModelTest.java
4,src/test/java/org/jabref/logic/bibtex/comparator/EntryComparatorTest.java
1,src/main/java/org/jabref/gui/util/comparator/RankingFieldComparator.java
7,src/main/java/org/jabref/gui/preferences/linkedfiles/LinkedFilesTab.java
6,src/main/java/org/jabref/logic/integrity/HowPublishedChecker.java
9,src/test/java/org/jabref/logic/importer/fetcher/DiVATest.java
12,src/main/java/org/jabref/model/database/event/EntriesRemovedEvent.java
6,src/main/java/org/jabref/gui/fieldeditors/contextmenu/EditorMenus.java
6,src/main/java/org/jabref/logic/layout/format/DocBookVersion.java
12,src/main/java/org/jabref/model/entry/IdGenerator.java
6,src/main/java/org/jabref/gui/sidepane/SidePane.java
4,src/main/java/org/jabref/gui/maintable/OpenFolderAction.java
4,src/main/java/org/jabref/gui/importer/ImportCustomEntryTypesDialog.java
1,src/test/java/org/jabref/logic/integrity/JournalInAbbreviationListCheckerTest.java
1,src/test/java/org/jabref/logic/importer/fetcher/transformers/ZbMathQueryTransformerTest.java
4,src/test/java/org/jabref/logic/l10n/LocalizationBundleForTest.java
6,src/main/java/org/jabref/gui/mergeentries/newmergedialog/cell/CopyFieldValueCommand.java
4,src/main/java/org/jabref/logic/l10n/LocalizationKey.java
4,src/main/java/org/jabref/model/entry/BibEntry.java
1,src/test/java/org/jabref/logic/formatter/bibtexfields/RemoveHyphenatedNewlinesFormatterTest.java
6,src/main/java/org/jabref/logic/formatter/bibtexfields/RegexFormatter.java
6,src/test/java/org/jabref/logic/cleanup/DoiCleanupTest.java
1,src/main/java/org/jabref/gui/preferences/groups/GroupsTab.java
5,src/main/java/org/jabref/model/groups/RegexKeywordGroup.java
1,src/main/java/org/jabref/gui/preferences/keybindings/KeyBindingsTabViewModel.java
9,src/main/java/org/jabref/logic/pdf/PdfAnnotationImporter.java
4,src/main/java/org/jabref/gui/entryeditor/DeprecatedFieldsTab.java
9,src/main/java/org/jabref/logic/layout/format/DOIStrip.java
5,src/test/java/org/jabref/logic/net/URLDownloadTest.java
1,src/main/java/org/jabref/gui/importer/fetcher/LookupIdentifierAction.java
4,src/test/java/org/jabref/logic/crawler/CrawlerTest.java
4,src/main/java/org/jabref/logic/layout/format/AuthorFirstLastCommas.java
1,src/main/java/org/jabref/logic/importer/fileformat/BibtexParser.java
4,src/main/java/org/jabref/gui/externalfiletype/ExternalFileTypes.java
7,src/main/java/org/jabref/gui/slr/StudyDatabaseItem.java
1,src/test/java/org/jabref/logic/citationkeypattern/CitationKeyGeneratorTest.java
4,src/test/java/org/jabref/model/database/BibDatabaseTest.java
6,src/main/java/org/jabref/gui/importer/fetcher/LookupIdentifierAction.java
7,src/test/java/org/jabref/gui/search/ContainsAndRegexBasedSearchRuleDescriberTest.java
4,src/test/java/org/jabref/logic/integrity/EntryLinkCheckerTest.java
1,src/test/java/org/jabref/logic/cleanup/TimeStampToModificationDateTest.java
7,src/main/java/org/jabref/gui/preferences/nameformatter/NameFormatterTabViewModel.java
9,src/test/java/org/jabref/logic/integrity/EntryLinkCheckerTest.java
1,src/main/java/org/jabref/logic/integrity/CitationKeyDeviationChecker.java
5,src/test/java/org/jabref/logic/util/io/CitationKeyBasedFileFinderTest.java
1,src/main/java/org/jabref/logic/util/CoarseChangeFilter.java
1,src/main/java/org/jabref/logic/importer/fetcher/BvbFetcher.java
1,src/test/java/org/jabref/logic/integrity/ISSNCheckerTest.java
4,src/main/java/org/jabref/logic/importer/IdFetcher.java
5,src/test/java/org/jabref/logic/bibtex/BibEntryAssert.java
4,src/main/java/org/jabref/model/openoffice/util/OOListUtil.java
6,src/main/java/org/jabref/logic/layout/format/AuthorAndsReplacer.java
1,src/main/java/org/jabref/gui/integrity/IntegrityCheckAction.java
6,src/main/java/org/jabref/gui/journals/AbbreviationType.java
1,src/main/java/org/jabref/model/study/StudyQuery.java
5,src/test/java/org/jabref/model/entry/identifier/ISSNTest.java
4,src/main/java/org/jabref/model/metadata/event/MetaDataChangedEvent.java
6,src/test/java/org/jabref/logic/importer/fetcher/ACMPortalFetcherTest.java
1,src/main/java/org/jabref/logic/exporter/AtomicFileWriter.java
6,src/main/java/org/jabref/gui/linkedfile/AttachFileAction.java
4,src/test/java/org/jabref/logic/layout/format/FileLinkTest.java
9,src/main/java/org/jabref/logic/importer/fetcher/DoiResolution.java
4,src/test/java/org/jabref/logic/formatter/bibtexfields/NormalizePagesFormatterTest.java
6,src/main/java/org/jabref/logic/citationstyle/JabRefLocaleProvider.java
4,src/main/java/org/jabref/model/openoffice/style/CompareCitedKey.java
6,src/test/java/org/jabref/logic/cleanup/MoveFilesCleanupTest.java
4,src/main/java/org/jabref/gui/preferences/keybindings/KeyBindingsTabViewModel.java
5,src/main/java/org/jabref/logic/bst/BstFunctions.java
5,src/main/java/org/jabref/logic/journals/JournalAbbreviationPreferences.java
6,src/main/java/org/jabref/gui/documentviewer/PageDimension.java
4,src/test/java/org/jabref/logic/journals/AbbreviationsTest.java
9,src/main/java/org/jabref/model/entry/CanonicalBibEntry.java
9,src/test/java/org/jabref/logic/exporter/YamlExporterTest.java
1,src/main/java/org/jabref/logic/importer/fetcher/transformers/GVKQueryTransformer.java
4,src/test/java/org/jabref/logic/shared/DBMSTypeTest.java
4,src/main/java/org/jabref/logic/layout/format/AuthorLF_FFAbbr.java
9,src/test/java/org/jabref/logic/bibtex/FileFieldWriterTest.java
6,src/main/java/org/jabref/gui/preferences/PreferencesSearchHandler.java
5,src/main/java/org/jabref/logic/exporter/OpenDocumentRepresentation.java
4,src/main/java/org/jabref/model/groups/AllEntriesGroup.java
4,src/main/java/org/jabref/logic/util/io/AutoLinkPreferences.java
1,src/main/java/org/jabref/logic/layout/format/CreateBibORDFAuthors.java
4,src/main/java/org/jabref/model/texparser/LatexBibEntriesResolverResult.java
6,src/main/java/org/jabref/gui/mergeentries/newmergedialog/cell/MergedFieldCell.java
1,src/main/java/org/jabref/gui/documentviewer/PdfDocumentViewModel.java
5,src/test/java/org/jabref/logic/importer/fetcher/OpenAccessDoiTest.java
6,src/main/java/org/jabref/logic/xmp/DublinCoreExtractor.java
6,src/main/java/org/jabref/gui/preferences/journals/AbbreviationViewModel.java
6,src/test/java/org/jabref/logic/importer/fileformat/OvidImporterTest.java
6,src/test/java/org/jabref/logic/bibtex/comparator/GroupDiffTest.java
4,src/main/java/org/jabref/gui/openoffice/StyleSelectItemViewModel.java
5,src/main/java/org/jabref/logic/importer/ImportCleanup.java
4,src/main/java/org/jabref/model/openoffice/ootext/OOFormat.java
9,src/main/java/org/jabref/logic/auxparser/DefaultAuxParser.java
4,src/main/java/org/jabref/gui/autocompleter/WordSuggestionProvider.java
5,src/test/java/org/jabref/logic/crawler/CrawlerTest.java
4,src/main/java/org/jabref/logic/importer/fileformat/medline/PersonalNameSubject.java
6,src/main/java/org/jabref/logic/importer/fetcher/transformers/DefaultLuceneQueryTransformer.java
4,src/main/java/org/jabref/logic/layout/format/IfPlural.java
12,src/test/java/org/jabref/model/entry/EntryTypeFactoryTest.java
4,src/main/java/org/jabref/gui/autocompleter/AutoCompletionTextInputBinding.java
6,src/main/java/org/jabref/gui/collab/metedatachange/MetadataChange.java
4,src/test/java/org/jabref/model/TreeNodeTest.java
6,src/main/java/org/jabref/logic/importer/fetcher/ZbMATH.java
4,src/test/java/org/jabref/logic/importer/ImportDataTest.java
6,src/main/java/org/jabref/gui/LibraryTab.java
1,src/test/java/org/jabref/logic/importer/fetcher/DiVATest.java
4,src/test/java/org/jabref/logic/net/URLDownloadTest.java
5,src/main/java/org/jabref/model/database/event/EntriesAddedEvent.java
6,src/main/java/org/jabref/logic/bibtex/comparator/PreambleDiff.java
9,src/test/java/org/jabref/logic/citationkeypattern/MakeLabelWithDatabaseTest.java
6,src/test/java/org/jabref/model/metadata/MetaDataTest.java
6,src/main/java/org/jabref/gui/undo/UndoableStringChange.java
4,src/main/java/org/jabref/logic/bst/BstFunctions.java
4,src/main/java/org/jabref/logic/exporter/EmbeddedBibFilePdfExporter.java
7,src/main/java/org/jabref/gui/openoffice/DetectOpenOfficeInstallation.java
9,src/test/java/org/jabref/logic/importer/fileformat/EndnoteImporterTest.java
4,src/main/java/org/jabref/gui/edit/automaticfiededitor/copyormovecontent/CopyOrMoveFieldContentTabViewModel.java
4,src/main/java/org/jabref/model/entry/identifier/ISSN.java
6,src/main/java/org/jabref/model/entry/field/SpecialField.java
9,src/test/java/org/jabref/model/entry/BibEntryTest.java
5,src/test/java/org/jabref/logic/layout/format/ToUpperCaseTest.java
9,src/test/java/org/jabref/logic/importer/fileformat/BiblioscapeImporterFilesTest.java
6,src/main/java/org/jabref/logic/exporter/XmpExporter.java
1,src/main/java/org/jabref/gui/collab/stringdelete/BibTexStringDelete.java
5,src/main/java/org/jabref/logic/importer/fileformat/EndnoteXmlImporter.java
5,src/main/java/org/jabref/model/openoffice/uno/UnoCursor.java
4,src/main/java/org/jabref/model/entry/BibEntryTypeBuilder.java
7,src/main/java/org/jabref/gui/preferences/PreferenceTabViewModel.java
4,src/main/java/org/jabref/gui/menus/FileHistoryMenu.java
7,src/main/java/org/jabref/gui/linkedfile/AttachFileFromURLAction.java
10,src/test/java/org/jabref/cli/ArgumentProcessorTest.java
5,src/test/java/org/jabref/logic/bibtex/comparator/BibtexStringComparatorTest.java
4,src/test/java/org/jabref/logic/xmp/XmpUtilReaderTest.java
6,src/test/java/org/jabref/logic/importer/QueryParserTest.java
6,buildSrc/src/copied/java/org/jabref/logic/journals/JournalAbbreviationRepository.java
1,src/main/java/org/jabref/logic/formatter/casechanger/TitleCaseFormatter.java
6,src/main/java/org/jabref/logic/search/DatabaseSearcher.java
12,src/main/java/org/jabref/model/ChainNode.java
4,src/test/java/org/jabref/gui/groups/GroupTreeViewModelTest.java
6,src/main/java/org/jabref/gui/preferences/externalfiletypes/EditExternalFileTypeEntryDialog.java
6,src/main/java/org/jabref/logic/importer/fileformat/SilverPlatterImporter.java
6,src/main/java/org/jabref/logic/util/UnknownFileType.java
1,src/test/java/org/jabref/logic/importer/fetcher/DBLPFetcherTest.java
1,src/test/java/org/jabref/logic/importer/fileformat/OvidImporterTest.java
1,src/main/java/org/jabref/logic/msbib/MSBibMapping.java
4,src/test/java/org/jabref/gui/preview/CopyCitationActionTest.java
1,src/main/java/org/jabref/gui/keyboard/KeyBindingCategory.java
9,src/test/java/org/jabref/logic/layout/format/AuthorFirstFirstTest.java
5,src/main/java/org/jabref/logic/layout/format/ReplaceUnicodeLigaturesFormatter.java
9,src/test/java/org/jabref/logic/net/ProxyTest.java
9,src/main/java/org/jabref/logic/importer/fetcher/AbstractIsbnFetcher.java
4,src/test/java/org/jabref/logic/crawler/StudyDatabaseToFetcherConverterTest.java
6,src/test/java/org/jabref/logic/git/SlrGitHandlerTest.java
9,src/main/java/org/jabref/logic/autosaveandbackup/AutosaveManager.java
7,src/main/java/org/jabref/gui/actions/ActionHelper.java
6,src/test/java/org/jabref/logic/importer/fetcher/transformers/CollectionOfComputerScienceBibliographiesQueryTransformerTest.java
1,src/main/java/org/jabref/logic/openoffice/style/StyleLoader.java
7,src/main/java/org/jabref/gui/mergeentries/newmergedialog/ShowDiffConfig.java
4,src/main/java/org/jabref/gui/preferences/groups/GroupsTabViewModel.java
5,src/main/java/org/jabref/logic/xmp/DocumentInformationExtractor.java
6,src/main/java/org/jabref/logic/integrity/EntryChecker.java
5,src/test/java/org/jabref/logic/importer/fileformat/BibtexImporterTest.java
5,src/main/java/org/jabref/logic/cleanup/TimeStampToCreationDate.java
1,src/main/java/org/jabref/model/entry/field/BibField.java
7,src/main/java/org/jabref/gui/openoffice/StyleSelectDialogView.java
1,src/main/java/org/jabref/model/entry/ParsedEntryLink.java
5,src/main/java/org/jabref/logic/util/strings/RtfCharMap.java
4,src/main/java/org/jabref/logic/importer/fileformat/InspecImporter.java
6,src/test/java/org/jabref/logic/importer/fetcher/INSPIREFetcherTest.java
4,src/main/java/org/jabref/logic/importer/fileformat/RepecNepImporter.java
6,src/test/java/org/jabref/logic/integrity/JournalInAbbreviationListCheckerTest.java
1,src/main/java/org/jabref/model/openoffice/rangesort/FunctionalTextViewCursor.java
5,src/main/java/org/jabref/model/ChainNode.java
5,src/main/java/org/jabref/logic/layout/format/ShortMonthFormatter.java
1,src/test/java/org/jabref/logic/openoffice/style/OOBibStyleTestHelper.java
4,src/main/java/org/jabref/gui/commonfxcontrols/FieldFormatterCleanupsPanel.java
1,src/test/java/org/jabref/logic/crawler/StudyYamlParserTest.java
9,src/main/java/org/jabref/model/openoffice/uno/UnoCast.java
6,src/main/java/org/jabref/gui/autocompleter/SuggestionProvider.java
1,src/main/java/org/jabref/logic/JabRefException.java
5,src/main/java/org/jabref/logic/formatter/bibtexfields/NormalizeEnDashesFormatter.java
6,src/main/java/org/jabref/logic/preferences/FetcherApiKey.java
4,src/test/java/org/jabref/logic/crawler/StudyYamlParserTest.java
6,src/main/java/org/jabref/gui/entryeditor/RequiredFieldsTab.java
9,src/main/java/org/jabref/logic/integrity/PersonNamesChecker.java
7,src/main/java/org/jabref/gui/util/OptionalValueTableCellFactory.java
6,src/main/java/org/jabref/gui/FallbackExceptionHandler.java
1,src/main/java/org/jabref/gui/util/ViewModelTreeTableCellFactory.java
6,src/main/java/org/jabref/gui/fieldeditors/CitationKeyEditorViewModel.java
4,src/main/java/org/jabref/gui/undo/UndoRedoAction.java
1,src/main/java/org/jabref/gui/cleanup/CleanupDialog.java
5,src/test/java/org/jabref/logic/integrity/HowPublishedCheckerTest.java
5,src/test/java/org/jabref/logic/importer/fetcher/transformers/JstorQueryTransformerTest.java
4,src/main/java/org/jabref/logic/layout/format/AuthorFirstAbbrLastCommas.java
9,src/main/java/org/jabref/model/entry/field/FieldProperty.java
6,src/main/java/org/jabref/gui/libraryproperties/PropertiesTabViewModel.java
5,src/test/java/org/jabref/logic/importer/fetcher/PicaXmlParserTest.java
1,src/test/java/org/jabref/model/search/matchers/MatcherSetsTest.java
1,src/main/java/org/jabref/logic/exporter/AtomicFileOutputStream.java
1,src/main/java/org/jabref/gui/preferences/keybindings/presets/KeyBindingPreset.java
6,src/main/java/org/jabref/logic/importer/fetcher/MrDLibFetcher.java
1,src/main/java/org/jabref/gui/DialogService.java
1,src/main/java/org/jabref/model/entry/event/EntriesEventSource.java
4,src/main/java/org/jabref/gui/preferences/keybindings/presets/NewEntryBindingPreset.java
4,src/test/java/org/jabref/logic/bibtex/FileFieldWriterTest.java
4,src/main/java/org/jabref/logic/layout/format/AuthorAndsReplacer.java
9,src/test/java/org/jabref/logic/importer/ImporterTest.java
7,src/main/java/org/jabref/gui/shared/SharedDatabaseLoginDialogViewModel.java
6,src/test/java/org/jabref/logic/importer/fileformat/ModsImporterFilesTest.java
12,src/test/java/org/jabref/model/search/matchers/MatcherSetsTest.java
9,src/main/java/org/jabref/logic/importer/CompositeIdFetcher.java
7,src/main/java/org/jabref/gui/importer/GenerateEntryFromIdAction.java
5,src/main/java/org/jabref/logic/openoffice/style/OOPreFormatter.java
6,buildSrc/src/copied/java/org/jabref/logic/journals/Abbreviation.java
6,src/main/java/org/jabref/gui/groups/GroupsPreferences.java
5,src/main/java/org/jabref/model/openoffice/style/OODataModel.java
1,src/main/java/org/jabref/gui/maintable/MainTableColumnModel.java
6,src/test/java/org/jabref/logic/formatter/bibtexfields/TrimWhitespaceFormatterTest.java
1,src/test/java/org/jabref/gui/externalfiles/GitIgnoreFileFilterTest.java
1,src/main/java/org/jabref/gui/fieldeditors/LinkedFileViewModel.java
4,src/test/java/org/jabref/logic/layout/format/DOIStripTest.java
1,src/main/java/org/jabref/logic/formatter/bibtexfields/RemoveBracesFormatter.java
9,src/main/java/org/jabref/model/entry/identifier/ISBN.java
1,src/test/java/org/jabref/logic/importer/fileformat/MsBibImporterFilesTest.java
9,src/main/java/org/jabref/logic/exporter/OpenDocumentRepresentation.java
4,src/main/java/org/jabref/logic/importer/fileformat/mods/RecordInfo.java
4,src/main/java/org/jabref/model/openoffice/rangesort/RangeOverlap.java
4,src/main/java/org/jabref/model/openoffice/uno/UnoReferenceMark.java
4,src/test/java/org/jabref/gui/autocompleter/AutoCompleterUtil.java
5,src/main/java/org/jabref/logic/net/ProxyRegisterer.java
7,src/main/java/org/jabref/gui/push/PushToWinEdt.java
1,src/main/java/org/jabref/gui/util/OpenHyperlinksInExternalBrowser.java
6,src/main/java/org/jabref/gui/libraryproperties/saving/SavingPropertiesView.java
5,src/test/java/org/jabref/logic/crawler/StudyRepositoryTest.java
4,src/main/java/org/jabref/gui/entryeditor/LatexCitationsTab.java
6,src/test/java/org/jabref/gui/edit/EditFieldContentTabViewModelTest.java
9,src/test/java/org/jabref/logic/protectedterms/ProtectedTermsListTest.java
1,src/test/java/org/jabref/logic/importer/fetcher/LibraryOfCongressTest.java
7,src/main/java/org/jabref/gui/preferences/general/GeneralTab.java
4,src/main/java/org/jabref/logic/importer/EntryBasedParserFetcher.java
4,src/main/java/org/jabref/logic/openoffice/backend/GetContext.java
9,src/test/java/org/jabref/logic/importer/fetcher/CrossRefTest.java
6,src/main/java/org/jabref/logic/layout/format/HTMLParagraphs.java
4,src/test/java/org/jabref/logic/integrity/JournalInAbbreviationListCheckerTest.java
5,src/test/java/org/jabref/logic/layout/format/AuthorFirstLastCommasTest.java
4,src/main/java/org/jabref/gui/fieldeditors/FieldEditorFX.java
4,src/main/java/org/jabref/logic/util/io/FileFinder.java
5,src/main/java/org/jabref/model/openoffice/style/Citation.java
1,src/main/java/org/jabref/logic/importer/fetcher/IEEE.java
1,src/main/java/org/jabref/logic/importer/fetcher/DoiFetcher.java
7,src/main/java/org/jabref/gui/entryeditor/fileannotationtab/FileAnnotationTabViewModel.java
7,src/main/java/org/jabref/gui/edit/CopyMoreAction.java
9,src/test/java/org/jabref/logic/importer/fetcher/CollectionOfComputerScienceBibliographiesParserTest.java
6,src/test/java/org/jabref/gui/search/GrammarBasedSearchRuleDescriberTest.java
7,src/main/java/org/jabref/gui/sidepane/SidePaneType.java
6,src/main/java/org/jabref/model/openoffice/ootext/OOFormat.java
5,src/main/java/org/jabref/model/entry/BibtexString.java
1,src/test/java/org/jabref/logic/formatter/bibtexfields/UnicodeConverterTest.java
6,src/test/java/org/jabref/logic/cleanup/ISSNCleanupTest.java
4,src/main/java/org/jabref/gui/texparser/ParseLatexDialogViewModel.java
4,src/main/java/org/jabref/logic/formatter/casechanger/TitleParser.java
4,src/test/java/org/jabref/model/paging/PageTest.java
1,src/main/java/org/jabref/logic/layout/format/CSLType.java
9,src/test/java/org/jabref/model/entry/DateTest.java
1,src/test/java/org/jabref/logic/net/URLDownloadTest.java
1,src/test/java/org/jabref/logic/integrity/MonthCheckerTest.java
1,src/test/java/org/jabref/model/TreeNodeTest.java
1,src/main/java/org/jabref/gui/importer/ImportCustomEntryTypesDialog.java
5,src/main/java/org/jabref/model/entry/field/Field.java
6,src/main/java/org/jabref/logic/citationstyle/CitationStyleCache.java
5,src/test/java/org/jabref/model/entry/DateTest.java
1,src/main/java/org/jabref/model/entry/field/InternalField.java
9,src/main/java/org/jabref/logic/layout/format/RemoveLatexCommandsFormatter.java
4,src/main/java/org/jabref/logic/bst/BstEntry.java
6,src/main/java/org/jabref/logic/protectedterms/ProtectedTermsList.java
1,src/main/java/org/jabref/logic/exporter/MetaDataSerializer.java
9,src/main/java/org/jabref/logic/importer/fileformat/EndnoteXmlImporter.java
5,src/main/java/org/jabref/logic/layout/format/HTMLChars.java
9,src/main/java/org/jabref/logic/formatter/bibtexfields/RemoveRedundantSpacesFormatter.java
1,src/main/java/org/jabref/gui/linkedfile/AttachFileAction.java
9,src/main/java/org/jabref/logic/importer/fetcher/RfcFetcher.java
4,src/main/java/org/jabref/gui/citationkeypattern/GenerateCitationKeySingleAction.java
6,src/test/java/org/jabref/logic/formatter/bibtexfields/RemoveNewlinesFormatterTest.java
1,src/main/java/org/jabref/logic/shared/DatabaseLocation.java
1,src/main/java/org/jabref/gui/undo/UndoableInsertString.java
4,src/main/java/org/jabref/gui/entryeditor/UserDefinedFieldsTab.java
7,src/main/java/org/jabref/gui/groups/GroupDialogView.java
4,buildSrc/src/copied/java/org/jabref/logic/journals/JournalAbbreviationLoader.java
11,src/main/java/org/jabref/preferences/ImportExportPreferences.java
1,src/main/java/org/jabref/logic/cleanup/FileLinksCleanup.java
6,src/main/java/org/jabref/gui/help/SearchForUpdateAction.java
9,src/test/java/org/jabref/logic/importer/AuthorListParserTest.java
9,src/main/java/org/jabref/model/openoffice/style/CitationLookupResult.java
1,src/main/java/org/jabref/gui/texparser/ParseLatexResultViewModel.java
5,src/test/java/org/jabref/logic/util/VersionTest.java
6,src/test/java/org/jabref/logic/importer/fetcher/transformers/ArXivQueryTransformerTest.java
1,src/main/java/org/jabref/model/entry/CanonicalBibEntry.java
4,src/main/java/org/jabref/model/entry/field/IEEEField.java
1,src/test/java/org/jabref/gui/mergeentries/GroupMergerTest.java
9,src/test/java/org/jabref/model/strings/StringUtilTest.java
5,src/main/java/org/jabref/logic/openoffice/style/OOFormatBibliography.java
6,src/test/java/org/jabref/logic/layout/LayoutEntryTest.java
5,src/main/java/org/jabref/logic/importer/WebFetcher.java
5,src/main/java/org/jabref/model/openoffice/style/CitationMarkerEntry.java
4,src/main/java/org/jabref/gui/maintable/SearchShortScienceAction.java
4,src/main/java/org/jabref/logic/util/DelayTaskThrottler.java
4,src/main/java/org/jabref/logic/citationstyle/JabRefItemDataProvider.java
6,src/main/java/org/jabref/model/openoffice/uno/UnoScreenRefresh.java
6,src/main/java/org/jabref/model/groups/RegexKeywordGroup.java
7,src/main/java/org/jabref/gui/preferences/general/GeneralTabViewModel.java
1,src/main/java/org/jabref/gui/util/OptionalValueTableCellFactory.java
9,src/test/java/org/jabref/model/entry/field/UnknownFieldTest.java
4,src/main/java/org/jabref/gui/maintable/MainTableHeaderContextMenu.java
9,src/test/java/org/jabref/logic/bibtex/FieldWriterTest.java
1,src/main/java/org/jabref/logic/integrity/IntegrityCheck.java
1,src/test/java/org/jabref/logic/layout/format/EntryTypeFormatterTest.java
9,src/main/java/org/jabref/logic/pdf/search/indexing/PdfIndexer.java
9,src/main/java/org/jabref/logic/journals/JournalAbbreviationLoader.java
12,src/main/java/org/jabref/model/entry/field/FieldPriority.java
9,src/main/java/org/jabref/model/openoffice/rangesort/RangeSortEntry.java
6,src/main/java/org/jabref/gui/mergeentries/newmergedialog/cell/FieldValueCellViewModel.java
4,src/test/java/org/jabref/gui/preferences/keybindings/KeyBindingViewModelTest.java
5,src/main/java/org/jabref/model/openoffice/rangesort/FunctionalTextViewCursor.java
4,src/main/java/org/jabref/gui/exporter/SaveAllAction.java
1,src/main/java/org/jabref/gui/groups/UndoableModifySubtree.java
5,src/main/java/org/jabref/logic/cleanup/EprintCleanup.java
9,src/test/java/org/jabref/logic/bst/util/BstWidthCalculatorTest.java
4,src/main/java/org/jabref/gui/openoffice/OOError.java
6,src/main/java/org/jabref/logic/bibtex/comparator/EntryComparator.java
6,src/main/java/org/jabref/gui/mergeentries/newmergedialog/cell/FieldNameCell.java
12,src/main/java/org/jabref/model/openoffice/rangesort/RangeSort.java
5,src/main/java/org/jabref/logic/bst/util/BstTextPrefixer.java
6,src/main/java/org/jabref/gui/search/SearchFieldRightClickMenu.java
5,src/main/java/org/jabref/logic/importer/fetcher/DOABFetcher.java
9,src/test/java/org/jabref/model/entry/field/BibFieldTest.java
1,src/test/java/org/jabref/logic/importer/fileformat/PdfContentImporterFilesTest.java
1,src/main/java/org/jabref/logic/integrity/AmpersandChecker.java
4,src/main/java/org/jabref/gui/openoffice/Bootstrap.java
1,src/main/java/org/jabref/gui/citationkeypattern/GenerateCitationKeySingleAction.java
4,src/main/java/org/jabref/logic/msbib/MSBibDatabase.java
4,src/main/java/org/jabref/logic/git/GitHandler.java
4,src/test/java/org/jabref/logic/integrity/ISSNCheckerTest.java
6,src/main/java/org/jabref/model/search/matchers/MatcherSets.java
9,src/main/java/org/jabref/model/openoffice/uno/UnoBookmark.java
6,src/main/java/org/jabref/logic/importer/fileformat/PdfContentImporter.java
4,src/main/java/org/jabref/gui/edit/automaticfiededitor/LastAutomaticFieldEditorEdit.java
9,src/test/java/org/jabref/logic/layout/format/DefaultTest.java
9,src/main/java/org/jabref/logic/formatter/casechanger/TitleParser.java
7,src/main/java/org/jabref/gui/mergeentries/newmergedialog/fieldsmerger/KeywordMerger.java
4,src/main/java/org/jabref/logic/formatter/bibtexfields/EscapeUnderscoresFormatter.java
9,src/test/java/org/jabref/logic/l10n/LanguageTest.java
6,src/main/java/org/jabref/logic/importer/OutputPrinter.java
4,src/test/java/org/jabref/logic/shared/SynchronizationEventListenerTest.java
1,src/test/java/org/jabref/model/database/KeyChangeListenerTest.java
5,src/main/java/org/jabref/logic/shared/prefs/SharedDatabasePreferences.java
5,src/main/java/org/jabref/logic/integrity/BibTeXEntryTypeChecker.java
6,src/main/java/org/jabref/logic/layout/format/RemoveBrackets.java
7,src/main/java/org/jabref/gui/exporter/CreateModifyExporterDialogView.java
12,src/main/java/org/jabref/model/search/rules/FullTextSearchRule.java
6,src/main/java/org/jabref/gui/openoffice/OpenOfficePanel.java
4,src/main/java/org/jabref/logic/importer/AuthorListParser.java
4,src/main/java/org/jabref/logic/layout/format/ShortMonthFormatter.java
5,src/main/java/org/jabref/model/util/DummyFileUpdateMonitor.java
5,src/test/java/org/jabref/logic/formatter/bibtexfields/RemoveRedundantSpacesFormatterTest.java
1,src/test/java/org/jabref/gui/fieldeditors/LinkedFilesEditorViewModelTest.java
1,src/main/java/org/jabref/gui/collab/entrychange/EntryChange.java
4,src/main/java/org/jabref/model/groups/AutomaticGroup.java
1,src/test/java/org/jabref/logic/net/MimeTypeDetectorTest.java
5,src/main/java/org/jabref/logic/layout/format/Replace.java
12,src/main/java/org/jabref/model/entry/field/UnknownField.java
6,src/main/java/org/jabref/logic/util/io/FileNameCleaner.java
4,src/main/java/org/jabref/gui/importer/NewDatabaseAction.java
7,src/main/java/org/jabref/gui/util/OpenHyperlinksInExternalBrowser.java
9,src/main/java/org/jabref/logic/layout/TextBasedPreviewLayout.java
6,src/test/java/org/jabref/logic/util/strings/StringLengthComparatorTest.java
6,src/main/java/org/jabref/gui/openoffice/ManageCitationsDialogView.java
5,src/main/java/org/jabref/logic/layout/format/AuthorNatBib.java
5,src/test/java/org/jabref/logic/citationkeypattern/BracketedPatternTest.java
9,src/main/java/org/jabref/model/entry/identifier/MathSciNetId.java
4,src/main/java/org/jabref/gui/help/HelpAction.java
5,src/main/java/org/jabref/logic/shared/DBMSType.java
1,src/main/java/org/jabref/gui/edit/automaticfiededitor/AbstractAutomaticFieldEditorTabViewModel.java
6,src/test/java/org/jabref/logic/util/io/FileNameUniquenessTest.java
4,src/main/java/org/jabref/model/database/KeyCollisionException.java
6,src/main/java/org/jabref/model/metadata/SaveOrder.java
9,src/main/java/org/jabref/model/entry/identifier/IacrEprint.java
1,src/main/java/org/jabref/gui/push/PushToWinEdt.java
6,src/main/java/org/jabref/logic/layout/format/NameFormatter.java
9,src/test/java/org/jabref/logic/shared/DBMSProcessorTest.java
5,src/test/java/org/jabref/model/entry/EntryTypeFactoryTest.java
9,src/main/java/org/jabref/logic/util/io/FileNameUniqueness.java
6,src/main/java/org/jabref/logic/integrity/MonthChecker.java
4,src/main/java/org/jabref/logic/shared/security/Password.java
1,src/main/java/org/jabref/model/openoffice/rangesort/RangeOverlapKind.java
1,src/main/java/org/jabref/gui/util/FileDialogConfiguration.java
1,src/main/java/org/jabref/model/database/event/BibDatabaseContextChangedEvent.java
4,src/main/java/org/jabref/gui/mergeentries/newmergedialog/diffhighlighter/UnifiedDiffHighlighter.java
4,src/main/java/org/jabref/logic/importer/fetcher/transformers/AbstractQueryTransformer.java
4,src/test/java/org/jabref/logic/bibtex/comparator/GroupDiffTest.java
5,src/test/java/org/jabref/logic/cleanup/ISSNCleanupTest.java
6,src/test/java/org/jabref/model/entry/BibEntryTypesManagerTest.java
6,src/main/java/org/jabref/gui/edit/OpenBrowserAction.java
4,src/main/java/org/jabref/gui/preferences/journals/JournalAbbreviationsTab.java
6,src/test/java/org/jabref/gui/util/ControlHelperTest.java
1,src/main/java/org/jabref/gui/mergeentries/EntriesMergeResult.java
5,src/main/java/org/jabref/logic/importer/fileformat/mods/Identifier.java
1,src/main/java/org/jabref/model/entry/field/FieldFactory.java
6,src/main/java/org/jabref/logic/shared/OracleProcessor.java
9,src/test/java/org/jabref/logic/shared/DBMSConnectionPropertiesTest.java
6,src/test/java/org/jabref/logic/search/SearchQueryTest.java
1,src/main/java/org/jabref/gui/preferences/protectedterms/ProtectedTermsListItemModel.java
6,src/main/java/org/jabref/model/ChainNode.java
4,src/main/java/org/jabref/gui/fieldeditors/EditorValidator.java
5,src/main/java/org/jabref/model/entry/event/EntryChangedEvent.java
7,src/main/java/org/jabref/gui/maintable/MainTableFieldValueFormatter.java
1,src/main/java/org/jabref/logic/importer/QueryParser.java
9,src/main/java/org/jabref/logic/importer/fetcher/CrossRef.java
4,src/main/java/org/jabref/gui/mergeentries/newmergedialog/cell/sidebuttons/ToggleMergeUnmergeButton.java
6,src/main/java/org/jabref/gui/externalfiles/FileFilterUtils.java
4,src/test/java/org/jabref/logic/shared/security/PasswordTest.java
5,src/test/java/org/jabref/logic/importer/fileformat/EndnoteImporterTest.java
6,src/main/java/org/jabref/gui/mergeentries/newmergedialog/fieldsmerger/CommentMerger.java
1,src/main/java/org/jabref/logic/crawler/Crawler.java
1,src/test/java/org/jabref/model/entry/MonthTest.java
1,src/test/java/org/jabref/logic/importer/fetcher/SemanticScholarTest.java
6,src/main/java/org/jabref/gui/documentviewer/PdfDocumentPageViewModel.java
4,src/test/java/org/jabref/logic/layout/format/WrapContentTest.java
5,src/main/java/org/jabref/logic/exporter/OpenOfficeDocumentCreator.java
12,src/main/java/org/jabref/model/entry/EntryConverter.java
1,src/test/java/org/jabref/logic/exporter/DocBook5ExporterTest.java
1,src/main/java/org/jabref/gui/preferences/entry/EntryTabViewModel.java
9,src/main/java/org/jabref/logic/layout/format/ToUpperCase.java
6,src/main/java/org/jabref/model/entry/field/AMSField.java
1,src/main/java/org/jabref/gui/copyfiles/CopyFilesResultItemViewModel.java
5,src/main/java/org/jabref/logic/importer/fetcher/DBLPFetcher.java
6,src/main/java/org/jabref/logic/formatter/bibtexfields/RemoveNewlinesFormatter.java
6,src/test/java/org/jabref/logic/formatter/minifier/MinifyNameListFormatterTest.java
6,src/main/java/org/jabref/logic/auxparser/AuxParser.java
5,src/main/java/org/jabref/logic/l10n/Localization.java
4,src/main/java/org/jabref/logic/util/TestEntry.java
6,src/main/java/org/jabref/model/util/FileUpdateMonitor.java
1,src/main/java/org/jabref/logic/net/ProxyRegisterer.java
4,src/main/java/org/jabref/gui/auximport/AuxParserResultViewModel.java
4,src/test/java/org/jabref/logic/l10n/JavaLocalizationEntryParserTest.java
4,src/main/java/org/jabref/logic/shared/DatabaseConnection.java
7,src/main/java/org/jabref/gui/keyboard/CodeAreaKeyBindings.java
5,src/main/java/org/jabref/model/entry/Author.java
7,src/main/java/org/jabref/gui/preferences/journals/JournalAbbreviationsTab.java
5,src/main/java/org/jabref/model/groups/ExplicitGroup.java
6,src/main/java/org/jabref/gui/mergeentries/MergeEntriesDialog.java
6,src/main/java/org/jabref/model/openoffice/backend/NamedRange.java
1,src/main/java/org/jabref/gui/fieldeditors/PatentTypeEditorViewModel.java
4,src/main/java/org/jabref/gui/edit/CopyDoiUrlAction.java
4,src/test/java/org/jabref/logic/formatter/bibtexfields/ShortenDOIFormatterTest.java
9,src/main/java/org/jabref/logic/importer/fetcher/DBLPFetcher.java
1,src/test/java/org/jabref/gui/preview/CopyCitationActionTest.java
4,src/main/java/org/jabref/gui/specialfields/SpecialFieldsPreferences.java
6,src/test/java/org/jabref/logic/integrity/CitationKeyCheckerTest.java
4,src/main/java/org/jabref/logic/autosaveandbackup/BackupManager.java
5,src/main/java/org/jabref/logic/l10n/LocalizationLocator.java
1,src/main/java/org/jabref/logic/layout/format/Iso690FormatDate.java
5,src/test/java/org/jabref/logic/importer/fetcher/ArXivFetcherTest.java
5,src/main/java/org/jabref/logic/importer/fetcher/GrobidCitationFetcher.java
12,src/test/java/org/jabref/model/groups/AutomaticPersonsGroupTest.java
5,src/main/java/org/jabref/logic/importer/ImporterPreferences.java
6,src/main/java/org/jabref/logic/cleanup/RelativePathsCleanup.java
6,src/main/java/org/jabref/gui/maintable/columns/LinkedIdentifierColumn.java
1,src/main/java/org/jabref/logic/net/ssl/TrustStoreManager.java
7,src/main/java/org/jabref/gui/preferences/customentrytypes/FieldViewModel.java
5,src/test/java/org/jabref/logic/citationstyle/CitationStyleGeneratorTest.java
4,src/main/java/org/jabref/gui/util/component/TagBar.java
1,src/test/java/org/jabref/logic/bibtex/comparator/BibtexStringComparatorTest.java
6,src/main/java/org/jabref/gui/externalfiletype/ExternalFileType.java
9,src/test/java/org/jabref/logic/l10n/LocalizationTest.java
1,src/test/java/org/jabref/logic/importer/fileformat/CffImporterTest.java
1,src/main/java/org/jabref/logic/importer/fetcher/AstrophysicsDataSystem.java
9,src/main/java/org/jabref/logic/importer/fileformat/mods/Identifier.java
4,src/main/java/org/jabref/logic/shared/DBMSProcessor.java
5,src/test/java/org/jabref/logic/layout/format/AuthorLastFirstTest.java
7,src/main/java/org/jabref/gui/collab/entrychange/PreviewWithSourceTab.java
6,src/main/java/org/jabref/logic/layout/format/Ordinal.java
5,src/test/java/org/jabref/logic/importer/fileformat/PdfGrobidImporterTest.java
9,src/test/java/org/jabref/logic/l10n/LocalizationConsistencyTest.java
1,src/main/java/org/jabref/model/TreeNode.java
4,src/test/java/org/jabref/logic/layout/format/AuthorsTest.java
5,src/test/java/org/jabref/logic/importer/fileformat/ACMPortalParserTest.java
4,src/main/java/org/jabref/gui/search/rules/describer/GrammarBasedSearchRuleDescriber.java
9,src/main/java/org/jabref/logic/importer/fetcher/INSPIREFetcher.java
6,src/main/java/org/jabref/gui/fieldeditors/URLUtil.java
9,src/main/java/org/jabref/model/entry/identifier/ARK.java
1,src/test/java/org/jabref/model/search/rules/MockSearchMatcher.java
12,src/main/java/org/jabref/model/entry/KeywordList.java
5,src/test/java/org/jabref/logic/integrity/IntegrityCheckTest.java
9,src/main/java/org/jabref/logic/layout/format/AuthorFirstFirst.java
5,src/main/java/org/jabref/logic/importer/fetcher/isbntobibtex/DoiToBibtexConverterComIsbnFetcher.java
9,src/test/java/org/jabref/logic/importer/fileformat/PdfEmbeddedBibFileImporterTest.java
7,src/main/java/org/jabref/gui/push/PushToLyx.java
1,src/main/java/org/jabref/logic/formatter/IdentityFormatter.java
4,src/main/java/org/jabref/logic/util/MetadataSerializationConfiguration.java
7,src/main/java/org/jabref/gui/JabRefExecutorService.java
6,src/test/java/org/jabref/logic/layout/LayoutTest.java
4,src/main/java/org/jabref/logic/util/io/FileUtil.java
5,src/main/java/org/jabref/model/metadata/ContentSelector.java
1,src/main/java/org/jabref/gui/documentviewer/PdfDocumentPageViewModel.java
5,src/main/java/org/jabref/logic/integrity/ValueChecker.java
1,src/main/java/org/jabref/model/database/event/AutosaveEvent.java
4,src/main/java/org/jabref/gui/preferences/importexport/ImportExportTabViewModel.java
6,src/main/java/org/jabref/gui/specialfields/SpecialFieldValueViewModel.java
9,src/main/java/org/jabref/model/entry/field/BibField.java
5,src/test/java/org/jabref/model/TreeNodeTestData.java
6,src/main/java/org/jabref/gui/libraryproperties/LibraryPropertiesView.java
9,src/test/java/org/jabref/logic/util/VersionTest.java
7,src/main/java/org/jabref/gui/entryeditor/PreviewTab.java
10,src/main/java/org/jabref/cli/ArgumentProcessor.java
9,src/main/java/org/jabref/logic/msbib/BibTeXConverter.java
6,src/test/java/org/jabref/logic/layout/format/AuthorsTest.java
9,src/main/java/org/jabref/logic/openoffice/style/OOFormatBibliography.java
1,src/main/java/org/jabref/logic/importer/fetcher/CiteSeer.java
1,src/test/java/org/jabref/model/database/BibDatabaseTest.java
4,src/test/java/org/jabref/logic/formatter/bibtexfields/HtmlToLatexFormatterTest.java
5,src/main/java/org/jabref/logic/layout/format/RisKeywords.java
4,src/main/java/org/jabref/gui/actions/Action.java
9,src/main/java/org/jabref/logic/shared/DatabaseConnectionProperties.java
5,src/test/java/org/jabref/logic/integrity/BracesCorrectorTest.java
4,src/main/java/org/jabref/gui/push/PushToTexmaker.java
5,buildSrc/src/copied/java/org/jabref/logic/journals/AbbreviationFormat.java
6,src/main/java/org/jabref/gui/externalfiles/FindUnlinkedFilesAction.java
4,src/test/java/org/jabref/logic/util/VersionTest.java
4,src/main/java/org/jabref/logic/citationkeypattern/DatabaseCitationKeyPattern.java
1,src/main/java/org/jabref/model/search/matchers/MatcherSet.java
6,src/test/java/org/jabref/logic/importer/fileformat/PdfXmpImporterTest.java
6,src/main/java/org/jabref/logic/formatter/casechanger/LowerCaseFormatter.java
1,src/main/java/org/jabref/gui/FallbackExceptionHandler.java
4,src/main/java/org/jabref/gui/Globals.java
1,src/main/java/org/jabref/logic/preferences/OwnerPreferences.java
9,src/test/java/org/jabref/logic/importer/fetcher/transformers/IEEEQueryTransformerTest.java
9,src/main/java/org/jabref/model/entry/identifier/EprintIdentifier.java
4,src/main/java/org/jabref/gui/preferences/PreferencesSearchHandler.java
5,src/test/java/org/jabref/logic/msbib/MsBibMappingTest.java
1,src/main/java/org/jabref/gui/sidepane/SidePaneViewModel.java
5,src/main/java/org/jabref/logic/openoffice/style/OOBibStyleGetCitationMarker.java
6,src/main/java/org/jabref/logic/bibtex/comparator/CrossRefEntryComparator.java
1,src/main/java/org/jabref/logic/importer/fileformat/PicaXmlParser.java
1,src/main/java/org/jabref/logic/util/io/FileNameCleaner.java
9,src/main/java/org/jabref/logic/bst/util/BstTextPrefixer.java
1,src/main/java/org/jabref/logic/exporter/OOCalcDatabase.java
6,src/test/java/org/jabref/logic/layout/format/AuthorFirstLastCommasTest.java
5,src/main/java/org/jabref/logic/util/io/CitationKeyBasedFileFinder.java
1,src/main/java/org/jabref/gui/preferences/customentrytypes/CustomEntryTypesTabViewModel.java
5,src/main/java/org/jabref/model/entry/field/InternalField.java
4,src/main/java/org/jabref/model/search/matchers/AndMatcher.java
6,src/main/java/org/jabref/model/openoffice/style/ComparableCitation.java
4,src/main/java/org/jabref/gui/collab/preamblechange/PreambleChangeDetailsView.java
1,src/test/java/org/jabref/gui/mergeentries/DiffHighlightingTest.java
1,src/main/java/org/jabref/logic/exporter/XmpExporter.java
6,src/main/java/org/jabref/gui/groups/GroupTreeView.java
4,src/main/java/org/jabref/logic/importer/fetcher/BvbFetcher.java
4,src/main/java/org/jabref/logic/importer/fileformat/EndnoteXmlImporter.java
4,src/test/java/org/jabref/gui/mergeentries/FieldRowViewModelTest.java
4,src/main/java/org/jabref/logic/importer/fetcher/transformers/MedlineQueryTransformer.java
6,src/test/java/org/jabref/logic/formatter/bibtexfields/AddBracesFormatterTest.java
9,src/main/java/org/jabref/model/openoffice/style/OODataModel.java
7,src/main/java/org/jabref/gui/util/ViewModelTextFieldTableCellVisualizationFactory.java
6,src/main/java/org/jabref/gui/autocompleter/EmptySuggestionProvider.java
1,src/main/java/org/jabref/model/search/matchers/AndMatcher.java
12,src/main/java/org/jabref/model/openoffice/style/CitedKey.java
1,src/test/java/org/jabref/model/texparser/CitationTest.java
6,src/main/java/org/jabref/logic/exporter/MetaDataSerializer.java
7,src/main/java/org/jabref/gui/undo/UndoableChangeType.java
6,src/main/java/org/jabref/logic/importer/util/ShortDOIService.java
4,src/main/java/org/jabref/gui/maintable/MainTable.java
6,src/test/java/org/jabref/gui/autocompleter/SuggestionProvidersTest.java
4,src/main/java/org/jabref/model/groups/AutomaticPersonsGroup.java
4,src/main/java/org/jabref/gui/groups/GroupNodeViewModel.java
9,src/main/java/org/jabref/logic/importer/fetcher/CompositeSearchBasedFetcher.java
7,src/main/java/org/jabref/gui/mergeentries/MergeWithFetchedEntryAction.java
4,src/main/java/org/jabref/model/util/TreeCollector.java
9,src/test/java/org/jabref/logic/formatter/casechanger/TitleCaseFormatterTest.java
1,src/test/java/org/jabref/logic/importer/fetcher/IEEETest.java
9,src/main/java/org/jabref/logic/bst/util/BstCaseChanger.java
4,src/test/java/org/jabref/logic/layout/format/RemoveTildeTest.java
4,src/test/java/org/jabref/logic/layout/format/HTMLCharsTest.java
5,src/main/java/org/jabref/model/util/FileUpdateMonitor.java
4,src/main/java/org/jabref/gui/texparser/ReferenceViewModel.java
4,src/main/java/org/jabref/logic/layout/format/LastPage.java
9,src/test/java/org/jabref/logic/importer/fetcher/ZbMATHTest.java
1,src/test/java/org/jabref/logic/formatter/bibtexfields/RemoveBracesFormatterTest.java
5,src/test/java/org/jabref/logic/importer/fetcher/CompositeSearchBasedFetcherTest.java
1,src/main/java/org/jabref/gui/importer/ImportCommand.java
5,src/main/java/org/jabref/logic/integrity/EditionChecker.java
6,src/main/java/org/jabref/logic/formatter/bibtexfields/CleanupUrlFormatter.java
4,src/main/java/org/jabref/logic/openoffice/style/OOBibStyleGetNumCitationMarker.java
9,src/main/java/org/jabref/logic/net/ProgressInputStream.java
11,src/main/java/org/jabref/preferences/PreviewPreferences.java
9,src/main/java/org/jabref/logic/importer/fetcher/isbntobibtex/OpenLibraryIsbnFetcher.java
4,src/main/java/org/jabref/gui/DialogService.java
4,src/main/java/org/jabref/gui/icon/JabRefIcon.java
4,src/main/java/org/jabref/gui/mergeentries/newmergedialog/diffhighlighter/SplitDiffHighlighter.java
9,src/main/java/org/jabref/logic/citationstyle/CitationStyleGenerator.java
6,src/main/java/org/jabref/gui/maintable/BibEntryTableViewModel.java
1,src/main/java/org/jabref/logic/texparser/TexBibEntriesResolver.java
5,src/test/java/org/jabref/logic/importer/fetcher/transformers/DefaultQueryTransformerTest.java
6,src/main/java/org/jabref/logic/importer/fetcher/transformers/DefaultQueryTransformer.java
4,src/main/java/org/jabref/logic/importer/fileformat/medline/ArticleId.java
7,src/main/java/org/jabref/gui/preferences/customimporter/CustomImporterTabViewModel.java
4,src/test/java/org/jabref/logic/formatter/casechanger/UnprotectTermsFormatterTest.java
7,src/main/java/org/jabref/gui/icon/JabRefIconView.java
4,src/main/java/org/jabref/logic/pdf/FileAnnotationCache.java
4,src/main/java/org/jabref/logic/msbib/PageNumbers.java
9,src/test/java/org/jabref/logic/layout/format/AuthorLastFirstCommasTest.java
4,src/test/java/org/jabref/logic/git/GitHandlerTest.java
4,src/main/java/org/jabref/logic/util/ExternalLinkCreator.java
6,src/main/java/org/jabref/model/entry/field/FieldProperty.java
9,src/main/java/org/jabref/logic/importer/OpenDatabase.java
6,src/main/java/org/jabref/model/entry/types/BibtexEntryTypeDefinitions.java
4,src/main/java/org/jabref/logic/layout/format/CurrentDate.java
6,src/test/java/org/jabref/logic/xmp/XmpUtilReaderTest.java
1,src/main/java/org/jabref/gui/linkedfile/AttachFileFromURLAction.java
4,src/test/java/org/jabref/logic/exporter/GroupSerializerTest.java
9,src/main/java/org/jabref/logic/importer/fetcher/GvkFetcher.java
6,src/main/java/org/jabref/gui/preferences/journals/AbbreviationsFileViewModel.java
4,src/test/java/org/jabref/logic/importer/ImporterTest.java
6,src/main/java/org/jabref/gui/util/DroppingMouseLocation.java
6,src/main/java/org/jabref/gui/autocompleter/ReplaceStrategy.java
7,src/main/java/org/jabref/gui/fieldeditors/contextmenu/DefaultMenu.java
4,src/test/java/org/jabref/logic/formatter/bibtexfields/RemoveBracesFormatterTest.java
1,src/main/java/org/jabref/model/openoffice/uno/UnoBookmark.java
6,src/main/java/org/jabref/gui/keyboard/KeyBinding.java
5,src/test/java/org/jabref/logic/pdf/PdfAnnotationImporterTest.java
4,src/main/java/org/jabref/gui/copyfiles/CopyFilesResultItemViewModel.java
4,src/main/java/org/jabref/logic/importer/fetcher/Medra.java
6,src/main/java/org/jabref/logic/layout/format/Iso690NamesAuthors.java
5,src/main/java/org/jabref/model/search/rules/RegexBasedSearchRule.java
5,src/main/java/org/jabref/model/pdf/search/SearchFieldConstants.java
4,src/main/java/org/jabref/logic/importer/fetcher/GoogleScholar.java
7,src/test/java/org/jabref/gui/preferences/keybindings/KeyBindingViewModelTest.java
1,src/main/java/org/jabref/gui/groups/GroupDialogHeader.java
5,src/test/java/org/jabref/logic/importer/fetcher/AstrophysicsDataSystemTest.java
7,src/main/java/org/jabref/gui/keyboard/KeyBindingRepository.java
1,src/main/java/org/jabref/logic/search/SearchQuery.java
1,src/main/java/org/jabref/gui/mergeentries/newmergedialog/ThreeWayMergeViewModel.java
9,src/main/java/org/jabref/logic/importer/EntryBasedFetcher.java
4,src/main/java/org/jabref/logic/cleanup/MoveFilesCleanup.java
4,src/main/java/org/jabref/gui/preferences/nameformatter/NameFormatterTabViewModel.java
6,src/test/java/org/jabref/gui/util/ColorUtilTest.java
5,src/main/java/org/jabref/logic/layout/format/WrapContent.java
9,src/main/java/org/jabref/logic/xmp/EncryptedPdfsNotSupportedException.java
4,src/main/java/org/jabref/gui/util/FileNodeViewModel.java
6,src/test/java/org/jabref/logic/importer/fileformat/BibtexParserTest.java
4,src/test/java/org/jabref/logic/layout/format/RisMonthTest.java
6,src/main/java/org/jabref/gui/fieldeditors/OwnerEditorViewModel.java
6,src/main/java/org/jabref/logic/importer/SearchBasedParserFetcher.java
5,src/main/java/org/jabref/logic/shared/event/ConnectionLostEvent.java
6,src/test/java/org/jabref/model/entry/CanonicalBibEntryTest.java
9,src/main/java/org/jabref/logic/importer/fileformat/BibtexImporter.java
4,src/test/java/org/jabref/logic/integrity/PersonNamesCheckerTest.java
6,src/main/java/org/jabref/logic/openoffice/backend/Backend52.java
4,src/main/java/org/jabref/logic/integrity/ValidCitationKeyChecker.java
9,src/test/java/org/jabref/logic/bibtex/BibEntryWriterTest.java
4,src/main/java/org/jabref/logic/importer/fetcher/DBLPFetcher.java
7,src/main/java/org/jabref/gui/maintable/ColumnPreferences.java
4,src/main/java/org/jabref/logic/integrity/AmpersandChecker.java
1,src/main/java/org/jabref/model/study/StudyDatabase.java
4,src/test/java/org/jabref/model/TreeNodeTestData.java
1,src/main/java/org/jabref/model/entry/field/IEEEField.java
1,src/main/java/org/jabref/gui/preferences/appearance/AppearanceTab.java
4,src/test/java/org/jabref/logic/msbib/MsBibMappingTest.java
9,src/main/java/org/jabref/logic/msbib/MsBibAuthor.java
6,src/main/java/org/jabref/logic/layout/format/MarkdownFormatter.java
4,src/main/java/org/jabref/gui/maintable/ColumnPreferences.java
7,src/main/java/org/jabref/preferences/PreviewPreferences.java
6,src/main/java/org/jabref/gui/auximport/FromAuxDialog.java
1,src/test/java/org/jabref/logic/layout/format/AuthorFirstFirstTest.java
9,src/test/java/org/jabref/logic/importer/fileformat/EndnoteXmlImporterFilesTest.java
9,src/main/java/org/jabref/logic/importer/fileformat/mods/RecordInfo.java
6,src/main/java/org/jabref/logic/layout/format/CurrentDate.java
6,src/main/java/org/jabref/gui/WaitForSaveFinishedDialog.java
4,src/main/java/org/jabref/logic/journals/JournalAbbreviationRepository.java
5,src/test/java/org/jabref/logic/importer/util/FileFieldParserTest.java
6,src/main/java/org/jabref/logic/openoffice/frontend/UpdateBibliography.java
9,src/test/java/org/jabref/logic/importer/fetcher/transformers/ScholarQueryTransformerTest.java
4,src/main/java/org/jabref/model/database/BibDatabaseContext.java
4,src/test/java/org/jabref/logic/exporter/MSBibExportFormatFilesTest.java
5,src/main/java/org/jabref/logic/journals/Abbreviation.java
4,src/main/java/org/jabref/logic/integrity/YearChecker.java
5,src/main/java/org/jabref/logic/exporter/SaveConfiguration.java
5,src/main/java/org/jabref/logic/integrity/NoBibtexFieldChecker.java
6,src/test/java/org/jabref/model/FieldChangeTest.java
9,src/main/java/org/jabref/logic/importer/fileformat/OvidImporter.java
1,src/main/java/org/jabref/gui/preferences/journals/AbbreviationsFileViewModel.java
4,src/main/java/org/jabref/gui/fieldeditors/contextmenu/ProtectedTermsMenu.java
9,src/main/java/org/jabref/logic/layout/format/CompositeFormat.java
9,src/main/java/org/jabref/logic/openoffice/style/OOProcessNumericMarkers.java
4,src/main/java/org/jabref/gui/push/PushToTeXstudio.java
1,src/main/java/org/jabref/gui/UpdateTimestampListener.java
4,src/main/java/org/jabref/logic/util/WebViewStore.java
1,src/main/java/org/jabref/logic/importer/FetcherServerException.java
5,src/main/java/org/jabref/logic/util/UnknownFileType.java
1,src/main/java/org/jabref/gui/util/comparator/SpecialFieldComparator.java
5,src/main/java/org/jabref/model/openoffice/uno/UnoScreenRefresh.java
4,src/test/java/org/jabref/logic/integrity/ISBNCheckerTest.java
5,src/main/java/org/jabref/logic/importer/fetcher/transformers/CollectionOfComputerScienceBibliographiesQueryTransformer.java
4,src/main/java/org/jabref/gui/copyfiles/CopyFilesResultListDependency.java
6,src/main/java/org/jabref/gui/shared/PullChangesFromSharedAction.java
1,src/main/java/org/jabref/gui/preferences/AbstractPreferenceTabView.java
4,src/main/java/org/jabref/logic/importer/fetcher/MathSciNet.java
7,src/main/java/org/jabref/gui/undo/UndoableStringChange.java
9,src/test/java/org/jabref/logic/importer/fileformat/CitaviXmlImporterFilesTest.java
6,src/main/java/org/jabref/logic/citationkeypattern/DatabaseCitationKeyPattern.java
9,src/main/java/org/jabref/logic/importer/IdParserFetcher.java
1,src/main/java/org/jabref/logic/importer/fetcher/SpringerFetcher.java
4,src/main/java/org/jabref/model/search/rules/ContainsBasedSearchRule.java
4,src/main/java/org/jabref/model/pdf/FileAnnotation.java
1,src/main/java/org/jabref/gui/maintable/SmartConstrainedResizePolicy.java
5,src/main/java/org/jabref/model/entry/LinkedFile.java
1,src/main/java/org/jabref/logic/openoffice/action/ExportCited.java
4,src/main/java/org/jabref/logic/citationkeypattern/AbstractCitationKeyPattern.java
5,src/main/java/org/jabref/logic/importer/fileformat/medline/PersonalNameSubject.java
9,src/main/java/org/jabref/logic/importer/fetcher/CiteSeer.java
4,src/test/java/org/jabref/logic/formatter/bibtexfields/EscapeDollarSignFormatterTest.java
6,src/main/java/org/jabref/gui/push/PushToApplication.java
4,src/main/java/org/jabref/gui/icon/JabRefMaterialDesignIcon.java
1,src/main/java/org/jabref/model/entry/identifier/DOI.java
9,src/main/java/org/jabref/logic/shared/security/Password.java
6,src/main/java/org/jabref/logic/openoffice/style/OOBibStyleGetCitationMarker.java
5,src/main/java/org/jabref/logic/importer/fileformat/PdfVerbatimBibTextImporter.java
9,src/main/java/org/jabref/logic/citationstyle/JabRefItemDataProvider.java
4,src/main/java/org/jabref/gui/entryeditor/PreviewTab.java
4,src/test/java/org/jabref/gui/exporter/SaveDatabaseActionTest.java
1,src/main/java/org/jabref/gui/search/rules/describer/GrammarBasedSearchRuleDescriber.java
5,src/main/java/org/jabref/logic/citationstyle/JabRefItemDataProvider.java
4,src/test/java/org/jabref/model/database/BibDatabaseModeDetectionTest.java
12,src/main/java/org/jabref/model/entry/LinkedFile.java
7,src/main/java/org/jabref/gui/search/GlobalSearchResultDialog.java
1,src/main/java/org/jabref/logic/util/strings/XmlCharsMap.java
4,src/main/java/org/jabref/gui/util/OptionalValueTableCellFactory.java
5,src/main/java/org/jabref/logic/formatter/casechanger/Title.java
5,src/test/java/org/jabref/logic/formatter/IdentityFormatterTest.java
9,src/main/java/org/jabref/logic/layout/format/NotFoundFormatter.java
6,src/main/java/org/jabref/gui/groups/GroupDescriptions.java
4,src/main/java/org/jabref/gui/sidepane/GroupsSidePaneComponent.java
4,src/test/java/org/jabref/logic/importer/fetcher/TitleFetcherTest.java
6,src/main/java/org/jabref/gui/collab/stringrename/BibTexStringRename.java
1,src/main/java/org/jabref/logic/layout/format/LastPage.java
9,src/main/java/org/jabref/model/openoffice/style/CitationType.java
1,src/main/java/org/jabref/gui/documentviewer/ShowDocumentViewerAction.java
5,src/main/java/org/jabref/logic/bibtex/comparator/CrossRefEntryComparator.java
6,src/main/java/org/jabref/logic/layout/format/AuthorFirstFirstCommas.java
1,src/main/java/org/jabref/logic/bibtex/BibEntryWriter.java
1,src/main/java/org/jabref/logic/importer/ImporterPreferences.java
6,src/main/java/org/jabref/gui/importer/NewDatabaseAction.java
4,src/main/java/org/jabref/logic/cleanup/TimeStampToModificationDate.java
9,src/main/java/org/jabref/logic/importer/fetcher/transformers/DBLPQueryTransformer.java
6,src/main/java/org/jabref/gui/documentviewer/DocumentViewerView.java
4,src/main/java/org/jabref/logic/cleanup/EprintCleanup.java
12,src/test/java/org/jabref/model/entry/CanonicalBibEntryTest.java
6,src/test/java/org/jabref/logic/pdf/PdfAnnotationImporterTest.java
4,src/main/java/org/jabref/gui/mergeentries/newmergedialog/FieldRowView.java
4,src/main/java/org/jabref/gui/externalfiles/UnlinkedFilesDialogView.java
6,src/main/java/org/jabref/gui/sidepane/SidePaneComponent.java
9,src/main/java/org/jabref/logic/openoffice/OpenOfficePreferences.java
1,src/main/java/org/jabref/gui/exporter/SaveDatabaseAction.java
9,src/main/java/org/jabref/model/openoffice/rangesort/RangeOverlapBetween.java
4,src/main/java/org/jabref/gui/groups/GroupDialogView.java
5,src/main/java/org/jabref/logic/openoffice/action/ExportCited.java
1,src/main/java/org/jabref/gui/edit/automaticfiededitor/AbstractAutomaticFieldEditorTabView.java
6,src/main/java/org/jabref/logic/formatter/bibtexfields/NormalizeMonthFormatter.java
4,src/test/java/org/jabref/model/event/EventListenerTest.java
6,src/main/java/org/jabref/logic/layout/format/Iso690FormatDate.java
1,src/main/java/org/jabref/model/entry/BibEntryTypesManager.java
9,src/main/java/org/jabref/logic/undo/AddUndoableActionEvent.java
6,src/main/java/org/jabref/gui/duplicationFinder/DuplicateSearch.java
7,src/test/java/org/jabref/gui/externalfiles/ImportHandlerTest.java
1,src/main/java/org/jabref/gui/texparser/ParseLatexDialogView.java
4,src/main/java/org/jabref/gui/libraryproperties/saving/SavingPropertiesView.java
1,src/test/java/org/jabref/logic/integrity/DateCheckerTest.java
7,src/main/java/org/jabref/gui/search/rules/describer/SearchDescribers.java
4,src/test/java/org/jabref/logic/layout/format/AuthorLastFirstCommasTest.java
5,src/main/java/org/jabref/logic/formatter/bibtexfields/RemoveRedundantSpacesFormatter.java
1,src/test/java/org/jabref/logic/shared/DBMSTypeTest.java
6,src/main/java/org/jabref/gui/util/BaseDialog.java
6,src/main/java/org/jabref/gui/edit/EditAction.java
6,src/main/java/org/jabref/gui/mergeentries/newmergedialog/cell/sidebuttons/InfoButton.java
4,src/main/java/org/jabref/logic/importer/util/FileFieldParser.java
6,src/main/java/org/jabref/gui/mergeentries/newmergedialog/diffhighlighter/UnifiedDiffHighlighter.java
5,src/main/java/org/jabref/model/search/SearchMatcher.java
1,src/main/java/org/jabref/gui/fieldeditors/SimpleEditor.java
5,src/main/java/org/jabref/logic/layout/format/AuthorAndsCommaReplacer.java
4,src/test/java/org/jabref/logic/citationstyle/CitationStyleGeneratorTest.java
5,src/main/java/org/jabref/model/entry/EntryConverter.java
7,src/main/java/org/jabref/gui/collab/stringadd/BibTexStringAddDetailsView.java
6,src/test/java/org/jabref/logic/exporter/OpenOfficeDocumentCreatorTest.java
6,src/main/java/org/jabref/logic/exporter/TemplateExporter.java
6,src/main/java/org/jabref/logic/importer/util/IdentifierParser.java
9,src/test/java/org/jabref/logic/formatter/bibtexfields/LatexCleanupFormatterTest.java
1,src/main/java/org/jabref/gui/preferences/protectedterms/NewProtectedTermsFileDialog.java
9,src/main/java/org/jabref/model/openoffice/uno/UnoCrossRef.java
5,src/main/java/org/jabref/logic/layout/format/DOIStrip.java
4,src/main/java/org/jabref/model/database/BibDatabase.java
4,src/test/java/org/jabref/logic/formatter/casechanger/LowerCaseFormatterTest.java
1,src/main/java/org/jabref/logic/bibtex/comparator/BibStringDiff.java
4,src/test/java/org/jabref/logic/importer/fileformat/PdfMergeMetadataImporterTest.java
4,src/main/java/org/jabref/gui/help/AboutDialogView.java
4,src/main/java/org/jabref/gui/fieldeditors/JournalEditor.java
6,src/main/java/org/jabref/logic/importer/fetcher/BibsonomyScraper.java
4,buildSrc/src/copied/java/org/jabref/logic/journals/JournalAbbreviationPreferences.java
6,src/main/java/org/jabref/gui/libraryproperties/general/GeneralPropertiesViewModel.java
1,src/main/java/org/jabref/model/entry/field/Field.java
9,src/test/java/org/jabref/logic/layout/format/IfPluralTest.java
7,src/main/java/org/jabref/gui/BasePanelMode.java
12,src/main/java/org/jabref/model/entry/CanonicalBibEntry.java
9,src/main/java/org/jabref/model/openoffice/ootext/OOTextIntoOO.java
1,src/main/java/org/jabref/gui/fieldeditors/OptionEditorViewModel.java
1,src/test/java/org/jabref/gui/search/ContainsAndRegexBasedSearchRuleDescriberTest.java
4,src/main/java/org/jabref/model/paging/Page.java
6,src/main/java/org/jabref/gui/preferences/keybindings/KeyBindingsTabViewModel.java
6,src/test/java/org/jabref/logic/importer/FulltextFetchersTest.java
4,src/main/java/org/jabref/gui/preferences/PreferencesDialogViewModel.java
4,src/main/java/org/jabref/logic/importer/fetcher/GrobidCitationFetcher.java
7,src/main/java/org/jabref/gui/preferences/external/ExternalTab.java
5,src/test/java/org/jabref/logic/integrity/EntryLinkCheckerTest.java
6,src/main/java/org/jabref/gui/groups/GroupTreeViewModel.java
5,src/main/java/org/jabref/logic/util/Version.java
12,src/test/java/org/jabref/model/TreeNodeTest.java
4,src/main/java/org/jabref/gui/preferences/external/ExternalTab.java
4,src/test/java/org/jabref/logic/exporter/CsvExportFormatTest.java
6,src/test/java/org/jabref/logic/layout/format/CompositeFormatTest.java
4,src/main/java/org/jabref/gui/icon/InternalMaterialDesignIcon.java
7,src/main/java/org/jabref/gui/entryeditor/OtherFieldsTab.java
4,src/test/java/org/jabref/logic/importer/fetcher/GvkFetcherTest.java
4,src/main/java/org/jabref/logic/cleanup/FieldFormatterCleanup.java
4,src/test/java/org/jabref/model/groups/AutomaticPersonsGroupTest.java
9,src/main/java/org/jabref/model/groups/AutomaticPersonsGroup.java
4,src/main/java/org/jabref/logic/formatter/bibtexfields/ShortenDOIFormatter.java
5,src/main/java/org/jabref/logic/pdf/search/retrieval/PdfSearcher.java
4,src/main/java/org/jabref/logic/shared/DatabaseLocation.java
1,src/test/java/org/jabref/gui/entryeditor/fileannotationtab/FileAnnotationViewModelTest.java
6,src/main/java/org/jabref/gui/externalfiles/ImportFilesResultItemViewModel.java
1,src/main/java/org/jabref/model/openoffice/style/PageInfo.java
5,src/main/java/org/jabref/logic/layout/format/AuthorLastFirstAbbrOxfordCommas.java
4,src/test/java/org/jabref/logic/shared/SynchronizationSimulatorTest.java
9,src/main/java/org/jabref/logic/importer/ImportFormatReader.java
4,src/test/java/org/jabref/logic/util/io/FileUtilTest.java
1,src/test/java/org/jabref/logic/util/io/CitationKeyBasedFileFinderTest.java
1,src/main/java/org/jabref/gui/edit/ReplaceStringViewModel.java
4,src/main/java/org/jabref/logic/shared/OracleProcessor.java
4,src/test/java/org/jabref/logic/importer/DatabaseFileLookupTest.java
1,src/test/java/org/jabref/logic/importer/fetcher/transformers/ScholarQueryTransformerTest.java
6,src/main/java/org/jabref/gui/importer/ImportCustomEntryTypesDialogViewModel.java
5,src/main/java/org/jabref/logic/shared/event/SharedEntriesNotPresentEvent.java
7,src/main/java/org/jabref/gui/util/DroppingMouseLocation.java
5,src/main/java/org/jabref/logic/preferences/FetcherApiKey.java
6,src/main/java/org/jabref/gui/exporter/SaveAction.java
5,src/test/java/org/jabref/logic/layout/format/NoSpaceBetweenAbbreviationsTest.java
6,src/main/java/org/jabref/model/search/rules/ContainsBasedSearchRule.java
6,src/main/java/org/jabref/gui/externalfiles/ImportHandler.java
4,src/main/java/org/jabref/gui/entryeditor/FieldsEditorTab.java
7,src/main/java/org/jabref/gui/mergeentries/newmergedialog/cell/HeaderCell.java
6,src/main/java/org/jabref/logic/formatter/casechanger/UpperCaseFormatter.java
7,src/main/java/org/jabref/gui/util/uithreadaware/UiThreadBinding.java
1,src/main/java/org/jabref/logic/importer/fileformat/CustomImporter.java
1,src/main/java/org/jabref/logic/msbib/MSBibDatabase.java
1,src/main/java/org/jabref/gui/preferences/keybindings/KeyBindingsTab.java
9,src/main/java/org/jabref/logic/remote/server/RemoteMessageHandler.java
7,src/main/java/org/jabref/gui/undo/UndoablePreambleChange.java
1,src/main/java/org/jabref/gui/edit/automaticfiededitor/renamefield/RenameFieldViewModel.java
4,src/main/java/org/jabref/gui/sidepane/SidePaneComponent.java
5,src/main/java/org/jabref/model/pdf/search/EnglishStemAnalyzer.java
7,src/main/java/org/jabref/gui/autocompleter/SuggestionProvider.java
6,src/test/java/org/jabref/logic/formatter/casechanger/CapitalizeFormatterTest.java
1,src/test/java/org/jabref/logic/integrity/NoBibTexFieldCheckerTest.java
6,src/main/java/org/jabref/gui/autocompleter/AutoCompletePreferences.java
1,src/main/java/org/jabref/logic/importer/util/GrobidService.java
4,src/main/java/org/jabref/logic/integrity/CitationKeyChecker.java
1,src/test/java/org/jabref/logic/l10n/LocalizationEntry.java
4,src/main/java/org/jabref/logic/cleanup/DoiCleanup.java
5,src/test/java/org/jabref/logic/importer/fetcher/GrobidCitationFetcherTest.java
7,src/main/java/org/jabref/gui/libraryproperties/constants/ConstantsPropertiesView.java
6,src/main/java/org/jabref/logic/importer/fileformat/CopacImporter.java
9,src/test/java/org/jabref/model/search/rules/MockSearchMatcher.java
9,src/main/java/org/jabref/logic/journals/AbbreviationWriter.java
1,src/test/java/org/jabref/logic/importer/fetcher/isbntobibtex/DoiToBibtexConverterComIsbnFetcherTest.java
12,src/main/java/org/jabref/model/openoffice/style/CitationMarkerEntry.java
12,src/test/java/org/jabref/model/entry/DateTest.java
6,src/test/java/org/jabref/model/entry/DateTest.java
7,src/main/java/org/jabref/gui/search/rules/describer/GrammarBasedSearchRuleDescriber.java
4,src/main/java/org/jabref/logic/net/ProgressInputStream.java
5,src/main/java/org/jabref/logic/formatter/casechanger/ProtectTermsFormatter.java
4,src/test/java/org/jabref/logic/layout/format/AuthorAndsCommaReplacerTest.java
4,src/main/java/org/jabref/logic/importer/fetcher/transformers/ScholarQueryTransformer.java
1,src/test/java/org/jabref/logic/cleanup/RenamePdfCleanupTest.java
5,src/main/java/org/jabref/model/database/KeyCollisionException.java
1,src/main/java/org/jabref/gui/fieldeditors/contextmenu/EditorContextAction.java
9,src/test/java/org/jabref/logic/integrity/AbbreviationCheckerTest.java
4,src/main/java/org/jabref/gui/fieldeditors/EditorTextField.java
4,src/main/java/org/jabref/gui/maintable/MainTableDataModel.java
6,src/test/java/org/jabref/logic/autosaveandbackup/BackupManagerDiscardedTest.java
4,src/main/java/org/jabref/model/groups/GroupEntryChanger.java
4,src/test/java/org/jabref/logic/importer/BibDatabaseFilesTest.java
4,src/test/java/org/jabref/gui/autocompleter/DefaultAutoCompleterTest.java
9,src/main/java/org/jabref/model/entry/types/BiblatexSoftwareEntryType.java
4,src/main/java/org/jabref/gui/texparser/ParseLatexResultViewModel.java
7,src/main/java/org/jabref/gui/documentviewer/DocumentViewerViewModel.java
4,src/main/java/org/jabref/logic/integrity/UTF8Checker.java
6,src/main/java/org/jabref/logic/importer/fetcher/transformers/ArXivQueryTransformer.java
1,src/main/java/org/jabref/logic/undo/AddUndoableActionEvent.java
1,src/main/java/org/jabref/logic/importer/fetcher/transformers/DBLPQueryTransformer.java
1,src/main/java/org/jabref/logic/undo/UndoChangeEvent.java
4,src/test/java/org/jabref/gui/importer/NewEntryActionTest.java
4,src/main/java/org/jabref/gui/fieldeditors/UrlEditorViewModel.java
4,src/main/java/org/jabref/logic/layout/StringInt.java
6,src/main/java/org/jabref/gui/preferences/protectedterms/ProtectedTermsTab.java
1,src/main/java/org/jabref/gui/collab/DatabaseChangeListener.java
1,src/test/java/org/jabref/logic/importer/fetcher/transformers/JstorQueryTransformerTest.java
9,src/test/java/org/jabref/logic/bibtex/comparator/CrossRefEntryComparatorTest.java
4,src/main/java/org/jabref/gui/fieldeditors/DateEditorViewModel.java
12,src/main/java/org/jabref/model/openoffice/CitationEntry.java
4,src/test/java/org/jabref/logic/importer/fileformat/EndnoteXmlImporterFilesTest.java
1,src/main/java/org/jabref/logic/importer/fileformat/SilverPlatterImporter.java
6,src/main/java/org/jabref/gui/util/BindingsHelper.java
9,src/main/java/org/jabref/logic/formatter/bibtexfields/ReplaceTabsBySpaceFormater.java
12,src/main/java/org/jabref/model/entry/Keyword.java
4,src/main/java/org/jabref/gui/push/PushToApplication.java
1,src/main/java/org/jabref/model/entry/identifier/Identifier.java
7,src/main/java/org/jabref/gui/texparser/ParseLatexResultViewModel.java
9,src/main/java/org/jabref/logic/remote/server/RemoteListenerServerManager.java
4,src/main/java/org/jabref/gui/fieldeditors/GenderEditorViewModel.java
6,src/main/java/org/jabref/gui/importer/ParserResultWarningDialog.java
7,src/main/java/org/jabref/gui/mergeentries/newmergedialog/PersonsNameFieldRowView.java
4,src/main/java/org/jabref/gui/mergeentries/FetchAndMergeEntry.java
5,src/test/java/org/jabref/logic/importer/OpenDatabaseTest.java
9,src/main/java/org/jabref/logic/exporter/SaveConfiguration.java
12,src/main/java/org/jabref/model/metadata/MetaData.java
4,src/main/java/org/jabref/logic/exporter/GroupSerializer.java
5,src/main/java/org/jabref/model/util/ListUtil.java
5,src/test/java/org/jabref/model/groups/AutomaticKeywordGroupTest.java
5,src/main/java/org/jabref/logic/citationkeypattern/CitationKeyGenerator.java
12,src/main/java/org/jabref/model/texparser/LatexParserResult.java
4,src/test/java/org/jabref/logic/importer/AuthorListParserTest.java
6,src/main/java/org/jabref/logic/exporter/BibtexDatabaseWriter.java
1,src/test/java/org/jabref/logic/cleanup/ISSNCleanupTest.java
9,src/main/java/org/jabref/logic/citationstyle/CitationStyle.java
5,src/test/java/org/jabref/logic/layout/format/AuthorFirstFirstTest.java
5,src/test/java/org/jabref/logic/formatter/bibtexfields/NormalizePagesFormatterTest.java
7,src/main/java/org/jabref/gui/util/DefaultFileUpdateMonitor.java
4,src/main/java/org/jabref/logic/util/io/FileNameCleaner.java
5,src/main/java/org/jabref/model/FieldChange.java
5,src/test/java/org/jabref/logic/l10n/LocalizationTest.java
4,src/test/java/org/jabref/logic/openoffice/style/OOPreFormatterTest.java
7,src/main/java/org/jabref/gui/help/AboutDialogView.java
5,src/main/java/org/jabref/model/openoffice/util/OOVoidResult.java
12,src/main/java/org/jabref/model/entry/field/AMSField.java
4,src/main/java/org/jabref/gui/util/ViewModelTreeTableCellFactory.java
1,src/test/java/org/jabref/logic/importer/fetcher/OpenAccessDoiTest.java
4,src/main/java/org/jabref/gui/fieldeditors/identifier/IdentifierEditor.java
5,src/main/java/org/jabref/logic/layout/LayoutEntry.java
1,src/main/java/org/jabref/logic/importer/fetcher/isbntobibtex/OpenLibraryIsbnFetcher.java
6,src/main/java/org/jabref/gui/autocompleter/BibEntrySuggestionProvider.java
7,src/main/java/org/jabref/gui/fieldeditors/FieldNameLabel.java
4,src/main/java/org/jabref/logic/cleanup/ConvertToBiblatexCleanup.java
9,src/test/java/org/jabref/model/texparser/CitationTest.java
6,src/main/java/org/jabref/gui/preferences/preview/PreviewTab.java
4,src/main/java/org/jabref/model/metadata/ContentSelector.java
1,src/main/java/org/jabref/gui/importer/actions/GUIPostOpenAction.java
6,src/main/java/org/jabref/logic/bst/BstEntry.java
4,src/main/java/org/jabref/gui/externalfiles/ExternalFilesEntryLinker.java
6,src/main/java/org/jabref/gui/preferences/keybindings/presets/BashKeyBindingPreset.java
1,src/main/java/org/jabref/gui/groups/GroupTreeViewModel.java
9,src/main/java/org/jabref/model/entry/identifier/ArXivIdentifier.java
5,src/main/java/org/jabref/model/search/rules/SentenceAnalyzer.java
9,src/main/java/org/jabref/model/openoffice/uno/UnoTextRange.java
4,src/main/java/org/jabref/logic/auxparser/DefaultAuxParser.java
9,src/main/java/org/jabref/logic/openoffice/action/EditInsert.java
12,src/main/java/org/jabref/model/openoffice/style/CitationGroups.java
4,src/main/java/org/jabref/logic/help/HelpFile.java
9,src/main/java/org/jabref/logic/cleanup/Formatter.java
1,src/test/java/org/jabref/logic/importer/fileformat/PdfVerbatimBibTextImporterTest.java
4,src/main/java/org/jabref/gui/externalfiles/FindUnlinkedFilesAction.java
9,src/main/java/org/jabref/logic/cleanup/TimeStampToCreationDate.java
9,src/test/java/org/jabref/logic/util/io/CitationKeyBasedFileFinderTest.java
1,src/main/java/org/jabref/logic/util/BackupFileType.java
7,src/main/java/org/jabref/gui/commonfxcontrols/CitationKeyPatternPanelViewModel.java
7,src/main/java/org/jabref/gui/preferences/externalfiletypes/ExternalFileTypeItemViewModel.java
4,src/main/java/org/jabref/logic/msbib/MsBibAuthor.java
9,src/main/java/org/jabref/logic/integrity/IntegrityMessage.java
9,src/main/java/org/jabref/model/search/matchers/OrMatcher.java
4,src/main/java/org/jabref/gui/collab/entrychange/EntryWithPreviewAndSourceDetailsView.java
4,src/main/java/org/jabref/logic/formatter/bibtexfields/CleanupUrlFormatter.java
6,src/main/java/org/jabref/gui/bibtexextractor/ExtractBibtexAction.java
6,src/main/java/org/jabref/gui/autocompleter/StringSuggestionProvider.java
7,src/main/java/org/jabref/gui/errorconsole/ErrorConsoleView.java
4,src/main/java/org/jabref/gui/autocompleter/FieldValueSuggestionProvider.java
6,src/main/java/org/jabref/gui/shared/SharedDatabaseUIManager.java
6,src/test/java/org/jabref/logic/l10n/JavaLocalizationEntryParser.java
9,src/test/java/org/jabref/logic/importer/fetcher/isbntobibtex/EbookDeIsbnFetcherTest.java
6,src/main/java/org/jabref/logic/journals/Abbreviation.java
4,src/main/java/org/jabref/logic/importer/fileformat/ACMPortalParser.java
5,src/main/java/org/jabref/logic/bibtex/FieldWriter.java
6,src/main/java/org/jabref/logic/journals/AbbreviationWriter.java
9,src/test/java/org/jabref/logic/journals/AbbreviationTest.java
4,src/main/java/org/jabref/gui/collab/ExternalChangesResolverViewModel.java
4,src/main/java/org/jabref/logic/externalfiles/LinkedFileHandler.java
9,src/main/java/org/jabref/logic/journals/Abbreviation.java
4,src/main/java/org/jabref/logic/integrity/IntegrityCheck.java
4,src/main/java/org/jabref/logic/importer/fileformat/PdfXmpImporter.java
6,src/main/java/org/jabref/gui/fieldeditors/MonthEditorViewModel.java
5,src/test/java/org/jabref/logic/l10n/LocalizationKeyParamsTest.java
6,src/test/java/org/jabref/logic/importer/fileformat/MedlinePlainImporterTest.java
9,src/test/java/org/jabref/logic/util/io/FileHistoryTest.java
9,src/main/java/org/jabref/model/entry/field/OrFields.java
1,src/test/java/org/jabref/logic/importer/fileformat/EndnoteXmlImporterFilesTest.java
9,src/main/java/org/jabref/logic/importer/fileformat/PdfVerbatimBibTextImporter.java
6,src/test/java/org/jabref/gui/exporter/SaveDatabaseActionTest.java
6,src/test/java/org/jabref/model/database/BibDatabaseTest.java
4,src/test/java/org/jabref/logic/importer/fileformat/MedlinePlainImporterTest.java
6,src/test/java/org/jabref/logic/integrity/ValidCitationKeyCheckerTest.java
1,src/test/java/org/jabref/model/search/rules/GrammarBasedSearchRuleTest.java
2,src/main/java/org/jabref/preferences/FilePreferences.java
5,src/main/java/org/jabref/logic/formatter/bibtexfields/RemoveNewlinesFormatter.java
9,src/main/java/org/jabref/model/util/TreeCollector.java
5,src/test/java/org/jabref/logic/importer/fileformat/CffImporterTest.java
4,src/main/java/org/jabref/logic/remote/RemoteMessage.java
5,src/main/java/org/jabref/logic/bst/BstVMException.java
1,src/test/java/org/jabref/logic/importer/fileformat/ModsImporterFilesTest.java
1,src/main/java/org/jabref/gui/theme/ThemeManager.java
4,src/main/java/org/jabref/model/entry/EntryConverter.java
6,src/main/java/org/jabref/gui/edit/ManageKeywordsDialog.java
7,src/main/java/org/jabref/gui/entryeditor/FieldsEditorTab.java
6,src/test/java/org/jabref/logic/importer/fetcher/PagedSearchFetcherTest.java
5,src/test/java/org/jabref/logic/exporter/XmpPdfExporterTest.java
4,src/main/java/org/jabref/gui/edit/automaticfiededitor/AbstractAutomaticFieldEditorTabView.java
6,src/test/java/org/jabref/logic/bibtex/comparator/BibtexStringComparatorTest.java
6,src/main/java/org/jabref/logic/bibtex/FieldWriter.java
4,src/test/java/org/jabref/logic/formatter/bibtexfields/UnicodeToLatexFormatterTest.java
12,src/main/java/org/jabref/model/search/rules/GrammarBasedSearchRule.java
4,src/main/java/org/jabref/model/strings/LatexToUnicodeAdapter.java
4,src/main/java/org/jabref/model/entry/types/BiblatexApaEntryType.java
9,src/main/java/org/jabref/model/texparser/LatexBibEntriesResolverResult.java
5,src/main/java/org/jabref/logic/integrity/BracesCorrector.java
7,src/main/java/org/jabref/gui/specialfields/SpecialFieldMenuItemFactory.java
1,src/test/java/org/jabref/gui/theme/ThemeManagerTest.java
5,src/main/java/org/jabref/logic/integrity/HTMLCharacterChecker.java
9,src/main/java/org/jabref/logic/layout/format/GetOpenOfficeType.java
6,src/main/java/org/jabref/logic/util/strings/HTMLUnicodeConversionMaps.java
5,src/main/java/org/jabref/logic/formatter/bibtexfields/AddBracesFormatter.java
6,src/main/java/org/jabref/logic/importer/EntryBasedFetcher.java
5,src/main/java/org/jabref/model/openoffice/style/CompareCitedKey.java
4,src/main/java/org/jabref/logic/openoffice/style/OOProcess.java
7,src/main/java/org/jabref/gui/help/AboutAction.java
6,src/test/java/org/jabref/logic/bibtex/comparator/BibDatabaseDiffTest.java
5,src/test/java/org/jabref/logic/bibtex/comparator/GroupDiffTest.java
2,src/main/java/org/jabref/preferences/InternalPreferences.java
5,src/main/java/org/jabref/model/entry/types/SystematicLiteratureReviewStudyEntryTypeDefinitions.java
1,src/test/java/org/jabref/logic/integrity/NoteCheckerTest.java
5,src/main/java/org/jabref/model/openoffice/style/PageInfo.java
4,src/main/java/org/jabref/gui/preferences/externalfiletypes/EditExternalFileTypeViewModel.java
4,src/main/java/org/jabref/logic/bst/BstPreviewLayout.java
6,src/main/java/org/jabref/model/entry/SharedBibEntryData.java
9,src/main/java/org/jabref/logic/importer/util/GroupsParser.java
6,src/main/java/org/jabref/logic/openoffice/style/OOProcessAuthorYearMarkers.java
5,src/main/java/org/jabref/logic/search/SearchQuery.java
9,src/main/java/org/jabref/logic/bibtex/comparator/BibtexStringComparator.java
6,src/main/java/org/jabref/gui/icon/IconTheme.java
5,src/main/java/org/jabref/model/groups/GroupHierarchyType.java
5,src/main/java/org/jabref/logic/integrity/PagesChecker.java
6,src/main/java/org/jabref/logic/importer/fetcher/DBLPFetcher.java
1,src/main/java/org/jabref/logic/preferences/FetcherApiKey.java
7,src/main/java/org/jabref/gui/entryeditor/PreviewSwitchAction.java
4,src/main/java/org/jabref/model/openoffice/style/ComparableCitation.java
5,src/main/java/org/jabref/model/metadata/ContentSelectors.java
4,src/main/java/org/jabref/gui/util/ViewModelTableRowFactory.java
1,src/main/java/org/jabref/model/openoffice/style/OODataModel.java
9,src/test/java/org/jabref/logic/xmp/XmpUtilWriterTest.java
6,src/main/java/org/jabref/model/pdf/FileAnnotation.java
7,src/main/java/org/jabref/gui/fieldeditors/FieldEditors.java
9,src/test/java/org/jabref/logic/citationkeypattern/CitationKeyGeneratorTest.java
6,src/main/java/org/jabref/gui/preferences/nameformatter/NameFormatterItemModel.java
6,src/test/java/org/jabref/logic/layout/format/AuthorLastFirstAbbrOxfordCommasTest.java
12,src/main/java/org/jabref/model/openoffice/uno/UnoRedlines.java
5,src/main/java/org/jabref/logic/citationkeypattern/AbstractCitationKeyPattern.java
1,src/test/java/org/jabref/gui/fieldeditors/LinkedFileViewModelTest.java
9,src/main/java/org/jabref/model/database/BibDatabase.java
4,src/main/java/org/jabref/logic/cleanup/FieldFormatterCleanups.java
6,src/main/java/org/jabref/logic/layout/format/AuthorLastFirstAbbreviator.java
9,src/main/java/org/jabref/model/pdf/FileAnnotation.java
4,src/main/java/org/jabref/gui/maintable/RightClickMenu.java
4,src/main/java/org/jabref/logic/util/BackupFileType.java
7,src/main/java/org/jabref/gui/autocompleter/AutoCompletionInput.java
6,src/main/java/org/jabref/logic/openoffice/style/StyleLoader.java
1,src/main/java/org/jabref/logic/util/WebViewStore.java
4,src/main/java/org/jabref/model/openoffice/uno/UnoCast.java
1,src/main/java/org/jabref/model/entry/types/SystematicLiteratureReviewStudyEntryType.java
4,src/main/java/org/jabref/logic/importer/fileformat/PdfVerbatimBibTextImporter.java
5,src/main/java/org/jabref/model/study/StudyDatabase.java
5,src/main/java/org/jabref/logic/crawler/StudyFetcher.java
6,src/main/java/org/jabref/logic/shared/security/Password.java
6,src/main/java/org/jabref/gui/preferences/table/TableTabViewModel.java
7,src/main/java/org/jabref/gui/icon/JabRefIkonHandler.java
9,src/main/java/org/jabref/logic/layout/format/CreateDocBook4Authors.java
9,src/main/java/org/jabref/logic/layout/format/LastPage.java
5,src/main/java/org/jabref/logic/search/DatabaseSearcher.java
1,src/test/java/org/jabref/logic/util/strings/StringManipulatorTest.java
4,src/main/java/org/jabref/logic/openoffice/OpenOfficeFileSearch.java
1,src/main/java/org/jabref/logic/shared/MySQLProcessor.java
9,src/main/java/org/jabref/logic/shared/exception/NotASharedDatabaseException.java
2,src/main/java/org/jabref/preferences/GuiPreferences.java
9,src/test/java/org/jabref/logic/crawler/StudyRepositoryTest.java
7,src/main/java/org/jabref/gui/maintable/NameDisplayPreferences.java
1,src/main/java/org/jabref/gui/push/PushToVimSettings.java
1,src/test/java/org/jabref/logic/integrity/UTF8CheckerTest.java
6,src/test/java/org/jabref/logic/util/strings/StringSimilarityTest.java
4,src/main/java/org/jabref/model/entry/types/BiblatexEntryTypeDefinitions.java
1,src/test/java/org/jabref/gui/search/TextFlowEqualityHelper.java
9,src/test/java/org/jabref/model/database/BibDatabaseContextTest.java
5,src/main/java/org/jabref/model/util/OptionalUtil.java
5,src/test/java/org/jabref/logic/importer/fetcher/DiVATest.java
9,src/test/java/org/jabref/logic/shared/TestManager.java
6,src/main/java/org/jabref/logic/openoffice/style/OOFormatBibliography.java
4,src/test/java/org/jabref/logic/integrity/MonthCheckerTest.java
6,src/main/java/org/jabref/gui/importer/GenerateEntryFromIdAction.java
5,src/test/java/org/jabref/logic/integrity/ValidCitationKeyCheckerTest.java
1,src/main/java/org/jabref/model/groups/ExplicitGroup.java
6,src/main/java/org/jabref/gui/util/RecursiveTreeItem.java
4,src/main/java/org/jabref/gui/importer/actions/MergeReviewIntoCommentAction.java
7,src/main/java/org/jabref/gui/externalfiles/ChainedFilters.java
5,src/test/java/org/jabref/logic/bibtex/comparator/BibDatabaseDiffTest.java
12,src/test/java/org/jabref/model/groups/AutomaticKeywordGroupTest.java
5,src/test/java/org/jabref/logic/protectedterms/ProtectedTermsListTest.java
9,src/main/java/org/jabref/logic/auxparser/AuxParserResult.java
6,src/test/java/org/jabref/logic/importer/fileformat/BibtexImporterTest.java
6,src/test/java/org/jabref/gui/externalfiles/FileFilterUtilsTest.java
5,src/main/java/org/jabref/logic/importer/util/JsonReader.java
12,src/main/java/org/jabref/model/openoffice/style/Citation.java
5,src/main/java/org/jabref/model/search/rules/GrammarBasedSearchRule.java
6,src/test/java/org/jabref/model/entry/identifier/IacrEprintTest.java
7,src/main/java/org/jabref/gui/maintable/OpenUrlAction.java
1,src/main/java/org/jabref/logic/layout/format/MarkdownFormatter.java
6,src/main/java/org/jabref/gui/mergeentries/newmergedialog/cell/FieldValueCell.java
4,src/main/java/org/jabref/gui/push/PushToApplications.java
5,src/test/java/org/jabref/logic/protectedterms/ProtectedTermsLoaderTest.java
6,src/main/java/org/jabref/model/entry/field/FieldPriority.java
6,src/main/java/org/jabref/gui/importer/ImportEntriesDialog.java
4,src/main/java/org/jabref/logic/shared/PostgreSQLProcessor.java
9,src/test/java/org/jabref/logic/importer/fetcher/transformers/CollectionOfComputerScienceBibliographiesQueryTransformerTest.java
1,src/main/java/org/jabref/gui/groups/GroupsPreferences.java
6,src/main/java/org/jabref/model/entry/EntryConverter.java
4,src/main/java/org/jabref/gui/groups/GroupsPreferences.java
9,src/main/java/org/jabref/logic/importer/fetcher/ComplexSearchQuery.java
4,src/test/java/org/jabref/gui/search/GrammarBasedSearchRuleDescriberTest.java
12,src/main/java/org/jabref/model/entry/types/EntryTypeFactory.java
4,src/main/java/org/jabref/gui/externalfiles/ExternalFileSorter.java
4,src/main/java/org/jabref/gui/undo/UndoablePreambleChange.java
9,src/test/java/org/jabref/logic/texparser/LatexParserTest.java
12,src/test/java/org/jabref/model/TreeNodeTestData.java
1,src/main/java/org/jabref/model/metadata/SaveOrder.java
9,src/main/java/org/jabref/logic/xmp/XmpUtilReader.java
6,src/main/java/org/jabref/logic/net/ProxyAuthenticator.java
1,src/main/java/org/jabref/gui/collab/stringrename/BibTexStringRenameDetailsView.java
7,src/main/java/org/jabref/gui/util/OnlyIntegerFormatter.java
4,src/main/java/org/jabref/logic/layout/format/DocBookAuthorFormatter.java
9,src/main/java/org/jabref/logic/importer/PagedSearchBasedParserFetcher.java
4,src/main/java/org/jabref/gui/collab/stringrename/BibTexStringRename.java
4,src/main/java/org/jabref/gui/slr/SlrStudyAndDirectory.java
7,src/main/java/org/jabref/gui/openoffice/OpenOfficePanel.java
7,src/main/java/org/jabref/gui/libraryproperties/contentselectors/ContentSelectorView.java
7,src/main/java/org/jabref/gui/externalfiles/GitIgnoreFileFilter.java
4,src/main/java/org/jabref/model/search/rules/GrammarBasedSearchRule.java
4,src/main/java/org/jabref/logic/l10n/LocalizationKeyParams.java
9,src/main/java/org/jabref/logic/database/DuplicateCheck.java
4,src/main/java/org/jabref/logic/exporter/OpenDocumentRepresentation.java
4,src/test/java/org/jabref/logic/pdf/search/indexing/DocumentReaderTest.java
1,src/test/java/org/jabref/logic/layout/format/IfPluralTest.java
4,src/main/java/org/jabref/logic/formatter/bibtexfields/NormalizePagesFormatter.java
1,src/test/java/org/jabref/logic/cleanup/ConvertToBibtexCleanupTest.java
9,src/main/java/org/jabref/logic/importer/fetcher/transformers/ZbMathQueryTransformer.java
1,src/main/java/org/jabref/gui/logging/GuiWriter.java
6,src/main/java/org/jabref/gui/desktop/os/Windows.java
4,src/main/java/org/jabref/logic/layout/format/DocBookVersion.java
9,src/main/java/org/jabref/logic/pdf/FileAnnotationCache.java
9,src/test/java/org/jabref/logic/layout/format/ReplaceTest.java
9,src/test/java/org/jabref/logic/bst/util/BstNameFormatterTest.java
4,src/main/java/org/jabref/logic/shared/listener/OracleNotificationListener.java
4,src/test/java/org/jabref/logic/importer/fetcher/isbntobibtex/IsbnFetcherTest.java
4,src/main/java/org/jabref/model/openoffice/uno/UnoCursor.java
7,src/test/java/org/jabref/gui/search/GlobalSearchBarTest.java
9,src/test/java/org/jabref/logic/formatter/bibtexfields/NormalizePagesFormatterTest.java
7,src/main/java/org/jabref/gui/entryeditor/MathSciNetTab.java
5,src/main/java/org/jabref/logic/integrity/DatabaseChecker.java
6,src/main/java/org/jabref/gui/fieldeditors/PatentTypeEditorViewModel.java
12,src/main/java/org/jabref/model/openoffice/uno/UnoTextDocument.java
9,src/main/java/org/jabref/model/openoffice/rangesort/FunctionalTextViewCursor.java
4,src/main/java/org/jabref/logic/bst/BstVM.java
4,src/main/java/org/jabref/gui/maintable/MainTableFieldValueFormatter.java
4,src/main/java/org/jabref/gui/util/OpenHyperlinksInExternalBrowser.java
5,src/test/java/org/jabref/logic/formatter/bibtexfields/RemoveNewlinesFormatterTest.java
6,src/main/java/org/jabref/logic/integrity/CitationKeyDeviationChecker.java
1,src/main/java/org/jabref/logic/journals/JournalAbbreviationPreferences.java
4,src/test/java/org/jabref/logic/importer/fileformat/MedlineImporterFilesTest.java
4,src/test/java/org/jabref/logic/journals/AbbreviationWriterTest.java
1,src/main/java/org/jabref/logic/pdf/search/indexing/IndexingTaskManager.java
7,src/main/java/org/jabref/gui/linkedfile/DeleteFileAction.java
7,src/main/java/org/jabref/gui/libraryproperties/keypattern/KeyPatternPropertiesView.java
7,src/main/java/org/jabref/gui/journals/UndoableAbbreviator.java
4,src/test/java/org/jabref/logic/protectedterms/ProtectedTermsLoaderTest.java
4,src/main/java/org/jabref/gui/keyboard/KeyBinding.java
5,src/main/java/org/jabref/model/search/rules/SearchRules.java
1,src/main/java/org/jabref/logic/layout/LayoutHelper.java
9,src/main/java/org/jabref/logic/exporter/OpenDocumentSpreadsheetCreator.java
4,src/main/java/org/jabref/logic/msbib/MSBibEntryType.java
6,src/main/java/org/jabref/gui/preview/CopyCitationAction.java
1,src/main/java/org/jabref/gui/fieldeditors/identifier/IdentifierEditor.java
4,src/test/java/org/jabref/logic/importer/fetcher/DOAJFetcherTest.java
6,src/test/java/org/jabref/logic/layout/format/DOIStripTest.java
5,src/main/java/org/jabref/logic/integrity/FileChecker.java
6,src/main/java/org/jabref/model/pdf/FileAnnotationType.java
1,src/test/java/org/jabref/logic/layout/format/WrapFileLinksTest.java
7,src/main/java/org/jabref/gui/duplicationFinder/DuplicateSearch.java
4,src/test/java/org/jabref/logic/exporter/MetaDataSerializerTest.java
1,src/test/java/org/jabref/logic/integrity/YearCheckerTest.java
5,src/test/java/org/jabref/logic/importer/fetcher/AbstractIsbnFetcherTest.java
6,src/main/java/org/jabref/logic/shared/DBMSType.java
4,src/main/java/org/jabref/logic/integrity/JournalInAbbreviationListChecker.java
1,src/main/java/org/jabref/model/openoffice/rangesort/RangeSortVisual.java
6,src/test/java/org/jabref/logic/msbib/MsBibMappingTest.java
5,src/main/java/org/jabref/logic/l10n/LocalizationKey.java
4,src/test/java/org/jabref/gui/preferences/journals/AbbreviationViewModelTest.java
4,src/test/java/org/jabref/logic/importer/fileformat/BiblioscapeImporterTest.java
5,src/main/java/org/jabref/logic/layout/format/AuthorLastFirstAbbreviator.java
6,src/main/java/org/jabref/logic/exporter/BibWriter.java
9,src/main/java/org/jabref/logic/importer/QueryParser.java
4,src/main/java/org/jabref/gui/collab/DatabaseChangeResolver.java
9,buildSrc/src/copied/java/org/jabref/logic/journals/AbbreviationWriter.java
6,src/main/java/org/jabref/gui/mergeentries/newmergedialog/toolbar/ThreeWayMergeToolbar.java
7,src/main/java/org/jabref/gui/commonfxcontrols/CitationKeyPatternPanel.java
9,src/main/java/org/jabref/model/openoffice/style/CitationMarkerEntry.java
11,src/main/java/org/jabref/preferences/SidePanePreferences.java
6,src/main/java/org/jabref/logic/formatter/casechanger/Word.java
6,src/test/java/org/jabref/logic/importer/fetcher/ZbMATHTest.java
1,src/main/java/org/jabref/logic/layout/format/AuthorNatBib.java
6,src/main/java/org/jabref/gui/openoffice/StyleSelectDialogViewModel.java
1,src/test/java/org/jabref/gui/util/comparator/RankingFieldComparatorTest.java
6,buildSrc/src/copied/java/org/jabref/logic/journals/AbbreviationWriter.java
4,src/main/java/org/jabref/model/entry/AuthorList.java
7,src/main/java/org/jabref/gui/edit/ReplaceStringView.java
5,src/main/java/org/jabref/logic/layout/format/AuthorAndsReplacer.java
1,src/test/java/org/jabref/model/entry/AuthorListTest.java
12,src/main/java/org/jabref/model/entry/Author.java
4,src/main/java/org/jabref/logic/preferences/TimestampPreferences.java
1,src/main/java/org/jabref/gui/preferences/keybindings/KeyBindingViewModel.java
6,src/main/java/org/jabref/gui/OpenConsoleAction.java
4,src/main/java/org/jabref/gui/exporter/CreateModifyExporterDialogViewModel.java
6,src/main/java/org/jabref/gui/collab/DatabaseChangeResolverFactory.java
6,src/main/java/org/jabref/logic/importer/fetcher/ScienceDirect.java
9,src/main/java/org/jabref/model/metadata/MetaData.java
4,src/main/java/org/jabref/model/groups/SearchGroup.java
5,src/test/java/org/jabref/logic/integrity/BooktitleCheckerTest.java
6,src/main/java/org/jabref/logic/layout/format/DOIStrip.java
9,src/test/java/org/jabref/model/groups/SearchGroupTest.java
4,src/test/java/org/jabref/logic/layout/format/IfPluralTest.java
4,src/main/java/org/jabref/logic/importer/util/ShortDOIServiceException.java
6,src/main/java/org/jabref/model/openoffice/rangesort/RangeOverlapKind.java
4,src/main/java/org/jabref/gui/mergeentries/DiffHighlighting.java
1,src/test/java/org/jabref/logic/integrity/UrlCheckerTest.java
4,src/test/java/org/jabref/logic/layout/format/RemoveLatexCommandsFormatterTest.java
4,src/main/java/org/jabref/logic/citationstyle/CitationStyleCache.java
1,src/main/java/org/jabref/gui/fieldeditors/DateEditorViewModel.java
1,src/test/java/org/jabref/model/entry/CrossrefTest.java
7,src/test/java/org/jabref/gui/autocompleter/DefaultAutoCompleterTest.java
10,src/main/java/org/jabref/cli/SystemOutputPrinter.java
9,src/main/java/org/jabref/logic/importer/ImportException.java
9,src/main/java/org/jabref/logic/shared/exception/InvalidDBMSConnectionPropertiesException.java
4,src/test/java/org/jabref/logic/formatter/bibtexfields/NormalizeMonthFormatterTest.java
5,src/test/java/org/jabref/logic/importer/fetcher/DBLPFetcherTest.java
12,src/test/java/org/jabref/model/metadata/MetaDataTest.java
4,src/main/java/org/jabref/gui/preferences/AbstractPreferenceTabView.java
6,src/main/java/org/jabref/gui/edit/automaticfiededitor/NotificationPaneAdapter.java
7,src/main/java/org/jabref/gui/fieldeditors/OwnerEditorViewModel.java
6,src/test/java/org/jabref/logic/l10n/LocalizationParser.java
6,src/test/java/org/jabref/logic/importer/fetcher/CompositeSearchBasedFetcherTest.java
6,src/main/java/org/jabref/gui/mergeentries/MergeTwoEntriesAction.java
6,src/main/java/org/jabref/logic/citationstyle/CitationStylePreviewLayout.java
1,src/main/java/org/jabref/gui/edit/automaticfiededitor/AutomaticFieldEditorTab.java
6,src/main/java/org/jabref/gui/push/PushToEmacsSettings.java
2,src/main/java/org/jabref/cli/AuxCommandLine.java
6,src/main/java/org/jabref/logic/cleanup/MoveFieldCleanup.java
1,src/main/java/org/jabref/gui/bibtexextractor/ExtractBibtexAction.java
6,src/main/java/org/jabref/gui/fieldeditors/TypeEditorViewModel.java
5,src/test/java/org/jabref/logic/importer/fileformat/OvidImporterTest.java
4,src/main/java/org/jabref/logic/formatter/bibtexfields/RemoveRedundantSpacesFormatter.java
6,src/main/java/org/jabref/model/entry/BibEntryType.java
1,src/main/java/org/jabref/logic/formatter/bibtexfields/TrimWhitespaceFormatter.java
6,src/main/java/org/jabref/gui/autocompleter/PersonNameSuggestionProvider.java
6,src/main/java/org/jabref/logic/citationkeypattern/CitationKeyGenerator.java
7,src/main/java/org/jabref/gui/copyfiles/CopyFilesDialogView.java
1,src/main/java/org/jabref/logic/integrity/BracketChecker.java
4,src/main/java/org/jabref/logic/importer/fileformat/CopacImporter.java
5,src/main/java/org/jabref/logic/util/io/RegExpBasedFileFinder.java
9,src/main/java/org/jabref/logic/citationkeypattern/CitationKeyPatternPreferences.java
5,src/main/java/org/jabref/logic/layout/AbstractParamLayoutFormatter.java
9,src/main/java/org/jabref/model/entry/BibEntryType.java
11,src/main/java/org/jabref/preferences/JabRefPreferences.java
4,src/main/java/org/jabref/gui/externalfiles/ImportFilesResultItemViewModel.java
4,src/test/java/org/jabref/logic/importer/fetcher/SemanticScholarTest.java
9,src/test/java/org/jabref/logic/journals/AbbreviationsTest.java
7,src/main/java/org/jabref/gui/edit/ReplaceStringAction.java
5,src/main/java/org/jabref/logic/msbib/MsBibAuthor.java
6,src/test/java/org/jabref/logic/layout/format/MarkdownFormatterTest.java
6,src/test/java/org/jabref/model/search/rules/ContainsBasedSearchRuleTest.java
4,src/main/java/org/jabref/model/openoffice/uno/UnoUserDefinedProperty.java
9,src/main/java/org/jabref/logic/formatter/casechanger/SentenceCaseFormatter.java
9,src/main/java/org/jabref/logic/bibtex/BibEntryWriter.java
5,src/test/java/org/jabref/logic/exporter/DocbookExporterTest.java
4,src/test/java/org/jabref/gui/theme/ThemeTest.java
4,src/test/java/org/jabref/logic/msbib/MSBibConverterTest.java
4,src/test/java/org/jabref/logic/TypedBibEntryTest.java
9,src/test/java/org/jabref/logic/importer/fetcher/ArXivFetcherTest.java
6,src/main/java/org/jabref/logic/formatter/bibtexfields/NormalizeNamesFormatter.java
1,src/main/java/org/jabref/logic/importer/fileformat/PdfXmpImporter.java
1,src/main/java/org/jabref/gui/groups/GroupDescriptions.java
6,src/main/java/org/jabref/logic/importer/fileformat/PdfXmpImporter.java
5,src/main/java/org/jabref/logic/layout/format/CreateDocBook4Editors.java
1,src/main/java/org/jabref/gui/groups/GroupTreeNodeViewModel.java
6,src/main/java/org/jabref/gui/entryeditor/fileannotationtab/FileAnnotationTabViewModel.java
1,src/main/java/org/jabref/logic/openoffice/style/OOProcessNumericMarkers.java
1,src/main/java/org/jabref/gui/preferences/externalfiletypes/ExternalFileTypesTab.java
6,src/main/java/org/jabref/logic/protectedterms/ProtectedTermsParser.java
1,src/test/java/org/jabref/logic/importer/fetcher/AstrophysicsDataSystemTest.java
5,src/test/java/org/jabref/logic/bst/BstVMTest.java
5,src/test/java/org/jabref/logic/formatter/bibtexfields/EscapeDollarSignFormatterTest.java
6,src/test/java/org/jabref/logic/bibtex/comparator/EntryComparatorTest.java
1,src/test/java/org/jabref/logic/l10n/LocalizationConsistencyTest.java
1,src/main/java/org/jabref/gui/externalfiles/FileExtensionViewModel.java
5,src/test/java/org/jabref/logic/integrity/DoiDuplicationCheckerTest.java
4,src/test/java/org/jabref/logic/layout/format/DOICheckTest.java
6,src/main/java/org/jabref/model/entry/EntryLinkList.java
6,src/main/java/org/jabref/model/groups/ExplicitGroup.java
1,src/main/java/org/jabref/logic/layout/format/CreateDocBook4Authors.java
4,src/test/java/org/jabref/logic/formatter/bibtexfields/OrdinalsToSuperscriptFormatterTest.java
9,src/main/java/org/jabref/model/openoffice/ootext/OOText.java
5,src/main/java/org/jabref/logic/importer/fetcher/ArXivFetcher.java
6,src/main/java/org/jabref/logic/util/io/BackupFileUtil.java
7,src/main/java/org/jabref/gui/autocompleter/StringSuggestionProvider.java
4,src/main/java/org/jabref/logic/openoffice/OpenOfficePreferences.java
6,src/main/java/org/jabref/gui/util/DialogWindowState.java
1,src/main/java/org/jabref/gui/auximport/NewSubLibraryAction.java
5,src/test/java/org/jabref/logic/importer/fetcher/isbntobibtex/DoiToBibtexConverterComIsbnFetcherTest.java
12,src/main/java/org/jabref/model/groups/AutomaticKeywordGroup.java
5,src/main/java/org/jabref/model/search/matchers/NotMatcher.java
6,src/main/java/org/jabref/gui/autocompleter/AppendPersonNamesStrategy.java
7,src/main/java/org/jabref/gui/preferences/journals/AbbreviationsFileViewModel.java
1,src/main/java/org/jabref/logic/formatter/casechanger/UpperCaseFormatter.java
1,src/test/java/org/jabref/logic/integrity/BibStringCheckerTest.java
1,src/main/java/org/jabref/gui/undo/UndoableStringChange.java
6,src/test/java/org/jabref/logic/integrity/TitleCheckerTest.java
1,buildSrc/src/copied/java/org/jabref/logic/journals/JournalAbbreviationPreferences.java
1,src/main/java/org/jabref/logic/util/io/FileFinder.java
1,src/main/java/org/jabref/logic/remote/RemoteMessage.java
7,src/main/java/org/jabref/gui/util/comparator/RankingFieldComparator.java
6,src/test/java/org/jabref/logic/importer/fetcher/BiodiversityLibraryTest.java
6,src/test/java/org/jabref/logic/crawler/StudyYamlParserTest.java
1,src/main/java/org/jabref/logic/formatter/bibtexfields/EscapeUnderscoresFormatter.java
1,src/main/java/org/jabref/logic/bst/util/BstPurifier.java
4,src/main/java/org/jabref/logic/net/ssl/SSLCertificate.java
1,src/test/java/org/jabref/gui/search/GlobalSearchBarTest.java
5,src/main/java/org/jabref/model/database/BibDatabaseModeDetection.java
4,src/main/java/org/jabref/model/openoffice/style/CitationType.java
1,src/main/java/org/jabref/logic/layout/format/WrapFileLinks.java
5,src/test/java/org/jabref/model/entry/field/BibFieldTest.java
5,src/main/java/org/jabref/logic/citationstyle/JabRefLocaleProvider.java
1,src/main/java/org/jabref/gui/util/CustomLocalDragboard.java
9,src/main/java/org/jabref/logic/bibtex/comparator/PreambleDiff.java
9,src/test/java/org/jabref/logic/journals/AbbreviationWriterTest.java
6,src/main/java/org/jabref/model/openoffice/uno/UnoReferenceMark.java
1,src/main/java/org/jabref/gui/collab/stringadd/BibTexStringAdd.java
7,src/main/java/org/jabref/gui/autocompleter/EmptySuggestionProvider.java
6,src/main/java/org/jabref/gui/util/TextFlowLimited.java
6,src/test/java/org/jabref/logic/importer/fetcher/transformers/DefaultQueryTransformerTest.java
4,src/main/java/org/jabref/logic/importer/SearchBasedFetcher.java
5,src/test/java/org/jabref/logic/xmp/XmpUtilReaderTest.java
6,src/main/java/org/jabref/logic/l10n/LocalizationLocator.java
7,src/main/java/org/jabref/gui/edit/automaticfiededitor/editfieldcontent/EditFieldContentTabView.java
6,src/main/java/org/jabref/gui/externalfiles/FileExtensionViewModel.java
1,src/main/java/org/jabref/logic/net/URLDownload.java
6,src/main/java/org/jabref/logic/bst/BstPreviewLayout.java
1,src/main/java/org/jabref/logic/citationstyle/CitationStylePreviewLayout.java
9,src/main/java/org/jabref/model/entry/EntryLinkList.java
4,src/test/java/org/jabref/logic/pdf/EntryAnnotationImporterTest.java
6,src/test/java/org/jabref/logic/importer/fetcher/IEEETest.java
4,src/main/java/org/jabref/logic/layout/format/AuthorFirstLastOxfordCommas.java
5,src/main/java/org/jabref/logic/layout/format/AuthorFirstFirstCommas.java
9,src/main/java/org/jabref/logic/importer/util/MetaDataParser.java
1,src/main/java/org/jabref/logic/formatter/bibtexfields/RemoveDigitsFormatter.java
4,src/main/java/org/jabref/gui/sidepane/TogglePaneAction.java
9,src/main/java/org/jabref/logic/shared/DBMSProcessor.java
9,src/main/java/org/jabref/model/database/event/AutosaveEvent.java
1,src/main/java/org/jabref/gui/edit/ManageKeywordsDisplayType.java
1,src/main/java/org/jabref/gui/libraryproperties/LibraryPropertiesView.java
6,src/test/java/org/jabref/logic/bst/BstFunctionsTest.java
4,src/main/java/org/jabref/model/openoffice/style/CitationPath.java
9,src/main/java/org/jabref/model/search/matchers/NotMatcher.java
6,src/main/java/org/jabref/logic/citationkeypattern/AbstractCitationKeyPattern.java
9,src/main/java/org/jabref/model/entry/field/BiblatexApaField.java
6,src/test/java/org/jabref/gui/documentviewer/PdfDocumentViewModelTest.java
1,src/test/java/org/jabref/model/entry/DateTest.java
1,src/test/java/org/jabref/gui/UpdateTimestampListenerTest.java
6,src/main/java/org/jabref/gui/util/component/DiffHighlightingTextPane.java
7,src/main/java/org/jabref/gui/collab/DatabaseChangeMonitor.java
6,src/test/java/org/jabref/logic/integrity/YearCheckerTest.java
6,src/test/java/org/jabref/model/database/BibDatabaseModeDetectionTest.java
6,src/main/java/org/jabref/model/database/BibDatabaseModeDetection.java
4,src/main/java/org/jabref/model/search/rules/FullTextSearchRule.java
9,src/main/java/org/jabref/logic/importer/fetcher/transformers/GVKQueryTransformer.java
6,src/main/java/org/jabref/gui/libraryproperties/AbstractPropertiesTabView.java
9,src/main/java/org/jabref/logic/shared/DatabaseConnection.java
6,src/main/java/org/jabref/logic/layout/format/DocBookAuthorFormatter.java
12,src/main/java/org/jabref/model/search/rules/RegexBasedSearchRule.java
6,src/main/java/org/jabref/gui/maintable/MainTableColumnModel.java
4,src/main/java/org/jabref/logic/importer/FulltextFetchers.java
5,src/main/java/org/jabref/logic/importer/fetcher/transformers/ArXivQueryTransformer.java
5,src/main/java/org/jabref/logic/importer/fetcher/ScienceDirect.java
6,src/main/java/org/jabref/model/openoffice/style/CitedKey.java
6,src/main/java/org/jabref/logic/pdf/TextExtractor.java
9,src/main/java/org/jabref/logic/formatter/bibtexfields/HtmlToUnicodeFormatter.java
4,src/main/java/org/jabref/logic/importer/IdParserFetcher.java
4,src/test/java/org/jabref/model/texparser/CitationTest.java
12,src/main/java/org/jabref/model/entry/field/BiblatexApaField.java
6,src/main/java/org/jabref/gui/mergeentries/newmergedialog/PersonsNameFieldRowView.java
1,src/main/java/org/jabref/logic/layout/format/AuthorFirstAbbrLastOxfordCommas.java
9,src/test/java/org/jabref/logic/importer/QueryParserTest.java
12,src/main/java/org/jabref/model/entry/field/StandardField.java
4,src/test/java/org/jabref/logic/importer/fileformat/ModsImporterFilesTest.java
5,src/test/java/org/jabref/logic/layout/format/FileLinkTest.java
5,src/main/java/org/jabref/logic/openoffice/action/EditSeparate.java
5,src/main/java/org/jabref/logic/integrity/AmpersandChecker.java
1,src/main/java/org/jabref/gui/preferences/table/TableTab.java
9,src/test/java/org/jabref/logic/importer/fetcher/CompositeIdFetcherTest.java
9,src/main/java/org/jabref/logic/bst/BstFunctions.java
4,src/test/java/org/jabref/gui/search/GetLastSearchHistoryTest.java
6,src/test/java/org/jabref/logic/bst/util/BstCaseChangersTest.java
9,src/main/java/org/jabref/model/entry/identifier/Identifier.java
5,src/main/java/org/jabref/logic/cleanup/ConvertToBiblatexCleanup.java
9,src/main/java/org/jabref/model/openoffice/uno/UnoStyle.java
7,src/main/java/org/jabref/gui/maintable/BibEntryTableViewModel.java
5,src/main/java/org/jabref/logic/importer/fetcher/transformers/AbstractQueryTransformer.java
9,src/test/java/org/jabref/logic/importer/fileformat/CopacImporterFilesTest.java
4,src/main/java/org/jabref/logic/layout/format/Replace.java
4,src/test/java/org/jabref/gui/mergeentries/GroupMergerTest.java
4,src/test/java/org/jabref/logic/cleanup/FieldFormatterCleanupTest.java
4,src/main/java/org/jabref/logic/l10n/LocalizationLocator.java
9,src/test/java/org/jabref/logic/exporter/EmbeddedBibFilePdfExporterTest.java
4,src/main/java/org/jabref/logic/bibtex/FileFieldWriter.java
6,src/test/java/org/jabref/logic/util/ExternalLinkCreatorTest.java
4,src/main/java/org/jabref/gui/cleanup/CleanupDialog.java
1,src/main/java/org/jabref/model/entry/field/BiblatexApaField.java
6,src/main/java/org/jabref/gui/entryeditor/OptionalFieldsTab.java
4,src/main/java/org/jabref/logic/xmp/XmpUtilShared.java
4,src/main/java/org/jabref/logic/formatter/bibtexfields/NormalizeDateFormatter.java
4,src/test/java/org/jabref/logic/importer/fileformat/RISImporterFilesTest.java
12,src/main/java/org/jabref/model/study/QueryResult.java
1,src/test/java/org/jabref/logic/importer/util/ShortDOIServiceTest.java
6,src/main/java/org/jabref/gui/errorconsole/ErrorConsoleViewModel.java
1,src/test/java/org/jabref/logic/layout/format/AuthorLastFirstAbbrCommasTest.java
9,src/main/java/org/jabref/logic/formatter/casechanger/TitleCaseFormatter.java
5,src/main/java/org/jabref/model/search/rules/FullTextSearchRule.java
4,src/main/java/org/jabref/logic/database/DatabaseMerger.java
9,src/test/java/org/jabref/logic/importer/fetcher/isbntobibtex/DoiToBibtexConverterComIsbnFetcherTest.java
4,src/main/java/org/jabref/gui/groups/UndoableMoveGroup.java
6,src/main/java/org/jabref/gui/auximport/NewSubLibraryAction.java
12,src/main/java/org/jabref/model/search/GroupSearchQuery.java
6,src/main/java/org/jabref/gui/importer/fetcher/WebSearchPaneViewModel.java
9,src/main/java/org/jabref/logic/util/BuildInfo.java
1,src/main/java/org/jabref/model/util/FileUpdateMonitor.java
9,src/main/java/org/jabref/model/search/rules/ContainsBasedSearchRule.java
1,src/main/java/org/jabref/logic/formatter/casechanger/ProtectTermsFormatter.java
4,src/test/java/org/jabref/gui/edit/ManageKeywordsViewModelTest.java
1,src/main/java/org/jabref/gui/util/JabRefResourceLocator.java
5,src/main/java/org/jabref/logic/importer/fileformat/MrDLibImporter.java
4,src/main/java/org/jabref/gui/linkedfile/AttachFileFromURLAction.java
1,src/main/java/org/jabref/gui/preferences/customentrytypes/CustomEntryTypesTab.java
1,src/test/java/org/jabref/gui/edit/EditFieldContentTabViewModelTest.java
12,src/main/java/org/jabref/model/openoffice/uno/UnoTextRange.java
9,src/main/java/org/jabref/logic/integrity/TypeChecker.java
1,src/main/java/org/jabref/gui/collab/preamblechange/PreambleChangeDetailsView.java
6,src/main/java/org/jabref/logic/importer/fetcher/TrustLevel.java
1,src/test/java/org/jabref/logic/msbib/MsBibMappingTest.java
6,src/test/java/org/jabref/logic/openoffice/style/OOBibStyleTestHelper.java
1,src/main/java/org/jabref/logic/openoffice/backend/NamedRangeReferenceMark.java
4,src/main/java/org/jabref/gui/maintable/columns/FieldColumn.java
4,src/test/java/org/jabref/logic/exporter/HtmlExportFormatTest.java
1,src/main/java/org/jabref/gui/preferences/customentrytypes/CustomEntryTypeViewModel.java
1,src/main/java/org/jabref/gui/libraryproperties/general/GeneralPropertiesViewModel.java
6,src/main/java/org/jabref/gui/groups/GroupViewMode.java
4,src/main/java/org/jabref/logic/layout/format/DOIStrip.java
1,src/main/java/org/jabref/logic/layout/format/FormatPagesForXML.java
5,src/test/java/org/jabref/logic/layout/format/AuthorFirstLastOxfordCommasTest.java
9,src/main/java/org/jabref/logic/importer/fetcher/OpenAccessDoi.java
9,src/test/java/org/jabref/logic/importer/fileformat/BiblioscapeImporterTypesTest.java
1,src/main/java/org/jabref/gui/util/component/DiffHighlightingTextPane.java
5,src/main/java/org/jabref/logic/formatter/casechanger/Word.java
6,src/main/java/org/jabref/logic/formatter/minifier/MinifyNameListFormatter.java
6,src/test/java/org/jabref/logic/database/DuplicateCheckTest.java
7,src/main/java/org/jabref/gui/keyboard/KeyBindingCategory.java
6,src/main/java/org/jabref/gui/autocompleter/FieldValueSuggestionProvider.java
4,src/main/java/org/jabref/logic/layout/format/AuthorFirstFirstCommas.java
6,src/test/java/org/jabref/logic/formatter/FormatterTest.java
4,src/main/java/org/jabref/logic/formatter/bibtexfields/HtmlToLatexFormatter.java
1,src/main/java/org/jabref/logic/importer/fileformat/BibtexImporter.java
4,src/main/java/org/jabref/gui/mergeentries/MergeEntriesAction.java
9,src/main/java/org/jabref/logic/openoffice/frontend/UpdateBibliography.java
6,src/main/java/org/jabref/gui/journals/UndoableAbbreviator.java
7,src/main/java/org/jabref/gui/openoffice/StyleSelectItemViewModel.java
1,src/main/java/org/jabref/logic/importer/FulltextFetchers.java
4,src/main/java/org/jabref/gui/mergeentries/MergeEntriesDialog.java
6,src/main/java/org/jabref/gui/mergeentries/DiffHighlightingEllipsingTextFlow.java
5,src/test/java/org/jabref/logic/help/HelpFileTest.java
4,src/main/java/org/jabref/logic/formatter/casechanger/TitleCaseFormatter.java
9,src/test/java/org/jabref/logic/importer/fetcher/FulltextFetcherTest.java
7,src/main/java/org/jabref/gui/collab/stringrename/BibTexStringRenameDetailsView.java
5,src/test/java/org/jabref/model/groups/AutomaticPersonsGroupTest.java
12,src/test/java/org/jabref/model/database/BibDatabaseContextTest.java
7,src/main/java/org/jabref/gui/mergeentries/newmergedialog/fieldsmerger/FileMerger.java
7,src/main/java/org/jabref/gui/copyfiles/CopyFilesAction.java
1,src/test/java/org/jabref/logic/importer/fileformat/MedlineImporterTest.java
6,src/main/java/org/jabref/gui/search/RebuildFulltextSearchIndexAction.java
5,src/test/java/org/jabref/logic/layout/format/CompositeFormatTest.java
5,src/main/java/org/jabref/logic/importer/fetcher/Medra.java
4,src/main/java/org/jabref/gui/exporter/WriteMetadataToPdfAction.java
1,src/main/java/org/jabref/logic/l10n/LocalizationKeyParams.java
4,src/main/java/org/jabref/gui/util/uithreadaware/UiThreadInvalidationListener.java
4,src/main/java/org/jabref/logic/util/io/DatabaseFileLookup.java
12,src/test/java/org/jabref/model/groups/ExplicitGroupTest.java
4,src/main/java/org/jabref/gui/importer/ImportEntriesDialog.java
4,src/test/java/org/jabref/logic/importer/fetcher/IacrEprintFetcherTest.java
1,src/main/java/org/jabref/logic/formatter/minifier/MinifyNameListFormatter.java
6,src/test/java/org/jabref/logic/l10n/LocalizationBundleForTest.java
1,src/main/java/org/jabref/logic/importer/fetcher/AbstractIsbnFetcher.java
7,src/main/java/org/jabref/gui/FallbackExceptionHandler.java
1,src/main/java/org/jabref/model/openoffice/rangesort/RangeOverlap.java
9,src/main/java/org/jabref/model/entry/BibEntryTypeBuilder.java
1,src/main/java/org/jabref/model/pdf/search/PdfSearchResults.java
6,src/main/java/org/jabref/gui/externalfiletype/StandardExternalFileType.java
12,src/main/java/org/jabref/model/metadata/SaveOrder.java
4,src/main/java/org/jabref/gui/mergeentries/newmergedialog/fieldsmerger/FieldMerger.java
6,src/main/java/org/jabref/gui/maintable/MainTable.java
7,src/main/java/org/jabref/gui/linkedfile/LinkedFileEditDialogView.java
6,src/main/java/org/jabref/gui/undo/NamedCompound.java
9,src/main/java/org/jabref/logic/crawler/StudyFetcher.java
9,src/test/java/org/jabref/logic/importer/fileformat/PdfVerbatimBibTextImporterTest.java
5,src/main/java/org/jabref/model/groups/AutomaticKeywordGroup.java
1,src/main/java/org/jabref/logic/importer/fileformat/EndnoteXmlImporter.java
6,src/main/java/org/jabref/model/openoffice/CitationEntry.java
1,src/main/java/org/jabref/model/strings/LatexToUnicodeAdapter.java
9,src/main/java/org/jabref/logic/importer/fetcher/ScienceDirect.java
6,src/main/java/org/jabref/logic/layout/format/WrapContent.java
4,src/main/java/org/jabref/gui/undo/AbstractUndoableJabRefEdit.java
5,src/test/java/org/jabref/logic/cleanup/DoiCleanupTest.java
4,src/test/java/org/jabref/logic/importer/fetcher/DBLPFetcherTest.java
4,src/main/java/org/jabref/gui/preferences/customimporter/CustomImporterTab.java
1,src/main/java/org/jabref/model/openoffice/uno/CreationException.java
12,src/main/java/org/jabref/model/openoffice/uno/UnoCursor.java
1,src/main/java/org/jabref/logic/importer/fileformat/PdfVerbatimBibTextImporter.java
6,src/main/java/org/jabref/gui/externalfiles/ExternalFileSorter.java
1,src/main/java/org/jabref/logic/layout/format/Ordinal.java
4,src/test/java/org/jabref/logic/importer/fetcher/SpringerLinkTest.java
7,src/main/java/org/jabref/gui/cleanup/CleanupAction.java
5,src/main/java/org/jabref/logic/integrity/DoiDuplicationChecker.java
4,src/main/java/org/jabref/model/entry/field/BibField.java
1,src/main/java/org/jabref/logic/importer/fileformat/MedlineImporter.java
9,src/main/java/org/jabref/model/entry/LinkedFile.java
9,src/test/java/org/jabref/logic/importer/fetcher/OpenAccessDoiTest.java
5,src/test/java/org/jabref/model/groups/SearchGroupTest.java
1,src/test/java/org/jabref/gui/search/GrammarBasedSearchRuleDescriberTest.java
1,src/main/java/org/jabref/gui/collab/DatabaseChangeResolverFactory.java
9,src/main/java/org/jabref/logic/importer/fetcher/GoogleScholar.java
9,src/test/java/org/jabref/logic/formatter/bibtexfields/EscapeAmpersandsFormatterTest.java
5,src/main/java/org/jabref/model/entry/types/IEEETranEntryTypeDefinitions.java
6,src/test/java/org/jabref/model/strings/StringUtilTest.java
6,src/main/java/org/jabref/gui/specialfields/SpecialFieldMenuItemFactory.java
9,src/test/java/org/jabref/logic/importer/fetcher/MedraTest.java
5,src/main/java/org/jabref/logic/importer/FetcherServerException.java
1,src/main/java/org/jabref/logic/importer/fileformat/BiblioscapeImporter.java
1,src/main/java/org/jabref/logic/cleanup/CleanupWorker.java
4,src/test/java/org/jabref/gui/util/comparator/SpecialFieldComparatorTest.java
4,src/main/java/org/jabref/logic/importer/ImportException.java
6,src/main/java/org/jabref/logic/importer/fetcher/transformers/MedlineQueryTransformer.java
6,src/main/java/org/jabref/gui/fieldeditors/EditorValidator.java
5,src/main/java/org/jabref/logic/net/URLDownload.java
5,src/main/java/org/jabref/logic/util/io/FileHistory.java
6,src/main/java/org/jabref/model/openoffice/rangesort/RangeSortable.java
1,src/main/java/org/jabref/gui/specialfields/SpecialFieldAction.java
9,src/main/java/org/jabref/logic/importer/ImportFormatPreferences.java
6,src/test/java/org/jabref/logic/formatter/bibtexfields/NormalizeNamesFormatterTest.java
4,src/main/java/org/jabref/gui/preferences/customexporter/CustomExporterTabViewModel.java
5,src/main/java/org/jabref/logic/importer/fileformat/PdfContentImporter.java
9,src/test/java/org/jabref/logic/importer/fileformat/CustomImporterTest.java
9,src/main/java/org/jabref/logic/layout/format/AuthorLF_FF.java
9,src/main/java/org/jabref/logic/layout/LayoutFormatterBasedFormatter.java
4,src/main/java/org/jabref/logic/cleanup/Formatter.java
4,src/main/java/org/jabref/logic/bibtex/comparator/PreambleDiff.java
1,src/main/java/org/jabref/logic/cleanup/EprintCleanup.java
1,src/main/java/org/jabref/logic/layout/format/GetOpenOfficeType.java
1,src/test/java/org/jabref/logic/exporter/XmpExporterTest.java
4,src/main/java/org/jabref/logic/importer/fileformat/PdfContentImporter.java
9,src/main/java/org/jabref/logic/shared/event/UpdateRefusedEvent.java
4,src/main/java/org/jabref/logic/exporter/OpenOfficeDocumentCreator.java
6,src/test/java/org/jabref/model/entry/BibEntryTest.java
9,src/test/java/org/jabref/logic/formatter/casechanger/CapitalizeFormatterTest.java
4,src/test/java/org/jabref/logic/importer/ParserResultTest.java
6,src/main/java/org/jabref/gui/externalfiles/UnlinkedFilesDialogView.java
9,src/main/java/org/jabref/logic/util/io/BackupFileUtil.java
6,src/main/java/org/jabref/logic/importer/fetcher/ACS.java
5,src/test/java/org/jabref/logic/importer/AuthorListParserTest.java
4,src/test/java/org/jabref/logic/bst/BstVMVisitorTest.java
1,src/main/java/org/jabref/logic/layout/format/CreateDocBook5Editors.java
4,src/test/java/org/jabref/logic/importer/fetcher/transformers/InfixTransformerTest.java
4,src/main/java/org/jabref/logic/formatter/bibtexfields/RemoveHyphenatedNewlinesFormatter.java
6,src/main/java/org/jabref/gui/mergeentries/newmergedialog/cell/ThreeWayMergeCell.java
4,src/main/java/org/jabref/gui/keyboard/CodeAreaKeyBindings.java
2,src/main/java/org/jabref/preferences/PreviewPreferences.java
1,src/main/java/org/jabref/logic/autosaveandbackup/BackupManager.java
1,src/main/java/org/jabref/gui/search/SearchFieldRightClickMenu.java
4,src/main/java/org/jabref/gui/util/component/TemporalAccessorPicker.java
6,src/main/java/org/jabref/logic/layout/ParamLayoutFormatter.java
6,src/main/java/org/jabref/logic/exporter/Exporter.java
9,src/test/java/org/jabref/logic/formatter/bibtexfields/RemoveDigitsFormatterTest.java
6,src/main/java/org/jabref/gui/cleanup/CleanupDialog.java
6,src/main/java/org/jabref/logic/formatter/casechanger/ProtectTermsFormatter.java
4,src/main/java/org/jabref/gui/fieldeditors/OwnerEditor.java
9,src/main/java/org/jabref/logic/layout/ParamLayoutFormatter.java
9,src/main/java/org/jabref/logic/importer/fetcher/ACMPortalFetcher.java
12,src/main/java/org/jabref/model/entry/identifier/ISSN.java
6,src/test/java/org/jabref/gui/util/OpenConsoleActionTest.java
1,src/main/java/org/jabref/gui/undo/AbstractUndoableJabRefEdit.java
7,src/main/java/org/jabref/gui/fieldeditors/EditorValidator.java
6,src/test/java/org/jabref/logic/importer/fileformat/MsBibImporterTest.java
7,src/main/java/org/jabref/gui/autocompleter/PersonNameSuggestionProvider.java
4,src/main/java/org/jabref/gui/collab/groupchange/GroupChange.java
9,src/main/java/org/jabref/logic/msbib/PageNumbers.java
1,src/main/java/org/jabref/gui/openoffice/OOBibBase.java
6,src/main/java/org/jabref/gui/fieldeditors/JournalEditorViewModel.java
5,src/main/java/org/jabref/model/groups/KeywordGroup.java
9,src/test/java/org/jabref/model/entry/CanonicalBibEntryTest.java
1,src/test/java/org/jabref/logic/l10n/LocalizationParser.java
6,src/main/java/org/jabref/logic/pdf/EntryAnnotationImporter.java
5,src/main/java/org/jabref/logic/openoffice/backend/NamedRangeReferenceMark.java
9,src/main/java/org/jabref/model/entry/field/BiblatexSoftwareField.java
1,src/main/java/org/jabref/logic/citationstyle/JabRefLocaleProvider.java
6,src/main/java/org/jabref/gui/bibtexextractor/BibtexExtractorViewModel.java
9,src/main/java/org/jabref/model/entry/field/FieldPriority.java
4,src/main/java/org/jabref/gui/importer/NewEntryAction.java
6,src/main/java/org/jabref/logic/importer/FetcherClientException.java
9,src/main/java/org/jabref/logic/layout/format/AuthorLastFirstAbbreviator.java
6,src/main/java/org/jabref/logic/util/MetadataSerializationConfiguration.java
6,src/test/java/org/jabref/logic/util/FileNameCleanerTest.java
5,src/main/java/org/jabref/model/strings/StringUtil.java
6,src/main/java/org/jabref/logic/layout/format/LastPage.java
4,src/main/java/org/jabref/logic/importer/fetcher/CollectionOfComputerScienceBibliographiesFetcher.java
9,src/main/java/org/jabref/model/openoffice/style/CitationMarkerNormEntry.java
7,src/test/java/org/jabref/gui/commonfxcontrols/SaveOrderPanelViewModelTest.java
5,src/test/java/org/jabref/logic/citationkeypattern/AbstractCitationKeyPatternTest.java
4,src/main/java/org/jabref/logic/citationstyle/CitationStylePreviewLayout.java
9,src/test/java/org/jabref/logic/openoffice/style/OOBibStyleTest.java
6,src/main/java/org/jabref/gui/theme/StyleSheetDataUrl.java
6,src/main/java/org/jabref/gui/maintable/SearchShortScienceAction.java
5,src/test/java/org/jabref/logic/exporter/ModsExportFormatFilesTest.java
6,src/main/java/org/jabref/logic/layout/LayoutHelper.java
6,src/main/java/org/jabref/model/openoffice/rangesort/RangeSortEntry.java
1,src/main/java/org/jabref/gui/openoffice/ManageCitationsDialogViewModel.java
4,src/test/java/org/jabref/logic/importer/fileformat/PdfEmbeddedBibFileImporterTest.java
1,src/main/java/org/jabref/gui/search/RebuildFulltextSearchIndexAction.java
9,src/main/java/org/jabref/logic/layout/format/NoSpaceBetweenAbbreviations.java
6,src/main/java/org/jabref/model/database/KeyCollisionException.java
5,src/test/java/org/jabref/logic/importer/fetcher/transformers/YearAndYearRangeByFilteringQueryTransformerTest.java
6,src/test/java/org/jabref/logic/layout/format/LatexToUnicodeFormatterTest.java
4,src/main/java/org/jabref/gui/preferences/file/FileTab.java
1,src/main/java/org/jabref/logic/importer/IdBasedFetcher.java
4,src/test/java/org/jabref/logic/util/io/CitationKeyBasedFileFinderTest.java
9,src/test/java/org/jabref/logic/shared/DBMSTypeTest.java
5,src/main/java/org/jabref/logic/importer/fileformat/CopacImporter.java
6,src/main/java/org/jabref/logic/formatter/bibtexfields/OrdinalsToSuperscriptFormatter.java
1,src/test/java/org/jabref/logic/formatter/bibtexfields/CleanupUrlFormatterTest.java
9,src/main/java/org/jabref/logic/bst/util/BstPurifier.java
6,src/main/java/org/jabref/logic/openoffice/action/Update.java
1,src/main/java/org/jabref/logic/bibtex/FieldWriter.java
1,src/test/java/org/jabref/logic/integrity/CitationKeyCheckerTest.java
1,src/test/java/org/jabref/logic/util/io/RegExpBasedFileFinderTest.java
12,src/main/java/org/jabref/model/openoffice/rangesort/FunctionalTextViewCursor.java
4,src/main/java/org/jabref/gui/undo/UndoableInsertString.java
7,src/test/java/org/jabref/gui/groups/GroupTreeViewModelTest.java
5,src/test/java/org/jabref/logic/importer/fetcher/DoiFetcherTest.java
1,src/main/java/org/jabref/model/search/rules/SearchRule.java
6,src/test/java/org/jabref/logic/l10n/LocalizationKeyParamsTest.java
6,src/main/java/org/jabref/model/pdf/search/SearchFieldConstants.java
7,src/main/java/org/jabref/gui/mergeentries/MergeEntriesAction.java
4,src/test/java/org/jabref/logic/remote/RemoteUtilTest.java
7,src/main/java/org/jabref/gui/groups/UndoableAddOrRemoveGroup.java
9,src/main/java/org/jabref/logic/exporter/SaveException.java
4,src/main/java/org/jabref/logic/exporter/MSBibExporter.java
5,src/main/java/org/jabref/logic/layout/format/AuthorAndToSemicolonReplacer.java
1,src/test/java/org/jabref/model/entry/BibtexStringTest.java
1,src/test/java/org/jabref/logic/formatter/FormatterTest.java
4,src/main/java/org/jabref/gui/desktop/os/Linux.java
6,src/main/java/org/jabref/logic/citationkeypattern/BracketedPattern.java
4,src/test/java/org/jabref/logic/importer/fetcher/CiteSeerTest.java
1,src/main/java/org/jabref/gui/util/FileFilterConverter.java
6,src/test/java/org/jabref/logic/formatter/bibtexfields/NormalizePagesFormatterTest.java
5,src/main/java/org/jabref/logic/logging/LogMessages.java
9,src/test/java/org/jabref/logic/importer/util/GroupsParserTest.java
6,src/test/java/org/jabref/model/search/matchers/MatcherSetsTest.java
6,src/main/java/org/jabref/gui/importer/actions/MergeReviewIntoCommentAction.java
9,src/test/java/org/jabref/logic/importer/fetcher/transformers/SuffixTransformerTest.java
9,src/main/java/org/jabref/logic/integrity/HTMLCharacterChecker.java
6,src/main/java/org/jabref/gui/dialogs/AutosaveUiManager.java
1,src/main/java/org/jabref/gui/exporter/WriteMetadataToPdfAction.java
6,src/test/java/org/jabref/gui/search/ContainsAndRegexBasedSearchRuleDescriberTest.java
4,src/test/java/org/jabref/model/entry/KeywordListTest.java
9,src/main/java/org/jabref/logic/msbib/MSBibConverter.java
5,src/test/java/org/jabref/logic/formatter/bibtexfields/UnicodeToLatexFormatterTest.java
1,src/main/java/org/jabref/gui/undo/NamedCompound.java
1,src/main/java/org/jabref/gui/fieldeditors/AbstractEditorViewModel.java
9,src/main/java/org/jabref/logic/externalfiles/ExternalFilesContentImporter.java
1,src/test/java/org/jabref/logic/importer/fileformat/RepecNepImporterTest.java
1,src/main/java/org/jabref/gui/cleanup/CleanupPresetPanel.java
6,src/test/java/org/jabref/logic/search/DatabaseSearcherTest.java
12,src/main/java/org/jabref/model/database/BibDatabaseMode.java
6,src/main/java/org/jabref/logic/importer/fileformat/PdfMergeMetadataImporter.java
6,src/main/java/org/jabref/model/entry/Month.java
5,src/test/java/org/jabref/logic/remote/RemoteUtilTest.java
7,src/main/java/org/jabref/gui/util/comparator/NumericFieldComparator.java
4,src/test/java/org/jabref/gui/preferences/journals/JournalAbbreviationsViewModelTabTest.java
1,src/main/java/org/jabref/logic/layout/format/ToLowerCase.java
6,src/main/java/org/jabref/gui/edit/automaticfiededitor/copyormovecontent/CopyOrMoveFieldContentTabViewModel.java
1,src/main/java/org/jabref/logic/integrity/UrlChecker.java
5,src/test/java/org/jabref/logic/integrity/NoteCheckerTest.java
5,src/main/java/org/jabref/logic/bibtex/comparator/BibtexStringComparator.java
1,src/main/java/org/jabref/logic/util/Version.java
7,src/main/java/org/jabref/gui/commonfxcontrols/SaveOrderConfigPanel.java
6,src/main/java/org/jabref/model/entry/field/OrFields.java
1,src/test/java/org/jabref/logic/importer/fetcher/BiodiversityLibraryTest.java
7,src/test/java/org/jabref/gui/theme/ThemeTest.java
6,src/main/java/org/jabref/logic/formatter/bibtexfields/TrimWhitespaceFormatter.java
1,src/main/java/org/jabref/gui/libraryproperties/saving/SavingPropertiesView.java
6,src/main/java/org/jabref/model/entry/BibEntryTypeBuilder.java
5,src/test/java/org/jabref/logic/journals/AbbreviationTest.java
1,src/test/java/org/jabref/logic/layout/format/LastPageTest.java
1,src/test/java/org/jabref/logic/util/VersionTest.java
5,src/main/java/org/jabref/logic/shared/exception/NotASharedDatabaseException.java
5,src/main/java/org/jabref/logic/layout/format/AuthorFirstAbbrLastCommas.java
6,src/test/java/org/jabref/logic/layout/format/ReplaceTest.java
9,src/main/java/org/jabref/logic/msbib/MSBibEntryType.java
4,src/test/java/org/jabref/model/entry/field/BibFieldTest.java
5,src/main/java/org/jabref/logic/importer/util/ShortDOIService.java
9,src/main/java/org/jabref/logic/net/ProxyAuthenticator.java
1,src/main/java/org/jabref/logic/layout/format/RisMonth.java
4,src/main/java/org/jabref/gui/preferences/preview/PreviewTab.java
4,src/main/java/org/jabref/logic/integrity/PersonNamesChecker.java
6,src/main/java/org/jabref/logic/git/GitHandler.java
4,src/main/java/org/jabref/gui/documentviewer/DocumentPageViewModel.java
4,src/main/java/org/jabref/logic/importer/util/JsonReader.java
4,src/test/java/org/jabref/logic/util/BuildInfoTest.java
4,src/main/java/org/jabref/gui/util/CurrentThreadTaskExecutor.java
1,src/main/java/org/jabref/gui/keyboard/KeyBindingRepository.java
9,src/main/java/org/jabref/logic/xmp/XmpUtilShared.java
6,src/main/java/org/jabref/gui/preferences/customentrytypes/CustomEntryTypeViewModel.java
9,src/main/java/org/jabref/logic/importer/fetcher/transformers/AbstractQueryTransformer.java
9,src/test/java/org/jabref/logic/formatter/bibtexfields/NormalizeNamesFormatterTest.java
6,src/main/java/org/jabref/logic/util/BackupFileType.java
6,src/test/java/org/jabref/logic/importer/fetcher/DiVATest.java
5,src/main/java/org/jabref/logic/formatter/bibtexfields/ShortenDOIFormatter.java
6,src/main/java/org/jabref/gui/preferences/externalfiletypes/ExternalFileTypeItemViewModel.java
6,src/test/java/org/jabref/logic/pdf/search/retrieval/PdfSearcherTest.java
6,src/main/java/org/jabref/logic/layout/format/ToUpperCase.java
1,src/main/java/org/jabref/logic/importer/FetcherResult.java
1,src/main/java/org/jabref/gui/edit/OpenBrowserAction.java
6,src/main/java/org/jabref/gui/mergeentries/newmergedialog/ThreeWayMergeViewModel.java
6,src/main/java/org/jabref/gui/preferences/ShowPreferencesAction.java
7,src/main/java/org/jabref/gui/entryeditor/EntryEditor.java
4,src/main/java/org/jabref/logic/importer/fileformat/CustomImporter.java
9,src/test/java/org/jabref/logic/integrity/ISBNCheckerTest.java
9,src/test/java/org/jabref/logic/exporter/ExporterTest.java
9,src/main/java/org/jabref/logic/layout/AbstractParamLayoutFormatter.java
6,src/main/java/org/jabref/gui/util/StreamGobbler.java
7,src/main/java/org/jabref/gui/collab/DatabaseChangeResolver.java
1,src/main/java/org/jabref/logic/util/strings/HTMLUnicodeConversionMaps.java
6,src/test/java/org/jabref/logic/importer/fetcher/CrossRefTest.java
9,src/main/java/org/jabref/logic/util/strings/HTMLUnicodeConversionMaps.java
1,src/test/java/org/jabref/logic/pdf/search/indexing/PdfIndexerTest.java
4,src/main/java/org/jabref/logic/importer/fileformat/SilverPlatterImporter.java
4,src/main/java/org/jabref/logic/cleanup/RelativePathsCleanup.java
1,src/main/java/org/jabref/logic/layout/format/WrapContent.java
1,src/test/java/org/jabref/logic/msbib/MsBibAuthorTest.java
1,src/main/java/org/jabref/logic/cleanup/FieldFormatterCleanup.java
9,src/main/java/org/jabref/logic/net/URLDownload.java
6,src/main/java/org/jabref/model/openoffice/style/Citation.java
1,src/main/java/org/jabref/gui/fieldeditors/FieldEditorFX.java
12,src/main/java/org/jabref/model/entry/identifier/ISBN.java
4,src/main/java/org/jabref/gui/preferences/table/TableTabViewModel.java
7,src/main/java/org/jabref/preferences/ImportExportPreferences.java
5,src/test/java/org/jabref/logic/importer/fileformat/CustomImporterTest.java
6,src/test/java/org/jabref/model/groups/TexGroupTest.java
12,src/test/java/org/jabref/model/groups/GroupTreeNodeTest.java
1,src/main/java/org/jabref/gui/maintable/RightClickMenu.java
9,src/main/java/org/jabref/logic/cleanup/MoveFilesCleanup.java
6,src/main/java/org/jabref/logic/cleanup/TimeStampToModificationDate.java
1,src/main/java/org/jabref/gui/edit/automaticfiededitor/renamefield/RenameFieldTabView.java
4,src/test/java/org/jabref/model/entry/KeywordTest.java
5,src/main/java/org/jabref/model/groups/AutomaticGroup.java
6,src/main/java/org/jabref/logic/formatter/bibtexfields/LatexCleanupFormatter.java
1,src/main/java/org/jabref/logic/importer/fetcher/SemanticScholar.java
9,src/main/java/org/jabref/logic/importer/FetcherServerException.java
7,src/main/java/org/jabref/gui/exporter/ExportToClipboardAction.java
4,src/main/java/org/jabref/logic/importer/SearchBasedParserFetcher.java
6,src/test/java/org/jabref/logic/importer/fileformat/BiblioscapeImporterTypesTest.java
4,src/main/java/org/jabref/gui/collab/DatabaseChangeListener.java
1,src/main/java/org/jabref/gui/edit/CopyDoiUrlAction.java
12,src/main/java/org/jabref/model/entry/field/BiblatexSoftwareField.java
7,src/main/java/org/jabref/gui/libraryproperties/contentselectors/ContentSelectorViewModel.java
12,src/main/java/org/jabref/model/openoffice/style/PageInfo.java
4,src/main/java/org/jabref/logic/importer/FetcherException.java
1,src/main/java/org/jabref/gui/preferences/PreferencesFilterDialog.java
1,src/test/java/org/jabref/model/entry/identifier/ISSNTest.java
4,src/test/java/org/jabref/logic/integrity/ValidCitationKeyCheckerTest.java
5,src/test/java/org/jabref/logic/bst/BstFunctionsTest.java
4,src/main/java/org/jabref/gui/fieldeditors/OptionEditorViewModel.java
1,src/test/java/org/jabref/logic/integrity/DoiDuplicationCheckerTest.java
1,src/test/java/org/jabref/gui/mergeentries/ThreeWayMergeViewModelTest.java
7,src/main/java/org/jabref/gui/shared/SharedDatabaseLoginDialogView.java
4,src/main/java/org/jabref/logic/shared/DBMSConnectionProperties.java
4,src/main/java/org/jabref/gui/entryeditor/SourceTab.java
4,src/main/java/org/jabref/logic/layout/LayoutHelper.java
11,src/main/java/org/jabref/preferences/FilePreferences.java
4,src/test/java/org/jabref/logic/citationkeypattern/CitationKeyGeneratorTest.java
9,src/test/java/org/jabref/logic/exporter/DocbookExporterTest.java
4,src/main/java/org/jabref/gui/util/ViewModelTreeTableRowFactory.java
9,src/main/java/org/jabref/model/entry/types/SystematicLiteratureReviewStudyEntryType.java
6,src/main/java/org/jabref/logic/integrity/ASCIICharacterChecker.java
9,src/main/java/org/jabref/logic/JabRefException.java
6,src/test/java/org/jabref/logic/importer/fetcher/BvbFetcherTest.java
12,src/main/java/org/jabref/model/search/matchers/MatcherSet.java
4,src/main/java/org/jabref/gui/groups/GroupDescriptions.java
1,src/test/java/org/jabref/logic/importer/fetcher/transformers/SuffixTransformerTest.java
5,src/main/java/org/jabref/logic/importer/util/INSPIREBibtexFilterReader.java
1,src/test/java/org/jabref/logic/integrity/BracesCorrectorTest.java
9,src/main/java/org/jabref/logic/layout/format/RisAuthors.java
1,src/test/java/org/jabref/logic/importer/fetcher/transformers/InfixTransformerTest.java
6,src/main/java/org/jabref/gui/keyboard/CodeAreaKeyBindings.java
4,src/main/java/org/jabref/logic/openoffice/style/OOProcessAuthorYearMarkers.java
6,src/main/java/org/jabref/gui/preferences/network/CustomCertificateViewModel.java
4,src/test/java/org/jabref/logic/integrity/DateCheckerTest.java
1,src/main/java/org/jabref/logic/util/UnknownFileType.java
6,src/main/java/org/jabref/logic/openoffice/backend/GetContext.java
9,src/main/java/org/jabref/logic/importer/WebFetchers.java
9,src/main/java/org/jabref/logic/util/Version.java
1,src/main/java/org/jabref/logic/importer/util/JsonReader.java
4,src/main/java/org/jabref/logic/citationkeypattern/CitationKeyGenerator.java
5,src/main/java/org/jabref/logic/importer/fetcher/MrDLibFetcher.java
6,src/main/java/org/jabref/logic/net/ssl/SSLPreferences.java
1,src/test/java/org/jabref/logic/formatter/bibtexfields/TrimWhitespaceFormatterTest.java
6,src/main/java/org/jabref/gui/preferences/nameformatter/NameFormatterTabViewModel.java
6,src/main/java/org/jabref/model/search/GroupSearchQuery.java
1,src/test/java/org/jabref/model/database/BibDatabaseModeDetectionTest.java
7,src/main/java/org/jabref/gui/externalfiles/UnlinkedFilesCrawler.java
1,src/main/java/org/jabref/logic/remote/RemotePreferences.java
6,src/main/java/org/jabref/logic/importer/fileformat/PdfVerbatimBibTextImporter.java
1,src/main/java/org/jabref/model/database/BibDatabaseContext.java
5,src/main/java/org/jabref/logic/JabRefException.java
6,src/test/java/org/jabref/logic/util/DevelopmentStageTest.java
9,src/test/java/org/jabref/logic/layout/format/DOIStripTest.java
9,src/main/java/org/jabref/logic/exporter/XmpPdfExporter.java
7,src/main/java/org/jabref/gui/preferences/entryeditor/EntryEditorTab.java
5,src/test/java/org/jabref/model/entry/IdGeneratorTest.java
5,src/main/java/org/jabref/logic/importer/PagedSearchBasedParserFetcher.java
6,src/main/java/org/jabref/logic/formatter/bibtexfields/UnitsToLatexFormatter.java
4,src/test/java/org/jabref/logic/citationkeypattern/AbstractCitationKeyPatternTest.java
4,src/main/java/org/jabref/gui/libraryproperties/PropertiesTab.java
4,src/main/java/org/jabref/gui/fieldeditors/SimpleEditor.java
4,src/test/java/org/jabref/model/entry/field/FieldFactoryTest.java
4,src/main/java/org/jabref/model/search/rules/SearchRules.java
6,src/main/java/org/jabref/logic/openoffice/action/EditSeparate.java
4,src/main/java/org/jabref/logic/shared/event/SharedEntriesNotPresentEvent.java
1,src/test/java/org/jabref/logic/importer/OpenDatabaseTest.java
4,src/main/java/org/jabref/gui/mergeentries/newmergedialog/fieldsmerger/KeywordMerger.java
9,src/test/java/org/jabref/logic/importer/fileformat/InspecImporterTest.java
7,src/main/java/org/jabref/gui/maintable/columns/LibraryColumn.java
9,src/test/java/org/jabref/model/groups/AutomaticPersonsGroupTest.java
2,src/main/java/org/jabref/preferences/GeneralPreferences.java
6,src/test/java/org/jabref/logic/exporter/MSBibExportFormatFilesTest.java
7,src/main/java/org/jabref/gui/autocompleter/AutoCompletionStrategy.java
7,src/main/java/org/jabref/gui/importer/actions/OpenDatabaseAction.java
4,src/main/java/org/jabref/gui/EntryTypeView.java
1,src/main/java/org/jabref/gui/openoffice/OOError.java
1,src/main/java/org/jabref/logic/cleanup/RenamePdfCleanup.java
6,src/main/java/org/jabref/logic/texparser/LatexParser.java
4,buildSrc/src/copied/java/org/jabref/logic/journals/AbbreviationFormat.java
6,src/main/java/org/jabref/gui/sidepane/SidePaneType.java
12,src/main/java/org/jabref/model/metadata/ContentSelector.java
1,src/main/java/org/jabref/logic/layout/format/NoSpaceBetweenAbbreviations.java
6,src/test/java/org/jabref/logic/layout/format/LastPageTest.java
4,src/main/java/org/jabref/gui/util/uithreadaware/UiThreadListChangeListener.java
5,src/main/java/org/jabref/logic/bibtex/comparator/FieldComparatorStack.java
6,src/main/java/org/jabref/logic/xmp/EncryptedPdfsNotSupportedException.java
9,src/main/java/org/jabref/model/groups/AutomaticGroup.java
9,src/main/java/org/jabref/model/openoffice/rangesort/RangeOverlapKind.java
7,src/main/java/org/jabref/gui/linkedfile/AttachFileAction.java
9,src/test/java/org/jabref/logic/openoffice/style/OOPreFormatterTest.java
4,src/main/java/org/jabref/gui/util/TooltipTextUtil.java
6,src/test/java/org/jabref/logic/importer/fetcher/DoiResolutionTest.java
6,src/test/java/org/jabref/logic/citationkeypattern/AbstractCitationKeyPatternTest.java
1,src/main/java/org/jabref/logic/importer/fetcher/CompositeSearchBasedFetcher.java
1,src/main/java/org/jabref/logic/pdf/search/indexing/DocumentReader.java
1,src/main/java/org/jabref/gui/errorconsole/LogEventViewModel.java
5,src/test/java/org/jabref/model/search/rules/SentenceAnalyzerTest.java
1,src/main/java/org/jabref/gui/keyboard/CodeAreaKeyBindings.java
1,src/test/java/org/jabref/logic/formatter/casechanger/UnprotectTermsFormatterTest.java
9,src/test/java/org/jabref/logic/importer/util/GrobidServiceTest.java
9,src/test/java/org/jabref/logic/texparser/DefaultTexParserTest.java
6,src/main/java/org/jabref/gui/collab/groupchange/GroupChangeDetailsView.java
6,src/main/java/org/jabref/gui/util/ColorUtil.java
1,src/main/java/org/jabref/logic/openoffice/backend/Backend52.java
6,src/test/java/org/jabref/logic/layout/format/ToUpperCaseTest.java
4,src/main/java/org/jabref/gui/theme/StyleSheetFile.java
9,src/test/java/org/jabref/logic/formatter/bibtexfields/ClearFormatterTest.java
12,src/test/java/org/jabref/model/strings/StringUtilTest.java
6,src/main/java/org/jabref/gui/slr/ManageStudyDefinitionViewModel.java
4,src/main/java/org/jabref/gui/externalfiletype/StandardExternalFileType.java
9,src/main/java/org/jabref/logic/layout/LayoutFormatterPreferences.java
6,src/main/java/org/jabref/gui/util/NoSelectionModel.java
6,src/main/java/org/jabref/logic/remote/RemotePreferences.java
4,src/main/java/org/jabref/gui/util/CustomRatingSkin.java
5,src/main/java/org/jabref/model/openoffice/uno/UnoSelection.java
6,src/main/java/org/jabref/logic/citationstyle/CitationStyleGenerator.java
4,src/main/java/org/jabref/gui/errorconsole/LogEventViewModel.java
4,src/test/java/org/jabref/logic/layout/format/AuthorLastFirstOxfordCommasTest.java
1,src/main/java/org/jabref/gui/linkedfile/LinkedFileEditDialogView.java
7,src/main/java/org/jabref/gui/preferences/table/TableTabViewModel.java
9,src/test/java/org/jabref/logic/search/DatabaseSearcherTest.java
7,src/main/java/org/jabref/gui/importer/actions/MergeReviewIntoCommentAction.java
4,src/main/java/org/jabref/model/openoffice/util/OOResult.java
4,src/main/java/org/jabref/logic/layout/format/NoSpaceBetweenAbbreviations.java
1,src/main/java/org/jabref/logic/layout/AbstractParamLayoutFormatter.java
1,src/main/java/org/jabref/gui/preferences/external/ExternalTabViewModel.java
4,src/main/java/org/jabref/gui/FallbackExceptionHandler.java
12,src/main/java/org/jabref/model/schema/DublinCoreSchemaCustom.java
1,src/main/java/org/jabref/gui/preferences/ShowPreferencesAction.java
9,src/main/java/org/jabref/logic/importer/fetcher/transformers/BiodiversityLibraryTransformer.java
1,src/main/java/org/jabref/gui/fieldeditors/contextmenu/EditorMenus.java
6,src/test/java/org/jabref/logic/importer/ImporterTest.java
4,src/main/java/org/jabref/model/database/event/EntriesAddedEvent.java
5,src/test/java/org/jabref/logic/integrity/CitationKeyDuplicationCheckerTest.java
1,src/main/java/org/jabref/logic/layout/LayoutFormatterBasedFormatter.java
5,src/main/java/org/jabref/logic/layout/format/FormatPagesForXML.java
7,src/main/java/org/jabref/gui/JabRefFrame.java
12,src/test/java/org/jabref/model/entry/KeywordListTest.java
6,src/test/java/org/jabref/gui/fieldeditors/LinkedFileViewModelTest.java
6,src/test/java/org/jabref/gui/preferences/journals/AbbreviationViewModelTest.java
5,src/main/java/org/jabref/logic/integrity/CitationKeyDuplicationChecker.java
9,src/main/java/org/jabref/logic/exporter/Exporter.java
6,src/main/java/org/jabref/gui/help/AboutDialogViewModel.java
4,src/main/java/org/jabref/logic/importer/util/GrobidService.java
9,src/main/java/org/jabref/logic/openoffice/style/OOBibStyleGetNumCitationMarker.java
9,src/main/java/org/jabref/logic/integrity/DoiDuplicationChecker.java
5,src/test/java/org/jabref/logic/layout/format/RemoveWhitespaceTest.java
1,src/main/java/org/jabref/logic/importer/OutputPrinter.java
5,src/main/java/org/jabref/logic/openoffice/backend/GetContext.java
1,src/main/java/org/jabref/gui/importer/NewEntryAction.java
6,src/main/java/org/jabref/gui/util/component/TagBar.java
5,src/test/java/org/jabref/logic/importer/fetcher/SemanticScholarTest.java
7,src/main/java/org/jabref/preferences/PreferencesFilter.java
6,src/test/java/org/jabref/model/entry/AuthorListTest.java
6,src/test/java/org/jabref/model/entry/EntryTypeFactoryTest.java
6,src/main/java/org/jabref/gui/edit/automaticfiededitor/renamefield/RenameFieldTabView.java
6,src/main/java/org/jabref/gui/preferences/customentrytypes/CustomEntryTypesTab.java
5,src/main/java/org/jabref/logic/bibtex/BibEntryWriter.java
5,src/test/java/org/jabref/logic/shared/SynchronizationSimulatorTest.java
4,src/main/java/org/jabref/logic/preview/PreviewLayout.java
1,src/test/java/org/jabref/logic/bibtex/comparator/BibStringDiffTest.java
6,src/main/java/org/jabref/model/openoffice/uno/UnoProperties.java
1,src/test/java/org/jabref/logic/importer/fetcher/transformers/GVKQueryTransformerTest.java
1,src/test/java/org/jabref/model/entry/BibEntryTest.java
6,src/test/java/org/jabref/logic/shared/ConnectorTest.java
5,src/main/java/org/jabref/model/paging/Page.java
4,src/main/java/org/jabref/gui/fieldeditors/AbstractEditorViewModel.java
1,src/test/java/org/jabref/logic/formatter/bibtexfields/NormalizeNamesFormatterTest.java
1,src/test/java/org/jabref/logic/citationkeypattern/AbstractCitationKeyPatternTest.java
4,src/test/java/org/jabref/logic/cleanup/DoiDecodeCleanupTest.java
1,src/main/java/org/jabref/gui/util/ValueTableCellFactory.java
9,src/test/java/org/jabref/logic/layout/LayoutHelperTest.java
4,src/main/java/org/jabref/model/entry/IdGenerator.java
1,src/test/java/org/jabref/logic/formatter/casechanger/LowerCaseFormatterTest.java
12,src/main/java/org/jabref/model/entry/event/FieldChangedEvent.java
4,src/test/java/org/jabref/gui/util/comparator/NumericFieldComparatorTest.java
1,src/main/java/org/jabref/gui/help/HelpAction.java
1,src/test/java/org/jabref/logic/formatter/bibtexfields/NormalizeMonthFormatterTest.java
5,src/main/java/org/jabref/logic/pdf/EntryAnnotationImporter.java
4,src/main/java/org/jabref/logic/layout/format/RemoveLatexCommandsFormatter.java
9,src/main/java/org/jabref/logic/importer/fileformat/mods/package-info.java
6,src/main/java/org/jabref/logic/integrity/TypeChecker.java
6,src/main/java/org/jabref/gui/fieldeditors/PersonsEditorViewModel.java
4,src/main/java/org/jabref/gui/autocompleter/AutoCompletionStrategy.java
7,src/test/java/org/jabref/gui/externalfiletype/ExternalFileTypesTest.java
4,src/main/java/org/jabref/logic/autosaveandbackup/AutosaveManager.java
4,src/main/java/org/jabref/logic/importer/fetcher/transformers/ArXivQueryTransformer.java
4,src/test/java/org/jabref/model/entry/EntryLinkListTest.java
9,src/main/java/org/jabref/logic/layout/format/AuthorLF_FFAbbr.java
7,src/main/java/org/jabref/gui/documentviewer/PdfDocumentViewModel.java
5,src/main/java/org/jabref/logic/importer/FulltextFetchers.java
5,src/main/java/org/jabref/logic/util/io/XMLUtil.java
5,src/main/java/org/jabref/logic/importer/fetcher/AstrophysicsDataSystem.java
1,src/main/java/org/jabref/model/database/event/ChangePropagation.java
9,src/main/java/org/jabref/logic/openoffice/frontend/UpdateCitationMarkers.java
4,src/test/java/org/jabref/model/entry/AuthorTest.java
9,src/main/java/org/jabref/logic/importer/fetcher/transformers/SpringerQueryTransformer.java
5,src/main/java/org/jabref/model/openoffice/rangesort/RangeOverlapBetween.java
4,src/main/java/org/jabref/gui/fieldeditors/identifier/ISBNIdentifierEditorViewModel.java
4,src/main/java/org/jabref/gui/groups/MoveGroupChange.java
5,src/main/java/org/jabref/logic/bst/BstVMContext.java
12,src/test/java/org/jabref/model/entry/BibEntryTypesManagerTest.java
1,src/main/java/org/jabref/logic/formatter/casechanger/LowerCaseFormatter.java
7,src/main/java/org/jabref/gui/entryeditor/EntryEditorPreferences.java
5,src/test/java/org/jabref/logic/layout/format/RemoveLatexCommandsFormatterTest.java
4,src/main/java/org/jabref/logic/exporter/BibDatabaseWriter.java
4,src/main/java/org/jabref/gui/JabRefExecutorService.java
6,src/main/java/org/jabref/logic/importer/PagedSearchBasedParserFetcher.java
4,src/main/java/org/jabref/logic/exporter/AtomicFileWriter.java
6,src/main/java/org/jabref/logic/xmp/DocumentInformationExtractor.java
9,src/main/java/org/jabref/logic/util/io/DatabaseFileLookup.java
9,src/test/java/org/jabref/logic/importer/ImportFormatReaderIntegrationTest.java
6,src/test/java/org/jabref/gui/preferences/journals/JournalAbbreviationsViewModelTabTest.java
4,src/main/java/org/jabref/logic/msbib/MSBibMapping.java
1,src/main/java/org/jabref/logic/importer/fetcher/GrobidPreferences.java
4,src/test/java/org/jabref/gui/slr/ManageStudyDefinitionViewModelTest.java
7,src/main/java/org/jabref/gui/theme/Theme.java
4,src/main/java/org/jabref/model/openoffice/rangesort/RangeOverlapBetween.java
4,src/test/java/org/jabref/logic/cleanup/DoiCleanupTest.java
9,src/main/java/org/jabref/logic/importer/fileformat/PdfEmbeddedBibFileImporter.java
6,src/test/java/org/jabref/logic/formatter/bibtexfields/ReplaceWithEscapedDoubleQuotesTest.java
1,src/main/java/org/jabref/gui/push/PushToApplications.java
7,src/main/java/org/jabref/gui/edit/automaticfiededitor/editfieldcontent/EditFieldContentViewModel.java
4,src/main/java/org/jabref/gui/entryeditor/MathSciNetTab.java
1,src/test/java/org/jabref/logic/layout/format/AuthorLastFirstAbbreviatorTest.java
6,src/test/java/org/jabref/logic/importer/util/FileFieldParserTest.java
4,src/main/java/org/jabref/gui/logging/ApplicationInsightsWriter.java
4,src/test/java/org/jabref/logic/importer/fetcher/GrobidCitationFetcherTest.java
5,src/main/java/org/jabref/logic/openoffice/backend/Codec52.java
4,src/main/java/org/jabref/logic/layout/format/AuthorNatBib.java
9,src/main/java/org/jabref/logic/formatter/bibtexfields/RemoveBracesFormatter.java
1,src/main/java/org/jabref/logic/citationstyle/CitationStyle.java
7,src/main/java/org/jabref/gui/search/GlobalSearchResultDialogViewModel.java
9,src/test/java/org/jabref/model/entry/MonthTest.java
6,src/main/java/org/jabref/gui/collab/metedatachange/MetadataChangeDetailsView.java
1,src/main/java/org/jabref/gui/fieldeditors/PersonsEditor.java
7,src/main/java/org/jabref/gui/externalfiles/AutoLinkFilesAction.java
6,src/main/java/org/jabref/gui/search/rules/describer/GrammarBasedSearchRuleDescriber.java
1,src/main/java/org/jabref/model/openoffice/style/CitationMarkerEntry.java
4,src/main/java/org/jabref/logic/importer/fetcher/transformers/ZbMathQueryTransformer.java
9,src/main/java/org/jabref/logic/integrity/DatabaseChecker.java
9,src/main/java/org/jabref/logic/search/DatabaseSearcher.java
4,src/main/java/org/jabref/logic/importer/fetcher/ZbMATH.java
4,src/main/java/org/jabref/logic/layout/format/AuthorLastFirstOxfordCommas.java
1,src/test/java/org/jabref/logic/importer/fileformat/MedlineImporterFilesTest.java
1,src/test/java/org/jabref/logic/cleanup/DoiDecodeCleanupTest.java
4,src/test/java/org/jabref/model/database/BibDatabaseContextTest.java
9,src/main/java/org/jabref/logic/exporter/BibDatabaseWriter.java
12,src/main/java/org/jabref/model/util/FileUpdateListener.java
4,src/main/java/org/jabref/logic/importer/fetcher/IacrEprintFetcher.java
7,src/main/java/org/jabref/preferences/ExternalApplicationsPreferences.java
6,src/test/java/org/jabref/gui/edit/CopyMoreActionTest.java
5,src/main/java/org/jabref/logic/util/strings/UnicodeLigaturesMap.java
6,src/main/java/org/jabref/logic/openoffice/frontend/OOFrontend.java
9,src/main/java/org/jabref/logic/exporter/OpenOfficeDocumentCreator.java
9,src/test/java/org/jabref/model/entry/identifier/MathSciNetIdTest.java
1,src/main/java/org/jabref/gui/DragAndDropHelper.java
4,src/test/java/org/jabref/logic/bibtex/FieldContentFormatterTest.java
9,src/main/java/org/jabref/logic/bibtex/comparator/FieldComparator.java
6,src/main/java/org/jabref/gui/DragAndDropHelper.java
4,src/main/java/org/jabref/logic/texparser/LatexParser.java
4,src/main/java/org/jabref/gui/fieldeditors/CitationKeyEditorViewModel.java
6,src/test/java/org/jabref/logic/openoffice/style/OOBibStyleTest.java
6,src/main/java/org/jabref/model/study/QueryResult.java
4,src/test/java/org/jabref/logic/formatter/IdentityFormatterTest.java
1,src/main/java/org/jabref/gui/sidepane/SidePane.java
12,src/main/java/org/jabref/model/paging/Page.java
4,src/main/java/org/jabref/gui/search/RebuildFulltextSearchIndexAction.java
5,src/main/java/org/jabref/logic/pdf/TextExtractor.java
12,src/main/java/org/jabref/model/openoffice/style/CitationLookupResult.java
6,src/main/java/org/jabref/gui/push/PushToApplicationCommand.java
4,src/test/java/org/jabref/logic/importer/fileformat/CffImporterTest.java
4,src/main/java/org/jabref/gui/journals/AbbreviationType.java
9,src/main/java/org/jabref/logic/util/ExternalLinkCreator.java
9,src/test/java/org/jabref/logic/formatter/bibtexfields/RemoveBracesFormatterTest.java
5,src/main/java/org/jabref/logic/exporter/SaveException.java
4,src/test/java/org/jabref/logic/integrity/PagesCheckerBibtexTest.java
7,src/main/java/org/jabref/gui/collab/entrychange/EntryChangeDetailsView.java
1,src/main/java/org/jabref/gui/mergeentries/MultiMergeEntriesViewModel.java
6,src/test/java/org/jabref/logic/importer/fetcher/ScienceDirectTest.java
4,src/main/java/org/jabref/gui/commonfxcontrols/SaveOrderConfigPanel.java
5,src/test/java/org/jabref/logic/importer/fetcher/GvkFetcherTest.java
5,src/main/java/org/jabref/logic/bibtex/FieldContentFormatter.java
4,src/main/java/org/jabref/model/entry/field/FieldProperty.java
7,src/main/java/org/jabref/gui/util/FileNodeViewModel.java
5,src/main/java/org/jabref/logic/shared/DBMSSynchronizer.java
7,src/main/java/org/jabref/gui/commonfxcontrols/FieldFormatterCleanupsPanelViewModel.java
9,src/main/java/org/jabref/model/entry/event/EntryChangedEvent.java
7,src/main/java/org/jabref/gui/fieldeditors/JournalEditor.java
7,src/test/java/org/jabref/gui/edit/ManageKeywordsViewModelTest.java
5,src/main/java/org/jabref/logic/openoffice/style/OOProcessCitationKeyMarkers.java
7,src/main/java/org/jabref/gui/undo/AbstractUndoableJabRefEdit.java
4,src/test/java/org/jabref/logic/exporter/BibtexDatabaseWriterTest.java
4,src/main/java/org/jabref/model/entry/Keyword.java
5,src/test/java/org/jabref/logic/formatter/bibtexfields/AddBracesFormatterTest.java
5,src/main/java/org/jabref/logic/exporter/OOCalcDatabase.java
4,src/test/java/org/jabref/logic/layout/format/LatexToUnicodeFormatterTest.java
6,src/main/java/org/jabref/gui/fieldeditors/ContextMenuAddable.java
7,src/main/java/org/jabref/gui/collab/metedatachange/MetadataChangeDetailsView.java
9,src/main/java/org/jabref/logic/layout/format/XMLChars.java
6,src/main/java/org/jabref/logic/layout/format/Default.java
7,src/main/java/org/jabref/gui/desktop/os/NativeDesktop.java
4,src/main/java/org/jabref/gui/commonfxcontrols/SortCriterionViewModel.java
1,src/main/java/org/jabref/gui/importer/ImportEntriesViewModel.java
6,src/test/java/org/jabref/logic/integrity/CitationKeyDeviationCheckerTest.java
1,src/main/java/org/jabref/gui/externalfiles/FindUnlinkedFilesAction.java
5,src/main/java/org/jabref/logic/importer/util/IdentifierParser.java
1,src/test/java/org/jabref/logic/importer/fetcher/PagedSearchFetcherTest.java
9,src/main/java/org/jabref/logic/importer/fileformat/ModsImporter.java
6,src/test/java/org/jabref/logic/exporter/ModsExportFormatTest.java
1,src/test/java/org/jabref/gui/keyboard/KeyBindingsTabModelTest.java
5,src/test/java/org/jabref/logic/bst/util/BstNameFormatterTest.java
5,src/main/java/org/jabref/logic/importer/fileformat/BibtexImporter.java
5,src/main/java/org/jabref/logic/importer/fileformat/RisImporter.java
9,src/test/java/org/jabref/logic/importer/fileformat/IsiImporterTest.java
9,buildSrc/src/copied/java/org/jabref/logic/journals/JournalAbbreviationLoader.java
6,src/main/java/org/jabref/logic/externalfiles/LinkedFileHandler.java
5,src/main/java/org/jabref/logic/integrity/ISBNChecker.java
4,src/main/java/org/jabref/logic/importer/ParserResult.java
9,src/main/java/org/jabref/logic/importer/fileformat/CffImporter.java
4,src/main/java/org/jabref/logic/pdf/AnnotationImporter.java
1,src/test/java/org/jabref/logic/integrity/CitationKeyDeviationCheckerTest.java
4,src/main/java/org/jabref/gui/maintable/columns/LibraryColumn.java
9,src/main/java/org/jabref/model/openoffice/style/CompareCitedKey.java
1,src/main/java/org/jabref/model/search/matchers/NotMatcher.java
6,src/main/java/org/jabref/logic/importer/fetcher/RfcFetcher.java
9,src/main/java/org/jabref/logic/importer/fetcher/SpringerFetcher.java
4,src/test/java/org/jabref/logic/l10n/JavaLocalizationEntryParser.java
5,src/test/java/org/jabref/logic/formatter/bibtexfields/RemoveHyphenatedNewlinesFormatterTest.java
1,src/test/java/org/jabref/logic/shared/SynchronizationEventListenerTest.java
5,src/main/java/org/jabref/logic/xmp/DublinCoreExtractor.java
6,src/main/java/org/jabref/logic/util/TestEntry.java
1,src/main/java/org/jabref/model/groups/KeywordGroup.java
9,src/main/java/org/jabref/logic/layout/format/AuthorFirstAbbrLastCommas.java
5,src/main/java/org/jabref/logic/cleanup/DoiCleanup.java
6,src/main/java/org/jabref/logic/importer/fileformat/CffImporter.java
4,src/main/java/org/jabref/gui/theme/Theme.java
5,src/test/java/org/jabref/logic/formatter/bibtexfields/HtmlToLatexFormatterTest.java
5,src/main/java/org/jabref/logic/formatter/bibtexfields/NormalizePagesFormatter.java
5,src/test/java/org/jabref/logic/layout/format/AuthorFirstAbbrLastOxfordCommasTest.java
1,src/main/java/org/jabref/model/search/matchers/MatcherSets.java
5,src/main/java/org/jabref/logic/msbib/MSBibConverter.java
4,src/main/java/org/jabref/logic/pdf/search/indexing/PdfIndexer.java
9,src/test/java/org/jabref/logic/bst/util/BstCaseChangersTest.java
7,src/main/java/org/jabref/gui/libraryproperties/LibraryPropertiesViewModel.java
9,src/test/java/org/jabref/logic/importer/fetcher/BvbFetcherTest.java
1,src/test/java/org/jabref/logic/protectedterms/ProtectedTermsListTest.java
6,src/main/java/org/jabref/gui/edit/ManageKeywordsDisplayType.java
6,src/test/java/org/jabref/logic/formatter/bibtexfields/UnicodeToLatexFormatterTest.java
5,src/main/java/org/jabref/logic/layout/format/AuthorLF_FFAbbr.java
1,src/main/java/org/jabref/logic/cleanup/CleanupJob.java
7,src/main/java/org/jabref/gui/menus/ChangeEntryTypeMenu.java
4,buildSrc/src/copied/java/org/jabref/logic/journals/Abbreviation.java
4,src/main/java/org/jabref/logic/pdf/search/retrieval/PdfSearcher.java
1,src/main/java/org/jabref/logic/formatter/casechanger/Word.java
4,src/main/java/org/jabref/gui/JabRefGUI.java
7,src/main/java/org/jabref/preferences/GuiPreferences.java
5,src/test/java/org/jabref/logic/util/io/FileHistoryTest.java
5,src/test/java/org/jabref/logic/pdf/EntryAnnotationImporterTest.java
1,src/test/java/org/jabref/logic/texparser/DefaultTexParserTest.java
4,src/main/java/org/jabref/gui/StateManager.java
4,src/main/java/org/jabref/gui/actions/ActionFactory.java
4,src/main/java/org/jabref/logic/util/io/CitationKeyBasedFileFinder.java
12,src/main/java/org/jabref/model/openoffice/uno/UnoBookmark.java
5,src/main/java/org/jabref/model/openoffice/uno/UnoRedlines.java
6,src/test/java/org/jabref/logic/layout/format/AuthorAndToSemicolonReplacerTest.java
4,src/main/java/org/jabref/gui/autocompleter/StringSuggestionProvider.java
5,src/main/java/org/jabref/logic/layout/LayoutFormatterPreferences.java
9,src/main/java/org/jabref/logic/cleanup/ConvertToBiblatexCleanup.java
6,src/main/java/org/jabref/logic/importer/fileformat/MrDLibImporter.java
1,src/main/java/org/jabref/logic/formatter/bibtexfields/HtmlToLatexFormatter.java
1,src/main/java/org/jabref/logic/layout/format/DocBookVersion.java
7,src/main/java/org/jabref/gui/maintable/PersistenceVisualStateTable.java
6,src/test/java/org/jabref/gui/util/TooltipTextUtilTest.java
9,src/main/java/org/jabref/logic/integrity/FieldCheckers.java
6,src/test/java/org/jabref/logic/bibtex/FileFieldWriterTest.java
7,src/main/java/org/jabref/gui/entryeditor/UserDefinedFieldsTab.java
1,src/main/java/org/jabref/logic/exporter/EmbeddedBibFilePdfExporter.java
1,src/main/java/org/jabref/gui/openoffice/OOBibBaseConnect.java
5,src/test/java/org/jabref/logic/exporter/MetaDataSerializerTest.java
6,src/main/java/org/jabref/gui/mergeentries/newmergedialog/FieldRowViewModel.java
1,src/main/java/org/jabref/gui/OpenConsoleAction.java
9,src/main/java/org/jabref/logic/remote/server/RemoteListenerServerThread.java
1,src/main/java/org/jabref/logic/layout/format/NameFormatterPreferences.java
9,src/main/java/org/jabref/logic/layout/format/ToLowerCase.java
4,src/main/java/org/jabref/gui/specialfields/SpecialFieldViewModel.java
4,src/main/java/org/jabref/gui/mergeentries/newmergedialog/cell/OpenExternalLinkAction.java
4,src/main/java/org/jabref/gui/citationkeypattern/GenerateCitationKeyAction.java
9,src/main/java/org/jabref/model/study/StudyDatabase.java
1,src/main/java/org/jabref/gui/exporter/SaveAction.java
4,src/test/java/org/jabref/logic/protectedterms/ProtectedTermsListTest.java
4,src/test/java/org/jabref/logic/importer/fetcher/transformers/SuffixTransformerTest.java
4,src/test/java/org/jabref/logic/bibtex/comparator/BibStringDiffTest.java
9,src/test/java/org/jabref/logic/cleanup/EprintCleanupTest.java
5,src/main/java/org/jabref/logic/exporter/OpenDocumentSpreadsheetCreator.java
1,src/main/java/org/jabref/logic/xmp/XmpUtilWriter.java
4,src/main/java/org/jabref/gui/libraryproperties/constants/ConstantsPropertiesViewModel.java
6,src/main/java/org/jabref/logic/integrity/BracesCorrector.java
6,src/main/java/org/jabref/logic/layout/format/RemoveTilde.java
7,src/main/java/org/jabref/gui/collab/stringdelete/BibTexStringDelete.java
6,src/main/java/org/jabref/logic/integrity/DateChecker.java
1,src/main/java/org/jabref/model/entry/types/EntryTypeFactory.java
6,src/main/java/org/jabref/gui/fieldeditors/identifier/DoiIdentifierEditorViewModel.java
4,src/main/java/org/jabref/logic/openoffice/frontend/OOFrontend.java
1,src/main/java/org/jabref/logic/exporter/BibDatabaseWriter.java
1,src/main/java/org/jabref/model/study/FetchResult.java
9,src/main/java/org/jabref/logic/integrity/BracesCorrector.java
6,src/main/java/org/jabref/gui/icon/JabRefIconView.java
9,src/main/java/org/jabref/logic/shared/OracleProcessor.java
1,src/main/java/org/jabref/logic/importer/util/GroupsParser.java
7,src/test/java/org/jabref/gui/UpdateTimestampListenerTest.java
6,src/main/java/org/jabref/gui/undo/UndoableKeyChange.java
5,src/main/java/org/jabref/logic/net/ProxyAuthenticator.java
7,src/main/java/org/jabref/gui/search/SearchTextField.java
7,src/main/java/org/jabref/gui/fieldeditors/TextInputControlBehavior.java
1,src/main/java/org/jabref/logic/protectedterms/ProtectedTermsLoader.java
1,src/test/java/org/jabref/gui/util/comparator/SpecialFieldComparatorTest.java
4,src/main/java/org/jabref/logic/layout/format/ReplaceUnicodeLigaturesFormatter.java
4,src/test/java/org/jabref/gui/fieldeditors/LinkedFilesEditorViewModelTest.java
5,src/main/java/org/jabref/logic/msbib/PageNumbers.java
6,src/main/java/org/jabref/logic/integrity/ValueChecker.java
4,src/main/java/org/jabref/model/openoffice/uno/CreationException.java
1,src/test/java/org/jabref/logic/search/DatabaseSearcherTest.java
5,src/test/java/org/jabref/logic/crawler/StudyYamlParserTest.java
5,src/test/java/org/jabref/logic/formatter/bibtexfields/RemoveBracesFormatterTest.java
4,src/test/java/org/jabref/logic/citationstyle/CitationStyleCacheTest.java
4,src/main/java/org/jabref/logic/formatter/minifier/TruncateFormatter.java
4,src/main/java/org/jabref/gui/mergeentries/newmergedialog/fieldsmerger/GroupMerger.java
4,src/test/java/org/jabref/logic/cleanup/ConvertToBibtexCleanupTest.java
5,src/main/java/org/jabref/model/openoffice/ootext/OOFormat.java
6,src/main/java/org/jabref/gui/entryeditor/EntryEditor.java
4,src/main/java/org/jabref/gui/documentviewer/ShowDocumentViewerAction.java
5,src/main/java/org/jabref/model/TreeNode.java
1,src/main/java/org/jabref/logic/protectedterms/ProtectedTermsList.java
6,src/main/java/org/jabref/logic/integrity/AmpersandChecker.java
1,src/main/java/org/jabref/logic/integrity/AbbreviationChecker.java
1,src/main/java/org/jabref/gui/libraryproperties/constants/ConstantsPropertiesViewModel.java
1,src/main/java/org/jabref/logic/util/DelayTaskThrottler.java
7,src/main/java/org/jabref/gui/util/IconValidationDecorator.java
1,src/main/java/org/jabref/gui/entryeditor/OptionalFields2Tab.java
5,src/main/java/org/jabref/logic/layout/format/Iso690FormatDate.java
5,src/main/java/org/jabref/logic/bibtex/comparator/BibStringDiff.java
1,src/main/java/org/jabref/logic/formatter/bibtexfields/CleanupUrlFormatter.java
1,src/main/java/org/jabref/gui/libraryproperties/keypattern/KeyPatternPropertiesViewModel.java
5,src/test/java/org/jabref/model/entry/KeywordListTest.java
6,src/main/java/org/jabref/logic/cleanup/RenamePdfCleanup.java
1,src/test/java/org/jabref/logic/integrity/IntegrityCheckTest.java
1,src/main/java/org/jabref/gui/search/GlobalSearchBar.java
4,src/main/java/org/jabref/logic/openoffice/style/OOBibStyleGetCitationMarker.java
5,src/test/java/org/jabref/logic/importer/fileformat/IsiImporterTest.java
12,src/main/java/org/jabref/model/openoffice/uno/UnoScreenRefresh.java
5,buildSrc/src/copied/java/org/jabref/logic/journals/JournalAbbreviationLoader.java
7,src/test/java/org/jabref/gui/mergeentries/ThreeWayMergeViewModelTest.java
4,src/test/java/org/jabref/logic/importer/fetcher/ACMPortalFetcherTest.java
4,src/main/java/org/jabref/logic/layout/format/FormatPagesForHTML.java
5,src/test/java/org/jabref/logic/util/io/FileUtilTest.java
5,src/main/java/org/jabref/model/entry/field/IEEEField.java
5,src/main/java/org/jabref/model/entry/field/FieldPriority.java
5,src/main/java/org/jabref/logic/openoffice/NoDocumentFoundException.java
9,src/test/java/org/jabref/logic/importer/fileformat/BibtexParserTest.java
6,src/main/java/org/jabref/gui/importer/actions/MergeReviewIntoCommentConfirmationDialog.java
4,src/main/java/org/jabref/logic/importer/fileformat/PdfEmbeddedBibFileImporter.java
1,src/test/java/org/jabref/logic/formatter/casechanger/TitleCaseFormatterTest.java
7,src/main/java/org/jabref/gui/preferences/customimporter/CustomImporterTab.java
4,src/main/java/org/jabref/model/search/SearchMatcher.java
1,src/main/java/org/jabref/model/entry/types/BiblatexEntryTypeDefinitions.java
1,src/test/java/org/jabref/logic/formatter/IdentityFormatterTest.java
5,src/main/java/org/jabref/logic/importer/fetcher/isbntobibtex/IsbnFetcher.java
6,src/test/java/org/jabref/logic/shared/DBMSProcessorTest.java
1,src/main/java/org/jabref/gui/importer/ImporterViewModel.java
1,src/main/java/org/jabref/model/openoffice/uno/UnoRedlines.java
4,src/main/java/org/jabref/logic/importer/ImportFormatPreferences.java
6,src/main/java/org/jabref/logic/remote/server/RemoteListenerServer.java
9,src/main/java/org/jabref/model/entry/types/SystematicLiteratureReviewStudyEntryTypeDefinitions.java
6,src/test/java/org/jabref/model/entry/identifier/DOITest.java
9,src/main/java/org/jabref/logic/layout/format/FirstPage.java
6,src/test/java/org/jabref/logic/importer/fetcher/ApsFetcherTest.java
7,src/main/java/org/jabref/gui/backup/BackupResolverDialog.java
4,src/main/java/org/jabref/logic/util/io/BackupFileUtil.java
4,src/test/java/org/jabref/model/strings/StringUtilTest.java
4,src/test/java/org/jabref/logic/util/DevelopmentStageTest.java
9,src/main/java/org/jabref/logic/formatter/casechanger/UpperCaseFormatter.java
6,src/main/java/org/jabref/logic/importer/SearchBasedFetcher.java
1,src/test/java/org/jabref/logic/citationstyle/CitationStyleGeneratorTest.java
6,src/test/java/org/jabref/logic/l10n/LocalizationConsistencyTest.java
5,src/main/java/org/jabref/logic/layout/format/NameFormatterPreferences.java
1,src/main/java/org/jabref/logic/layout/format/AuthorAndsCommaReplacer.java
1,src/main/java/org/jabref/gui/util/component/TagBar.java
9,src/test/java/org/jabref/model/TreeNodeTest.java
7,src/main/java/org/jabref/gui/maintable/MainTablePreferences.java
9,src/main/java/org/jabref/logic/bibtex/comparator/BibStringDiff.java
1,src/test/java/org/jabref/logic/bibtex/BibEntryWriterTest.java
4,src/main/java/org/jabref/gui/slr/ExistingStudySearchAction.java
6,src/test/java/org/jabref/gui/externalfiles/UnlinkedFilesCrawlerTest.java
1,src/main/java/org/jabref/model/groups/GroupHierarchyType.java
6,src/main/java/org/jabref/model/entry/types/SystematicLiteratureReviewStudyEntryType.java
1,src/main/java/org/jabref/gui/edit/EditAction.java
9,src/main/java/org/jabref/logic/importer/IdFetcher.java
6,src/main/java/org/jabref/gui/icon/JabRefIcon.java
5,src/main/java/org/jabref/logic/openoffice/frontend/RangeForOverlapCheck.java
4,src/main/java/org/jabref/logic/importer/ParseException.java
12,src/main/java/org/jabref/model/search/rules/SearchRule.java
7,src/main/java/org/jabref/gui/util/ViewModelListCellFactory.java
12,src/main/java/org/jabref/model/openoffice/rangesort/RangeOverlapBetween.java
1,src/test/java/org/jabref/logic/exporter/MetaDataSerializerTest.java
1,src/test/java/org/jabref/logic/importer/QueryParserTest.java
4,src/main/java/org/jabref/gui/libraryproperties/LibraryPropertiesView.java
6,src/main/java/org/jabref/logic/layout/format/AuthorFirstLastCommas.java
4,src/main/java/org/jabref/gui/texparser/ParseLatexResultView.java
2,src/main/java/org/jabref/cli/SystemOutputPrinter.java
1,src/main/java/org/jabref/gui/push/PushToApplicationSettings.java
9,src/main/java/org/jabref/logic/formatter/bibtexfields/LatexCleanupFormatter.java
4,src/main/java/org/jabref/gui/fieldeditors/MapBasedEditorViewModel.java
5,src/test/java/org/jabref/model/entry/identifier/ISBNTest.java
4,src/main/java/org/jabref/logic/layout/format/AuthorLF_FF.java
5,src/main/java/org/jabref/logic/layout/format/ToLowerCase.java
1,src/main/java/org/jabref/model/groups/event/GroupUpdatedEvent.java
6,src/main/java/org/jabref/logic/importer/fetcher/transformers/ScholarQueryTransformer.java
6,src/test/java/org/jabref/logic/importer/fileformat/CffImporterTest.java
6,src/main/java/org/jabref/gui/preferences/customexporter/CustomExporterTabViewModel.java
1,src/main/java/org/jabref/gui/DragAndDropDataFormats.java
4,src/main/java/org/jabref/logic/layout/format/GetOpenOfficeType.java
5,src/test/java/org/jabref/logic/util/DevelopmentStageTest.java
4,src/main/java/org/jabref/gui/maintable/MainTableColumnModel.java
6,src/main/java/org/jabref/gui/push/PushToApplications.java
1,src/main/java/org/jabref/logic/help/HelpFile.java
5,src/test/java/org/jabref/logic/integrity/TypeCheckerTest.java
1,src/main/java/org/jabref/model/openoffice/uno/UnoReferenceMark.java
9,src/main/java/org/jabref/logic/bibtex/comparator/MetaDataDiff.java
9,src/main/java/org/jabref/logic/pdf/AnnotationImporter.java
5,src/main/java/org/jabref/logic/importer/FetcherException.java
5,src/main/java/org/jabref/logic/exporter/ExporterFactory.java
6,src/main/java/org/jabref/logic/texparser/TexBibEntriesResolver.java
4,src/main/java/org/jabref/gui/mergeentries/newmergedialog/cell/ThreeWayMergeCellViewModel.java
5,src/test/java/org/jabref/logic/importer/fileformat/MsBibImporterTest.java
5,src/main/java/org/jabref/logic/importer/fetcher/OpenAccessDoi.java
1,src/main/java/org/jabref/model/search/rules/RegexBasedSearchRule.java
6,src/main/java/org/jabref/logic/exporter/ModsExporter.java
1,src/test/java/org/jabref/logic/importer/fileformat/RISImporterFilesTest.java
1,src/main/java/org/jabref/logic/bst/util/BstCaseChanger.java
7,src/main/java/org/jabref/gui/entryeditor/OptionalFieldsTabBase.java
5,src/test/java/org/jabref/logic/integrity/BracketCheckerTest.java
1,src/main/java/org/jabref/logic/formatter/bibtexfields/NormalizeMonthFormatter.java
4,src/main/java/org/jabref/logic/importer/fetcher/transformers/BiodiversityLibraryTransformer.java
1,src/test/java/org/jabref/logic/importer/fetcher/SpringerFetcherTest.java
6,src/test/java/org/jabref/logic/formatter/bibtexfields/LatexCleanupFormatterTest.java
6,src/test/java/org/jabref/logic/importer/fetcher/CiteSeerTest.java
6,src/test/java/org/jabref/model/entry/BibtexStringTest.java
1,src/main/java/org/jabref/model/util/TreeCollector.java
6,src/main/java/org/jabref/gui/commonfxcontrols/FieldFormatterCleanupsPanel.java
9,src/main/java/org/jabref/model/openoffice/uno/UnoSelection.java
6,src/test/java/org/jabref/gui/preferences/keybindings/KeyBindingViewModelTest.java
7,src/main/java/org/jabref/gui/texparser/ReferenceViewModel.java
9,src/test/java/org/jabref/logic/importer/fetcher/transformers/YearRangeByFilteringQueryTransformerTest.java
5,src/main/java/org/jabref/logic/help/HelpFile.java
6,src/main/java/org/jabref/gui/search/GlobalSearchResultDialog.java
6,src/main/java/org/jabref/gui/collab/groupchange/GroupChange.java
9,src/test/java/org/jabref/logic/integrity/BooktitleCheckerTest.java
9,src/test/java/org/jabref/logic/layout/format/AuthorLF_FFAbbrTest.java
9,src/test/java/org/jabref/logic/formatter/bibtexfields/RemoveNewlinesFormatterTest.java
6,src/main/java/org/jabref/logic/WatchServiceUnavailableException.java
5,src/test/java/org/jabref/logic/layout/LayoutHelperTest.java
1,src/main/java/org/jabref/gui/openoffice/Bootstrap.java
6,src/main/java/org/jabref/logic/exporter/BlankLineBehaviour.java
9,src/main/java/org/jabref/logic/integrity/BooktitleChecker.java
4,src/main/java/org/jabref/gui/preferences/linkedfiles/LinkedFilesTab.java
6,src/main/java/org/jabref/model/openoffice/style/CompareCitation.java
4,src/test/java/org/jabref/logic/importer/fileformat/EndnoteImporterTest.java
5,src/test/java/org/jabref/logic/importer/fetcher/GoogleScholarTest.java
7,src/main/java/org/jabref/gui/help/HelpAction.java
6,src/main/java/org/jabref/gui/duplicationFinder/DuplicateResolverDialog.java
1,src/main/java/org/jabref/gui/collab/stringrename/BibTexStringRename.java
6,src/main/java/org/jabref/gui/auximport/AuxParserResultViewModel.java
4,src/main/java/org/jabref/gui/preferences/xmp/XmpPrivacyTab.java
1,src/test/java/org/jabref/gui/importer/NewEntryActionTest.java
1,src/test/java/org/jabref/logic/importer/fetcher/transformers/YearAndYearRangeByFilteringQueryTransformerTest.java
9,src/test/java/org/jabref/logic/importer/fetcher/SemanticScholarTest.java
7,src/main/java/org/jabref/gui/entryeditor/OpenEntryEditorAction.java
4,src/main/java/org/jabref/logic/integrity/ISSNChecker.java
9,src/test/java/org/jabref/logic/importer/fetcher/transformers/JstorQueryTransformerTest.java
6,src/main/java/org/jabref/gui/openoffice/OOBibBaseConnect.java
1,src/main/java/org/jabref/gui/openoffice/ManageCitationsDialogView.java
1,src/main/java/org/jabref/gui/libraryproperties/LibraryPropertiesViewModel.java
1,src/main/java/org/jabref/logic/layout/format/AuthorFirstFirst.java
6,src/test/java/org/jabref/model/groups/AutomaticPersonsGroupTest.java
9,src/test/java/org/jabref/logic/integrity/NoBibTexFieldCheckerTest.java
12,src/main/java/org/jabref/model/entry/identifier/Identifier.java
7,src/main/java/org/jabref/gui/libraryproperties/constants/ConstantsItemModel.java
1,src/main/java/org/jabref/logic/importer/fetcher/isbntobibtex/IsbnFetcher.java
1,src/test/java/org/jabref/logic/cleanup/FieldFormatterCleanupTest.java
1,src/main/java/org/jabref/logic/shared/prefs/SharedDatabasePreferences.java
5,src/test/java/org/jabref/logic/exporter/BibtexDatabaseWriterTest.java
4,src/main/java/org/jabref/logic/importer/fetcher/transformers/JstorQueryTransformer.java
4,src/main/java/org/jabref/logic/crawler/StudyYamlParser.java
6,src/main/java/org/jabref/logic/exporter/BibDatabaseWriter.java
9,src/main/java/org/jabref/logic/shared/PostgreSQLProcessor.java
4,src/main/java/org/jabref/model/search/matchers/OrMatcher.java
7,src/main/java/org/jabref/gui/fieldeditors/identifier/EprintIdentifierEditorViewModel.java
1,src/main/java/org/jabref/gui/autocompleter/AutoCompleteFirstNameMode.java
4,src/test/java/org/jabref/logic/importer/util/GrobidServiceTest.java
6,src/main/java/org/jabref/logic/bst/BstVMContext.java
7,src/main/java/org/jabref/gui/collab/stringadd/BibTexStringAdd.java
4,src/test/java/org/jabref/logic/importer/fetcher/PicaXmlParserTest.java
5,src/main/java/org/jabref/logic/TypedBibEntry.java
9,src/test/java/org/jabref/logic/importer/fileformat/RISImporterTest.java
6,src/test/java/org/jabref/logic/exporter/MsBibExportFormatTest.java
9,src/main/java/org/jabref/logic/citationkeypattern/GlobalCitationKeyPattern.java
6,src/main/java/org/jabref/logic/layout/format/ShortMonthFormatter.java
4,src/main/java/org/jabref/gui/externalfiles/DownloadFullTextAction.java
6,src/main/java/org/jabref/gui/collab/DatabaseChangeDetailsViewFactory.java
4,src/main/java/org/jabref/logic/bibtex/comparator/BibStringDiff.java
1,src/main/java/org/jabref/logic/citationkeypattern/CitationKeyPatternPreferences.java
9,src/main/java/org/jabref/logic/formatter/bibtexfields/NormalizeNamesFormatter.java
5,src/main/java/org/jabref/logic/shared/PostgreSQLProcessor.java
1,src/main/java/org/jabref/logic/remote/server/RemoteListenerServerManager.java
4,src/test/java/org/jabref/logic/layout/format/RemoveWhitespaceTest.java
1,src/main/java/org/jabref/gui/mergeentries/newmergedialog/diffhighlighter/UnifiedDiffHighlighter.java
1,src/main/java/org/jabref/logic/shared/event/SharedEntriesNotPresentEvent.java
4,src/main/java/org/jabref/model/openoffice/style/CitationLookupResult.java
1,src/main/java/org/jabref/logic/cleanup/MoveFieldCleanup.java
6,src/main/java/org/jabref/gui/preferences/entryeditor/EntryEditorTab.java
1,src/test/java/org/jabref/gui/preferences/journals/AbbreviationViewModelTest.java
4,src/test/java/org/jabref/logic/layout/format/RemoveBracketsAddCommaTest.java
4,src/test/java/org/jabref/logic/formatter/bibtexfields/ClearFormatterTest.java
1,src/main/java/org/jabref/logic/integrity/BibTeXEntryTypeChecker.java
6,src/main/java/org/jabref/gui/preferences/appearance/AppearanceTabViewModel.java
5,src/main/java/org/jabref/model/entry/event/EntriesEvent.java
9,src/test/java/org/jabref/logic/exporter/DocBook5ExporterTest.java
9,src/main/java/org/jabref/logic/layout/format/AuthorAndToSemicolonReplacer.java
1,src/main/java/org/jabref/gui/collab/stringchange/BibTexStringChange.java
5,src/main/java/org/jabref/logic/importer/FulltextFetcher.java
6,src/test/java/org/jabref/logic/cleanup/CleanupWorkerTest.java
1,src/main/java/org/jabref/gui/preferences/network/NetworkTab.java
6,src/main/java/org/jabref/gui/mergeentries/newmergedialog/fieldsmerger/FileMerger.java
1,src/main/java/org/jabref/logic/cleanup/FieldFormatterCleanups.java
9,src/test/java/org/jabref/logic/bibtex/comparator/PreambleDiffTest.java
9,src/test/java/org/jabref/logic/layout/LayoutEntryTest.java
9,src/test/java/org/jabref/logic/layout/format/RisKeywordsTest.java
9,src/test/java/org/jabref/logic/msbib/MsBibAuthorTest.java
9,src/test/java/org/jabref/logic/importer/fetcher/GoogleScholarTest.java
7,src/main/java/org/jabref/gui/externalfiles/AutoSetFileLinksUtil.java
4,src/main/java/org/jabref/model/entry/identifier/ISBN.java
1,src/test/java/org/jabref/logic/importer/fetcher/transformers/ArXivQueryTransformerTest.java
5,src/test/java/org/jabref/logic/importer/fetcher/ApsFetcherTest.java
5,src/test/java/org/jabref/logic/importer/ImportFormatReaderIntegrationTest.java
4,src/test/java/org/jabref/logic/importer/fetcher/transformers/YearAndYearRangeByFilteringQueryTransformerTest.java
7,src/test/java/org/jabref/gui/autocompleter/PersonNameStringConverterTest.java
1,src/main/java/org/jabref/model/openoffice/rangesort/RangeSortEntry.java
5,src/test/java/org/jabref/logic/exporter/EmbeddedBibFilePdfExporterTest.java
6,src/main/java/org/jabref/gui/commonfxcontrols/FieldFormatterCleanupsPanelViewModel.java
6,src/main/java/org/jabref/logic/importer/fetcher/transformers/YearAndYearRangeByFilteringQueryTransformer.java
6,src/test/java/org/jabref/model/entry/identifier/ISBNTest.java
6,src/test/java/org/jabref/logic/shared/SynchronizationSimulatorTest.java
5,src/main/java/org/jabref/logic/auxparser/AuxParserResult.java
1,src/test/java/org/jabref/logic/importer/fetcher/JstorFetcherTest.java
1,src/test/java/org/jabref/logic/importer/fetcher/MathSciNetTest.java
7,src/main/java/org/jabref/gui/slr/StartNewStudyAction.java
6,src/main/java/org/jabref/gui/edit/CopyDoiUrlAction.java
1,src/main/java/org/jabref/gui/fieldeditors/FieldNameLabel.java
6,src/test/java/org/jabref/model/entry/MonthTest.java
4,src/main/java/org/jabref/gui/fieldeditors/PersonsEditorViewModel.java
5,src/main/java/org/jabref/logic/layout/format/CreateDocBook4Authors.java
5,src/main/java/org/jabref/model/texparser/LatexBibEntriesResolverResult.java
6,src/main/java/org/jabref/gui/copyfiles/CopyFilesDialogViewModel.java
1,src/main/java/org/jabref/model/groups/TexGroup.java
9,src/test/java/org/jabref/logic/importer/fileformat/MedlineImporterFilesTest.java
6,src/main/java/org/jabref/logic/shared/DatabaseNotSupportedException.java
9,src/test/java/org/jabref/logic/util/DevelopmentStageTest.java
7,src/main/java/org/jabref/gui/util/ColorUtil.java
1,src/main/java/org/jabref/gui/mergeentries/newmergedialog/cell/FieldValueCellViewModel.java
7,src/main/java/org/jabref/gui/util/NoSelectionModel.java
5,src/test/java/org/jabref/logic/remote/RemoteCommunicationTest.java
5,src/main/java/org/jabref/logic/integrity/AbbreviationChecker.java
5,src/main/java/org/jabref/logic/groups/DefaultGroupsFactory.java
4,src/main/java/org/jabref/gui/edit/automaticfiededitor/AutomaticFieldEditorViewModel.java
6,src/test/java/org/jabref/logic/importer/fetcher/OpenAccessDoiTest.java
9,src/main/java/org/jabref/logic/importer/fetcher/transformers/YearAndYearRangeByFilteringQueryTransformer.java
1,src/test/java/org/jabref/model/entry/identifier/ISBNTest.java
4,src/main/java/org/jabref/model/entry/BibtexString.java
12,src/test/java/org/jabref/model/entry/AuthorListTest.java
5,src/test/java/org/jabref/model/entry/identifier/DOITest.java
9,src/main/java/org/jabref/model/openoffice/backend/NamedRange.java
4,src/main/java/org/jabref/logic/remote/RemoteUtil.java
6,src/main/java/org/jabref/logic/bst/BstVMException.java
1,src/test/java/org/jabref/gui/externalfiletype/ExternalFileTypesTest.java
1,src/main/java/org/jabref/logic/layout/format/Default.java
1,src/main/java/org/jabref/logic/openoffice/OpenOfficePreferences.java
6,src/test/java/org/jabref/gui/externalfiletype/ExternalFileTypesTest.java
1,src/main/java/org/jabref/gui/logging/ApplicationInsightsWriter.java
2,src/test/java/org/jabref/cli/JabRefCLITest.java
6,src/main/java/org/jabref/logic/formatter/bibtexfields/ClearFormatter.java
5,src/test/java/org/jabref/model/groups/GroupTreeNodeTest.java
4,src/main/java/org/jabref/model/entry/Author.java
1,src/main/java/org/jabref/logic/preferences/DOIPreferences.java
1,src/main/java/org/jabref/gui/maintable/PersistenceVisualStateTable.java
9,src/main/java/org/jabref/logic/layout/format/CSLType.java
6,src/main/java/org/jabref/gui/fieldeditors/GenderEditorViewModel.java
1,src/main/java/org/jabref/logic/formatter/minifier/TruncateFormatter.java
5,src/main/java/org/jabref/logic/importer/fileformat/CitaviXmlImporter.java
5,src/main/java/org/jabref/model/entry/KeywordList.java
4,src/main/java/org/jabref/gui/externalfiles/FileFilterUtils.java
9,src/test/java/org/jabref/logic/formatter/bibtexfields/ReplaceWithEscapedDoubleQuotesTest.java
9,src/test/java/org/jabref/logic/bibtex/comparator/EntryComparatorTest.java
9,src/main/java/org/jabref/model/openoffice/style/PageInfo.java
6,src/main/java/org/jabref/gui/mergeentries/newmergedialog/ThreeWayMergeHeaderView.java
7,src/main/java/org/jabref/gui/preferences/PreferencesFilterDialog.java
7,src/main/java/org/jabref/preferences/GeneralPreferences.java
4,src/main/java/org/jabref/logic/layout/format/Iso690NamesAuthors.java
7,src/test/java/org/jabref/gui/fieldeditors/LinkedFileViewModelTest.java
7,src/main/java/org/jabref/gui/fieldeditors/EditorTypeEditorViewModel.java
1,src/main/java/org/jabref/logic/integrity/ISSNChecker.java
7,src/main/java/org/jabref/gui/util/DirectoryDialogConfiguration.java
4,src/main/java/org/jabref/gui/dialogs/AutosaveUiManager.java
1,src/main/java/org/jabref/gui/util/DefaultFileUpdateMonitor.java
7,src/main/java/org/jabref/gui/sidepane/TogglePaneAction.java
1,src/main/java/org/jabref/gui/slr/ManageStudyDefinitionView.java
5,src/main/java/org/jabref/logic/cleanup/MoveFilesCleanup.java
1,src/main/java/org/jabref/logic/layout/format/CurrentDate.java
9,src/main/java/org/jabref/model/openoffice/ootext/OOFormat.java
1,src/test/java/org/jabref/logic/bst/util/BstNameFormatterTest.java
5,src/main/java/org/jabref/logic/externalfiles/LinkedFileHandler.java
6,src/main/java/org/jabref/gui/preferences/customentrytypes/EntryTypeViewModel.java
1,src/test/java/org/jabref/gui/edit/RenameFieldViewModelTest.java
1,src/main/java/org/jabref/gui/fieldeditors/PersonsEditorViewModel.java
6,src/main/java/org/jabref/logic/undo/AddUndoableActionEvent.java
9,src/main/java/org/jabref/model/groups/SearchGroup.java
6,src/main/java/org/jabref/gui/edit/automaticfiededitor/renamefield/RenameFieldViewModel.java
1,src/main/java/org/jabref/gui/push/PushToVim.java
6,src/main/java/org/jabref/logic/pdf/AnnotationImporter.java
11,src/main/java/org/jabref/preferences/AppearancePreferences.java
9,src/main/java/org/jabref/logic/layout/format/AuthorAndsReplacer.java
7,src/main/java/org/jabref/gui/preferences/AbstractPreferenceTabView.java
6,src/main/java/org/jabref/gui/fieldeditors/LinkedEntriesEditor.java
7,src/main/java/org/jabref/gui/collab/stringrename/BibTexStringRename.java
7,src/main/java/org/jabref/gui/icon/IconTheme.java
5,src/test/java/org/jabref/logic/shared/DBMSConnectionTest.java
6,src/main/java/org/jabref/gui/preferences/general/GeneralTabViewModel.java
4,src/test/java/org/jabref/logic/exporter/ExporterTest.java
6,src/main/java/org/jabref/gui/fieldeditors/EditorTextField.java
7,src/main/java/org/jabref/gui/SendAsEMailAction.java
4,src/main/java/org/jabref/gui/edit/ReplaceStringAction.java
12,src/test/java/org/jabref/model/openoffice/CitationEntryTest.java
1,src/test/java/org/jabref/logic/layout/format/ReplaceTest.java
5,src/test/java/org/jabref/logic/exporter/MsBibExportFormatTest.java
5,src/main/java/org/jabref/model/openoffice/ootext/OOText.java
5,src/main/java/org/jabref/logic/integrity/ASCIICharacterChecker.java
6,src/test/java/org/jabref/model/groups/GroupTreeNodeTest.java
9,src/main/java/org/jabref/logic/layout/format/MarkdownFormatter.java
1,src/main/java/org/jabref/logic/integrity/CitationKeyDuplicationChecker.java
7,src/main/java/org/jabref/gui/exporter/SaveDatabaseAction.java
9,src/main/java/org/jabref/logic/l10n/Language.java
4,src/main/java/org/jabref/gui/documentviewer/PdfDocumentViewModel.java
9,src/test/java/org/jabref/logic/net/URLUtilTest.java
5,src/main/java/org/jabref/logic/importer/fetcher/DoiFetcher.java
4,src/main/java/org/jabref/gui/mergeentries/MultiMergeEntriesView.java
6,src/main/java/org/jabref/logic/layout/format/AuthorFirstFirst.java
4,src/main/java/org/jabref/gui/importer/ImporterViewModel.java
6,src/test/java/org/jabref/logic/importer/fileformat/MedlineImporterFilesTest.java
7,src/main/java/org/jabref/gui/preferences/network/NetworkTabViewModel.java
4,src/test/java/org/jabref/logic/bibtex/BibEntryWriterTest.java
12,src/main/java/org/jabref/model/search/matchers/AndMatcher.java
1,src/test/java/org/jabref/logic/importer/fetcher/ApsFetcherTest.java
4,src/test/java/org/jabref/logic/layout/format/AuthorLastFirstAbbrOxfordCommasTest.java
4,src/main/java/org/jabref/model/entry/KeywordList.java
1,src/main/java/org/jabref/logic/formatter/bibtexfields/UnitsToLatexFormatter.java
11,src/main/java/org/jabref/preferences/GuiPreferences.java
6,src/main/java/org/jabref/logic/layout/format/AuthorLastFirst.java
6,src/main/java/org/jabref/logic/bibtex/comparator/BibDatabaseDiff.java
4,src/main/java/org/jabref/gui/externalfiles/ChainedFilters.java
9,src/test/java/org/jabref/logic/formatter/bibtexfields/RemoveHyphenatedNewlinesFormatterTest.java
4,src/main/java/org/jabref/gui/edit/automaticfiededitor/renamefield/RenameFieldTabView.java
1,src/main/java/org/jabref/gui/undo/UndoableFieldChange.java
6,src/main/java/org/jabref/logic/openoffice/style/OOBibStyle.java
5,src/test/java/org/jabref/logic/layout/format/AuthorLastFirstAbbrCommasTest.java
4,src/main/java/org/jabref/logic/layout/format/AuthorAbbreviator.java
6,src/main/java/org/jabref/model/openoffice/util/OOResult.java
4,src/main/java/org/jabref/logic/importer/fileformat/BibtexParser.java
6,src/test/java/org/jabref/logic/exporter/HtmlExportFormatTest.java
9,src/main/java/org/jabref/logic/importer/FulltextFetcher.java
12,src/main/java/org/jabref/model/entry/field/FieldFactory.java
6,src/main/java/org/jabref/gui/fieldeditors/EditorTextArea.java
5,src/main/java/org/jabref/model/groups/SearchGroup.java
7,src/test/java/org/jabref/gui/mergeentries/GroupMergerTest.java
7,src/test/java/org/jabref/gui/groups/GroupDialogViewModelTest.java
9,src/main/java/org/jabref/logic/integrity/UTF8Checker.java
1,src/main/java/org/jabref/logic/integrity/NoBibtexFieldChecker.java
9,src/main/java/org/jabref/logic/cleanup/DoiCleanup.java
4,src/main/java/org/jabref/logic/preferences/OwnerPreferences.java
4,src/main/java/org/jabref/gui/theme/StyleSheetDataUrl.java
5,src/test/java/org/jabref/logic/importer/ImporterTest.java
9,src/test/java/org/jabref/logic/integrity/AmpersandCheckerTest.java
7,src/main/java/org/jabref/gui/Globals.java
9,src/main/java/org/jabref/logic/util/io/XMLUtil.java
1,src/main/java/org/jabref/logic/importer/fetcher/GvkFetcher.java
6,src/main/java/org/jabref/model/search/matchers/OrMatcher.java
6,src/main/java/org/jabref/logic/util/BuildInfo.java
5,src/main/java/org/jabref/model/search/matchers/MatcherSet.java
9,src/main/java/org/jabref/logic/texparser/TexBibEntriesResolver.java
6,src/main/java/org/jabref/logic/cleanup/CleanupJob.java
7,src/main/java/org/jabref/gui/DialogService.java
6,src/main/java/org/jabref/logic/importer/fileformat/CoinsParser.java
4,src/test/java/org/jabref/gui/sidepane/SidePaneViewModelTest.java
5,src/test/java/org/jabref/logic/l10n/LocalizationParser.java
6,src/main/java/org/jabref/gui/openoffice/DetectOpenOfficeInstallation.java
4,src/main/java/org/jabref/model/openoffice/uno/UnoStyle.java
7,src/main/java/org/jabref/gui/push/PushToApplicationSettings.java
9,src/main/java/org/jabref/model/study/Study.java
5,src/test/java/org/jabref/logic/importer/ParserResultTest.java
1,src/main/java/org/jabref/logic/exporter/SaveException.java
7,src/main/java/org/jabref/gui/edit/automaticfiededitor/AutomaticFieldEditorDialog.java
7,src/main/java/org/jabref/gui/desktop/os/Linux.java
9,src/main/java/org/jabref/logic/bibtex/comparator/EntryComparator.java
6,src/main/java/org/jabref/logic/cleanup/FieldFormatterCleanup.java
4,src/main/java/org/jabref/logic/bibtex/comparator/FieldComparatorStack.java
9,src/main/java/org/jabref/logic/citationkeypattern/AbstractCitationKeyPattern.java
1,src/main/java/org/jabref/gui/collab/DatabaseChangesResolverDialog.java
4,src/main/java/org/jabref/logic/citationstyle/CitationStyleGenerator.java
1,src/main/java/org/jabref/gui/entryeditor/SourceTab.java
7,src/main/java/org/jabref/gui/fieldeditors/PatentTypeEditorViewModel.java
4,src/main/java/org/jabref/logic/integrity/FileChecker.java
6,src/main/java/org/jabref/gui/groups/MoveGroupChange.java
6,src/main/java/org/jabref/gui/fieldeditors/LinkedEntriesEditorViewModel.java
4,src/test/java/org/jabref/model/entry/field/StandardFieldTest.java
9,src/test/java/org/jabref/logic/layout/format/ToLowerCaseTest.java
6,src/test/java/org/jabref/logic/layout/format/OrdinalTest.java
12,src/test/java/org/jabref/model/FieldChangeTest.java
1,src/main/java/org/jabref/gui/edit/automaticfiededitor/AutomaticFieldEditorViewModel.java
9,src/test/java/org/jabref/logic/importer/fetcher/IEEETest.java
6,src/main/java/org/jabref/logic/util/UpdateField.java
4,src/main/java/org/jabref/gui/importer/actions/CheckForNewEntryTypesAction.java
7,src/main/java/org/jabref/gui/maintable/columns/SpecialFieldColumn.java
1,src/main/java/org/jabref/model/entry/LinkedFile.java
1,src/main/java/org/jabref/gui/desktop/os/DefaultDesktop.java
1,src/main/java/org/jabref/gui/util/ViewModelTreeTableRowFactory.java
6,src/main/java/org/jabref/logic/integrity/JournalInAbbreviationListChecker.java
4,src/test/java/org/jabref/logic/importer/fileformat/InspecImporterTest.java
12,src/main/java/org/jabref/model/entry/field/SpecialFieldValue.java
5,src/test/java/org/jabref/logic/pdf/search/retrieval/PdfSearcherTest.java
5,src/main/java/org/jabref/logic/importer/util/GrobidService.java
9,src/main/java/org/jabref/model/entry/KeywordList.java
4,src/main/java/org/jabref/logic/openoffice/action/EditMerge.java
5,src/main/java/org/jabref/model/entry/types/BibtexEntryTypeDefinitions.java
6,src/test/java/org/jabref/logic/cleanup/FieldFormatterCleanupTest.java
6,src/main/java/org/jabref/gui/menus/FileHistoryMenu.java
1,src/test/java/org/jabref/logic/formatter/bibtexfields/HtmlToUnicodeFormatterTest.java
9,src/main/java/org/jabref/logic/search/SearchQuery.java
1,src/main/java/org/jabref/model/util/OptionalUtil.java
9,src/main/java/org/jabref/logic/integrity/UrlChecker.java
9,src/main/java/org/jabref/logic/openoffice/style/OOProcess.java
6,src/test/java/org/jabref/logic/integrity/EntryLinkCheckerTest.java
5,src/main/java/org/jabref/logic/layout/format/RemoveBrackets.java
4,src/main/java/org/jabref/logic/importer/util/ShortDOIService.java
6,src/main/java/org/jabref/gui/preferences/network/NetworkTab.java
4,src/test/java/org/jabref/logic/importer/fetcher/DiVATest.java
5,src/test/java/org/jabref/logic/cleanup/TimeStampToModificationDateTest.java
1,src/test/java/org/jabref/logic/remote/RemoteCommunicationTest.java
1,src/main/java/org/jabref/gui/libraryproperties/keypattern/KeyPatternPropertiesView.java
5,src/test/java/org/jabref/logic/cleanup/RenamePdfCleanupTest.java
4,src/main/java/org/jabref/logic/shared/exception/SharedEntryNotPresentException.java
9,src/test/java/org/jabref/logic/layout/format/FileLinkTest.java
4,src/test/java/org/jabref/logic/layout/format/AuthorOrgSciTest.java
5,src/main/java/org/jabref/logic/layout/StringInt.java
4,src/main/java/org/jabref/model/entry/identifier/ArXivIdentifier.java
1,src/test/java/org/jabref/logic/shared/SynchronizationSimulatorTest.java
9,src/main/java/org/jabref/model/entry/field/AMSField.java
1,src/main/java/org/jabref/logic/importer/ImportFormatPreferences.java
1,src/main/java/org/jabref/gui/menus/ChangeEntryTypeMenu.java
5,src/test/java/org/jabref/logic/formatter/casechanger/SentenceCaseFormatterTest.java
6,src/main/java/org/jabref/logic/integrity/TitleChecker.java
1,src/test/java/org/jabref/logic/bst/BstPreviewLayoutTest.java
4,src/main/java/org/jabref/model/openoffice/ootext/OOText.java
6,src/main/java/org/jabref/gui/fieldeditors/identifier/BaseIdentifierEditorViewModel.java
6,src/main/java/org/jabref/gui/commonfxcontrols/CitationKeyPatternPanelViewModel.java
5,src/test/java/org/jabref/logic/layout/format/RisMonthTest.java
6,src/test/java/org/jabref/logic/shared/DBMSTypeTest.java
9,src/test/java/org/jabref/model/paging/PageTest.java
1,src/main/java/org/jabref/model/openoffice/style/ComparableCitedKey.java
1,src/test/java/org/jabref/logic/importer/fileformat/SilverPlatterImporterTest.java
5,src/main/java/org/jabref/logic/importer/fetcher/isbntobibtex/EbookDeIsbnFetcher.java
5,src/main/java/org/jabref/logic/remote/RemotePreferences.java
1,src/main/java/org/jabref/gui/exporter/ExportCommand.java
5,src/test/java/org/jabref/logic/git/GitHandlerTest.java
12,src/main/java/org/jabref/model/openoffice/style/CompareCitation.java
9,src/test/java/org/jabref/logic/layout/format/ShortMonthFormatterTest.java
1,src/main/java/org/jabref/gui/libraryproperties/constants/ConstantsPropertiesView.java
6,src/main/java/org/jabref/gui/undo/CountingUndoManager.java
4,src/main/java/org/jabref/logic/auxparser/AuxParser.java
4,src/test/java/org/jabref/logic/layout/LayoutEntryTest.java
12,src/main/java/org/jabref/model/openoffice/style/CompareCitedKey.java
5,src/main/java/org/jabref/logic/layout/ParamLayoutFormatter.java
7,src/test/java/org/jabref/gui/exporter/SaveDatabaseActionTest.java
1,src/main/java/org/jabref/model/openoffice/uno/UnoNameAccess.java
4,src/test/java/org/jabref/logic/shared/DBMSSynchronizerTest.java
7,src/test/java/org/jabref/gui/preview/CopyCitationActionTest.java
5,src/test/java/org/jabref/logic/formatter/bibtexfields/HtmlToUnicodeFormatterTest.java
6,src/main/java/org/jabref/model/entry/types/BiblatexApaEntryType.java
4,src/main/java/org/jabref/gui/theme/ThemeManager.java
1,src/test/java/org/jabref/logic/importer/fetcher/CiteSeerTest.java
7,src/main/java/org/jabref/gui/preferences/network/CustomCertificateViewModel.java
9,src/main/java/org/jabref/model/groups/AbstractGroup.java
12,src/main/java/org/jabref/model/FieldChange.java
6,src/test/java/org/jabref/logic/importer/fetcher/GoogleScholarTest.java
1,src/test/java/org/jabref/gui/autocompleter/PersonNameStringConverterTest.java
4,src/main/java/org/jabref/logic/importer/Parser.java
9,src/main/java/org/jabref/model/openoffice/style/NonUniqueCitationMarker.java
5,src/main/java/org/jabref/model/entry/types/StandardEntryType.java
6,src/test/java/org/jabref/gui/mergeentries/ThreeWayMergeViewModelTest.java
5,src/main/java/org/jabref/logic/integrity/EntryLinkChecker.java
1,src/main/java/org/jabref/logic/importer/fetcher/DOAJFetcher.java
5,src/main/java/org/jabref/model/entry/types/SystematicLiteratureReviewStudyEntryType.java
6,src/main/java/org/jabref/gui/push/PushToLyx.java
6,src/main/java/org/jabref/gui/entryeditor/FieldsEditorTab.java
9,src/main/java/org/jabref/logic/formatter/bibtexfields/NormalizePagesFormatter.java
4,src/main/java/org/jabref/logic/formatter/bibtexfields/ReplaceTabsBySpaceFormater.java
6,src/test/java/org/jabref/logic/importer/fileformat/IsiImporterTest.java
4,src/test/java/org/jabref/logic/importer/fetcher/transformers/YearRangeByFilteringQueryTransformerTest.java
9,src/test/java/org/jabref/logic/auxparser/DefaultAuxParserTest.java
4,src/main/java/org/jabref/gui/util/comparator/RankingFieldComparator.java
1,src/main/java/org/jabref/gui/linkedfile/DeleteFileAction.java
4,src/test/java/org/jabref/logic/cleanup/ConvertToBiblatexCleanupTest.java
6,src/main/java/org/jabref/gui/util/uithreadaware/UiThreadListChangeListener.java
1,src/main/java/org/jabref/gui/util/ViewModelTreeCellFactory.java
9,src/main/java/org/jabref/logic/importer/fetcher/TitleFetcher.java
6,src/main/java/org/jabref/logic/openoffice/action/EditMerge.java
7,src/main/java/org/jabref/gui/libraryproperties/keypattern/KeyPatternPropertiesViewModel.java
1,src/main/java/org/jabref/logic/importer/OpenDatabase.java
9,src/test/java/org/jabref/model/entry/field/SpecialFieldTest.java
6,src/main/java/org/jabref/gui/collab/entrychange/EntryWithPreviewAndSourceDetailsView.java
1,src/main/java/org/jabref/gui/preferences/externalfiletypes/EditExternalFileTypeViewModel.java
6,src/main/java/org/jabref/gui/entryeditor/fileannotationtab/FileAnnotationViewModel.java
1,src/test/java/org/jabref/logic/integrity/BooktitleCheckerTest.java
5,src/main/java/org/jabref/model/entry/types/EntryTypeFactory.java
6,src/test/java/org/jabref/logic/importer/fetcher/MrDLibFetcherTest.java
1,src/main/java/org/jabref/gui/externalfiles/UnlinkedFilesCrawler.java
1,src/main/java/org/jabref/model/database/KeyChangeListener.java
6,src/main/java/org/jabref/model/database/BibDatabases.java
4,src/main/java/org/jabref/logic/importer/IdBasedFetcher.java
4,src/main/java/org/jabref/logic/formatter/bibtexfields/ClearFormatter.java
5,src/main/java/org/jabref/logic/protectedterms/ProtectedTermsLoader.java
6,src/main/java/org/jabref/gui/fieldeditors/TextInputControlBehavior.java
5,src/main/java/org/jabref/model/openoffice/style/CitedKeys.java
5,src/main/java/org/jabref/logic/exporter/XmpPdfExporter.java
4,src/main/java/org/jabref/logic/openoffice/style/OOFormatBibliography.java
1,src/test/java/org/jabref/gui/exporter/SaveDatabaseActionTest.java
6,src/test/java/org/jabref/logic/integrity/PersonNamesCheckerTest.java
6,src/main/java/org/jabref/gui/sidepane/SidePaneContentFactory.java
7,src/main/java/org/jabref/gui/JabRefDialogService.java
1,src/test/java/org/jabref/logic/bibtex/comparator/CrossRefEntryComparatorTest.java
1,src/test/java/org/jabref/logic/importer/fileformat/PdfEmbeddedBibFileImporterTest.java
5,src/main/java/org/jabref/logic/layout/Layout.java
9,src/test/java/org/jabref/model/entry/KeywordTest.java
1,src/main/java/org/jabref/logic/integrity/PagesChecker.java
1,src/test/java/org/jabref/logic/layout/format/RemoveBracketsTest.java
1,src/main/java/org/jabref/gui/help/NewVersionDialog.java
5,src/main/java/org/jabref/logic/importer/fetcher/transformers/ZbMathQueryTransformer.java
6,src/test/java/org/jabref/model/database/BibDatabaseContextTest.java
4,src/test/java/org/jabref/gui/groups/GroupDialogViewModelTest.java
6,src/test/java/org/jabref/logic/l10n/LocalizationEntry.java
1,src/main/java/org/jabref/gui/util/uithreadaware/UiThreadObservableList.java
6,src/main/java/org/jabref/gui/texparser/CitationsDisplay.java
7,src/main/java/org/jabref/gui/fieldeditors/FieldEditorFX.java
1,src/main/java/org/jabref/gui/integrity/IntegrityCheckDialog.java
9,src/main/java/org/jabref/logic/openoffice/NoDocumentFoundException.java
4,src/main/java/org/jabref/logic/importer/fetcher/DOABFetcher.java
4,src/main/java/org/jabref/logic/openoffice/style/OOPreFormatter.java
5,src/main/java/org/jabref/logic/formatter/bibtexfields/EscapeDollarSignFormatter.java
6,src/test/java/org/jabref/gui/mergeentries/FieldRowViewModelTest.java
7,src/main/java/org/jabref/gui/util/BindingsHelper.java
6,src/test/java/org/jabref/logic/layout/format/AuthorFirstFirstTest.java
4,src/main/java/org/jabref/gui/search/SearchFieldRightClickMenu.java
6,src/test/java/org/jabref/logic/importer/fetcher/ArXivFetcherTest.java
4,src/main/java/org/jabref/model/entry/identifier/Identifier.java
4,src/main/java/org/jabref/model/entry/identifier/DOI.java
1,src/test/java/org/jabref/logic/layout/format/AuthorFirstLastOxfordCommasTest.java
1,src/main/java/org/jabref/logic/layout/format/AuthorOrgSci.java
4,src/main/java/org/jabref/logic/formatter/bibtexfields/TrimWhitespaceFormatter.java
4,src/main/java/org/jabref/gui/journals/UndoableUnabbreviator.java
5,src/test/java/org/jabref/model/entry/AuthorTest.java
5,buildSrc/src/copied/java/org/jabref/logic/journals/Abbreviation.java
7,src/main/java/org/jabref/gui/preferences/customentrytypes/CustomEntryTypesTabViewModel.java
4,src/test/java/org/jabref/model/entry/CanonicalBibEntryTest.java
6,src/test/java/org/jabref/logic/exporter/CsvExportFormatTest.java
5,src/main/java/org/jabref/model/pdf/search/SearchResult.java
12,src/main/java/org/jabref/model/openoffice/rangesort/RangeOverlapWithin.java
1,src/main/java/org/jabref/gui/edit/ManageKeywordsDialog.java
6,src/main/java/org/jabref/gui/errorconsole/LogEventViewModel.java
4,src/test/java/org/jabref/logic/exporter/OpenOfficeDocumentCreatorTest.java
5,src/main/java/org/jabref/logic/importer/fetcher/ApsFetcher.java
9,src/test/java/org/jabref/logic/layout/format/AuthorFirstAbbrLastOxfordCommasTest.java
6,src/main/java/org/jabref/gui/util/ViewModelTextFieldTableCellVisualizationFactory.java
6,src/main/java/org/jabref/logic/shared/event/UpdateRefusedEvent.java
6,src/main/java/org/jabref/logic/crawler/StudyRepository.java
4,src/main/java/org/jabref/gui/collab/DatabaseChange.java
5,src/main/java/org/jabref/logic/layout/LayoutHelper.java
6,src/test/java/org/jabref/logic/importer/fileformat/ACMPortalParserTest.java
6,src/test/java/org/jabref/logic/importer/ImportDataTest.java
9,src/main/java/org/jabref/logic/citationstyle/CSLAdapter.java
1,src/main/java/org/jabref/logic/crawler/StudyRepository.java
6,src/main/java/org/jabref/gui/mergeentries/newmergedialog/FieldRowView.java
4,src/test/java/org/jabref/logic/importer/fetcher/transformers/DBLPQueryTransformerTest.java
7,src/main/java/org/jabref/gui/icon/InternalMaterialDesignIcon.java
12,src/main/java/org/jabref/model/texparser/Citation.java
6,src/main/java/org/jabref/gui/shared/SharedDatabaseLoginDialogView.java
5,src/test/java/org/jabref/logic/importer/fetcher/PagedSearchFetcherTest.java
1,src/main/java/org/jabref/logic/integrity/NoteChecker.java
4,src/main/java/org/jabref/gui/fieldeditors/PaginationEditorViewModel.java
4,src/main/java/org/jabref/logic/util/strings/StringLengthComparator.java
9,src/main/java/org/jabref/model/FieldChange.java
4,src/main/java/org/jabref/gui/bibtexextractor/BibtexExtractorViewModel.java
6,src/test/java/org/jabref/logic/formatter/bibtexfields/EscapeUnderscoresFormatterTest.java
1,src/test/java/org/jabref/model/entry/AuthorTest.java
1,src/test/java/org/jabref/model/pdf/FileAnnotationTest.java
4,src/main/java/org/jabref/gui/preferences/PreferencesFilterDialog.java
5,src/main/java/org/jabref/logic/layout/format/XMLChars.java
1,src/main/java/org/jabref/logic/exporter/BlankLineBehaviour.java
4,src/main/java/org/jabref/model/study/Study.java
6,src/main/java/org/jabref/gui/libraryproperties/keypattern/KeyPatternPropertiesViewModel.java
7,src/main/java/org/jabref/gui/commonfxcontrols/SaveOrderConfigPanelViewModel.java
1,src/test/java/org/jabref/logic/layout/format/DOIStripTest.java
9,src/main/java/org/jabref/logic/importer/fetcher/transformers/MedlineQueryTransformer.java
6,src/main/java/org/jabref/logic/importer/fileformat/MarcXmlParser.java
1,src/main/java/org/jabref/logic/shared/listener/PostgresSQLNotificationListener.java
4,src/main/java/org/jabref/gui/mergeentries/newmergedialog/ShowDiffConfig.java
4,src/main/java/org/jabref/gui/shared/SharedDatabaseLoginDialogView.java
6,src/main/java/org/jabref/gui/collab/entrychange/EntryChangeDetailsView.java
6,src/main/java/org/jabref/logic/layout/format/AuthorLF_FFAbbr.java
4,src/main/java/org/jabref/gui/search/SearchDisplayMode.java
6,src/test/java/org/jabref/logic/shared/SynchronizationEventListenerTest.java
4,src/main/java/org/jabref/logic/formatter/casechanger/SentenceCaseFormatter.java
9,src/main/java/org/jabref/logic/layout/format/DocBookVersion.java
5,src/main/java/org/jabref/model/entry/identifier/DOI.java
7,src/main/java/org/jabref/gui/importer/ImportAction.java
5,src/test/java/org/jabref/logic/git/SlrGitHandlerTest.java
9,src/test/java/org/jabref/logic/layout/format/AuthorLastFirstAbbreviatorTest.java
9,src/main/java/org/jabref/logic/xmp/XmpUtilWriter.java
1,src/main/java/org/jabref/gui/copyfiles/CopyFilesDialogView.java
5,src/main/java/org/jabref/logic/util/MetadataSerializationConfiguration.java
1,src/main/java/org/jabref/gui/util/component/TemporalAccessorPicker.java
5,src/test/java/org/jabref/logic/importer/util/GrobidServiceTest.java
9,src/main/java/org/jabref/logic/layout/format/AuthorLastFirstCommas.java
5,src/main/java/org/jabref/model/openoffice/style/CitationGroups.java
6,src/main/java/org/jabref/logic/formatter/bibtexfields/RemoveBracesFormatter.java
4,src/main/java/org/jabref/logic/importer/fetcher/BibsonomyScraper.java
4,src/main/java/org/jabref/logic/integrity/EditionChecker.java
4,src/test/java/org/jabref/logic/integrity/HTMLCharacterCheckerTest.java
7,src/main/java/org/jabref/gui/desktop/os/OSX.java
6,src/main/java/org/jabref/logic/preferences/DOIPreferences.java
4,src/main/java/org/jabref/gui/fieldeditors/YesNoEditorViewModel.java
4,src/main/java/org/jabref/model/entry/types/IEEETranEntryType.java
7,src/main/java/org/jabref/gui/copyfiles/CopyFilesDialogViewModel.java
7,src/main/java/org/jabref/gui/cleanup/CleanupSingleAction.java
1,src/main/java/org/jabref/gui/externalfiletype/ExternalFileType.java
6,src/main/java/org/jabref/logic/util/Version.java
1,src/main/java/org/jabref/gui/mergeentries/newmergedialog/fieldsmerger/CommentMerger.java
5,src/test/java/org/jabref/logic/l10n/LocalizationBundleForTest.java
5,src/test/java/org/jabref/logic/importer/fetcher/MathSciNetTest.java
1,src/main/java/org/jabref/logic/importer/fileformat/CopacImporter.java
5,src/main/java/org/jabref/model/database/BibDatabaseContext.java
5,src/test/java/org/jabref/model/groups/WordKeywordGroupTest.java
5,src/test/java/org/jabref/logic/integrity/JournalInAbbreviationListCheckerTest.java
9,src/main/java/org/jabref/model/openoffice/uno/UnoScreenRefresh.java
1,src/main/java/org/jabref/gui/preferences/customentrytypes/FieldViewModel.java
6,src/test/java/org/jabref/logic/importer/fileformat/RepecNepImporterTest.java
7,src/main/java/org/jabref/gui/externalfiles/ExternalFilesEntryLinker.java
6,src/main/java/org/jabref/logic/bst/BstFunctions.java
12,src/test/java/org/jabref/model/entry/BibEntryTest.java
5,src/main/java/org/jabref/logic/importer/fetcher/transformers/DBLPQueryTransformer.java
6,src/main/java/org/jabref/gui/preferences/customimporter/CustomImporterTab.java
1,src/main/java/org/jabref/model/entry/types/BiblatexApaEntryType.java
7,src/main/java/org/jabref/preferences/MrDlibPreferences.java
6,src/main/java/org/jabref/model/openoffice/style/PageInfo.java
6,src/test/java/org/jabref/logic/importer/fetcher/ACSTest.java
1,src/main/java/org/jabref/model/openoffice/util/OOListUtil.java
5,src/main/java/org/jabref/model/openoffice/rangesort/RangeOverlapKind.java
5,src/test/java/org/jabref/logic/importer/fetcher/CompositeIdFetcherTest.java
5,buildSrc/src/copied/java/org/jabref/logic/journals/AbbreviationParser.java
1,src/test/java/org/jabref/logic/layout/format/AuthorOrgSciTest.java
1,src/main/java/org/jabref/gui/preferences/importexport/ImportExportTabViewModel.java
5,src/test/java/org/jabref/logic/formatter/minifier/MinifyNameListFormatterTest.java
1,src/main/java/org/jabref/model/database/BibDatabases.java
4,src/test/java/org/jabref/logic/importer/fileformat/MedlineImporterTest.java
4,src/main/java/org/jabref/logic/citationstyle/CitationStyleOutputFormat.java
6,src/main/java/org/jabref/gui/fieldeditors/FieldNameLabel.java
12,src/test/java/org/jabref/model/database/BibDatabaseTest.java
1,src/main/java/org/jabref/model/openoffice/util/OOTuple3.java
6,src/test/java/org/jabref/logic/journals/AbbreviationWriterTest.java
1,src/main/java/org/jabref/gui/search/rules/describer/ContainsAndRegexBasedSearchRuleDescriber.java
6,src/main/java/org/jabref/gui/entryeditor/EntryEditorTab.java
5,src/main/java/org/jabref/logic/importer/fetcher/transformers/ResearchGateQueryTransformer.java
9,src/test/java/org/jabref/logic/importer/fileformat/PdfMergeMetadataImporterTest.java
1,src/test/java/org/jabref/logic/importer/fileformat/CitaviXmlImporterTest.java
1,src/main/java/org/jabref/logic/crawler/StudyFetcher.java
1,src/main/java/org/jabref/gui/icon/JabRefIconView.java
7,src/main/java/org/jabref/gui/actions/SimpleCommand.java
4,src/main/java/org/jabref/logic/bibtex/FieldPreferences.java
6,src/main/java/org/jabref/logic/importer/fileformat/mods/Identifier.java
4,src/main/java/org/jabref/gui/collab/entrychange/PreviewWithSourceTab.java
4,src/main/java/org/jabref/gui/push/PushToApplicationSettings.java
6,src/test/java/org/jabref/logic/integrity/PagesCheckerBibtexTest.java
12,src/main/java/org/jabref/model/entry/BibtexString.java
6,src/main/java/org/jabref/gui/edit/automaticfiededitor/MoveFieldValueAction.java
9,src/test/java/org/jabref/logic/pdf/search/retrieval/PdfSearcherTest.java
4,src/test/java/org/jabref/logic/importer/util/FileFieldParserTest.java
6,src/main/java/org/jabref/gui/groups/GroupDialogViewModel.java
4,src/test/java/org/jabref/model/search/rules/MockSearchMatcher.java
7,src/main/java/org/jabref/gui/preferences/entry/EntryTab.java
9,src/test/java/org/jabref/logic/util/strings/StringManipulatorTest.java
9,src/test/java/org/jabref/logic/importer/fileformat/MsBibImporterFilesTest.java
7,src/main/java/org/jabref/gui/autocompleter/BibEntrySuggestionProvider.java
6,src/main/java/org/jabref/model/groups/GroupEntryChanger.java
4,src/main/java/org/jabref/model/openoffice/backend/NamedRange.java
1,src/main/java/org/jabref/gui/icon/IconTheme.java
9,src/test/java/org/jabref/logic/layout/format/DOICheckTest.java
5,src/main/java/org/jabref/logic/bst/util/BstNameFormatter.java
6,src/test/java/org/jabref/logic/importer/fetcher/transformers/ScholarQueryTransformerTest.java
4,src/test/java/org/jabref/logic/util/io/BackupFileUtilTest.java
6,src/test/java/org/jabref/model/texparser/CitationTest.java
4,src/test/java/org/jabref/model/groups/SearchGroupTest.java
6,src/main/java/org/jabref/gui/preferences/xmp/XmpPrivacyTabViewModel.java
4,src/main/java/org/jabref/logic/openoffice/action/ManageCitations.java
6,src/main/java/org/jabref/gui/groups/UndoableMoveGroup.java
1,src/main/java/org/jabref/gui/preferences/customentrytypes/EntryTypeViewModel.java
7,src/main/java/org/jabref/gui/util/OptionalObjectProperty.java
7,src/main/java/org/jabref/gui/collab/stringchange/BibTexStringChange.java
5,src/main/java/org/jabref/logic/importer/fileformat/PdfXmpImporter.java
6,src/main/java/org/jabref/logic/journals/AbbreviationParser.java
4,src/test/java/org/jabref/logic/bibtex/comparator/BibDatabaseDiffTest.java
7,src/main/java/org/jabref/gui/theme/ThemeManager.java
6,src/test/java/org/jabref/model/entry/field/UnknownFieldTest.java
1,src/test/java/org/jabref/gui/documentviewer/PdfDocumentViewModelTest.java
4,src/main/java/org/jabref/logic/layout/format/Number.java
5,src/main/java/org/jabref/logic/cleanup/ISSNCleanup.java
7,src/main/java/org/jabref/gui/exporter/SaveAllAction.java
1,src/main/java/org/jabref/model/openoffice/style/CitedKeys.java
4,src/main/java/org/jabref/gui/preferences/journals/JournalAbbreviationsTabViewModel.java
6,src/test/java/org/jabref/logic/exporter/GroupSerializerTest.java
1,src/test/java/org/jabref/logic/util/io/FileUtilTest.java
6,src/main/java/org/jabref/gui/libraryproperties/contentselectors/ContentSelectorView.java
4,src/main/java/org/jabref/gui/externalfiletype/ExternalFileType.java
6,src/main/java/org/jabref/gui/externalfiletype/UnknownExternalFileType.java
1,src/main/java/org/jabref/model/groups/GroupEntryChanger.java
4,src/main/java/org/jabref/gui/fieldeditors/LinkedEntriesEditor.java
5,src/main/java/org/jabref/logic/l10n/Language.java
9,src/test/java/org/jabref/logic/exporter/FieldFormatterCleanupsTest.java
4,src/main/java/org/jabref/model/entry/types/BiblatexAPAEntryTypeDefinitions.java
6,src/test/java/org/jabref/logic/integrity/UrlCheckerTest.java
6,src/main/java/org/jabref/model/openoffice/util/OOVoidResult.java
9,src/test/java/org/jabref/logic/integrity/YearCheckerTest.java
6,src/main/java/org/jabref/gui/importer/GenerateEntryFromIdDialog.java
4,src/test/java/org/jabref/logic/formatter/casechanger/TitleCaseFormatterTest.java
6,src/main/java/org/jabref/gui/preferences/preview/PreviewTabViewModel.java
5,src/test/java/org/jabref/logic/layout/format/RisKeywordsTest.java
5,src/test/java/org/jabref/model/entry/field/SpecialFieldTest.java
9,src/main/java/org/jabref/logic/integrity/PagesChecker.java
6,src/main/java/org/jabref/model/openoffice/uno/UnoTextDocument.java
1,src/test/java/org/jabref/logic/formatter/casechanger/SentenceCaseFormatterTest.java
6,src/main/java/org/jabref/model/entry/identifier/ArXivIdentifier.java
9,src/main/java/org/jabref/logic/cleanup/ISSNCleanup.java
6,src/main/java/org/jabref/logic/layout/format/DOICheck.java
7,src/main/java/org/jabref/gui/collab/metedatachange/MetadataChange.java
9,src/main/java/org/jabref/logic/bst/BstVM.java
6,src/main/java/org/jabref/logic/cleanup/UpgradePdfPsToFileCleanup.java
1,src/main/java/org/jabref/logic/exporter/SaveConfiguration.java
4,src/test/java/org/jabref/logic/layout/format/AuthorFirstFirstCommasTest.java
5,src/main/java/org/jabref/logic/importer/fetcher/TrustLevel.java
1,src/main/java/org/jabref/model/groups/AutomaticKeywordGroup.java
1,src/test/java/org/jabref/logic/importer/FulltextFetchersTest.java
6,src/main/java/org/jabref/logic/msbib/BibTeXConverter.java
6,src/test/java/org/jabref/logic/autosaveandbackup/BackupManagerTest.java
6,src/main/java/org/jabref/gui/importer/ImportCommand.java
7,src/main/java/org/jabref/gui/preferences/xmp/XmpPrivacyTab.java
9,src/main/java/org/jabref/logic/importer/util/IdentifierParser.java
6,src/test/java/org/jabref/model/pdf/FileAnnotationTest.java
4,src/main/java/org/jabref/gui/preferences/journals/AbbreviationViewModel.java
4,src/main/java/org/jabref/gui/entryeditor/EntryEditorPreferences.java
6,src/main/java/org/jabref/gui/preferences/keybindings/presets/KeyBindingPreset.java
6,src/main/java/org/jabref/gui/mergeentries/MultiMergeEntriesViewModel.java
6,src/main/java/org/jabref/logic/importer/fileformat/PdfGrobidImporter.java
2,src/main/java/org/jabref/preferences/PushToApplicationPreferences.java
7,src/main/java/org/jabref/gui/shared/PullChangesFromSharedAction.java
9,src/main/java/org/jabref/logic/shared/exception/SharedEntryNotPresentException.java
6,src/main/java/org/jabref/logic/preferences/OwnerPreferences.java
1,src/main/java/org/jabref/logic/bibtex/comparator/BibtexStringComparator.java
4,src/main/java/org/jabref/gui/importer/actions/MergeReviewIntoCommentConfirmationDialog.java
9,src/main/java/org/jabref/model/study/StudyQuery.java
4,src/main/java/org/jabref/gui/linkedfile/AttachFileAction.java
6,src/test/java/org/jabref/logic/importer/util/JsonReaderTest.java
1,src/main/java/org/jabref/gui/SendAsEMailAction.java
4,src/main/java/org/jabref/model/openoffice/uno/UnoCrossRef.java
6,src/main/java/org/jabref/logic/layout/format/AuthorOrgSci.java
1,src/test/java/org/jabref/gui/autocompleter/DefaultAutoCompleterTest.java
5,src/main/java/org/jabref/logic/importer/ImportFormatPreferences.java
1,src/main/java/org/jabref/logic/net/ProgressInputStream.java
5,src/main/java/org/jabref/logic/journals/AbbreviationParser.java
6,src/test/java/org/jabref/logic/git/GitHandlerTest.java
1,src/main/java/org/jabref/logic/layout/format/RisKeywords.java
4,src/main/java/org/jabref/logic/importer/WebFetcher.java
1,src/test/java/org/jabref/logic/layout/format/WrapContentTest.java
12,src/main/java/org/jabref/model/search/matchers/NotMatcher.java
1,src/main/java/org/jabref/gui/collab/DatabaseChangeResolver.java
1,src/main/java/org/jabref/logic/importer/fileformat/mods/package-info.java
1,src/main/java/org/jabref/logic/formatter/bibtexfields/ShortenDOIFormatter.java
6,src/test/java/org/jabref/logic/importer/fetcher/transformers/InfixTransformerTest.java
5,src/main/java/org/jabref/logic/integrity/HowPublishedChecker.java
5,src/test/java/org/jabref/logic/formatter/bibtexfields/NormalizeNamesFormatterTest.java
1,src/main/java/org/jabref/logic/texparser/DefaultLatexParser.java
1,src/test/java/org/jabref/logic/integrity/PagesCheckerBibtexTest.java
1,src/main/java/org/jabref/gui/preferences/externalfiletypes/EditExternalFileTypeEntryDialog.java
4,src/main/java/org/jabref/gui/util/NoSelectionModel.java
9,src/main/java/org/jabref/logic/layout/format/DOICheck.java
1,src/test/java/org/jabref/logic/util/ExternalLinkCreatorTest.java
6,src/test/java/org/jabref/model/database/DuplicationCheckerTest.java
1,src/main/java/org/jabref/logic/integrity/DoiValidityChecker.java
6,src/main/java/org/jabref/logic/shared/DatabaseConnectionProperties.java
1,src/main/java/org/jabref/logic/layout/format/AuthorFirstAbbrLastCommas.java
5,src/main/java/org/jabref/logic/importer/QueryParser.java
1,src/test/java/org/jabref/logic/layout/format/RTFCharsTest.java
9,src/test/java/org/jabref/logic/formatter/casechanger/ProtectTermsFormatterTest.java
9,src/test/java/org/jabref/logic/layout/format/RemoveTildeTest.java
6,src/main/java/org/jabref/logic/exporter/MSBibExporter.java
1,src/main/java/org/jabref/logic/util/TestEntry.java
6,src/main/java/org/jabref/logic/journals/AbbreviationFormat.java
12,src/main/java/org/jabref/model/database/event/BibDatabaseContextChangedEvent.java
6,src/main/java/org/jabref/gui/libraryproperties/saving/SavingPropertiesViewModel.java
4,src/main/java/org/jabref/logic/openoffice/style/OOProcessCitationKeyMarkers.java
1,src/main/java/org/jabref/gui/util/OptionalObjectProperty.java
4,src/main/java/org/jabref/model/groups/KeywordGroup.java
5,src/main/java/org/jabref/logic/texparser/LatexParser.java
1,src/main/java/org/jabref/gui/icon/JabRefIkonHandler.java
9,src/main/java/org/jabref/logic/formatter/casechanger/LowerCaseFormatter.java
1,src/main/java/org/jabref/gui/libraryproperties/contentselectors/ContentSelectorViewModel.java
9,src/main/java/org/jabref/model/pdf/search/EnglishStemAnalyzer.java
9,src/main/java/org/jabref/logic/integrity/CitationKeyChecker.java
1,src/main/java/org/jabref/logic/layout/format/RemoveBracketsAddComma.java
1,src/test/java/org/jabref/logic/pdf/search/retrieval/PdfSearcherTest.java
1,src/main/java/org/jabref/gui/externalfiles/ExternalFilesEntryLinker.java
9,src/main/java/org/jabref/logic/importer/fileformat/CitaviXmlImporter.java
1,src/main/java/org/jabref/logic/integrity/ISBNChecker.java
4,src/main/java/org/jabref/logic/util/BuildInfo.java
6,src/main/java/org/jabref/model/study/StudyQuery.java
1,src/main/java/org/jabref/gui/mergeentries/newmergedialog/fieldsmerger/FieldMergerFactory.java
6,src/main/java/org/jabref/logic/importer/fetcher/AbstractIsbnFetcher.java
9,src/test/java/org/jabref/model/groups/WordKeywordGroupTest.java
4,src/test/java/org/jabref/logic/layout/format/AuthorLastFirstAbbreviatorTest.java
6,src/test/java/org/jabref/logic/layout/format/AuthorLastFirstCommasTest.java
7,src/main/java/org/jabref/gui/groups/GroupDialogViewModel.java
4,src/test/java/org/jabref/logic/importer/fileformat/CitaviXmlImporterFilesTest.java
5,src/test/java/org/jabref/logic/bibtex/comparator/EntryComparatorTest.java
6,src/main/java/org/jabref/logic/xmp/XmpUtilReader.java
1,src/main/java/org/jabref/logic/undo/UndoRedoEvent.java
4,src/main/java/org/jabref/model/entry/types/BibtexEntryTypeDefinitions.java
1,src/main/java/org/jabref/logic/layout/format/Authors.java
4,src/main/java/org/jabref/gui/JabRefFrame.java
4,src/main/java/org/jabref/logic/layout/format/Default.java
1,src/test/java/org/jabref/gui/util/ControlHelperTest.java
1,src/main/java/org/jabref/logic/pdf/AnnotationImporter.java
6,src/main/java/org/jabref/gui/collab/DatabaseChangeList.java
4,src/main/java/org/jabref/model/groups/LastNameGroup.java
5,src/test/java/org/jabref/logic/net/URLUtilTest.java
4,src/main/java/org/jabref/logic/shared/listener/PostgresSQLNotificationListener.java
5,src/test/java/org/jabref/model/entry/field/StandardFieldTest.java
5,src/main/java/org/jabref/logic/importer/fileformat/CffImporter.java
5,src/main/java/org/jabref/model/entry/field/AMSField.java
9,src/main/java/org/jabref/logic/layout/format/Number.java
9,src/main/java/org/jabref/logic/util/io/FileHistory.java
4,src/main/java/org/jabref/gui/undo/UndoableFieldChange.java
12,src/main/java/org/jabref/model/search/rules/ContainsBasedSearchRule.java
5,src/main/java/org/jabref/logic/util/io/BackupFileUtil.java
6,src/main/java/org/jabref/model/database/KeyChangeListener.java
6,src/main/java/org/jabref/gui/util/ViewModelTreeTableRowFactory.java
4,src/test/java/org/jabref/logic/importer/fileformat/MsBibImporterFilesTest.java
5,src/test/java/org/jabref/logic/layout/format/ReplaceTest.java
1,src/main/java/org/jabref/gui/actions/Sources.java
9,src/main/java/org/jabref/logic/externalfiles/LinkedFileHandler.java
6,src/main/java/org/jabref/logic/shared/event/ConnectionLostEvent.java
4,src/main/java/org/jabref/model/database/BibDatabaseModeDetection.java
6,src/main/java/org/jabref/logic/layout/format/FirstPage.java
6,src/main/java/org/jabref/gui/sidepane/SidePaneViewModel.java
1,src/main/java/org/jabref/gui/collab/stringchange/BibTexStringChangeDetailsView.java
5,src/test/java/org/jabref/logic/layout/format/ShortMonthFormatterTest.java
1,src/main/java/org/jabref/logic/importer/fetcher/INSPIREFetcher.java
4,src/test/java/org/jabref/logic/remote/RemoteSetupTest.java
6,src/main/java/org/jabref/logic/importer/fileformat/medline/MeshHeading.java
9,src/main/java/org/jabref/logic/remote/RemotePreferences.java
7,src/test/java/org/jabref/gui/fieldeditors/LinkedFilesEditorViewModelTest.java
1,src/main/java/org/jabref/gui/libraryproperties/constants/ConstantsItemModel.java
12,src/test/java/org/jabref/model/entry/identifier/ISSNTest.java
4,src/main/java/org/jabref/gui/collab/entrychange/EntryChangeResolver.java
1,src/main/java/org/jabref/logic/integrity/EntryLinkChecker.java
6,src/main/java/org/jabref/gui/util/ControlHelper.java
5,src/main/java/org/jabref/logic/layout/format/AuthorOrgSci.java
6,src/test/java/org/jabref/logic/shared/DBMSSynchronizerTest.java
4,src/test/java/org/jabref/logic/importer/FulltextFetchersTest.java
7,src/main/java/org/jabref/gui/fieldeditors/LinkedEntriesEditor.java
6,src/main/java/org/jabref/logic/layout/format/CSLType.java
5,src/test/java/org/jabref/logic/importer/fetcher/JstorFetcherTest.java
6,src/test/java/org/jabref/model/entry/field/SpecialFieldTest.java
1,src/main/java/org/jabref/logic/util/strings/RtfCharMap.java
6,src/main/java/org/jabref/gui/commonfxcontrols/SaveOrderConfigPanelViewModel.java
4,src/test/java/org/jabref/model/search/rules/SentenceAnalyzerTest.java
6,src/test/java/org/jabref/logic/formatter/bibtexfields/CleanupUrlFormatterTest.java
1,src/main/java/org/jabref/logic/layout/format/AuthorAbbreviator.java
4,src/test/java/org/jabref/logic/importer/fileformat/PdfContentImporterFilesTest.java
4,src/main/java/org/jabref/logic/xmp/DocumentInformationExtractor.java
5,src/main/java/org/jabref/model/entry/types/BiblatexSoftwareEntryTypeDefinitions.java
4,src/main/java/org/jabref/gui/libraryproperties/keypattern/KeyPatternPropertiesViewModel.java
4,src/main/java/org/jabref/logic/openoffice/backend/NamedRangeManagerReferenceMark.java
6,src/test/java/org/jabref/logic/integrity/UTF8CheckerTest.java
7,src/main/java/org/jabref/gui/commonfxcontrols/CitationKeyPatternPanelItemModel.java
5,src/main/java/org/jabref/logic/importer/IdBasedFetcher.java
7,src/main/java/org/jabref/gui/search/rules/describer/ContainsAndRegexBasedSearchRuleDescriber.java
6,src/main/java/org/jabref/logic/util/CoarseChangeFilter.java
4,src/test/java/org/jabref/gui/autocompleter/FieldValueSuggestionProviderTest.java
6,src/main/java/org/jabref/gui/entryeditor/LatexCitationsTabViewModel.java
4,src/test/java/org/jabref/logic/shared/DBMSProcessorTest.java
4,src/test/java/org/jabref/logic/openoffice/style/OOBibStyleTest.java
6,src/main/java/org/jabref/gui/preferences/externalfiletypes/EditExternalFileTypeViewModel.java
5,src/main/java/org/jabref/model/search/rules/ContainsBasedSearchRule.java
12,src/main/java/org/jabref/model/pdf/search/SearchResult.java
10,src/main/java/org/jabref/cli/AuxCommandLine.java
4,src/main/java/org/jabref/logic/integrity/DoiValidityChecker.java
7,src/main/java/org/jabref/gui/importer/actions/GUIPostOpenAction.java
1,src/main/java/org/jabref/gui/linkedfile/LinkedFilesEditDialogViewModel.java
1,src/main/java/org/jabref/model/entry/types/UnknownEntryType.java
9,src/test/java/org/jabref/logic/texparser/TexBibEntriesResolverTest.java
6,buildSrc/src/copied/java/org/jabref/logic/journals/AbbreviationFormat.java
1,src/main/java/org/jabref/gui/shared/SharedDatabaseLoginDialogView.java
6,src/main/java/org/jabref/logic/importer/fileformat/IsiImporter.java
4,src/main/java/org/jabref/gui/fieldeditors/PatentTypeEditorViewModel.java
12,src/main/java/org/jabref/model/groups/GroupEntryChanger.java
7,src/main/java/org/jabref/gui/mergeentries/newmergedialog/ThreeWayMergeViewModel.java
5,src/main/java/org/jabref/model/entry/event/FieldAddedOrRemovedEvent.java
9,src/test/java/org/jabref/logic/importer/fileformat/BiblioscapeImporterTest.java
1,src/test/java/org/jabref/logic/crawler/StudyDatabaseToFetcherConverterTest.java
12,src/main/java/org/jabref/model/groups/AutomaticGroup.java
6,src/main/java/org/jabref/gui/autocompleter/PersonNameStringConverter.java
9,src/test/java/org/jabref/logic/msbib/MSBibConverterTest.java
6,src/main/java/org/jabref/gui/openoffice/StyleSelectDialogView.java
4,src/test/java/org/jabref/gui/externalfiles/GitIgnoreFileFilterTest.java
6,src/test/java/org/jabref/logic/bst/util/BstTextPrefixerTest.java
1,src/test/java/org/jabref/logic/bibtex/comparator/FieldComparatorTest.java
6,src/main/java/org/jabref/gui/preferences/groups/GroupsTab.java
6,src/test/java/org/jabref/logic/exporter/EmbeddedBibFilePdfExporterTest.java
4,src/main/java/org/jabref/gui/errorconsole/ErrorConsoleView.java
12,src/main/java/org/jabref/model/entry/EntryLinkList.java
6,src/main/java/org/jabref/logic/net/ssl/SSLCertificate.java
4,src/main/java/org/jabref/model/entry/field/SpecialField.java
7,src/main/java/org/jabref/gui/autocompleter/ContentSelectorSuggestionProvider.java
9,buildSrc/src/copied/java/org/jabref/logic/journals/JournalAbbreviationRepository.java
1,src/test/java/org/jabref/logic/layout/format/RisKeywordsTest.java
9,src/main/java/org/jabref/logic/cleanup/RelativePathsCleanup.java
1,src/main/java/org/jabref/gui/mergeentries/newmergedialog/cell/sidebuttons/InfoButton.java
1,src/main/java/org/jabref/gui/copyfiles/CopyFilesTask.java
5,src/test/java/org/jabref/logic/bibtex/comparator/PreambleDiffTest.java
1,src/test/java/org/jabref/logic/formatter/bibtexfields/RemoveNewlinesFormatterTest.java
4,src/main/java/org/jabref/logic/crawler/StudyFetcher.java
4,src/test/java/org/jabref/logic/layout/format/AuthorFirstFirstTest.java
4,src/main/java/org/jabref/gui/sidepane/SidePaneViewModel.java
1,src/main/java/org/jabref/logic/shared/DatabaseSynchronizer.java
6,src/main/java/org/jabref/gui/SendAsEMailAction.java
1,buildSrc/src/copied/java/org/jabref/logic/journals/JournalAbbreviationRepository.java
9,src/test/java/org/jabref/logic/cleanup/ConvertToBibtexCleanupTest.java
6,src/main/java/org/jabref/model/paging/Page.java
9,src/main/java/org/jabref/logic/bibtex/comparator/FieldComparatorStack.java
9,src/main/java/org/jabref/logic/groups/DefaultGroupsFactory.java
12,src/main/java/org/jabref/model/util/MultiKeyMap.java
1,src/main/java/org/jabref/logic/shared/exception/OfflineLockException.java
1,src/main/java/org/jabref/model/openoffice/uno/UnoProperties.java
4,src/test/java/org/jabref/logic/integrity/BracesCorrectorTest.java
6,src/test/java/org/jabref/logic/importer/fileformat/RISImporterTest.java
4,src/main/java/org/jabref/gui/maintable/PersistenceVisualStateTable.java
6,src/main/java/org/jabref/gui/fieldeditors/identifier/EprintIdentifierEditorViewModel.java
5,src/main/java/org/jabref/model/metadata/MetaData.java
1,src/main/java/org/jabref/gui/collab/entrychange/EntryChangeDetailsView.java
6,buildSrc/src/copied/java/org/jabref/logic/journals/JournalAbbreviationLoader.java
6,src/test/java/org/jabref/logic/net/MimeTypeDetectorTest.java
4,src/test/java/org/jabref/gui/libraryproperties/contentselectors/ContentSelectorViewModelTest.java
4,src/main/java/org/jabref/model/entry/types/EntryTypeFactory.java
7,src/main/java/org/jabref/gui/fieldeditors/LinkedFilesEditor.java
7,src/main/java/org/jabref/gui/util/uithreadaware/UiThreadStringProperty.java
4,src/test/java/org/jabref/gui/search/GlobalSearchBarTest.java
4,src/main/java/org/jabref/logic/remote/RemotePreferences.java
6,src/test/java/org/jabref/logic/importer/fileformat/PdfEmbeddedBibFileImporterTest.java
4,src/main/java/org/jabref/logic/bibtex/InvalidFieldValueException.java
4,src/main/java/org/jabref/gui/push/PushToVim.java
4,src/main/java/org/jabref/gui/edit/ManageKeywordsAction.java
6,src/test/java/org/jabref/logic/importer/fileformat/CopacImporterFilesTest.java
1,src/main/java/org/jabref/logic/formatter/bibtexfields/EscapeDollarSignFormatter.java
1,src/main/java/org/jabref/gui/documentviewer/DocumentViewerControl.java
4,src/main/java/org/jabref/gui/icon/IconTheme.java
9,src/test/java/org/jabref/logic/integrity/CitationKeyDeviationCheckerTest.java
4,src/test/java/org/jabref/logic/importer/fetcher/ArXivFetcherTest.java
6,src/test/java/org/jabref/logic/citationstyle/CitationStyleTest.java
9,src/main/java/org/jabref/logic/importer/util/JsonReader.java
5,src/main/java/org/jabref/logic/openoffice/OpenOfficePreferences.java
6,src/test/java/org/jabref/gui/fieldeditors/LinkedFilesEditorViewModelTest.java
6,src/main/java/org/jabref/model/entry/types/BiblatexAPAEntryTypeDefinitions.java
5,src/main/java/org/jabref/logic/layout/format/AuthorLastFirstCommas.java
9,src/main/java/org/jabref/logic/util/io/RegExpBasedFileFinder.java
6,src/main/java/org/jabref/gui/JabRefGUI.java
6,src/test/java/org/jabref/logic/integrity/BooktitleCheckerTest.java
2,src/main/java/org/jabref/cli/Launcher.java
1,src/main/java/org/jabref/logic/bibtex/comparator/FieldComparatorStack.java
4,src/main/java/org/jabref/gui/collab/DatabaseChangesResolverDialog.java
5,src/main/java/org/jabref/logic/integrity/BooktitleChecker.java
6,src/main/java/org/jabref/logic/exporter/AtomicFileOutputStream.java
1,src/test/java/org/jabref/logic/formatter/bibtexfields/RemoveDigitsFormatterTest.java
9,src/main/java/org/jabref/logic/citationstyle/CitationStyleOutputFormat.java
6,src/main/java/org/jabref/logic/msbib/MSBibEntryType.java
7,src/main/java/org/jabref/gui/errorconsole/ErrorConsoleViewModel.java
1,src/main/java/org/jabref/gui/mergeentries/newmergedialog/cell/FieldValueCell.java
1,src/test/java/org/jabref/model/entry/field/BibFieldTest.java
6,src/test/java/org/jabref/logic/formatter/bibtexfields/ClearFormatterTest.java
1,src/main/java/org/jabref/model/entry/types/BiblatexAPAEntryTypeDefinitions.java
5,src/main/java/org/jabref/logic/layout/LayoutFormatter.java
1,src/main/java/org/jabref/model/entry/identifier/MathSciNetId.java
4,src/main/java/org/jabref/gui/desktop/os/Windows.java
9,src/main/java/org/jabref/logic/layout/format/Iso690FormatDate.java
6,src/main/java/org/jabref/gui/maintable/columns/SpecialFieldColumn.java
6,src/test/java/org/jabref/logic/importer/fileformat/ImporterTestEngine.java
11,src/main/java/org/jabref/preferences/CleanupPreferences.java
6,src/main/java/org/jabref/gui/fieldeditors/identifier/ISBNIdentifierEditorViewModel.java
6,src/main/java/org/jabref/gui/preferences/xmp/XmpPrivacyTab.java
7,src/main/java/org/jabref/gui/LibraryTab.java
5,src/main/java/org/jabref/model/database/KeyChangeListener.java
7,src/main/java/org/jabref/gui/autocompleter/FieldValueSuggestionProvider.java
6,src/main/java/org/jabref/logic/shared/exception/InvalidDBMSConnectionPropertiesException.java
4,src/main/java/org/jabref/gui/openoffice/AdvancedCiteDialogViewModel.java
5,src/main/java/org/jabref/logic/citationkeypattern/GlobalCitationKeyPattern.java
5,src/main/java/org/jabref/logic/util/OS.java
6,src/main/java/org/jabref/logic/integrity/YearChecker.java
4,src/main/java/org/jabref/logic/openoffice/style/OOProcessNumericMarkers.java
9,src/main/java/org/jabref/model/openoffice/uno/UnoTextDocument.java
4,src/main/java/org/jabref/gui/importer/GrobidOptInDialogHelper.java
4,src/main/java/org/jabref/logic/journals/AbbreviationParser.java
9,src/main/java/org/jabref/model/groups/event/GroupUpdatedEvent.java
5,src/main/java/org/jabref/logic/formatter/bibtexfields/EscapeAmpersandsFormatter.java
1,src/main/java/org/jabref/gui/AbstractViewModel.java
1,src/main/java/org/jabref/logic/util/strings/StringManipulator.java
9,src/main/java/org/jabref/logic/layout/format/CurrentDate.java
6,src/test/java/org/jabref/model/entry/IdGeneratorTest.java
1,src/main/java/org/jabref/logic/exporter/OpenDocumentSpreadsheetCreator.java
4,src/test/java/org/jabref/logic/importer/fetcher/transformers/ArXivQueryTransformerTest.java
4,src/main/java/org/jabref/gui/util/TextFlowLimited.java
9,src/main/java/org/jabref/logic/texparser/LatexParser.java
6,src/main/java/org/jabref/gui/util/CustomLocalDragboard.java
5,src/test/java/org/jabref/logic/importer/fileformat/SilverPlatterImporterTest.java
1,src/main/java/org/jabref/logic/layout/format/ToUpperCase.java
4,src/test/java/org/jabref/gui/externalfiles/UnlinkedFilesCrawlerTest.java
6,src/main/java/org/jabref/logic/integrity/BooktitleChecker.java
4,src/main/java/org/jabref/gui/push/AbstractPushToApplication.java
4,src/main/java/org/jabref/logic/util/FileType.java
5,src/main/java/org/jabref/model/openoffice/style/CitationLookupResult.java
1,src/main/java/org/jabref/gui/commonfxcontrols/CitationKeyPatternPanel.java
4,src/main/java/org/jabref/gui/copyfiles/CopyFilesDialogView.java
7,src/main/java/org/jabref/gui/mergeentries/newmergedialog/cell/MergedFieldCell.java
5,src/test/java/org/jabref/logic/exporter/ExporterTest.java
1,src/main/java/org/jabref/gui/exporter/ExporterViewModel.java
1,src/test/java/org/jabref/logic/bst/util/BstPurifierTest.java
7,src/main/java/org/jabref/gui/fieldeditors/identifier/IdentifierEditor.java
9,src/main/java/org/jabref/logic/importer/fileformat/PicaXmlParser.java
1,src/test/java/org/jabref/logic/importer/fetcher/MedlineFetcherTest.java
5,src/test/java/org/jabref/logic/shared/security/PasswordTest.java
4,src/main/java/org/jabref/gui/libraryproperties/general/GeneralPropertiesView.java
4,src/main/java/org/jabref/gui/preferences/customentrytypes/FieldViewModel.java
1,src/main/java/org/jabref/logic/citationstyle/CitationStyleOutputFormat.java
6,src/main/java/org/jabref/logic/importer/fetcher/ResearchGate.java
1,src/main/java/org/jabref/gui/preview/PreviewViewer.java
1,src/main/java/org/jabref/logic/citationkeypattern/BracketedPattern.java
9,src/test/java/org/jabref/logic/formatter/minifier/TruncateFormatterTest.java
9,src/test/java/org/jabref/logic/l10n/JavaLocalizationEntryParser.java
1,src/main/java/org/jabref/logic/importer/fetcher/MathSciNet.java
6,src/main/java/org/jabref/gui/actions/Action.java
4,src/test/java/org/jabref/logic/formatter/bibtexfields/AddBracesFormatterTest.java
4,src/main/java/org/jabref/logic/layout/format/CompositeFormat.java
6,src/main/java/org/jabref/logic/openoffice/frontend/UpdateCitationMarkers.java
4,src/main/java/org/jabref/logic/bst/util/BstCaseChanger.java
1,src/main/java/org/jabref/gui/groups/GroupDialogViewModel.java
5,src/test/java/org/jabref/model/entry/MonthTest.java
6,src/main/java/org/jabref/gui/libraryproperties/constants/ConstantsItemModel.java
6,src/test/java/org/jabref/logic/util/io/FileHistoryTest.java
1,src/main/java/org/jabref/gui/util/ZipFileChooser.java
4,src/main/java/org/jabref/model/util/MultiKeyMap.java
5,src/main/java/org/jabref/model/openoffice/util/OOListUtil.java
5,src/test/java/org/jabref/model/TreeNodeTest.java
4,src/main/java/org/jabref/gui/keyboard/KeyBindingCategory.java
4,src/main/java/org/jabref/logic/cleanup/TimeStampToCreationDate.java
4,src/main/java/org/jabref/gui/help/NewVersionDialog.java
4,src/main/java/org/jabref/gui/search/GlobalSearchBar.java
5,src/main/java/org/jabref/model/openoffice/uno/UnoTextSection.java
5,src/main/java/org/jabref/logic/integrity/FieldCheckers.java
6,src/main/java/org/jabref/gui/edit/ReplaceStringView.java
1,src/main/java/org/jabref/gui/util/TooltipTextUtil.java
1,src/test/java/org/jabref/logic/crawler/StudyRepositoryTest.java
5,src/test/java/org/jabref/logic/integrity/CitationKeyCheckerTest.java
4,src/test/java/org/jabref/logic/shared/DBMSConnectionTest.java
1,src/main/java/org/jabref/gui/edit/automaticfiededitor/editfieldcontent/EditFieldContentViewModel.java
5,src/main/java/org/jabref/model/openoffice/style/ComparableCitedKey.java
1,src/main/java/org/jabref/model/groups/AutomaticGroup.java
12,src/main/java/org/jabref/model/pdf/FileAnnotation.java
1,src/main/java/org/jabref/gui/mergeentries/newmergedialog/diffhighlighter/DiffHighlighter.java
5,src/main/java/org/jabref/model/entry/identifier/Identifier.java
9,src/main/java/org/jabref/logic/importer/fileformat/PdfContentImporter.java
9,src/main/java/org/jabref/logic/formatter/bibtexfields/OrdinalsToSuperscriptFormatter.java
9,src/main/java/org/jabref/model/openoffice/style/CitationGroupId.java
1,src/main/java/org/jabref/logic/importer/fileformat/RisImporter.java
5,src/test/java/org/jabref/model/paging/PageTest.java
1,src/main/java/org/jabref/logic/bibtex/comparator/MetaDataDiff.java
9,src/test/java/org/jabref/logic/crawler/StudyYamlParserTest.java
9,src/test/java/org/jabref/logic/bibtex/comparator/BibDatabaseDiffTest.java
5,src/main/java/org/jabref/logic/layout/format/CreateDocBook5Editors.java
1,src/main/java/org/jabref/gui/maintable/MainTable.java
9,src/test/java/org/jabref/logic/exporter/MetaDataSerializerTest.java
7,src/main/java/org/jabref/gui/UpdateTimestampListener.java
6,src/main/java/org/jabref/logic/importer/util/INSPIREBibtexFilterReader.java
1,src/main/java/org/jabref/logic/layout/format/ReplaceWithEscapedDoubleQuotes.java
4,src/test/java/org/jabref/gui/search/TextFlowEqualityHelper.java
5,src/main/java/org/jabref/model/database/BibDatabases.java
4,src/main/java/org/jabref/logic/util/io/XMLUtil.java
12,src/main/java/org/jabref/model/openoffice/rangesort/RangeHolder.java
1,src/main/java/org/jabref/logic/importer/fetcher/CrossRef.java
1,src/main/java/org/jabref/logic/importer/fetcher/ZbMATH.java
6,src/test/java/org/jabref/logic/l10n/LanguageTest.java
11,src/main/java/org/jabref/preferences/BibEntryPreferences.java
5,src/main/java/org/jabref/logic/importer/fetcher/GvkFetcher.java
4,src/main/java/org/jabref/gui/preferences/appearance/AppearanceTabViewModel.java
6,src/main/java/org/jabref/logic/exporter/SaveException.java
12,src/main/java/org/jabref/model/pdf/FileAnnotationType.java
6,src/main/java/org/jabref/gui/fieldeditors/LinkedFilesEditorViewModel.java
4,src/main/java/org/jabref/gui/AbstractViewModel.java
6,src/main/java/org/jabref/model/entry/LinkedFile.java
1,src/main/java/org/jabref/logic/layout/format/AuthorLastFirst.java
1,src/main/java/org/jabref/model/entry/SharedBibEntryData.java
6,src/main/java/org/jabref/logic/layout/format/ToLowerCase.java
6,src/main/java/org/jabref/logic/importer/util/MetaDataParser.java
4,src/main/java/org/jabref/gui/desktop/os/OSX.java
5,src/test/java/org/jabref/logic/citationstyle/CitationStyleTest.java
6,src/main/java/org/jabref/gui/cleanup/CleanupSingleAction.java
4,src/test/java/org/jabref/logic/importer/fileformat/ImporterTestEngine.java
4,src/main/java/org/jabref/gui/collab/ChangeScanner.java
4,src/main/java/org/jabref/model/entry/types/SystematicLiteratureReviewStudyEntryTypeDefinitions.java
1,src/main/java/org/jabref/model/groups/GroupTreeNode.java
1,src/main/java/org/jabref/logic/shared/PostgreSQLProcessor.java
5,src/test/java/org/jabref/logic/layout/format/WrapFileLinksTest.java
4,src/main/java/org/jabref/model/database/event/AutosaveEvent.java
7,src/main/java/org/jabref/gui/mergeentries/newmergedialog/ThreeWayMergeHeaderView.java
6,src/main/java/org/jabref/logic/importer/util/JsonReader.java
4,src/main/java/org/jabref/logic/importer/fetcher/SemanticScholar.java
1,src/main/java/org/jabref/logic/integrity/HTMLCharacterChecker.java
5,src/test/java/org/jabref/logic/importer/fileformat/PdfContentImporterTest.java
2,src/main/java/org/jabref/cli/JabRefCLI.java
4,src/main/java/org/jabref/gui/texparser/CitationsDisplay.java
1,src/test/java/org/jabref/logic/layout/format/AuthorLastFirstAbbrOxfordCommasTest.java
4,src/main/java/org/jabref/logic/groups/DefaultGroupsFactory.java
9,src/main/java/org/jabref/logic/importer/fileformat/MedlinePlainImporter.java
1,src/main/java/org/jabref/logic/importer/ParseException.java
4,src/main/java/org/jabref/gui/actions/ActionHelper.java
4,src/main/java/org/jabref/model/entry/field/BiblatexApaField.java
1,src/main/java/org/jabref/logic/cleanup/MoveFilesCleanup.java
1,src/test/java/org/jabref/model/database/BibDatabaseContextTest.java
4,src/main/java/org/jabref/gui/BasePanelMode.java
4,src/main/java/org/jabref/model/entry/field/AMSField.java
6,src/main/java/org/jabref/logic/groups/DefaultGroupsFactory.java
1,src/main/java/org/jabref/logic/l10n/Encodings.java
7,src/main/java/org/jabref/gui/entryeditor/LatexCitationsTabViewModel.java
6,src/main/java/org/jabref/gui/entryeditor/EntryEditorPreferences.java
1,src/main/java/org/jabref/logic/integrity/MonthChecker.java
1,src/main/java/org/jabref/model/groups/AbstractGroup.java
9,src/main/java/org/jabref/logic/importer/IdBasedParserFetcher.java
4,src/test/java/org/jabref/logic/exporter/XmpExporterTest.java
4,src/test/java/org/jabref/logic/bibtex/FieldWriterTest.java
5,src/main/java/org/jabref/logic/formatter/bibtexfields/RemoveHyphenatedNewlinesFormatter.java
9,src/main/java/org/jabref/model/texparser/Citation.java
6,src/main/java/org/jabref/logic/cleanup/CleanupWorker.java
9,src/test/java/org/jabref/model/groups/AutomaticKeywordGroupTest.java
6,src/main/java/org/jabref/logic/layout/format/DateFormatter.java
7,src/main/java/org/jabref/gui/util/comparator/SpecialFieldComparator.java
7,src/main/java/org/jabref/gui/undo/NamedCompound.java
1,src/main/java/org/jabref/logic/importer/fileformat/EndnoteImporter.java
5,src/test/java/org/jabref/model/search/matchers/MatcherSetsTest.java
5,src/main/java/org/jabref/model/entry/identifier/ISSN.java
6,src/test/java/org/jabref/logic/importer/fileformat/BiblioscapeImporterFilesTest.java
4,src/main/java/org/jabref/gui/fieldeditors/LinkedEntriesEditorViewModel.java
6,src/main/java/org/jabref/logic/importer/fetcher/transformers/BiodiversityLibraryTransformer.java
4,src/main/java/org/jabref/gui/preferences/network/NetworkTabViewModel.java
7,src/test/java/org/jabref/gui/util/FileDialogConfigurationTest.java
12,src/main/java/org/jabref/model/openoffice/uno/CreationException.java
9,src/main/java/org/jabref/logic/util/strings/StringLengthComparator.java
5,src/test/java/org/jabref/logic/layout/format/DateFormatterTest.java
9,src/main/java/org/jabref/logic/importer/AuthorListParser.java
1,src/main/java/org/jabref/logic/importer/fetcher/BibsonomyScraper.java
5,src/main/java/org/jabref/logic/net/ssl/SSLCertificate.java
6,src/main/java/org/jabref/gui/fieldeditors/JournalEditor.java
9,src/test/java/org/jabref/logic/integrity/BibStringCheckerTest.java
12,src/test/java/org/jabref/model/entry/KeywordTest.java
1,src/main/java/org/jabref/gui/preferences/customimporter/CustomImporterTab.java
1,src/main/java/org/jabref/gui/fieldeditors/identifier/ISBNIdentifierEditorViewModel.java
1,src/main/java/org/jabref/gui/externalfiles/DateRange.java
5,src/test/java/org/jabref/logic/layout/format/AuthorFirstFirstCommasTest.java
4,src/main/java/org/jabref/logic/importer/EntryBasedFetcher.java
5,src/main/java/org/jabref/model/study/Study.java
1,src/test/java/org/jabref/logic/importer/fileformat/EndnoteImporterTest.java
9,src/main/java/org/jabref/logic/git/GitHandler.java
1,src/test/java/org/jabref/logic/layout/LayoutTest.java
6,src/test/java/org/jabref/logic/bst/BstPreviewLayoutTest.java
6,src/main/java/org/jabref/model/openoffice/rangesort/RangeSortVisual.java
5,src/main/java/org/jabref/logic/util/DelayTaskThrottler.java
1,src/main/java/org/jabref/gui/importer/GenerateEntryFromIdDialog.java
9,src/test/java/org/jabref/logic/importer/fetcher/SpringerLinkTest.java
6,src/main/java/org/jabref/logic/database/DuplicateCheck.java
9,src/main/java/org/jabref/model/strings/UnicodeToReadableCharMap.java
5,src/test/java/org/jabref/logic/integrity/ISSNCheckerTest.java
4,src/main/java/org/jabref/gui/logging/ApplicationInsightsLogEvent.java
6,src/test/java/org/jabref/gui/edit/ManageKeywordsViewModelTest.java
7,src/main/java/org/jabref/gui/mergeentries/newmergedialog/diffhighlighter/SplitDiffHighlighter.java
6,src/main/java/org/jabref/logic/layout/format/AuthorLastFirstAbbrCommas.java
4,src/main/java/org/jabref/gui/edit/ManageKeywordsViewModel.java
6,src/main/java/org/jabref/logic/openoffice/backend/NamedRangeManagerReferenceMark.java
6,src/test/java/org/jabref/logic/importer/fileformat/EndnoteXmlImporterFilesTest.java
12,src/main/java/org/jabref/model/openoffice/backend/NamedRangeManager.java
6,src/main/java/org/jabref/logic/util/io/FileNameUniqueness.java
6,src/main/java/org/jabref/logic/importer/fetcher/GrobidPreferences.java
4,src/main/java/org/jabref/logic/formatter/casechanger/Title.java
4,src/main/java/org/jabref/logic/net/ssl/TrustStoreManager.java
9,src/main/java/org/jabref/model/entry/types/IEEETranEntryType.java
6,src/main/java/org/jabref/logic/layout/format/XMLChars.java
6,src/test/java/org/jabref/logic/l10n/EncodingsTest.java
6,src/main/java/org/jabref/gui/theme/Theme.java
7,src/main/java/org/jabref/gui/externalfiles/UnlinkedFilesDialogView.java
5,src/main/java/org/jabref/logic/openoffice/backend/Backend52.java
7,src/main/java/org/jabref/gui/push/PushToVim.java
6,src/main/java/org/jabref/logic/formatter/bibtexfields/ShortenDOIFormatter.java
1,src/test/java/org/jabref/logic/importer/fileformat/PdfGrobidImporterTest.java
4,src/main/java/org/jabref/gui/undo/NamedCompound.java
6,src/main/java/org/jabref/gui/keyboard/TextInputKeyBindings.java
12,src/main/java/org/jabref/model/entry/BibEntryType.java
6,src/main/java/org/jabref/gui/openoffice/StyleSelectItemViewModel.java
6,src/test/java/org/jabref/logic/importer/fetcher/SpringerFetcherTest.java
4,src/main/java/org/jabref/gui/WaitForSaveFinishedDialog.java
1,src/test/java/org/jabref/gui/slr/ManageStudyDefinitionViewModelTest.java
1,src/test/java/org/jabref/gui/autocompleter/BibEntrySuggestionProviderTest.java
9,src/test/java/org/jabref/logic/importer/fetcher/transformers/SpringerQueryTransformerTest.java
6,src/main/java/org/jabref/gui/texparser/ParseLatexResultViewModel.java
9,src/test/java/org/jabref/logic/layout/format/HTMLParagraphsTest.java
6,src/main/java/org/jabref/model/openoffice/rangesort/RangeOverlapWithin.java
4,src/main/java/org/jabref/logic/integrity/HowPublishedChecker.java
5,src/main/java/org/jabref/model/openoffice/util/OOPair.java
7,src/main/java/org/jabref/gui/mergeentries/newmergedialog/cell/CopyFieldValueCommand.java
5,src/test/java/org/jabref/model/pdf/FileAnnotationTest.java
7,src/main/java/org/jabref/gui/libraryproperties/PropertiesTabViewModel.java
4,src/main/java/org/jabref/gui/mergeentries/newmergedialog/cell/ThreeWayMergeCell.java
5,src/main/java/org/jabref/logic/layout/format/ReplaceWithEscapedDoubleQuotes.java
4,src/main/java/org/jabref/gui/slr/ManageStudyDefinitionView.java
4,src/main/java/org/jabref/logic/formatter/bibtexfields/NormalizeEnDashesFormatter.java
1,src/test/java/org/jabref/logic/importer/fileformat/MedlinePlainImporterTest.java
4,src/main/java/org/jabref/gui/collab/entrychange/EntryChange.java
5,src/test/java/org/jabref/logic/layout/format/AuthorOrgSciTest.java
4,src/main/java/org/jabref/gui/preferences/entry/EntryTabViewModel.java
7,src/main/java/org/jabref/gui/StateManager.java
4,src/main/java/org/jabref/logic/importer/CompositeIdFetcher.java
9,src/main/java/org/jabref/logic/importer/fileformat/CoinsParser.java
1,src/test/java/org/jabref/logic/bst/util/BstCaseChangersTest.java
9,src/test/java/org/jabref/logic/bibtex/comparator/BibtexStringComparatorTest.java
6,src/main/java/org/jabref/logic/bibtex/comparator/GroupDiff.java
6,src/main/java/org/jabref/gui/help/NewVersionDialog.java
6,src/main/java/org/jabref/model/groups/AllEntriesGroup.java
4,src/test/java/org/jabref/logic/l10n/LocalizationTest.java
7,src/test/java/org/jabref/gui/search/GetLastSearchHistoryTest.java
12,src/main/java/org/jabref/model/entry/field/Field.java
1,src/main/java/org/jabref/logic/git/GitHandler.java
4,src/main/java/org/jabref/gui/importer/actions/OpenDatabaseAction.java
9,src/test/java/org/jabref/logic/formatter/IdentityFormatterTest.java
5,src/main/java/org/jabref/model/entry/identifier/ISBN.java
9,src/test/java/org/jabref/model/entry/EntryTypeFactoryTest.java
9,src/test/java/org/jabref/logic/l10n/JavaLocalizationEntryParserTest.java
6,src/main/java/org/jabref/logic/importer/fetcher/CompositeSearchBasedFetcher.java
9,src/main/java/org/jabref/logic/layout/format/RisKeywords.java
6,src/main/java/org/jabref/logic/importer/fetcher/transformers/SpringerQueryTransformer.java
9,src/test/java/org/jabref/logic/importer/fetcher/TitleFetcherTest.java
4,src/main/java/org/jabref/gui/fieldeditors/DateEditor.java
6,src/main/java/org/jabref/model/openoffice/util/OOListUtil.java
5,src/main/java/org/jabref/logic/layout/format/RemoveBracketsAddComma.java
9,src/main/java/org/jabref/logic/layout/format/AuthorFirstFirstCommas.java
1,src/main/java/org/jabref/gui/auximport/AuxParserResultViewModel.java
1,src/test/java/org/jabref/gui/util/FileDialogConfigurationTest.java
5,src/main/java/org/jabref/logic/bibtex/comparator/PreambleDiff.java
1,src/main/java/org/jabref/logic/util/io/FileNameUniqueness.java
5,src/main/java/org/jabref/model/openoffice/style/CitationGroup.java
4,src/main/java/org/jabref/logic/importer/fetcher/ACS.java
6,src/main/java/org/jabref/gui/util/OptionalObjectProperty.java
7,src/main/java/org/jabref/gui/importer/ImportCustomEntryTypesDialogViewModel.java
1,src/main/java/org/jabref/logic/layout/format/FileLink.java
7,src/main/java/org/jabref/gui/groups/GroupsPreferences.java
1,src/main/java/org/jabref/gui/BasePanelMode.java
5,src/main/java/org/jabref/model/util/TreeCollector.java
5,src/main/java/org/jabref/logic/importer/fetcher/transformers/YearRangeByFilteringQueryTransformer.java
1,src/main/java/org/jabref/logic/bst/BstVMVisitor.java
6,src/main/java/org/jabref/model/util/OptionalUtil.java
4,src/main/java/org/jabref/gui/util/TaskExecutor.java
1,src/main/java/org/jabref/model/entry/types/IEEETranEntryType.java
4,src/main/java/org/jabref/gui/preferences/xmp/XmpPrivacyTabViewModel.java
5,src/main/java/org/jabref/logic/layout/format/AuthorLastFirst.java
4,src/main/java/org/jabref/logic/bibtex/comparator/FieldComparator.java
1,src/main/java/org/jabref/gui/autocompleter/AutoCompletionStrategy.java
6,src/main/java/org/jabref/gui/mergeentries/FetchAndMergeEntry.java
6,src/main/java/org/jabref/model/entry/event/EntriesEvent.java
4,src/main/java/org/jabref/logic/bst/util/BstPurifier.java
5,src/main/java/org/jabref/logic/importer/fileformat/IsiImporter.java
1,src/test/java/org/jabref/gui/edit/CopyMoreActionTest.java
1,src/test/java/org/jabref/gui/search/GetLastSearchHistoryTest.java
5,src/main/java/org/jabref/logic/cleanup/ConvertToBibtexCleanup.java
6,src/main/java/org/jabref/model/database/event/ChangePropagation.java
9,src/main/java/org/jabref/logic/openoffice/backend/Backend52.java
1,src/main/java/org/jabref/logic/layout/format/Replace.java
4,src/main/java/org/jabref/logic/remote/server/RemoteMessageHandler.java
6,src/main/java/org/jabref/logic/layout/format/IfPlural.java
4,src/main/java/org/jabref/gui/preferences/ShowPreferencesAction.java
1,src/test/java/org/jabref/model/search/rules/ContainsBasedSearchRuleTest.java
5,src/main/java/org/jabref/logic/pdf/FileAnnotationCache.java
7,src/main/java/org/jabref/gui/exporter/SaveAction.java
10,src/test/java/org/jabref/cli/JabRefCLITest.java
1,src/main/java/org/jabref/gui/maintable/MainTableDataModel.java
9,src/main/java/org/jabref/model/entry/field/FieldFactory.java
6,src/main/java/org/jabref/gui/libraryproperties/keypattern/KeyPatternPropertiesView.java
7,src/main/java/org/jabref/gui/search/SearchFieldRightClickMenu.java
7,src/main/java/org/jabref/gui/fieldeditors/LinkedEntriesEditorViewModel.java
1,src/main/java/org/jabref/logic/l10n/LocalizationLocator.java
4,src/test/java/org/jabref/logic/openoffice/style/OOBibStyleTestHelper.java
6,src/main/java/org/jabref/logic/util/DelayTaskThrottler.java
1,src/main/java/org/jabref/logic/importer/fetcher/LibraryOfCongress.java
6,src/main/java/org/jabref/gui/importer/ImportAction.java
6,src/test/java/org/jabref/logic/exporter/BibtexDatabaseWriterTest.java
1,src/main/java/org/jabref/logic/bibtex/comparator/BibDatabaseDiff.java
1,src/main/java/org/jabref/gui/mergeentries/newmergedialog/cell/OpenExternalLinkAction.java
4,src/main/java/org/jabref/logic/exporter/OpenDocumentSpreadsheetCreator.java
5,src/test/java/org/jabref/logic/formatter/bibtexfields/TrimWhitespaceFormatterTest.java
9,src/main/java/org/jabref/logic/importer/fileformat/BibtexParser.java
5,src/test/java/org/jabref/logic/cleanup/TimeStampToCreationDateTest.java
5,src/main/java/org/jabref/logic/formatter/bibtexfields/UnicodeToLatexFormatter.java
9,src/main/java/org/jabref/model/groups/AllEntriesGroup.java
4,src/main/java/org/jabref/logic/undo/UndoChangeEvent.java
6,src/main/java/org/jabref/logic/layout/format/Number.java
9,src/main/java/org/jabref/logic/importer/Importer.java
6,src/main/java/org/jabref/logic/bibtex/comparator/FieldComparatorStack.java
12,src/main/java/org/jabref/model/entry/AuthorList.java
4,src/main/java/org/jabref/gui/collab/stringrename/BibTexStringRenameDetailsView.java
9,src/main/java/org/jabref/logic/importer/fetcher/ACS.java
5,src/main/java/org/jabref/logic/database/DuplicateCheck.java
9,src/main/java/org/jabref/logic/importer/fileformat/medline/MeshHeading.java
1,src/test/java/org/jabref/logic/importer/fileformat/BiblioscapeImporterFilesTest.java
4,src/test/java/org/jabref/model/entry/identifier/ArXivIdentifierTest.java
1,src/test/java/org/jabref/logic/formatter/bibtexfields/UnicodeToLatexFormatterTest.java
7,src/main/java/org/jabref/gui/fieldeditors/EditorTextArea.java
7,src/test/java/org/jabref/gui/edit/RenameFieldViewModelTest.java
6,src/test/java/org/jabref/model/entry/AuthorTest.java
5,src/test/java/org/jabref/logic/importer/WebFetchersTest.java
1,src/main/java/org/jabref/model/entry/field/SpecialField.java
9,src/main/java/org/jabref/logic/util/strings/StringManipulator.java
9,src/test/java/org/jabref/logic/cleanup/BibtexBiblatexRoundtripTest.java
6,src/main/java/org/jabref/gui/search/SearchResultsTableDataModel.java
5,src/main/java/org/jabref/logic/xmp/XmpUtilReader.java
1,src/test/java/org/jabref/logic/exporter/ModsExportFormatTest.java
1,src/main/java/org/jabref/model/openoffice/ootext/OOText.java
9,src/main/java/org/jabref/model/openoffice/util/OOPair.java
6,src/test/java/org/jabref/logic/cleanup/DoiDecodeCleanupTest.java
5,src/main/java/org/jabref/logic/importer/util/MediaTypes.java
5,src/main/java/org/jabref/logic/autosaveandbackup/AutosaveManager.java
6,src/main/java/org/jabref/gui/slr/EditExistingStudyAction.java
6,src/main/java/org/jabref/model/util/ListUtil.java
6,src/test/java/org/jabref/logic/importer/fetcher/MedlineFetcherTest.java
7,src/main/java/org/jabref/gui/preferences/customexporter/CustomExporterTabViewModel.java
6,src/main/java/org/jabref/logic/layout/format/AuthorFirstAbbrLastCommas.java
4,src/test/java/org/jabref/logic/layout/format/ShortMonthFormatterTest.java
4,src/main/java/org/jabref/model/entry/types/StandardEntryType.java
7,src/main/java/org/jabref/gui/util/RadioButtonCell.java
5,src/main/java/org/jabref/logic/citationstyle/CitationStyle.java
5,src/main/java/org/jabref/model/entry/identifier/ARK.java
1,src/main/java/org/jabref/gui/importer/ImportEntriesDialog.java
6,src/main/java/org/jabref/logic/l10n/Language.java
12,src/main/java/org/jabref/model/database/event/ChangePropagation.java
5,src/main/java/org/jabref/logic/bibtex/FileFieldWriter.java
6,src/main/java/org/jabref/gui/util/OptionalValueTableCellFactory.java
9,src/test/java/org/jabref/logic/integrity/TypeCheckerTest.java
9,src/main/java/org/jabref/model/openoffice/uno/UnoTextSection.java
1,src/main/java/org/jabref/gui/MainApplication.java
6,src/main/java/org/jabref/logic/integrity/FieldChecker.java
4,src/main/java/org/jabref/gui/preferences/nameformatter/NameFormatterTab.java
1,src/test/java/org/jabref/logic/shared/DBMSConnectionPropertiesTest.java
4,src/main/java/org/jabref/gui/maintable/BibEntryTableViewModel.java
1,src/main/java/org/jabref/logic/openoffice/frontend/RangeForOverlapCheck.java
4,src/main/java/org/jabref/gui/externalfiles/FileDownloadTask.java
7,src/main/java/org/jabref/gui/mergeentries/MergeEntriesDialog.java
1,src/main/java/org/jabref/logic/remote/client/RemoteClient.java
9,src/test/java/org/jabref/model/event/EventListenerTest.java
1,src/test/java/org/jabref/logic/util/io/FileHistoryTest.java
12,src/main/java/org/jabref/model/openoffice/style/CitationMarkerNumericEntry.java
1,src/main/java/org/jabref/gui/help/AboutDialogView.java
6,src/main/java/org/jabref/logic/pdf/search/indexing/PdfIndexer.java
5,src/main/java/org/jabref/logic/bibtex/comparator/BibDatabaseDiff.java
4,src/main/java/org/jabref/gui/EntryTypeViewModel.java
5,src/main/java/org/jabref/logic/openoffice/action/Update.java
1,src/main/java/org/jabref/gui/collab/stringadd/BibTexStringAddDetailsView.java
5,src/main/java/org/jabref/logic/importer/fileformat/CoinsParser.java
5,src/test/java/org/jabref/logic/layout/format/NameFormatterTest.java
4,src/test/java/org/jabref/logic/importer/fetcher/DoiResolutionTest.java
7,src/main/java/org/jabref/gui/util/component/Tag.java
9,src/main/java/org/jabref/model/database/event/ChangePropagation.java
1,src/test/java/org/jabref/logic/search/SearchQueryTest.java
4,src/main/java/org/jabref/logic/journals/Abbreviation.java
9,src/test/java/org/jabref/logic/layout/format/DateFormatterTest.java
6,src/main/java/org/jabref/gui/fieldeditors/CitationKeyEditor.java
9,src/test/java/org/jabref/logic/autosaveandbackup/BackupManagerDiscardedTest.java
6,src/main/java/org/jabref/logic/util/io/FileFinder.java
5,src/test/java/org/jabref/logic/bibtex/comparator/BibStringDiffTest.java
12,src/test/java/org/jabref/model/database/KeyChangeListenerTest.java
6,src/main/java/org/jabref/gui/texparser/ReferenceViewModel.java
4,src/main/java/org/jabref/gui/push/PushToWinEdt.java
4,src/main/java/org/jabref/logic/remote/server/RemoteListenerServerThread.java
9,src/main/java/org/jabref/logic/importer/fetcher/GrobidCitationFetcher.java
6,src/test/java/org/jabref/logic/bibtex/comparator/CrossRefEntryComparatorTest.java
7,src/test/java/org/jabref/gui/documentviewer/PdfDocumentViewModelTest.java
7,src/main/java/org/jabref/gui/preferences/customentrytypes/CustomEntryTypesTab.java
4,src/main/java/org/jabref/gui/autocompleter/PersonNameStringConverter.java
7,src/main/java/org/jabref/gui/keyboard/KeyBinding.java
4,src/main/java/org/jabref/gui/theme/StyleSheetResource.java
4,src/test/java/org/jabref/logic/importer/fetcher/transformers/SpringerQueryTransformerTest.java
9,src/main/java/org/jabref/logic/pdf/search/retrieval/PdfSearcher.java
6,src/main/java/org/jabref/gui/collab/DatabaseChangeResolver.java
1,src/test/java/org/jabref/gui/preferences/journals/JournalAbbreviationsViewModelTabTest.java
1,src/main/java/org/jabref/gui/preferences/file/FileTabViewModel.java
4,src/main/java/org/jabref/gui/preferences/file/FileTabViewModel.java
6,src/main/java/org/jabref/logic/layout/format/AuthorFirstAbbrLastOxfordCommas.java
4,src/main/java/org/jabref/model/entry/ParsedEntryLink.java
6,src/main/java/org/jabref/logic/importer/QueryParser.java
4,src/main/java/org/jabref/gui/autocompleter/JournalsSuggestionProvider.java
9,src/test/java/org/jabref/logic/shared/ConnectorTest.java
1,src/main/java/org/jabref/gui/journals/UndoableUnabbreviator.java
9,src/main/java/org/jabref/logic/preferences/FetcherApiKey.java
7,src/main/java/org/jabref/gui/help/ErrorConsoleAction.java
4,src/test/java/org/jabref/logic/importer/fetcher/IEEETest.java
9,src/main/java/org/jabref/logic/cleanup/UpgradePdfPsToFileCleanup.java
6,src/test/java/org/jabref/logic/layout/format/HTMLParagraphsTest.java
6,src/test/java/org/jabref/logic/database/DatabaseMergerTest.java
6,src/test/java/org/jabref/gui/entryeditor/fileannotationtab/FileAnnotationViewModelTest.java
6,src/main/java/org/jabref/logic/importer/fetcher/ArXivFetcher.java
6,src/test/java/org/jabref/logic/layout/format/AuthorLastFirstAbbrCommasTest.java
6,src/main/java/org/jabref/gui/groups/GroupTreeNodeViewModel.java
5,src/test/java/org/jabref/logic/importer/fileformat/CopacImporterFilesTest.java
4,src/test/java/org/jabref/model/entry/EntryTypeFactoryTest.java
5,src/main/java/org/jabref/logic/importer/fileformat/MarcXmlParser.java
6,src/test/java/org/jabref/logic/crawler/StudyRepositoryTest.java
1,src/test/java/org/jabref/logic/cleanup/BibtexBiblatexRoundtripTest.java
4,src/main/java/org/jabref/gui/desktop/JabRefDesktop.java
1,src/main/java/org/jabref/gui/journals/UndoableAbbreviator.java
4,src/main/java/org/jabref/logic/bst/BstVMException.java
4,src/main/java/org/jabref/gui/maintable/NameDisplayPreferences.java
1,src/main/java/org/jabref/logic/layout/format/CreateDocBook5Authors.java
6,src/main/java/org/jabref/gui/preferences/external/ExternalTabViewModel.java
6,src/test/java/org/jabref/logic/bst/BstVMVisitorTest.java
9,src/test/java/org/jabref/logic/importer/fetcher/BiodiversityLibraryTest.java
6,src/test/java/org/jabref/logic/formatter/bibtexfields/OrdinalsToSuperscriptFormatterTest.java
5,src/test/java/org/jabref/logic/exporter/CsvExportFormatTest.java
6,src/main/java/org/jabref/gui/integrity/IntegrityCheckDialog.java
6,src/main/java/org/jabref/gui/openoffice/AdvancedCiteDialogView.java
4,src/main/java/org/jabref/model/entry/types/BiblatexSoftwareEntryTypeDefinitions.java
6,src/main/java/org/jabref/gui/maintable/CellFactory.java
6,src/main/java/org/jabref/gui/integrity/IntegrityCheckDialogViewModel.java
5,src/main/java/org/jabref/logic/citationkeypattern/DatabaseCitationKeyPattern.java
6,src/test/java/org/jabref/logic/shared/TestManager.java
6,src/main/java/org/jabref/logic/bibtex/comparator/BibEntryDiff.java
9,src/main/java/org/jabref/logic/importer/fetcher/transformers/ScholarQueryTransformer.java
1,src/main/java/org/jabref/gui/preferences/xmp/XmpPrivacyTab.java
9,src/test/java/org/jabref/model/entry/BibtexStringTest.java
1,src/test/java/org/jabref/logic/importer/fileformat/BibtexParserTest.java
5,src/test/java/org/jabref/logic/importer/fetcher/RfcFetcherTest.java
7,src/main/java/org/jabref/gui/util/uithreadaware/UiThreadChangeListener.java
1,src/main/java/org/jabref/logic/importer/fetcher/transformers/ScholarQueryTransformer.java
1,src/main/java/org/jabref/model/entry/Month.java
9,src/test/java/org/jabref/logic/layout/format/EntryTypeFormatterTest.java
1,src/main/java/org/jabref/logic/layout/format/RemoveTilde.java
4,src/main/java/org/jabref/gui/preferences/protectedterms/ProtectedTermsListItemModel.java
1,src/main/java/org/jabref/logic/integrity/DateChecker.java
4,src/test/java/org/jabref/logic/formatter/bibtexfields/NormalizeEnDashesFormatterTest.java
6,src/main/java/org/jabref/model/entry/types/IEEETranEntryTypeDefinitions.java
6,src/main/java/org/jabref/model/groups/TexGroup.java
9,src/main/java/org/jabref/model/groups/ExplicitGroup.java
4,src/test/java/org/jabref/logic/util/FileNameCleanerTest.java
9,src/main/java/org/jabref/logic/importer/fetcher/transformers/DefaultQueryTransformer.java
9,src/main/java/org/jabref/logic/exporter/BibWriter.java
6,src/main/java/org/jabref/gui/Dialog.java
4,src/main/java/org/jabref/gui/shared/ConnectToSharedDatabaseCommand.java
4,src/main/java/org/jabref/gui/fieldeditors/EditorTextArea.java
1,src/main/java/org/jabref/gui/edit/automaticfiededitor/MoveFieldValueAction.java
6,src/main/java/org/jabref/gui/preferences/PreferencesDialogViewModel.java
5,src/main/java/org/jabref/model/openoffice/style/CitedKey.java
1,src/main/java/org/jabref/gui/mergeentries/MergeResult.java
4,src/main/java/org/jabref/model/openoffice/backend/NamedRangeManager.java
6,src/test/java/org/jabref/gui/mergeentries/GroupMergerTest.java
6,src/main/java/org/jabref/gui/externalfiles/UnlinkedFilesCrawler.java
6,src/main/java/org/jabref/model/entry/Keyword.java
5,src/main/java/org/jabref/model/openoffice/uno/UnoBookmark.java
6,src/test/java/org/jabref/logic/layout/format/EntryTypeFormatterTest.java
4,src/main/java/org/jabref/logic/exporter/SaveConfiguration.java
6,src/main/java/org/jabref/gui/mergeentries/newmergedialog/fieldsmerger/FieldMerger.java
1,src/main/java/org/jabref/gui/mergeentries/newmergedialog/cell/sidebuttons/ToggleMergeUnmergeButton.java
5,src/test/java/org/jabref/model/entry/field/FieldFactoryTest.java
4,src/main/java/org/jabref/logic/importer/fetcher/ScienceDirect.java
5,src/test/java/org/jabref/logic/importer/fetcher/IacrEprintFetcherTest.java
1,src/main/java/org/jabref/gui/fieldeditors/OwnerEditor.java
7,src/main/java/org/jabref/gui/util/TooltipTextUtil.java
1,src/main/java/org/jabref/logic/importer/fetcher/DBLPFetcher.java
9,src/test/java/org/jabref/logic/formatter/bibtexfields/EscapeDollarSignFormatterTest.java
5,src/main/java/org/jabref/logic/importer/fileformat/MsBibImporter.java
9,src/test/java/org/jabref/logic/util/io/FileUtilTest.java
4,src/test/java/org/jabref/gui/edit/CopyOrMoveFieldContentTabViewModelTest.java
5,src/main/java/org/jabref/model/util/FileUpdateListener.java
5,src/main/java/org/jabref/logic/importer/fileformat/InspecImporter.java
6,src/test/java/org/jabref/logic/layout/format/RTFCharsTest.java
4,src/test/java/org/jabref/logic/importer/fetcher/CollectionOfComputerScienceBibliographiesParserTest.java
6,src/main/java/org/jabref/logic/layout/format/CompositeFormat.java
6,src/main/java/org/jabref/gui/edit/automaticfiededitor/AbstractAutomaticFieldEditorTabView.java
7,src/main/java/org/jabref/gui/fieldeditors/MapBasedEditorViewModel.java
1,src/main/java/org/jabref/gui/icon/JabrefIconProvider.java
9,src/main/java/org/jabref/logic/formatter/bibtexfields/UnicodeToLatexFormatter.java
6,src/main/java/org/jabref/gui/collab/ChangeScanner.java
9,src/main/java/org/jabref/logic/bibtex/FileFieldWriter.java
7,src/main/java/org/jabref/gui/preferences/journals/JournalAbbreviationsTabViewModel.java
4,src/main/java/org/jabref/model/openoffice/style/CitedKeys.java
6,src/main/java/org/jabref/logic/TypedBibEntry.java
6,src/main/java/org/jabref/logic/exporter/GroupSerializer.java
1,src/test/java/org/jabref/logic/layout/format/AuthorFirstLastCommasTest.java
6,src/main/java/org/jabref/model/groups/WordKeywordGroup.java
9,src/test/java/org/jabref/logic/exporter/GroupSerializerTest.java
6,src/main/java/org/jabref/logic/layout/TextBasedPreviewLayout.java
6,src/test/java/org/jabref/gui/search/TextFlowEqualityHelper.java
9,src/main/java/org/jabref/logic/cleanup/CleanupJob.java
1,src/main/java/org/jabref/gui/sidepane/SidePaneContentFactory.java
1,src/main/java/org/jabref/gui/EntryTypeViewModel.java
4,src/test/java/org/jabref/testutils/category/GUITest.java
4,src/main/java/org/jabref/logic/formatter/casechanger/UnprotectTermsFormatter.java
1,buildSrc/src/copied/java/org/jabref/logic/journals/AbbreviationFormat.java
1,src/main/java/org/jabref/logic/msbib/PageNumbers.java
9,src/test/java/org/jabref/logic/layout/format/LatexToUnicodeFormatterTest.java
9,buildSrc/src/copied/java/org/jabref/logic/journals/AbbreviationFormat.java
6,src/main/java/org/jabref/logic/exporter/EmbeddedBibFilePdfExporter.java
1,src/test/java/org/jabref/gui/edit/ReplaceStringViewModelTest.java
1,src/test/java/org/jabref/logic/formatter/bibtexfields/RegexFormatterTest.java
4,src/main/java/org/jabref/logic/journals/AbbreviationFormat.java
9,src/test/java/org/jabref/logic/importer/util/FileFieldParserTest.java
6,src/main/java/org/jabref/gui/preferences/journals/JournalAbbreviationsTab.java
6,src/test/java/org/jabref/logic/formatter/bibtexfields/ShortenDOIFormatterTest.java
4,src/main/java/org/jabref/gui/externalfiles/UnlinkedPDFFileFilter.java
4,src/test/java/org/jabref/logic/exporter/FieldFormatterCleanupsTest.java
1,src/test/java/org/jabref/logic/util/io/FileNameUniquenessTest.java
4,src/main/java/org/jabref/model/openoffice/uno/UnoTextSection.java
5,src/test/java/org/jabref/logic/importer/fileformat/EndnoteXmlImporterFilesTest.java
5,src/main/java/org/jabref/logic/layout/format/NotFoundFormatter.java
9,src/main/java/org/jabref/logic/importer/ImportCleanup.java
1,src/test/java/org/jabref/logic/citationkeypattern/MakeLabelWithDatabaseTest.java
5,src/test/java/org/jabref/logic/cleanup/DoiDecodeCleanupTest.java
6,src/test/java/org/jabref/model/entry/identifier/MathSciNetIdTest.java
4,src/main/java/org/jabref/logic/formatter/bibtexfields/EscapeDollarSignFormatter.java
12,src/main/java/org/jabref/model/openoffice/util/OOVoidResult.java
9,src/test/java/org/jabref/logic/remote/RemoteSetupTest.java
4,src/main/java/org/jabref/logic/integrity/DoiDuplicationChecker.java
9,src/main/java/org/jabref/model/search/GroupSearchQuery.java
9,src/main/java/org/jabref/logic/protectedterms/ProtectedTermsParser.java
5,src/main/java/org/jabref/logic/importer/fetcher/BibsonomyScraper.java
9,src/main/java/org/jabref/logic/importer/FetcherClientException.java
6,src/test/java/org/jabref/logic/importer/ImportFormatReaderParameterlessTest.java
6,src/main/java/org/jabref/gui/collab/DatabaseChange.java
6,src/main/java/org/jabref/gui/maintable/MainTableDataModel.java
2,src/main/java/org/jabref/preferences/JabRefPreferences.java
1,src/main/java/org/jabref/logic/preferences/TimestampPreferences.java
7,src/main/java/org/jabref/gui/undo/UndoableKeyChange.java
5,src/test/java/org/jabref/logic/exporter/MSBibExportFormatFilesTest.java
9,src/main/java/org/jabref/model/openoffice/style/CitedKeys.java
1,src/main/java/org/jabref/logic/crawler/StudyYamlParser.java
7,src/main/java/org/jabref/gui/sidepane/GroupsSidePaneComponent.java
9,src/main/java/org/jabref/logic/xmp/XmpPreferences.java
5,src/main/java/org/jabref/logic/openoffice/backend/NamedRangeManagerReferenceMark.java
1,src/main/java/org/jabref/logic/auxparser/AuxParserResult.java
7,src/main/java/org/jabref/gui/mergeentries/DiffHighlightingEllipsingTextFlow.java
5,src/main/java/org/jabref/logic/importer/fetcher/transformers/ScholarQueryTransformer.java
5,src/main/java/org/jabref/model/util/MultiKeyMap.java
6,src/main/java/org/jabref/logic/openoffice/backend/Codec52.java
4,src/test/java/org/jabref/logic/layout/format/LastPageTest.java
1,src/main/java/org/jabref/logic/protectedterms/ProtectedTermsPreferences.java
6,src/main/java/org/jabref/gui/fieldeditors/SimpleEditor.java
4,src/test/java/org/jabref/logic/formatter/bibtexfields/RemoveHyphenatedNewlinesFormatterTest.java
1,src/test/java/org/jabref/logic/importer/fetcher/MedraTest.java
4,src/main/java/org/jabref/logic/util/strings/StringSimilarity.java
6,src/main/java/org/jabref/gui/desktop/os/OSX.java
9,src/test/java/org/jabref/logic/layout/format/AuthorAndToSemicolonReplacerTest.java
4,src/main/java/org/jabref/logic/importer/fetcher/DiVA.java
9,src/main/java/org/jabref/logic/shared/DBMSType.java
6,src/main/java/org/jabref/gui/edit/automaticfiededitor/AbstractAutomaticFieldEditorTabViewModel.java
7,src/main/java/org/jabref/gui/externalfiletype/ExternalFileTypes.java
9,src/test/java/org/jabref/logic/importer/fetcher/CompositeSearchBasedFetcherTest.java
5,src/test/java/org/jabref/logic/layout/format/DefaultTest.java
5,src/main/java/org/jabref/logic/cleanup/UpgradePdfPsToFileCleanup.java
6,src/test/java/org/jabref/logic/bibtex/comparator/BibStringDiffTest.java
1,src/main/java/org/jabref/gui/util/comparator/NumericFieldComparator.java
5,src/main/java/org/jabref/model/openoffice/uno/CreationException.java
6,src/test/java/org/jabref/logic/cleanup/BibtexBiblatexRoundtripTest.java
9,src/test/java/org/jabref/logic/openoffice/style/StyleLoaderTest.java
5,src/test/java/org/jabref/logic/layout/format/AuthorLF_FFTest.java
5,src/test/java/org/jabref/logic/journals/JournalAbbreviationRepositoryTest.java
9,src/test/java/org/jabref/logic/exporter/MSBibExportFormatFilesTest.java
9,src/test/java/org/jabref/model/database/DuplicationCheckerTest.java
5,src/main/java/org/jabref/model/groups/TexGroup.java
9,src/main/java/org/jabref/logic/autosaveandbackup/BackupManager.java
9,src/main/java/org/jabref/logic/util/DelayTaskThrottler.java
1,src/main/java/org/jabref/model/database/BibDatabase.java
6,src/test/java/org/jabref/logic/importer/ImportFormatReaderIntegrationTest.java
4,src/main/java/org/jabref/gui/slr/StudyDatabaseItem.java
1,src/test/java/org/jabref/gui/externalfiles/UnlinkedFilesCrawlerTest.java
5,src/test/java/org/jabref/logic/exporter/XmpExporterTest.java
9,src/main/java/org/jabref/logic/l10n/Localization.java
4,src/main/java/org/jabref/gui/preferences/customentrytypes/CustomEntryTypesTab.java
4,src/main/java/org/jabref/gui/openoffice/StyleSelectDialogViewModel.java
7,src/main/java/org/jabref/gui/dialogs/AutosaveUiManager.java
5,src/main/java/org/jabref/model/database/event/EntriesRemovedEvent.java
6,src/main/java/org/jabref/logic/formatter/bibtexfields/NormalizeDateFormatter.java
6,src/main/java/org/jabref/model/openoffice/rangesort/RangeOverlap.java
5,src/test/java/org/jabref/logic/importer/fetcher/ZbMATHTest.java
5,src/test/java/org/jabref/model/entry/BibEntryTypesManagerTest.java
1,src/test/java/org/jabref/logic/exporter/XmpPdfExporterTest.java
5,src/main/java/org/jabref/logic/cleanup/FileLinksCleanup.java
5,src/main/java/org/jabref/logic/importer/fetcher/CollectionOfComputerScienceBibliographiesFetcher.java
5,src/main/java/org/jabref/model/openoffice/style/CitationType.java
6,src/main/java/org/jabref/gui/entryeditor/OptionalFields2Tab.java
1,src/main/java/org/jabref/gui/maintable/OpenExternalFileAction.java
1,src/main/java/org/jabref/model/groups/AllEntriesGroup.java
5,src/main/java/org/jabref/logic/importer/fetcher/ComplexSearchQuery.java
6,src/main/java/org/jabref/logic/bibtex/comparator/BibStringDiff.java
1,src/test/java/org/jabref/logic/citationstyle/CitationStyleTest.java
7,src/main/java/org/jabref/preferences/BibEntryPreferences.java
1,src/main/java/org/jabref/gui/preferences/general/GeneralTab.java
6,src/test/java/org/jabref/gui/util/RecursiveTreeItemTest.java
5,src/main/java/org/jabref/model/entry/field/SpecialField.java
4,src/main/java/org/jabref/model/pdf/search/EnglishStemAnalyzer.java
4,src/main/java/org/jabref/gui/util/FileFilterConverter.java
9,src/test/java/org/jabref/logic/importer/fileformat/ACMPortalParserTest.java
9,src/main/java/org/jabref/logic/shared/DatabaseLocation.java
1,src/main/java/org/jabref/gui/copyfiles/CopyFilesDialogViewModel.java
6,src/main/java/org/jabref/gui/texparser/ParseLatexAction.java
1,src/main/java/org/jabref/gui/importer/ImportCustomEntryTypesDialogViewModel.java
4,src/test/java/org/jabref/logic/importer/fetcher/SearchBasedFetcherCapabilityTest.java
6,src/main/java/org/jabref/logic/util/io/AutoLinkPreferences.java
5,src/main/java/org/jabref/logic/layout/format/Ordinal.java
6,src/main/java/org/jabref/gui/actions/Sources.java
7,src/main/java/org/jabref/gui/maintable/SearchShortScienceAction.java
7,src/main/java/org/jabref/gui/preferences/keybindings/KeyBindingViewModel.java
1,src/main/java/org/jabref/model/openoffice/uno/NoDocumentException.java
6,src/main/java/org/jabref/logic/importer/Parser.java
4,src/main/java/org/jabref/logic/openoffice/backend/Codec52.java
4,src/main/java/org/jabref/logic/bibtex/FieldContentFormatter.java
2,src/main/java/org/jabref/cli/ArgumentProcessor.java
5,src/main/java/org/jabref/logic/util/strings/StringSimilarity.java
4,src/main/java/org/jabref/gui/cleanup/CleanupPresetPanel.java
9,src/main/java/org/jabref/model/openoffice/backend/NamedRangeManager.java
6,src/main/java/org/jabref/logic/bst/util/BstWidthCalculator.java
6,src/main/java/org/jabref/gui/commonfxcontrols/SortCriterionViewModel.java
1,src/main/java/org/jabref/model/openoffice/style/CitationGroupId.java
6,src/main/java/org/jabref/logic/integrity/FieldCheckers.java
1,src/test/java/org/jabref/logic/layout/format/AuthorFirstAbbrLastCommasTest.java
1,src/main/java/org/jabref/logic/layout/format/ReplaceUnicodeLigaturesFormatter.java
1,src/main/java/org/jabref/gui/fieldeditors/JournalEditor.java
4,src/main/java/org/jabref/gui/push/PushToVimSettings.java
5,src/main/java/org/jabref/logic/crawler/Crawler.java
1,src/main/java/org/jabref/logic/layout/format/AuthorAndsReplacer.java
5,src/main/java/org/jabref/logic/exporter/BlankLineBehaviour.java
9,src/main/java/org/jabref/logic/l10n/LocalizationLocator.java
1,src/test/java/org/jabref/logic/l10n/LanguageTest.java
4,src/main/java/org/jabref/logic/layout/format/ToUpperCase.java
4,src/test/java/org/jabref/logic/cleanup/MoveFilesCleanupTest.java
4,src/test/java/org/jabref/logic/net/MimeTypeDetectorTest.java
7,src/main/java/org/jabref/gui/theme/StyleSheetDataUrl.java
1,src/main/java/org/jabref/gui/mergeentries/newmergedialog/cell/MergedFieldCell.java
9,src/main/java/org/jabref/logic/util/CoarseChangeFilter.java
6,src/main/java/org/jabref/logic/importer/fetcher/isbntobibtex/IsbnFetcher.java
9,src/test/java/org/jabref/logic/bst/util/BstTextPrefixerTest.java
7,src/main/java/org/jabref/gui/shared/SharedDatabaseUIManager.java
6,src/main/java/org/jabref/logic/formatter/minifier/TruncateFormatter.java
9,src/main/java/org/jabref/model/entry/field/UnknownField.java
5,src/main/java/org/jabref/model/openoffice/uno/UnoReferenceMark.java
9,src/test/java/org/jabref/logic/importer/fetcher/SpringerFetcherTest.java
6,src/test/java/org/jabref/logic/formatter/bibtexfields/EscapeDollarSignFormatterTest.java
9,src/main/java/org/jabref/model/search/matchers/AndMatcher.java
6,src/main/java/org/jabref/logic/net/ProxyRegisterer.java
4,src/test/java/org/jabref/logic/layout/format/AuthorFirstAbbrLastCommasTest.java
6,src/main/java/org/jabref/gui/edit/automaticfiededitor/editfieldcontent/EditFieldContentViewModel.java
9,src/main/java/org/jabref/logic/remote/RemoteUtil.java
6,src/main/java/org/jabref/logic/integrity/BibTeXEntryTypeChecker.java
6,src/main/java/org/jabref/gui/importer/actions/OpenDatabaseAction.java
9,src/test/java/org/jabref/logic/net/URLDownloadTest.java
4,src/main/java/org/jabref/gui/util/JabRefResourceLocator.java
1,src/main/java/org/jabref/logic/util/BuildInfo.java
6,src/main/java/org/jabref/logic/msbib/PageNumbers.java
1,src/main/java/org/jabref/gui/fieldeditors/WriteMetadataToPdfCommand.java
9,src/main/java/org/jabref/model/strings/LatexToUnicodeAdapter.java
6,src/main/java/org/jabref/logic/layout/StringInt.java
1,src/main/java/org/jabref/logic/shared/security/Password.java
7,src/main/java/org/jabref/gui/collab/entrychange/EntryWithPreviewAndSourceDetailsView.java
6,src/main/java/org/jabref/gui/collab/entryadd/EntryAdd.java
4,src/main/java/org/jabref/gui/entryeditor/OtherFieldsTab.java
1,src/main/java/org/jabref/logic/xmp/XmpPreferences.java
9,src/main/java/org/jabref/logic/cleanup/FieldFormatterCleanup.java
6,src/main/java/org/jabref/gui/util/comparator/NumericFieldComparator.java
9,src/main/java/org/jabref/logic/util/io/FileFinder.java
5,src/test/java/org/jabref/logic/layout/format/LastPageTest.java
6,src/main/java/org/jabref/gui/preferences/protectedterms/ProtectedTermsTabViewModel.java
1,src/main/java/org/jabref/model/entry/BibtexString.java
4,src/main/java/org/jabref/gui/collab/stringdelete/BibTexStringDeleteDetailsView.java
5,src/test/java/org/jabref/logic/shared/DBMSProcessorTest.java
6,src/main/java/org/jabref/logic/integrity/ISBNChecker.java
1,src/main/java/org/jabref/model/entry/Date.java
12,src/test/java/org/jabref/model/entry/identifier/DOITest.java
9,src/main/java/org/jabref/logic/importer/fetcher/ArXivFetcher.java
6,src/main/java/org/jabref/logic/bst/util/BstCaseChanger.java
9,src/test/java/org/jabref/logic/layout/format/NoSpaceBetweenAbbreviationsTest.java
9,src/main/java/org/jabref/logic/openoffice/frontend/RangeForOverlapCheck.java
1,src/main/java/org/jabref/gui/copyfiles/CopyFilesResultListDependency.java
4,src/test/java/org/jabref/logic/importer/fetcher/GoogleScholarTest.java
4,src/test/java/org/jabref/logic/formatter/FormatterTest.java
4,src/main/java/org/jabref/gui/entryeditor/fileannotationtab/FileAnnotationTabView.java
1,src/main/java/org/jabref/gui/edit/ReplaceStringView.java
7,src/main/java/org/jabref/gui/specialfields/SpecialFieldValueViewModel.java
9,src/main/java/org/jabref/logic/importer/fetcher/SemanticScholar.java
1,src/main/java/org/jabref/gui/libraryproperties/AbstractPropertiesTabView.java
1,src/main/java/org/jabref/gui/push/PushToLyx.java
1,src/test/java/org/jabref/gui/exporter/ExportToClipboardActionTest.java
12,src/test/java/org/jabref/model/entry/CrossrefTest.java
1,src/test/java/org/jabref/logic/crawler/CrawlerTest.java
9,src/test/java/org/jabref/logic/xmp/XmpUtilReaderTest.java
4,src/main/java/org/jabref/gui/help/AboutDialogViewModel.java
4,src/main/java/org/jabref/logic/layout/format/RemoveBracketsAddComma.java
9,src/test/java/org/jabref/logic/importer/fileformat/RISImporterFilesTest.java
11,src/main/java/org/jabref/preferences/TelemetryPreferences.java
1,src/main/java/org/jabref/logic/bibtex/FileFieldWriter.java
6,src/main/java/org/jabref/model/openoffice/uno/UnoNamed.java
9,src/test/java/org/jabref/logic/importer/FulltextFetchersTest.java
9,src/test/java/org/jabref/logic/bst/util/BstPurifierTest.java
1,src/main/java/org/jabref/gui/externalfiles/ChainedFilters.java
1,src/main/java/org/jabref/model/entry/event/FieldChangedEvent.java
5,src/test/java/org/jabref/logic/importer/fetcher/SpringerFetcherTest.java
6,src/main/java/org/jabref/logic/net/ProxyPreferences.java
9,src/test/java/org/jabref/logic/search/SearchQueryTest.java
4,src/main/java/org/jabref/model/entry/field/OrFields.java
4,src/main/java/org/jabref/gui/libraryproperties/keypattern/KeyPatternPropertiesView.java
9,src/main/java/org/jabref/model/entry/Keyword.java
4,src/test/java/org/jabref/model/search/rules/GrammarBasedSearchRuleTest.java
1,src/main/java/org/jabref/logic/citationstyle/JabRefItemDataProvider.java
9,src/main/java/org/jabref/logic/layout/format/ReplaceUnicodeLigaturesFormatter.java
9,src/main/java/org/jabref/model/openoffice/uno/UnoReferenceMark.java
9,src/main/java/org/jabref/logic/bibtex/comparator/BibDatabaseDiff.java
9,src/test/java/org/jabref/model/search/rules/SentenceAnalyzerTest.java
9,src/main/java/org/jabref/model/pdf/FileAnnotationType.java
1,src/test/java/org/jabref/model/groups/AutomaticKeywordGroupTest.java
6,src/main/java/org/jabref/gui/edit/ReplaceStringViewModel.java
9,src/main/java/org/jabref/logic/importer/IdBasedFetcher.java
6,src/test/java/org/jabref/logic/remote/RemoteCommunicationTest.java
6,src/main/java/org/jabref/logic/journals/JournalAbbreviationLoader.java
7,src/main/java/org/jabref/gui/mergeentries/MergeResult.java
7,src/main/java/org/jabref/gui/util/ViewModelTreeTableCellFactory.java
7,src/main/java/org/jabref/gui/FXDialog.java
6,src/test/java/org/jabref/logic/exporter/DocbookExporterTest.java
5,src/main/java/org/jabref/model/entry/field/BiblatexApaField.java
5,src/test/java/org/jabref/logic/layout/format/AuthorLastFirstAbbreviatorTest.java
6,src/main/java/org/jabref/logic/importer/IdParserFetcher.java
6,src/main/java/org/jabref/gui/maintable/MainTablePreferences.java
1,src/main/java/org/jabref/gui/groups/MoveGroupChange.java
4,src/main/java/org/jabref/model/entry/field/FieldPriority.java
1,src/main/java/org/jabref/logic/shared/exception/NotASharedDatabaseException.java
7,src/main/java/org/jabref/gui/bibtexextractor/BibtexExtractorViewModel.java
5,src/main/java/org/jabref/logic/database/DatabaseMerger.java
4,src/test/java/org/jabref/logic/importer/fetcher/RfcFetcherTest.java
12,src/main/java/org/jabref/model/groups/GroupTreeNode.java
5,src/main/java/org/jabref/logic/util/io/FileFinder.java
1,src/main/java/org/jabref/logic/bibtex/comparator/GroupDiff.java
1,src/main/java/org/jabref/gui/preferences/keybindings/presets/NewEntryBindingPreset.java
9,src/test/java/org/jabref/logic/layout/format/RemoveBracketsTest.java
9,src/test/java/org/jabref/logic/layout/format/AuthorOrgSciTest.java
1,src/main/java/org/jabref/logic/importer/fetcher/transformers/IEEEQueryTransformer.java
1,src/main/java/org/jabref/gui/collab/stringdelete/BibTexStringDeleteDetailsView.java
1,src/test/java/org/jabref/logic/l10n/JavaLocalizationEntryParserTest.java
6,src/test/java/org/jabref/logic/journals/JournalAbbreviationRepositoryTest.java
12,src/main/java/org/jabref/model/entry/field/IEEEField.java
4,src/main/java/org/jabref/gui/util/BackgroundTask.java
4,src/main/java/org/jabref/gui/importer/fetcher/WebSearchPaneViewModel.java
4,src/main/java/org/jabref/model/openoffice/rangesort/RangeSort.java
1,src/test/java/org/jabref/logic/shared/DBMSSynchronizerTest.java
5,src/main/java/org/jabref/logic/pdf/search/indexing/PdfIndexer.java
1,src/main/java/org/jabref/logic/openoffice/action/EditSeparate.java
4,src/main/java/org/jabref/gui/auximport/FromAuxDialog.java
6,src/main/java/org/jabref/gui/linkedfile/LinkedFilesEditDialogViewModel.java
1,src/main/java/org/jabref/gui/entryeditor/UserDefinedFieldsTab.java
4,src/test/java/org/jabref/logic/formatter/bibtexfields/HtmlToUnicodeFormatterTest.java
1,src/test/java/org/jabref/logic/importer/fileformat/PdfContentImporterTest.java
1,src/test/java/org/jabref/logic/importer/fileformat/MrDLibImporterTest.java
6,src/main/java/org/jabref/logic/importer/fetcher/transformers/ZbMathQueryTransformer.java
6,src/test/java/org/jabref/logic/formatter/casechanger/UpperCaseFormatterTest.java
4,src/main/java/org/jabref/gui/autocompleter/SuggestionProviders.java
4,src/main/java/org/jabref/logic/importer/fetcher/isbntobibtex/OpenLibraryIsbnFetcher.java
7,src/main/java/org/jabref/gui/preferences/groups/GroupsTab.java
6,src/main/java/org/jabref/logic/importer/fetcher/transformers/ResearchGateQueryTransformer.java
7,src/main/java/org/jabref/preferences/TelemetryPreferences.java
1,src/main/java/org/jabref/gui/StateManager.java
1,src/test/java/org/jabref/gui/autocompleter/FieldValueSuggestionProviderTest.java
5,src/main/java/org/jabref/logic/importer/CompositeIdFetcher.java
6,src/main/java/org/jabref/gui/entryeditor/SourceTab.java
4,src/test/java/org/jabref/logic/importer/fetcher/MathSciNetTest.java
4,src/main/java/org/jabref/logic/search/SearchQuery.java
9,src/main/java/org/jabref/logic/bibtex/comparator/CrossRefEntryComparator.java
1,src/main/java/org/jabref/model/openoffice/ootext/OOTextIntoOO.java
4,src/main/java/org/jabref/gui/preferences/externalfiletypes/ExternalFileTypesTabViewModel.java
7,src/main/java/org/jabref/gui/util/uithreadaware/UiThreadListChangeListener.java
4,src/test/java/org/jabref/model/entry/field/SpecialFieldTest.java
1,src/main/java/org/jabref/logic/integrity/BibStringChecker.java
4,src/test/java/org/jabref/logic/importer/fileformat/MsBibImporterTest.java
7,src/main/java/org/jabref/gui/collab/ChangeScanner.java
4,src/main/java/org/jabref/gui/duplicationFinder/DuplicateSearch.java
5,src/main/java/org/jabref/logic/importer/fetcher/transformers/SpringerQueryTransformer.java
6,src/test/java/org/jabref/logic/citationkeypattern/MakeLabelWithDatabaseTest.java
1,src/main/java/org/jabref/gui/search/GlobalSearchResultDialogViewModel.java
5,src/test/java/org/jabref/logic/importer/fetcher/BiodiversityLibraryTest.java
6,src/test/java/org/jabref/logic/layout/format/ToLowerCaseTest.java
5,src/test/java/org/jabref/model/search/rules/MockSearchMatcher.java
4,src/test/java/org/jabref/logic/bst/BstFunctionsTest.java
6,src/main/java/org/jabref/logic/cleanup/ConvertToBibtexCleanup.java
5,src/main/java/org/jabref/logic/util/strings/XmlCharsMap.java
9,src/test/java/org/jabref/logic/integrity/PagesCheckerBiblatexTest.java
4,src/main/java/org/jabref/gui/autocompleter/ContentSelectorSuggestionProvider.java
6,src/test/java/org/jabref/logic/msbib/MSBibConverterTest.java
1,src/main/java/org/jabref/gui/mergeentries/FetchAndMergeEntry.java
9,src/test/java/org/jabref/logic/importer/fileformat/CffImporterTest.java
7,src/main/java/org/jabref/gui/entryeditor/fileannotationtab/FileAnnotationTabView.java
4,src/main/java/org/jabref/gui/mergeentries/newmergedialog/FieldRowViewModel.java
1,src/main/java/org/jabref/logic/importer/fetcher/transformers/DefaultQueryTransformer.java
5,src/main/java/org/jabref/logic/importer/FetcherResult.java
7,src/main/java/org/jabref/gui/preferences/PreferencesDialogView.java
2,src/main/java/org/jabref/preferences/ImportExportPreferences.java
4,src/main/java/org/jabref/gui/maintable/columns/FileColumn.java
5,src/main/java/org/jabref/logic/formatter/bibtexfields/HtmlToLatexFormatter.java
5,src/main/java/org/jabref/logic/util/ExternalLinkCreator.java
1,src/main/java/org/jabref/gui/bibtexextractor/BibtexExtractor.java
4,src/main/java/org/jabref/logic/importer/fetcher/transformers/DefaultQueryTransformer.java
4,src/main/java/org/jabref/logic/layout/format/JournalAbbreviator.java
6,src/main/java/org/jabref/gui/collab/stringdelete/BibTexStringDeleteDetailsView.java
1,src/main/java/org/jabref/logic/importer/fetcher/transformers/ResearchGateQueryTransformer.java
9,src/test/java/org/jabref/logic/importer/BibDatabaseFilesTest.java
5,src/test/java/org/jabref/logic/layout/format/RTFCharsTest.java
6,src/main/java/org/jabref/gui/fieldeditors/YesNoEditorViewModel.java
6,src/test/java/org/jabref/logic/integrity/DateCheckerTest.java
5,src/main/java/org/jabref/logic/cleanup/MoveFieldCleanup.java
4,src/main/java/org/jabref/model/entry/types/BiblatexSoftwareEntryType.java
9,src/main/java/org/jabref/model/pdf/search/SearchFieldConstants.java
9,src/test/java/org/jabref/logic/layout/format/WrapFileLinksTest.java
7,src/main/java/org/jabref/gui/collab/stringchange/BibTexStringChangeDetailsView.java
9,src/main/java/org/jabref/logic/importer/fileformat/RisImporter.java
9,src/main/java/org/jabref/logic/importer/fetcher/BvbFetcher.java
5,src/main/java/org/jabref/model/openoffice/backend/NamedRangeManager.java
9,src/test/java/org/jabref/logic/formatter/casechanger/UnprotectTermsFormatterTest.java
5,src/test/java/org/jabref/logic/search/SearchQueryTest.java
5,src/main/java/org/jabref/logic/importer/util/MetaDataParser.java
6,src/test/java/org/jabref/logic/pdf/search/indexing/PdfIndexerTest.java
5,src/test/java/org/jabref/logic/formatter/bibtexfields/LatexCleanupFormatterTest.java
1,src/main/java/org/jabref/logic/importer/fileformat/OvidImporter.java
5,src/main/java/org/jabref/logic/importer/ParseException.java
1,src/main/java/org/jabref/gui/undo/UndoableRemoveString.java
1,src/main/java/org/jabref/logic/integrity/DatabaseChecker.java
9,src/main/java/org/jabref/logic/layout/LayoutFormatter.java
1,src/main/java/org/jabref/gui/maintable/columns/MainTableColumn.java
4,src/main/java/org/jabref/logic/importer/fetcher/BiodiversityLibrary.java
5,src/main/java/org/jabref/logic/importer/util/FileFieldParser.java
6,src/main/java/org/jabref/model/openoffice/style/ComparableCitedKey.java
9,src/main/java/org/jabref/logic/openoffice/action/EditSeparate.java
6,src/main/java/org/jabref/gui/util/ViewModelTableRowFactory.java
6,src/main/java/org/jabref/gui/entryeditor/UserDefinedFieldsTab.java
1,src/main/java/org/jabref/gui/theme/StyleSheet.java
6,src/main/java/org/jabref/logic/util/strings/XmlCharsMap.java
6,src/main/java/org/jabref/gui/push/PushToLyxSettings.java
6,src/main/java/org/jabref/model/entry/types/BiblatexSoftwareEntryTypeDefinitions.java
6,src/test/java/org/jabref/gui/edit/ReplaceStringViewModelTest.java
4,src/test/java/org/jabref/model/database/KeyChangeListenerTest.java
9,src/test/java/org/jabref/logic/importer/fileformat/PdfGrobidImporterTest.java
6,src/test/java/org/jabref/logic/cleanup/ConvertToBiblatexCleanupTest.java
1,src/main/java/org/jabref/gui/undo/UndoRedoAction.java
6,src/main/java/org/jabref/model/study/StudyDatabase.java
6,src/main/java/org/jabref/gui/preferences/entryeditor/EntryEditorTabViewModel.java
12,src/main/java/org/jabref/model/openoffice/style/CitationPath.java
9,src/main/java/org/jabref/logic/citationkeypattern/CitationKeyGenerator.java
4,src/main/java/org/jabref/logic/formatter/casechanger/Word.java
1,src/main/java/org/jabref/gui/undo/UndoableChangeType.java
5,src/test/java/org/jabref/logic/formatter/casechanger/LowerCaseFormatterTest.java
5,src/main/java/org/jabref/logic/importer/IdBasedParserFetcher.java
4,src/test/java/org/jabref/logic/formatter/bibtexfields/ReplaceWithEscapedDoubleQuotesTest.java
6,src/main/java/org/jabref/logic/importer/fetcher/DOAJFetcher.java
6,src/main/java/org/jabref/gui/icon/JabRefIkonHandler.java
6,src/main/java/org/jabref/gui/edit/automaticfiededitor/AutomaticFieldEditorTab.java
4,src/test/java/org/jabref/logic/layout/format/DateFormatterTest.java
4,src/main/java/org/jabref/gui/mergeentries/newmergedialog/cell/FieldNameCell.java
4,src/main/java/org/jabref/gui/specialfields/SpecialFieldMenuItemFactory.java
4,src/main/java/org/jabref/logic/openoffice/action/ExportCited.java
1,src/main/java/org/jabref/logic/importer/PagedSearchBasedParserFetcher.java
7,src/main/java/org/jabref/gui/preferences/protectedterms/ProtectedTermsTab.java
4,src/test/java/org/jabref/logic/integrity/CitationKeyDeviationCheckerTest.java
6,src/main/java/org/jabref/logic/remote/client/RemoteClient.java
6,src/test/java/org/jabref/logic/journals/AbbreviationTest.java
4,src/main/java/org/jabref/gui/maintable/OpenUrlAction.java
5,src/test/java/org/jabref/logic/importer/fileformat/PdfEmbeddedBibFileImporterTest.java
4,src/main/java/org/jabref/logic/importer/fetcher/DoiResolution.java
4,src/main/java/org/jabref/gui/sidepane/SidePaneContentFactory.java
5,src/main/java/org/jabref/logic/integrity/BracketChecker.java
4,src/main/java/org/jabref/logic/shared/DBMSSynchronizer.java
1,src/test/java/org/jabref/logic/exporter/GroupSerializerTest.java
6,src/main/java/org/jabref/gui/autocompleter/JournalsSuggestionProvider.java
6,src/main/java/org/jabref/gui/util/CurrentThreadTaskExecutor.java
5,src/main/java/org/jabref/logic/cleanup/FieldFormatterCleanup.java
6,src/test/java/org/jabref/logic/layout/format/ShortMonthFormatterTest.java
5,src/main/java/org/jabref/logic/layout/format/CurrentDate.java
1,src/test/java/org/jabref/logic/importer/ImportFormatReaderIntegrationTest.java
4,src/main/java/org/jabref/gui/undo/UndoableKeyChange.java
7,src/main/java/org/jabref/gui/importer/ParserResultWarningDialog.java
6,src/main/java/org/jabref/model/openoffice/style/CitationLookupResult.java
1,src/main/java/org/jabref/model/entry/identifier/ARK.java
9,src/main/java/org/jabref/logic/importer/SearchBasedParserFetcher.java
5,src/main/java/org/jabref/logic/preferences/TimestampPreferences.java
7,src/main/java/org/jabref/gui/fieldeditors/SimpleEditorViewModel.java
9,src/test/java/org/jabref/logic/citationstyle/CitationStyleGeneratorTest.java
6,src/main/java/org/jabref/logic/bibtex/FileFieldWriter.java
4,src/main/java/org/jabref/logic/l10n/Language.java
4,src/main/java/org/jabref/logic/importer/fetcher/AstrophysicsDataSystem.java
6,src/main/java/org/jabref/model/database/event/EntriesAddedEvent.java
1,src/test/java/org/jabref/logic/layout/format/AuthorFirstAbbrLastOxfordCommasTest.java
4,src/main/java/org/jabref/model/database/BibDatabases.java
7,src/test/java/org/jabref/gui/preferences/journals/JournalAbbreviationsViewModelTabTest.java
6,src/main/java/org/jabref/gui/importer/ImporterViewModel.java
1,src/main/java/org/jabref/gui/logging/ApplicationInsightsLogEvent.java
5,src/test/java/org/jabref/logic/database/DatabaseMergerTest.java
4,src/test/java/org/jabref/model/entry/identifier/DOITest.java
6,src/test/java/org/jabref/logic/layout/format/AuthorLastFirstTest.java
6,src/main/java/org/jabref/model/openoffice/style/CitationMarkerEntry.java
4,src/test/java/org/jabref/model/entry/BibEntryTest.java
6,src/main/java/org/jabref/gui/exporter/ExportToClipboardAction.java
1,src/main/java/org/jabref/gui/preferences/entryeditortabs/CustomEditorFieldsTab.java
1,src/main/java/org/jabref/logic/layout/format/CreateDocBook4Editors.java
5,src/test/java/org/jabref/model/event/EventListenerTest.java
4,src/main/java/org/jabref/logic/openoffice/NoDocumentFoundException.java
4,src/main/java/org/jabref/gui/undo/UndoableStringChange.java
4,src/test/java/org/jabref/logic/importer/fileformat/BiblioscapeImporterTypesTest.java
9,src/test/java/org/jabref/model/entry/identifier/ISSNTest.java
1,src/main/java/org/jabref/gui/openoffice/StyleSelectDialogViewModel.java
1,src/main/java/org/jabref/gui/Dialog.java
9,src/main/java/org/jabref/model/openoffice/rangesort/RangeOverlap.java
6,src/main/java/org/jabref/logic/logging/LogMessages.java
5,src/main/java/org/jabref/model/openoffice/uno/UnoUndo.java
6,src/test/java/org/jabref/logic/formatter/bibtexfields/NormalizeMonthFormatterTest.java
4,src/test/java/org/jabref/logic/l10n/LocalizationParser.java
9,src/test/java/org/jabref/logic/importer/fetcher/DoiResolutionTest.java
6,src/main/java/org/jabref/logic/importer/fetcher/GoogleScholar.java
5,src/main/java/org/jabref/logic/layout/format/LatexToUnicodeFormatter.java
1,src/main/java/org/jabref/gui/openoffice/OpenOfficePanel.java
1,src/test/java/org/jabref/logic/layout/format/RemoveTildeTest.java
4,src/main/java/org/jabref/logic/layout/TextBasedPreviewLayout.java
4,src/main/java/org/jabref/gui/fieldeditors/identifier/EprintIdentifierEditorViewModel.java
5,src/main/java/org/jabref/model/pdf/FileAnnotation.java
9,src/main/java/org/jabref/logic/git/SlrGitHandler.java
1,src/test/java/org/jabref/logic/pdf/search/indexing/DocumentReaderTest.java
1,src/main/java/org/jabref/gui/importer/NewDatabaseAction.java
7,src/test/java/org/jabref/gui/util/comparator/RankingFieldComparatorTest.java
6,src/main/java/org/jabref/gui/externalfiletype/ExternalFileTypes.java
7,src/main/java/org/jabref/gui/preferences/external/ExternalTabViewModel.java
9,src/main/java/org/jabref/model/entry/Date.java
1,buildSrc/src/copied/java/org/jabref/logic/journals/AbbreviationParser.java
4,src/main/java/org/jabref/logic/bst/util/BstNameFormatter.java
9,src/main/java/org/jabref/logic/layout/format/FormatPagesForHTML.java
5,src/test/java/org/jabref/logic/integrity/HTMLCharacterCheckerTest.java
9,src/main/java/org/jabref/logic/layout/format/CreateDocBook5Editors.java
4,src/main/java/org/jabref/model/search/matchers/MatcherSet.java
5,src/test/java/org/jabref/logic/integrity/PagesCheckerBibtexTest.java
4,src/test/java/org/jabref/model/entry/field/UnknownFieldTest.java
9,src/main/java/org/jabref/model/openoffice/uno/UnoUndo.java
1,src/main/java/org/jabref/logic/exporter/BibWriter.java
9,src/test/java/org/jabref/logic/layout/format/AuthorFirstLastCommasTest.java
9,src/test/java/org/jabref/logic/integrity/HowPublishedCheckerTest.java
5,src/main/java/org/jabref/logic/formatter/casechanger/CapitalizeFormatter.java
9,src/main/java/org/jabref/logic/integrity/HowPublishedChecker.java
4,src/main/java/org/jabref/logic/layout/format/DOICheck.java
1,src/test/java/org/jabref/logic/cleanup/TimeStampToCreationDateTest.java
4,src/main/java/org/jabref/gui/logging/GuiWriter.java
4,src/main/java/org/jabref/model/util/ResultingStringState.java
6,src/main/java/org/jabref/logic/remote/server/RemoteMessageHandler.java
4,src/main/java/org/jabref/gui/util/BindingsHelper.java
5,src/main/java/org/jabref/model/database/event/BibDatabaseContextChangedEvent.java
1,src/test/java/org/jabref/logic/cleanup/ConvertToBiblatexCleanupTest.java
9,src/test/java/org/jabref/logic/formatter/bibtexfields/OrdinalsToSuperscriptFormatterTest.java
6,src/main/java/org/jabref/gui/documentviewer/ShowDocumentViewerAction.java
4,src/main/java/org/jabref/gui/preferences/externalfiletypes/ExternalFileTypeItemViewModel.java
6,src/main/java/org/jabref/gui/maintable/SmartConstrainedResizePolicy.java
9,src/main/java/org/jabref/model/entry/field/InternalField.java
7,src/main/java/org/jabref/gui/preferences/preview/PreviewTabViewModel.java
4,src/main/java/org/jabref/gui/util/ViewModelTreeCellFactory.java
4,src/main/java/org/jabref/logic/net/URLDownload.java
6,src/main/java/org/jabref/model/entry/Author.java
6,src/test/java/org/jabref/logic/l10n/LocalizationTest.java
5,src/main/java/org/jabref/logic/importer/fetcher/AbstractIsbnFetcher.java
1,src/test/java/org/jabref/model/event/EventListenerTest.java
4,src/main/java/org/jabref/logic/shared/event/UpdateRefusedEvent.java
1,src/main/java/org/jabref/logic/importer/fetcher/MrDLibFetcher.java
9,src/main/java/org/jabref/logic/importer/fileformat/InspecImporter.java
6,src/main/java/org/jabref/gui/edit/automaticfiededitor/LastAutomaticFieldEditorEdit.java
1,src/main/java/org/jabref/gui/maintable/BibEntryTableViewModel.java
6,src/test/java/org/jabref/logic/pdf/search/indexing/DocumentReaderTest.java
6,src/main/java/org/jabref/gui/util/comparator/SpecialFieldComparator.java
1,src/main/java/org/jabref/logic/msbib/MSBibEntry.java
7,src/main/java/org/jabref/gui/push/PushToTeXstudio.java
6,src/main/java/org/jabref/gui/help/VersionWorker.java
1,src/main/java/org/jabref/logic/integrity/DoiDuplicationChecker.java
1,src/main/java/org/jabref/logic/layout/format/CompositeFormat.java
12,src/main/java/org/jabref/model/entry/identifier/DOI.java
9,src/test/java/org/jabref/logic/formatter/bibtexfields/UnicodeConverterTest.java
7,src/main/java/org/jabref/gui/icon/JabRefIcon.java
6,src/test/java/org/jabref/gui/importer/fetcher/WebSearchPaneViewModelTest.java
6,src/test/java/org/jabref/logic/shared/DBMSConnectionPropertiesTest.java
9,src/main/java/org/jabref/logic/layout/format/LatexToUnicodeFormatter.java
6,src/main/java/org/jabref/logic/undo/UndoChangeEvent.java
9,src/main/java/org/jabref/model/entry/SharedBibEntryData.java
1,src/main/java/org/jabref/gui/commonfxcontrols/SaveOrderConfigPanel.java
4,src/main/java/org/jabref/logic/cleanup/UpgradePdfPsToFileCleanup.java
1,src/test/java/org/jabref/logic/remote/RemoteSetupTest.java
7,src/main/java/org/jabref/gui/auximport/FromAuxDialog.java
1,src/main/java/org/jabref/gui/openoffice/CitationEntryViewModel.java
6,src/test/java/org/jabref/gui/mergeentries/ThreeWayMergeCellViewModelTest.java
7,src/main/java/org/jabref/gui/mergeentries/newmergedialog/fieldsmerger/CommentMerger.java
4,src/test/java/org/jabref/logic/formatter/casechanger/CapitalizeFormatterTest.java
7,src/main/java/org/jabref/gui/util/ViewModelTreeCellFactory.java
4,src/main/java/org/jabref/logic/importer/util/MediaTypes.java
6,src/test/java/org/jabref/logic/formatter/bibtexfields/RemoveHyphenatedNewlinesFormatterTest.java
4,src/test/java/org/jabref/logic/layout/format/ReplaceUnicodeLigaturesFormatterTest.java
6,src/main/java/org/jabref/model/groups/AutomaticPersonsGroup.java
1,src/main/java/org/jabref/gui/edit/ManageKeywordsAction.java
5,src/main/java/org/jabref/logic/bibtex/InvalidFieldValueException.java
1,src/main/java/org/jabref/logic/importer/Importer.java
4,src/main/java/org/jabref/gui/collab/stringdelete/BibTexStringDelete.java
9,src/test/java/org/jabref/logic/cleanup/ConvertToBiblatexCleanupTest.java
4,src/test/java/org/jabref/logic/layout/format/RemoveBracketsTest.java
9,src/main/java/org/jabref/model/groups/RegexKeywordGroup.java
4,src/main/java/org/jabref/model/util/DummyFileUpdateMonitor.java
1,src/main/java/org/jabref/gui/cleanup/CleanupSingleAction.java
1,src/main/java/org/jabref/model/pdf/FileAnnotation.java
1,src/main/java/org/jabref/logic/importer/SearchBasedParserFetcher.java
5,src/main/java/org/jabref/model/entry/field/UnknownField.java
7,src/main/java/org/jabref/gui/desktop/os/DefaultDesktop.java
1,src/main/java/org/jabref/gui/search/SearchResultsTable.java
4,src/test/java/org/jabref/logic/importer/fileformat/ACMPortalParserTest.java
4,src/test/java/org/jabref/logic/l10n/LocalizationKeyParamsTest.java
6,src/main/java/org/jabref/logic/formatter/casechanger/TitleCaseFormatter.java
9,src/main/java/org/jabref/model/search/rules/RegexBasedSearchRule.java
6,src/main/java/org/jabref/gui/undo/UndoableChangeType.java
4,src/main/java/org/jabref/logic/importer/fetcher/SpringerLink.java
6,src/main/java/org/jabref/model/entry/BibEntryTypesManager.java
4,src/test/java/org/jabref/gui/util/ColorUtilTest.java
6,src/main/java/org/jabref/gui/bibtexextractor/BibtexExtractor.java
4,src/main/java/org/jabref/logic/importer/FetcherClientException.java
9,src/main/java/org/jabref/logic/protectedterms/ProtectedTermsPreferences.java
7,src/main/java/org/jabref/gui/fieldeditors/OwnerEditor.java
4,src/main/java/org/jabref/gui/mergeentries/newmergedialog/diffhighlighter/DiffHighlighter.java
6,src/main/java/org/jabref/gui/mergeentries/newmergedialog/GroupDiffMode.java
4,src/test/java/org/jabref/logic/bst/util/BstTextPrefixerTest.java
1,src/main/java/org/jabref/gui/desktop/JabRefDesktop.java
9,src/main/java/org/jabref/logic/journals/JournalAbbreviationPreferences.java
1,src/main/java/org/jabref/gui/fieldeditors/PaginationEditorViewModel.java
4,src/main/java/org/jabref/gui/fieldeditors/CitationKeyEditor.java
1,src/main/java/org/jabref/logic/importer/fetcher/ApsFetcher.java
5,src/test/java/org/jabref/logic/integrity/PagesCheckerBiblatexTest.java
4,src/main/java/org/jabref/gui/specialfields/SpecialFieldValueViewModel.java
6,src/main/java/org/jabref/model/entry/identifier/ISBN.java
6,src/main/java/org/jabref/logic/openoffice/style/OOPreFormatter.java
9,src/main/java/org/jabref/logic/importer/fetcher/CustomizableKeyFetcher.java
7,src/main/java/org/jabref/gui/documentviewer/DocumentViewerView.java
1,src/main/java/org/jabref/logic/importer/fileformat/CitaviXmlImporter.java
5,src/main/java/org/jabref/logic/openoffice/style/OOProcessAuthorYearMarkers.java
4,src/main/java/org/jabref/model/entry/types/SystematicLiteratureReviewStudyEntryType.java
9,src/test/java/org/jabref/logic/pdf/search/indexing/PdfIndexerTest.java
4,src/main/java/org/jabref/gui/fieldeditors/LinkedFilesEditorViewModel.java
9,src/test/java/org/jabref/logic/layout/format/AuthorsTest.java
7,src/main/java/org/jabref/gui/collab/stringdelete/BibTexStringDeleteDetailsView.java
1,src/test/java/org/jabref/logic/git/SlrGitHandlerTest.java
7,src/main/java/org/jabref/gui/mergeentries/newmergedialog/FieldRowView.java
9,src/test/java/org/jabref/logic/layout/format/AuthorLF_FFTest.java
6,src/main/java/org/jabref/logic/importer/fetcher/transformers/IEEEQueryTransformer.java
7,src/test/java/org/jabref/gui/mergeentries/FieldRowViewModelTest.java
1,src/main/java/org/jabref/logic/importer/fetcher/transformers/SpringerQueryTransformer.java
1,src/main/java/org/jabref/logic/importer/IdBasedParserFetcher.java
1,src/test/java/org/jabref/logic/importer/BibDatabaseFilesTest.java
4,src/test/java/org/jabref/logic/importer/fetcher/DoiFetcherTest.java
4,src/main/java/org/jabref/gui/search/rules/describer/SearchDescribers.java
4,src/main/java/org/jabref/model/entry/identifier/MathSciNetId.java
6,src/main/java/org/jabref/logic/cleanup/DoiCleanup.java
1,src/test/java/org/jabref/logic/integrity/ASCIICharacterCheckerTest.java
4,src/test/java/org/jabref/logic/importer/fileformat/BibtexParserTest.java
9,src/main/java/org/jabref/logic/importer/fetcher/CollectionOfComputerScienceBibliographiesFetcher.java
4,src/main/java/org/jabref/gui/preferences/citationkeypattern/CitationKeyPatternTabViewModel.java
4,src/test/java/org/jabref/logic/importer/fetcher/transformers/ZbMathQueryTransformerTest.java
6,src/main/java/org/jabref/logic/shared/exception/OfflineLockException.java
5,src/main/java/org/jabref/model/entry/identifier/MathSciNetId.java
1,src/main/java/org/jabref/gui/maintable/columns/FileColumn.java
5,src/main/java/org/jabref/logic/integrity/JournalInAbbreviationListChecker.java
1,src/test/java/org/jabref/model/TreeNodeTestData.java
1,src/main/java/org/jabref/logic/formatter/bibtexfields/NormalizePagesFormatter.java
7,src/main/java/org/jabref/gui/texparser/ParseLatexAction.java
9,src/test/java/org/jabref/logic/formatter/minifier/MinifyNameListFormatterTest.java
6,src/main/java/org/jabref/model/search/rules/RegexBasedSearchRule.java
1,src/main/java/org/jabref/gui/preferences/nameformatter/NameFormatterTab.java
1,src/test/java/org/jabref/logic/layout/format/AuthorAndsReplacerTest.java
9,src/test/java/org/jabref/model/search/matchers/MatcherSetsTest.java
1,src/main/java/org/jabref/model/search/SearchMatcher.java
4,src/main/java/org/jabref/gui/preferences/entryeditor/EntryEditorTab.java
4,src/test/java/org/jabref/logic/importer/fetcher/BiodiversityLibraryTest.java
7,src/main/java/org/jabref/gui/preferences/externalfiletypes/ExternalFileTypesTab.java
6,src/main/java/org/jabref/logic/importer/fileformat/RepecNepImporter.java
6,src/main/java/org/jabref/logic/importer/util/ShortDOIServiceException.java
4,src/main/java/org/jabref/model/metadata/ContentSelectors.java
9,src/main/java/org/jabref/logic/integrity/JournalInAbbreviationListChecker.java
6,src/test/java/org/jabref/gui/groups/GroupNodeViewModelTest.java
6,src/main/java/org/jabref/logic/importer/FulltextFetchers.java
4,src/test/java/org/jabref/logic/util/io/FileNameUniquenessTest.java
4,src/main/java/org/jabref/model/openoffice/uno/NoDocumentException.java
4,src/main/java/org/jabref/gui/keyboard/KeyBindingRepository.java
6,src/main/java/org/jabref/gui/push/PushToEmacs.java
1,src/test/java/org/jabref/logic/util/strings/StringSimilarityTest.java
7,src/main/java/org/jabref/gui/entryeditor/RequiredFieldsTab.java
1,src/main/java/org/jabref/model/entry/identifier/ISBN.java
1,src/main/java/org/jabref/logic/shared/DBMSConnectionProperties.java
12,src/main/java/org/jabref/model/entry/field/OrFields.java
5,src/test/java/org/jabref/logic/net/MimeTypeDetectorTest.java
1,src/main/java/org/jabref/model/entry/types/IEEETranEntryTypeDefinitions.java
6,src/main/java/org/jabref/logic/openoffice/OpenOfficePreferences.java
6,src/main/java/org/jabref/logic/integrity/AbbreviationChecker.java
6,src/main/java/org/jabref/model/openoffice/util/OOTuple3.java
4,src/main/java/org/jabref/model/pdf/FileAnnotationType.java
1,src/main/java/org/jabref/logic/importer/fetcher/DoiResolution.java
5,src/main/java/org/jabref/logic/crawler/StudyRepository.java
6,src/main/java/org/jabref/logic/cleanup/EprintCleanup.java
5,src/main/java/org/jabref/logic/layout/format/RemoveLatexCommandsFormatter.java
1,src/main/java/org/jabref/gui/WaitForSaveFinishedDialog.java
1,src/main/java/org/jabref/gui/externalfiles/ImportFilesResultItemViewModel.java
1,src/main/java/org/jabref/logic/openoffice/style/OOProcess.java
9,src/test/java/org/jabref/logic/importer/fileformat/MedlineImporterTest.java
4,src/main/java/org/jabref/logic/citationkeypattern/GlobalCitationKeyPattern.java
6,src/test/java/org/jabref/gui/externalfiles/GitIgnoreFileFilterTest.java
5,src/main/java/org/jabref/logic/net/ProxyPreferences.java
4,src/main/java/org/jabref/gui/fieldeditors/identifier/BaseIdentifierEditorViewModel.java
5,src/test/java/org/jabref/logic/layout/format/DOICheckTest.java
4,src/main/java/org/jabref/model/search/rules/RegexBasedSearchRule.java
6,src/main/java/org/jabref/logic/layout/format/AuthorLastFirstAbbrOxfordCommas.java
4,src/main/java/org/jabref/logic/importer/util/MetaDataParser.java
7,src/main/java/org/jabref/gui/edit/automaticfiededitor/copyormovecontent/CopyOrMoveFieldContentTabViewModel.java
4,src/main/java/org/jabref/logic/importer/fileformat/MsBibImporter.java
4,src/main/java/org/jabref/logic/openoffice/style/StyleLoader.java
1,src/main/java/org/jabref/model/openoffice/util/OOPair.java
9,src/main/java/org/jabref/logic/layout/format/ShortMonthFormatter.java
6,src/test/java/org/jabref/logic/importer/fetcher/transformers/JstorQueryTransformerTest.java
1,src/main/java/org/jabref/gui/help/VersionWorker.java
4,src/main/java/org/jabref/model/openoffice/uno/UnoSelection.java
6,src/main/java/org/jabref/gui/mergeentries/newmergedialog/fieldsmerger/KeywordMerger.java
4,src/test/java/org/jabref/logic/layout/format/FirstPageTest.java
9,src/main/java/org/jabref/logic/util/strings/StringSimilarity.java
9,src/test/java/org/jabref/logic/database/DuplicateCheckTest.java
5,src/main/java/org/jabref/logic/importer/fetcher/DOAJFetcher.java
5,src/test/java/org/jabref/logic/importer/fetcher/transformers/SpringerQueryTransformerTest.java
5,src/main/java/org/jabref/logic/importer/IdFetcher.java
6,src/test/java/org/jabref/model/groups/WordKeywordGroupTest.java
1,src/main/java/org/jabref/logic/exporter/MSBibExporter.java
1,src/test/java/org/jabref/logic/importer/fetcher/CollectionOfComputerScienceBibliographiesParserTest.java
1,src/test/java/org/jabref/logic/importer/ImportDataTest.java
5,src/main/java/org/jabref/logic/importer/fetcher/IEEE.java
4,src/main/java/org/jabref/gui/documentviewer/PdfDocumentPageViewModel.java
7,src/main/java/org/jabref/gui/menus/FileHistoryMenu.java
7,src/main/java/org/jabref/gui/search/SearchResultsTable.java
6,src/test/java/org/jabref/model/entry/field/BibFieldTest.java
1,src/test/java/org/jabref/model/entry/field/UnknownFieldTest.java
6,src/main/java/org/jabref/gui/mergeentries/newmergedialog/cell/OpenExternalLinkAction.java
4,src/main/java/org/jabref/model/entry/BibEntryType.java
4,src/main/java/org/jabref/logic/integrity/CitationKeyDeviationChecker.java
4,src/main/java/org/jabref/logic/importer/FetcherResult.java
5,src/main/java/org/jabref/model/openoffice/uno/UnoNameAccess.java
5,src/test/java/org/jabref/logic/shared/SynchronizationEventListenerTest.java
5,src/test/java/org/jabref/model/database/BibDatabaseTest.java
12,src/main/java/org/jabref/model/util/DummyFileUpdateMonitor.java
4,src/main/java/org/jabref/logic/exporter/BlankLineBehaviour.java
7,src/test/java/org/jabref/gui/importer/fetcher/WebSearchPaneViewModelTest.java
4,src/main/java/org/jabref/gui/autocompleter/BibEntrySuggestionProvider.java
5,src/main/java/org/jabref/model/openoffice/style/CitationMarkerNumericEntry.java
6,src/test/java/org/jabref/logic/crawler/StudyDatabaseToFetcherConverterTest.java
5,src/main/java/org/jabref/logic/util/BuildInfo.java
9,src/main/java/org/jabref/logic/util/TestEntry.java
4,src/test/java/org/jabref/gui/util/TooltipTextUtilTest.java
12,src/main/java/org/jabref/model/entry/types/UnknownEntryType.java
4,src/main/java/org/jabref/gui/preferences/customentrytypes/EntryTypeViewModel.java
4,src/test/java/org/jabref/model/entry/identifier/ISSNTest.java
4,src/main/java/org/jabref/logic/importer/fileformat/mods/Name.java
1,src/main/java/org/jabref/gui/maintable/CellFactory.java
5,src/test/java/org/jabref/logic/integrity/AbbreviationCheckerTest.java
6,src/test/java/org/jabref/logic/importer/fileformat/MsBibImporterFilesTest.java
6,src/test/java/org/jabref/logic/layout/format/AuthorNatBibTest.java
1,src/main/java/org/jabref/gui/undo/UndoableRemoveEntries.java
7,src/main/java/org/jabref/gui/importer/GrobidOptInDialogHelper.java
9,src/main/java/org/jabref/logic/formatter/casechanger/Title.java
9,src/main/java/org/jabref/logic/formatter/bibtexfields/UnitsToLatexFormatter.java
4,src/main/java/org/jabref/gui/keyboard/TextInputKeyBindings.java
5,src/test/java/org/jabref/logic/autosaveandbackup/BackupManagerDiscardedTest.java
7,src/main/java/org/jabref/gui/documentviewer/PageDimension.java
6,src/test/java/org/jabref/logic/integrity/ASCIICharacterCheckerTest.java
4,src/main/java/org/jabref/gui/util/CustomTitledPaneSkin.java
7,src/main/java/org/jabref/gui/search/rules/describer/SearchDescriber.java
4,src/main/java/org/jabref/gui/push/PushToApplicationCommand.java
7,src/main/java/org/jabref/gui/maintable/OpenExternalFileAction.java
1,src/main/java/org/jabref/gui/cleanup/CleanupAction.java
1,src/main/java/org/jabref/logic/util/ExternalLinkCreator.java
4,src/main/java/org/jabref/logic/util/strings/StringManipulator.java
5,src/test/java/org/jabref/logic/importer/util/JsonReaderTest.java
9,src/main/java/org/jabref/model/openoffice/style/CitationGroup.java
1,src/main/java/org/jabref/logic/util/strings/QuotedStringTokenizer.java
4,src/main/java/org/jabref/logic/util/UnknownFileType.java
4,src/main/java/org/jabref/model/openoffice/CitationEntry.java
9,src/main/java/org/jabref/logic/net/ssl/TrustStoreManager.java
7,src/main/java/org/jabref/gui/mergeentries/newmergedialog/diffhighlighter/DiffHighlighter.java
6,src/test/java/org/jabref/logic/importer/OpenDatabaseTest.java
1,src/test/java/org/jabref/logic/bibtex/FieldWriterTest.java
1,src/main/java/org/jabref/model/openoffice/util/OOVoidResult.java
9,src/main/java/org/jabref/logic/importer/fetcher/AstrophysicsDataSystem.java
7,src/main/java/org/jabref/gui/citationkeypattern/GenerateCitationKeyAction.java
5,src/main/java/org/jabref/logic/bibtex/comparator/IdComparator.java
6,src/main/java/org/jabref/gui/shared/ConnectToSharedDatabaseCommand.java
5,src/main/java/org/jabref/logic/importer/fetcher/isbntobibtex/OpenLibraryIsbnFetcher.java
1,src/test/java/org/jabref/logic/formatter/bibtexfields/ClearFormatterTest.java
6,src/main/java/org/jabref/gui/documentviewer/DocumentViewerViewModel.java
4,src/main/java/org/jabref/model/entry/Date.java
7,src/main/java/org/jabref/gui/libraryproperties/saving/SavingPropertiesViewModel.java
9,src/test/java/org/jabref/logic/importer/fetcher/PagedSearchFetcherTest.java
4,src/main/java/org/jabref/gui/maintable/MainTableColumnFactory.java
6,src/main/java/org/jabref/gui/fieldeditors/FieldEditorFX.java
1,src/main/java/org/jabref/gui/undo/UndoableKeyChange.java
6,src/test/java/org/jabref/logic/cleanup/TimeStampToCreationDateTest.java
5,src/main/java/org/jabref/logic/integrity/NoteChecker.java
6,src/test/java/org/jabref/gui/autocompleter/DefaultAutoCompleterTest.java
1,src/test/java/org/jabref/gui/mergeentries/ThreeWayMergeCellViewModelTest.java
5,src/test/java/org/jabref/model/groups/ExplicitGroupTest.java
5,src/test/java/org/jabref/logic/importer/fetcher/DoiResolutionTest.java
6,src/main/java/org/jabref/gui/util/CustomTitledPaneSkin.java
6,src/main/java/org/jabref/gui/preferences/customentrytypes/FieldViewModel.java
1,src/main/java/org/jabref/gui/mergeentries/newmergedialog/cell/FieldNameCell.java
1,src/main/java/org/jabref/logic/shared/OracleProcessor.java
5,src/main/java/org/jabref/logic/importer/fileformat/RepecNepImporter.java
4,src/test/java/org/jabref/logic/crawler/StudyRepositoryTest.java
1,src/main/java/org/jabref/gui/mergeentries/newmergedialog/fieldsmerger/KeywordMerger.java
7,src/main/java/org/jabref/gui/logging/ApplicationInsightsWriter.java
4,src/main/java/org/jabref/gui/mergeentries/newmergedialog/ThreeWayMergeViewModel.java
6,src/main/java/org/jabref/logic/layout/format/Replace.java
4,src/main/java/org/jabref/logic/integrity/BibStringChecker.java
1,src/main/java/org/jabref/logic/openoffice/backend/NamedRangeManagerReferenceMark.java
1,src/main/java/org/jabref/logic/bst/BstVMContext.java
1,src/main/java/org/jabref/logic/openoffice/frontend/UpdateCitationMarkers.java
4,src/main/java/org/jabref/gui/groups/GroupDialogHeader.java
4,src/main/java/org/jabref/logic/importer/fetcher/transformers/CollectionOfComputerScienceBibliographiesQueryTransformer.java
1,src/main/java/org/jabref/logic/journals/AbbreviationParser.java
1,src/test/java/org/jabref/logic/util/UpdateFieldTest.java
4,src/main/java/org/jabref/gui/mergeentries/newmergedialog/ThreeWayMergeView.java
6,src/test/java/org/jabref/testutils/category/GUITest.java
6,src/test/java/org/jabref/logic/auxparser/DefaultAuxParserTest.java
12,src/main/java/org/jabref/model/openoffice/rangesort/RangeSortEntry.java
1,src/main/java/org/jabref/logic/remote/RemoteUtil.java
5,src/test/java/org/jabref/logic/bibtex/FieldContentFormatterTest.java
5,src/test/java/org/jabref/logic/importer/util/GroupsParserTest.java
6,src/main/java/org/jabref/model/openoffice/uno/NoDocumentException.java
6,src/main/java/org/jabref/model/study/Study.java
6,src/test/java/org/jabref/logic/layout/format/AuthorLF_FFAbbrTest.java
1,src/main/java/org/jabref/gui/fieldeditors/contextmenu/ProtectedTermsMenu.java
9,src/main/java/org/jabref/logic/layout/format/AuthorAndsCommaReplacer.java
1,src/main/java/org/jabref/gui/entryeditor/PreviewSwitchAction.java
1,src/main/java/org/jabref/model/database/BibDatabaseModeDetection.java
5,src/main/java/org/jabref/logic/layout/format/RTFChars.java
6,src/test/java/org/jabref/logic/exporter/ExporterTest.java
6,src/main/java/org/jabref/gui/util/uithreadaware/UiThreadStringProperty.java
6,src/main/java/org/jabref/gui/desktop/os/NativeDesktop.java
6,src/main/java/org/jabref/gui/libraryproperties/LibraryPropertiesViewModel.java
1,src/test/java/org/jabref/model/paging/PageTest.java
9,src/test/java/org/jabref/logic/util/strings/StringSimilarityTest.java
5,src/test/java/org/jabref/logic/auxparser/AuxParserTest.java
1,src/test/java/org/jabref/gui/autocompleter/AutoCompleterUtil.java
9,src/test/java/org/jabref/model/entry/field/StandardFieldTest.java
6,src/test/java/org/jabref/logic/exporter/YamlExporterTest.java
1,src/main/java/org/jabref/model/entry/field/FieldProperty.java
7,src/main/java/org/jabref/gui/help/AboutDialogViewModel.java
1,src/main/java/org/jabref/logic/importer/fetcher/CustomizableKeyFetcher.java
4,src/main/java/org/jabref/gui/externalfiles/DateRange.java
5,src/main/java/org/jabref/logic/importer/fileformat/PicaXmlParser.java
1,src/main/java/org/jabref/gui/fieldeditors/JournalEditorViewModel.java
12,src/test/java/org/jabref/model/search/rules/ContainsBasedSearchRuleTest.java
9,src/main/java/org/jabref/logic/importer/ImporterPreferences.java
6,src/main/java/org/jabref/logic/importer/ParserResult.java
4,src/main/java/org/jabref/gui/entryeditor/fileannotationtab/FileAnnotationTab.java
6,src/main/java/org/jabref/gui/commonfxcontrols/CitationKeyPatternPanelItemModel.java
9,src/main/java/org/jabref/logic/integrity/CitationKeyDeviationChecker.java
6,src/main/java/org/jabref/logic/cleanup/TimeStampToCreationDate.java
6,src/test/java/org/jabref/logic/protectedterms/ProtectedTermsListTest.java
9,src/main/java/org/jabref/logic/importer/fileformat/medline/ArticleId.java
1,src/main/java/org/jabref/gui/preferences/general/GeneralTabViewModel.java
5,src/test/java/org/jabref/logic/l10n/LocalizationKeyTest.java
7,src/main/java/org/jabref/gui/desktop/os/Windows.java
1,src/main/java/org/jabref/gui/entryeditor/MathSciNetTab.java
6,src/test/java/org/jabref/logic/exporter/AtomicFileOutputStreamTest.java
1,src/main/java/org/jabref/gui/commonfxcontrols/SaveOrderConfigPanelViewModel.java
1,src/test/java/org/jabref/logic/layout/format/DOICheckTest.java
1,src/main/java/org/jabref/logic/layout/format/DocBookAuthorFormatter.java
6,src/main/java/org/jabref/model/groups/event/GroupUpdatedEvent.java
1,src/main/java/org/jabref/logic/importer/fileformat/PdfMergeMetadataImporter.java
1,src/main/java/org/jabref/logic/exporter/Exporter.java
9,src/main/java/org/jabref/logic/remote/RemoteMessage.java
1,src/main/java/org/jabref/gui/collab/entrychange/EntryWithPreviewAndSourceDetailsView.java
7,src/main/java/org/jabref/gui/preferences/keybindings/KeyBindingsTabViewModel.java
1,src/main/java/org/jabref/gui/journals/AbbreviationType.java
6,src/main/java/org/jabref/logic/integrity/EditionChecker.java
9,src/main/java/org/jabref/model/openoffice/util/OOVoidResult.java
5,src/test/java/org/jabref/logic/util/io/BackupFileUtilTest.java
6,src/main/java/org/jabref/gui/fieldeditors/DateEditorViewModel.java
9,src/test/java/org/jabref/model/pdf/FileAnnotationTest.java
4,src/main/java/org/jabref/model/entry/identifier/ARK.java
1,src/main/java/org/jabref/gui/util/RadioButtonCell.java
7,src/main/java/org/jabref/gui/push/AbstractPushToApplication.java
12,src/test/java/org/jabref/model/paging/PageTest.java
1,src/main/java/org/jabref/logic/importer/PagedSearchBasedFetcher.java
4,src/main/java/org/jabref/logic/importer/fileformat/PdfMergeMetadataImporter.java
6,src/main/java/org/jabref/gui/fieldeditors/UrlEditorViewModel.java
1,src/main/java/org/jabref/gui/search/SearchDisplayMode.java
6,src/main/java/org/jabref/model/openoffice/uno/CreationException.java
1,src/main/java/org/jabref/gui/preferences/linkedfiles/LinkedFilesTabViewModel.java
4,src/test/java/org/jabref/model/pdf/FileAnnotationTest.java
4,src/test/java/org/jabref/gui/util/FileDialogConfigurationTest.java
9,src/test/java/org/jabref/model/entry/identifier/DOITest.java
6,src/main/java/org/jabref/gui/preferences/externalfiletypes/ExternalFileTypesTab.java
4,src/main/java/org/jabref/logic/util/strings/UnicodeLigaturesMap.java
6,src/main/java/org/jabref/logic/util/io/XMLUtil.java
1,src/main/java/org/jabref/logic/layout/LayoutEntry.java
1,src/test/java/org/jabref/logic/cleanup/CleanupWorkerTest.java
1,src/main/java/org/jabref/gui/collab/DatabaseChangeDetailsView.java
1,src/main/java/org/jabref/logic/importer/fileformat/PdfContentImporter.java
6,src/main/java/org/jabref/model/pdf/search/PdfSearchResults.java
1,src/main/java/org/jabref/logic/importer/WebFetchers.java
1,src/main/java/org/jabref/logic/cleanup/ConvertToBibtexCleanup.java
9,src/test/java/org/jabref/model/groups/ExplicitGroupTest.java
1,src/main/java/org/jabref/logic/bibtex/comparator/IdComparator.java
9,src/main/java/org/jabref/logic/layout/format/Authors.java
4,src/main/java/org/jabref/gui/edit/ReplaceStringViewModel.java
9,src/main/java/org/jabref/logic/database/DatabaseMerger.java
9,src/main/java/org/jabref/logic/layout/format/JournalAbbreviator.java
9,src/test/java/org/jabref/logic/layout/format/AuthorAndsReplacerTest.java
7,src/main/java/org/jabref/gui/preferences/xmp/XmpPrivacyTabViewModel.java
5,src/main/java/org/jabref/logic/openoffice/action/EditInsert.java
6,src/main/java/org/jabref/model/entry/field/StandardField.java
1,src/main/java/org/jabref/logic/integrity/IntegrityMessage.java
9,src/test/java/org/jabref/logic/layout/format/AuthorNatBibTest.java
4,src/main/java/org/jabref/gui/libraryproperties/saving/SavingPropertiesViewModel.java
4,src/test/java/org/jabref/logic/integrity/BibStringCheckerTest.java
1,src/main/java/org/jabref/logic/exporter/TemplateExporter.java
5,src/test/java/org/jabref/logic/bibtex/BibEntryWriterTest.java
1,src/test/java/org/jabref/logic/bibtex/comparator/BibDatabaseDiffTest.java
4,src/main/java/org/jabref/logic/shared/MySQLProcessor.java
1,src/main/java/org/jabref/model/entry/field/StandardField.java
4,src/test/java/org/jabref/logic/formatter/bibtexfields/ReplaceTabsBySpaceFormaterTest.java
9,src/main/java/org/jabref/logic/integrity/ValueChecker.java
1,src/test/java/org/jabref/logic/importer/fetcher/transformers/IEEEQueryTransformerTest.java
6,src/main/java/org/jabref/logic/importer/OpenDatabase.java
1,src/main/java/org/jabref/model/search/GroupSearchQuery.java
4,src/test/java/org/jabref/gui/edit/CopyMoreActionTest.java
1,src/main/java/org/jabref/gui/mergeentries/DiffHighlighting.java
5,src/main/java/org/jabref/logic/shared/security/Password.java
1,src/test/java/org/jabref/logic/bst/util/BstTextPrefixerTest.java
6,src/main/java/org/jabref/logic/layout/format/ReplaceUnicodeLigaturesFormatter.java
1,src/test/java/org/jabref/logic/integrity/ISBNCheckerTest.java
7,src/main/java/org/jabref/gui/preferences/journals/AbbreviationViewModel.java
4,src/main/java/org/jabref/model/openoffice/style/CitationMarkerNumericBibEntry.java
5,src/test/java/org/jabref/model/entry/identifier/IacrEprintTest.java
6,src/main/java/org/jabref/model/study/FetchResult.java
4,src/main/java/org/jabref/logic/exporter/ModsExporter.java
6,src/test/java/org/jabref/gui/autocompleter/FieldValueSuggestionProviderTest.java
5,src/main/java/org/jabref/logic/util/io/FileUtil.java
1,src/main/java/org/jabref/logic/auxparser/AuxParser.java
1,src/test/java/org/jabref/logic/help/HelpFileTest.java
4,src/main/java/org/jabref/gui/edit/ReplaceStringView.java
12,src/main/java/org/jabref/model/search/matchers/OrMatcher.java
9,src/main/java/org/jabref/logic/layout/format/RemoveBracketsAddComma.java
6,src/main/java/org/jabref/gui/EntryTypeView.java
7,src/test/java/org/jabref/gui/autocompleter/AutoCompleterUtil.java
5,src/test/java/org/jabref/logic/formatter/bibtexfields/UnitsToLatexFormatterTest.java
5,src/main/java/org/jabref/model/openoffice/rangesort/RangeSortVisual.java
5,src/main/java/org/jabref/logic/msbib/MSBibMapping.java
6,src/test/java/org/jabref/logic/l10n/LocalizationKeyTest.java
4,src/main/java/org/jabref/gui/preferences/customentrytypes/CustomEntryTypesTabViewModel.java
12,src/main/java/org/jabref/model/entry/types/IEEETranEntryTypeDefinitions.java
9,src/main/java/org/jabref/logic/l10n/LocalizationKey.java
1,src/test/java/org/jabref/gui/groups/GroupDialogViewModelTest.java
4,src/test/java/org/jabref/logic/layout/LayoutHelperTest.java
4,src/main/java/org/jabref/logic/msbib/MSBibEntry.java
6,src/main/java/org/jabref/logic/importer/util/FileFieldParser.java
1,src/main/java/org/jabref/model/study/Study.java
5,src/test/java/org/jabref/logic/bst/util/BstWidthCalculatorTest.java
9,src/main/java/org/jabref/model/entry/types/BiblatexEntryTypeDefinitions.java
1,src/main/java/org/jabref/logic/importer/fetcher/GrobidCitationFetcher.java
4,src/main/java/org/jabref/gui/util/UiThreadList.java
4,src/test/java/org/jabref/logic/importer/fileformat/PdfGrobidImporterTest.java
7,src/test/java/org/jabref/gui/edit/CopyMoreActionTest.java
6,src/test/java/org/jabref/logic/layout/format/AuthorLF_FFTest.java
1,src/main/java/org/jabref/gui/theme/StyleSheetResource.java
7,src/main/java/org/jabref/gui/icon/JabrefIconProvider.java
1,src/main/java/org/jabref/logic/layout/format/FormatPagesForHTML.java
1,src/main/java/org/jabref/gui/libraryproperties/general/GeneralPropertiesView.java
1,src/test/java/org/jabref/logic/importer/util/FileFieldParserTest.java
5,src/main/java/org/jabref/logic/preferences/DOIPreferences.java
9,src/test/java/org/jabref/logic/TypedBibEntryTest.java
4,src/test/java/org/jabref/logic/layout/format/MarkdownFormatterTest.java
5,src/main/java/org/jabref/logic/integrity/ValidCitationKeyChecker.java
4,src/main/java/org/jabref/gui/importer/ParserResultWarningDialog.java
9,src/main/java/org/jabref/logic/cleanup/MoveFieldCleanup.java
4,src/test/java/org/jabref/logic/importer/fileformat/PdfXmpImporterTest.java
4,src/test/java/org/jabref/logic/importer/fetcher/SpringerFetcherTest.java
1,src/main/java/org/jabref/logic/importer/fetcher/ComplexSearchQuery.java
4,src/main/java/org/jabref/gui/maintable/SmartConstrainedResizePolicy.java
9,src/test/java/org/jabref/logic/integrity/UTF8CheckerTest.java
9,src/test/java/org/jabref/logic/formatter/bibtexfields/UnitsToLatexFormatterTest.java
6,src/main/java/org/jabref/gui/maintable/OpenExternalFileAction.java
4,src/main/java/org/jabref/logic/cleanup/ConvertToBibtexCleanup.java
5,src/main/java/org/jabref/logic/net/ssl/TrustStoreManager.java
7,src/main/java/org/jabref/gui/EntryTypeViewModel.java
4,src/main/java/org/jabref/gui/importer/fetcher/WebSearchPaneView.java
4,src/test/java/org/jabref/gui/externalfiletype/ExternalFileTypesTest.java
6,src/main/java/org/jabref/logic/layout/format/NotFoundFormatter.java
6,src/test/java/org/jabref/logic/importer/fetcher/RfcFetcherTest.java
4,src/main/java/org/jabref/gui/errorconsole/ErrorConsoleViewModel.java
4,src/main/java/org/jabref/gui/collab/entrydelete/EntryDelete.java
9,src/main/java/org/jabref/model/util/MultiKeyMap.java
4,src/main/java/org/jabref/gui/linkedfile/DeleteFileAction.java
6,src/main/java/org/jabref/logic/shared/DBMSSynchronizer.java
1,src/test/java/org/jabref/logic/bibtex/FieldContentFormatterTest.java
1,src/main/java/org/jabref/gui/shared/PullChangesFromSharedAction.java
9,src/test/java/org/jabref/logic/l10n/LocalizationKeyTest.java
4,src/test/java/org/jabref/model/entry/identifier/IacrEprintTest.java
4,src/test/java/org/jabref/logic/bst/util/BstPurifierTest.java
7,src/main/java/org/jabref/gui/menus/ChangeEntryTypeAction.java
4,src/main/java/org/jabref/model/openoffice/uno/UnoRedlines.java
1,src/main/java/org/jabref/gui/push/PushToEmacsSettings.java
6,src/main/java/org/jabref/gui/actions/StandardActions.java
1,src/test/java/org/jabref/logic/layout/format/FirstPageTest.java
1,src/main/java/org/jabref/logic/remote/server/RemoteListenerServer.java
6,src/main/java/org/jabref/model/entry/field/BibField.java
11,src/main/java/org/jabref/preferences/PreferencesService.java
5,src/main/java/org/jabref/logic/importer/EntryBasedParserFetcher.java
4,src/main/java/org/jabref/gui/util/uithreadaware/UiThreadHelper.java
6,src/main/java/org/jabref/gui/autocompleter/WordSuggestionProvider.java
4,src/test/java/org/jabref/logic/importer/fileformat/IsiImporterTest.java
4,src/main/java/org/jabref/logic/importer/fetcher/CrossRef.java
1,src/main/java/org/jabref/gui/exporter/CreateModifyExporterDialogViewModel.java
1,src/main/java/org/jabref/gui/search/GlobalSearchResultDialog.java
7,src/test/java/org/jabref/gui/groups/GroupNodeViewModelTest.java
6,src/main/java/org/jabref/logic/importer/ParseException.java
1,src/main/java/org/jabref/logic/autosaveandbackup/AutosaveManager.java
9,src/main/java/org/jabref/model/util/ListUtil.java
1,src/main/java/org/jabref/logic/openoffice/frontend/OOFrontend.java
5,src/test/java/org/jabref/logic/importer/BibDatabaseFilesTest.java
6,src/main/java/org/jabref/logic/exporter/AtomicFileWriter.java
5,src/test/java/org/jabref/logic/importer/fetcher/transformers/SuffixTransformerTest.java
5,src/test/java/org/jabref/logic/layout/format/FirstPageTest.java
1,src/main/java/org/jabref/logic/protectedterms/ProtectedTermsParser.java
1,src/main/java/org/jabref/gui/preferences/keybindings/presets/BashKeyBindingPreset.java
4,src/main/java/org/jabref/logic/crawler/StudyRepository.java
1,src/main/java/org/jabref/gui/fieldeditors/LinkedEntriesEditorViewModel.java
4,src/main/java/org/jabref/logic/layout/LayoutFormatter.java
6,src/test/java/org/jabref/logic/openoffice/style/StyleLoaderTest.java
4,src/test/java/org/jabref/logic/importer/fetcher/isbntobibtex/DoiToBibtexConverterComIsbnFetcherTest.java
6,src/main/java/org/jabref/logic/importer/fileformat/BiblioscapeImporter.java
4,src/main/java/org/jabref/logic/importer/OutputPrinter.java
5,src/test/java/org/jabref/logic/importer/ImportFormatReaderParameterlessTest.java
9,buildSrc/src/copied/java/org/jabref/logic/journals/JournalAbbreviationPreferences.java
9,src/main/java/org/jabref/logic/formatter/bibtexfields/EscapeUnderscoresFormatter.java
1,src/main/java/org/jabref/logic/pdf/FileAnnotationCache.java
1,src/main/java/org/jabref/logic/net/ssl/SSLCertificate.java
1,src/main/java/org/jabref/gui/libraryproperties/contentselectors/ContentSelectorView.java
6,src/main/java/org/jabref/gui/libraryproperties/constants/ConstantsPropertiesViewModel.java
6,src/test/java/org/jabref/gui/search/GlobalSearchBarTest.java
7,src/main/java/org/jabref/gui/util/JabRefResourceLocator.java
12,src/main/java/org/jabref/model/entry/identifier/EprintIdentifier.java
4,src/main/java/org/jabref/gui/preview/PreviewViewer.java
6,src/test/java/org/jabref/gui/edit/CopyOrMoveFieldContentTabViewModelTest.java
1,src/test/java/org/jabref/gui/commonfxcontrols/SaveOrderPanelViewModelTest.java
9,src/main/java/org/jabref/model/entry/field/Field.java
5,src/main/java/org/jabref/logic/importer/SearchBasedParserFetcher.java
6,src/main/java/org/jabref/logic/importer/fetcher/GrobidCitationFetcher.java
1,src/test/java/org/jabref/logic/integrity/TypeCheckerTest.java
7,src/main/java/org/jabref/gui/collab/preamblechange/PreambleChangeDetailsView.java
9,src/main/java/org/jabref/model/openoffice/uno/UnoUserDefinedProperty.java
5,src/main/java/org/jabref/logic/importer/fetcher/CompositeSearchBasedFetcher.java
1,src/main/java/org/jabref/logic/pdf/PdfAnnotationImporter.java
1,src/main/java/org/jabref/gui/groups/GroupNodeViewModel.java
6,src/main/java/org/jabref/gui/icon/InternalMaterialDesignIcon.java
6,src/main/java/org/jabref/logic/importer/AuthorListParser.java
9,src/test/java/org/jabref/logic/formatter/casechanger/UpperCaseFormatterTest.java
6,src/main/java/org/jabref/gui/JabRefExecutorService.java
6,src/main/java/org/jabref/logic/integrity/PersonNamesChecker.java
4,src/main/java/org/jabref/gui/search/SearchResultsTable.java
6,src/test/java/org/jabref/logic/formatter/bibtexfields/EscapeAmpersandsFormatterTest.java
5,src/test/java/org/jabref/logic/importer/fetcher/transformers/InfixTransformerTest.java
1,src/main/java/org/jabref/logic/citationkeypattern/CitationKeyGenerator.java
4,src/main/java/org/jabref/gui/cleanup/CleanupAction.java
4,src/main/java/org/jabref/gui/preview/CopyCitationAction.java
1,src/test/java/org/jabref/model/database/DuplicationCheckerTest.java
6,src/main/java/org/jabref/logic/preferences/TimestampPreferences.java
5,src/main/java/org/jabref/logic/util/FileType.java
6,src/main/java/org/jabref/logic/importer/fileformat/mods/package-info.java
1,src/main/java/org/jabref/logic/integrity/ValueChecker.java
6,src/main/java/org/jabref/logic/shared/exception/SharedEntryNotPresentException.java
1,src/main/java/org/jabref/model/search/rules/SearchRules.java
4,src/main/java/org/jabref/model/openoffice/style/NonUniqueCitationMarker.java
5,src/test/java/org/jabref/logic/bibtex/FileFieldWriterTest.java
1,src/test/java/org/jabref/logic/importer/fetcher/DoiFetcherTest.java
4,src/main/java/org/jabref/gui/importer/GenerateEntryFromIdAction.java
6,src/main/java/org/jabref/logic/shared/event/SharedEntriesNotPresentEvent.java
1,src/main/java/org/jabref/logic/importer/fetcher/TrustLevel.java
5,src/test/java/org/jabref/logic/exporter/DocBook5ExporterTest.java
4,src/main/java/org/jabref/model/TreeNode.java
5,src/main/java/org/jabref/model/openoffice/rangesort/RangeOverlap.java
1,src/test/java/org/jabref/logic/database/DuplicateCheckTest.java
6,src/test/java/org/jabref/logic/bibtex/FieldContentFormatterTest.java
1,src/main/java/org/jabref/logic/layout/format/AuthorLastFirstAbbrOxfordCommas.java
6,src/main/java/org/jabref/gui/importer/ImportCustomEntryTypesDialog.java
4,src/main/java/org/jabref/logic/util/Version.java
6,src/test/java/org/jabref/logic/importer/AuthorListParserTest.java
4,src/main/java/org/jabref/logic/auxparser/AuxParserResult.java
4,src/main/java/org/jabref/model/study/StudyQuery.java
1,src/main/java/org/jabref/model/entry/field/FieldPriority.java
6,src/main/java/org/jabref/model/openoffice/style/CitationType.java
6,src/main/java/org/jabref/gui/mergeentries/newmergedialog/fieldsmerger/FieldMergerFactory.java
4,src/main/java/org/jabref/gui/SendAsEMailAction.java
1,src/main/java/org/jabref/logic/openoffice/frontend/UpdateBibliography.java
4,src/main/java/org/jabref/logic/net/ProxyRegisterer.java
9,src/main/java/org/jabref/logic/importer/fetcher/IEEE.java
6,src/main/java/org/jabref/gui/libraryproperties/contentselectors/ContentSelectorViewModel.java
4,src/test/java/org/jabref/logic/exporter/ModsExportFormatTest.java
1,src/main/java/org/jabref/gui/keyboard/TextInputKeyBindings.java
5,src/main/java/org/jabref/logic/integrity/IntegrityCheck.java
4,src/main/java/org/jabref/model/openoffice/style/CompareCitation.java
4,src/main/java/org/jabref/gui/copyfiles/CopyFilesTask.java
5,src/test/java/org/jabref/logic/citationkeypattern/MakeLabelWithDatabaseTest.java
5,src/main/java/org/jabref/logic/formatter/casechanger/LowerCaseFormatter.java
9,src/main/java/org/jabref/logic/net/ssl/SSLPreferences.java
6,src/test/java/org/jabref/logic/importer/fileformat/CopacImporterTest.java
4,src/main/java/org/jabref/model/strings/UnicodeToReadableCharMap.java
7,src/main/java/org/jabref/gui/copyfiles/CopyFilesTask.java
1,src/main/java/org/jabref/logic/layout/format/AuthorFirstLastOxfordCommas.java
1,src/main/java/org/jabref/gui/mergeentries/newmergedialog/FieldRowViewModel.java
5,src/main/java/org/jabref/model/groups/AllEntriesGroup.java
5,src/main/java/org/jabref/logic/shared/exception/OfflineLockException.java
6,src/main/java/org/jabref/logic/importer/fetcher/CustomizableKeyFetcher.java
7,src/main/java/org/jabref/gui/util/ViewModelTableRowFactory.java
7,src/main/java/org/jabref/gui/libraryproperties/LibraryPropertiesAction.java
9,src/test/java/org/jabref/logic/layout/format/RTFCharsTest.java
6,src/test/java/org/jabref/gui/entryeditor/SourceTabTest.java
1,src/test/java/org/jabref/logic/importer/fetcher/CollectionOfComputerScienceBibliographiesFetcherTest.java
1,src/main/java/org/jabref/model/entry/identifier/ISSN.java
1,src/test/java/org/jabref/logic/layout/format/FileLinkTest.java
4,src/main/java/org/jabref/gui/edit/automaticfiededitor/copyormovecontent/CopyOrMoveFieldContentTabView.java
4,src/main/java/org/jabref/logic/importer/fileformat/RisImporter.java
6,src/main/java/org/jabref/gui/ClipBoardManager.java
9,src/main/java/org/jabref/logic/importer/fetcher/transformers/CollectionOfComputerScienceBibliographiesQueryTransformer.java
6,src/test/java/org/jabref/logic/auxparser/AuxParserTest.java
9,src/main/java/org/jabref/logic/texparser/DefaultLatexParser.java
7,src/main/java/org/jabref/gui/texparser/ParseLatexResultView.java
4,src/main/java/org/jabref/gui/util/ControlHelper.java
4,src/main/java/org/jabref/logic/util/UpdateField.java
9,src/main/java/org/jabref/logic/importer/fetcher/SpringerLink.java
9,src/main/java/org/jabref/logic/importer/fileformat/SilverPlatterImporter.java
4,src/main/java/org/jabref/gui/maintable/columns/SpecialFieldColumn.java
1,src/main/java/org/jabref/gui/fieldeditors/EditorTextArea.java
4,src/main/java/org/jabref/logic/layout/format/Ordinal.java
12,src/main/java/org/jabref/model/strings/StringUtil.java
1,src/test/java/org/jabref/model/entry/EntryTypeFactoryTest.java
1,src/main/java/org/jabref/logic/importer/fetcher/transformers/YearAndYearRangeByFilteringQueryTransformer.java
4,src/test/java/org/jabref/logic/journals/JournalAbbreviationRepositoryTest.java
5,src/test/java/org/jabref/logic/formatter/bibtexfields/EscapeAmpersandsFormatterTest.java
9,src/main/java/org/jabref/logic/openoffice/style/StyleLoader.java
1,src/main/java/org/jabref/logic/journals/JournalAbbreviationLoader.java
6,src/main/java/org/jabref/gui/specialfields/SpecialFieldsPreferences.java
1,src/test/java/org/jabref/logic/openoffice/style/OOBibStyleTest.java
2,src/main/java/org/jabref/preferences/CleanupPreferences.java
6,src/main/java/org/jabref/gui/search/rules/describer/SearchDescriber.java
4,src/main/java/org/jabref/logic/layout/format/AuthorAndsCommaReplacer.java
5,src/test/java/org/jabref/logic/pdf/search/indexing/DocumentReaderTest.java
1,src/main/java/org/jabref/logic/layout/format/AuthorLastFirstAbbreviator.java
4,src/main/java/org/jabref/gui/openoffice/ManageCitationsDialogView.java
6,src/main/java/org/jabref/gui/openoffice/CitationEntryViewModel.java
7,src/main/java/org/jabref/gui/preferences/citationkeypattern/CitationKeyPatternTabViewModel.java
4,src/test/java/org/jabref/model/groups/TexGroupTest.java
6,src/main/java/org/jabref/gui/slr/StartNewStudyAction.java
1,src/main/java/org/jabref/logic/formatter/bibtexfields/RegexFormatter.java
4,src/main/java/org/jabref/logic/externalfiles/ExternalFilesContentImporter.java
6,src/main/java/org/jabref/model/entry/identifier/MathSciNetId.java
5,src/main/java/org/jabref/model/openoffice/style/ComparableCitation.java
4,src/test/java/org/jabref/model/entry/CrossrefTest.java
6,src/main/java/org/jabref/model/metadata/ContentSelector.java
6,src/test/java/org/jabref/logic/bst/util/BstPurifierTest.java
7,src/main/java/org/jabref/gui/maintable/MainTableDataModel.java
5,src/main/java/org/jabref/model/search/rules/SearchRule.java
5,src/test/java/org/jabref/logic/util/BuildInfoTest.java
5,src/test/java/org/jabref/model/metadata/MetaDataTest.java
1,src/main/java/org/jabref/gui/importer/GenerateEntryFromIdAction.java
4,src/main/java/org/jabref/logic/importer/WebFetchers.java
6,src/test/java/org/jabref/logic/remote/RemoteSetupTest.java
1,src/main/java/org/jabref/gui/entryeditor/fileannotationtab/FulltextSearchResultsTab.java
9,src/main/java/org/jabref/logic/importer/fileformat/medline/OtherId.java
4,src/main/java/org/jabref/logic/layout/format/AuthorOrgSci.java
5,src/test/java/org/jabref/logic/importer/util/ShortDOIServiceTest.java
6,src/main/java/org/jabref/logic/importer/fetcher/LibraryOfCongress.java
9,src/test/java/org/jabref/logic/importer/fileformat/MrDLibImporterTest.java
5,src/main/java/org/jabref/logic/xmp/EncryptedPdfsNotSupportedException.java
5,src/main/java/org/jabref/logic/formatter/bibtexfields/CleanupUrlFormatter.java
4,src/main/java/org/jabref/gui/openoffice/OpenOfficePanel.java
7,src/main/java/org/jabref/gui/util/ControlHelper.java
6,src/test/java/org/jabref/gui/slr/ManageStudyDefinitionViewModelTest.java
6,src/main/java/org/jabref/gui/actions/JabRefAction.java
6,src/main/java/org/jabref/logic/importer/fileformat/BibtexParser.java
1,src/main/java/org/jabref/model/entry/identifier/EprintIdentifier.java
1,src/main/java/org/jabref/model/metadata/MetaData.java
4,src/test/java/org/jabref/logic/formatter/bibtexfields/UnitsToLatexFormatterTest.java
9,src/main/java/org/jabref/logic/util/BackupFileType.java
7,src/main/java/org/jabref/gui/importer/fetcher/LookupIdentifierAction.java
1,src/main/java/org/jabref/gui/desktop/os/OSX.java
9,src/test/java/org/jabref/logic/importer/fetcher/CiteSeerTest.java
5,src/main/java/org/jabref/logic/remote/RemoteMessage.java
1,src/test/java/org/jabref/model/entry/identifier/MathSciNetIdTest.java
6,src/main/java/org/jabref/logic/integrity/NoteChecker.java
4,src/test/java/org/jabref/logic/layout/format/RTFCharsTest.java
1,src/main/java/org/jabref/logic/layout/format/EntryTypeFormatter.java
6,src/test/java/org/jabref/logic/layout/format/AuthorFirstLastOxfordCommasTest.java
1,src/test/java/org/jabref/logic/autosaveandbackup/BackupManagerTest.java
9,src/test/java/org/jabref/logic/importer/fileformat/BibtexImporterTest.java
5,src/test/java/org/jabref/logic/bst/util/BstTextPrefixerTest.java
7,src/main/java/org/jabref/gui/preferences/nameformatter/NameFormatterTab.java
1,src/main/java/org/jabref/logic/crawler/StudyDatabaseToFetcherConverter.java
5,src/main/java/org/jabref/logic/layout/format/AuthorFirstAbbrLastOxfordCommas.java
4,src/main/java/org/jabref/logic/importer/fileformat/medline/OtherId.java
4,src/main/java/org/jabref/model/openoffice/ootext/OOTextIntoOO.java
1,buildSrc/src/copied/java/org/jabref/logic/journals/AbbreviationWriter.java
6,src/main/java/org/jabref/gui/preferences/appearance/AppearanceTab.java
9,src/test/java/org/jabref/logic/layout/format/ToUpperCaseTest.java
7,src/main/java/org/jabref/gui/fieldeditors/OptionEditorViewModel.java
1,src/main/java/org/jabref/logic/formatter/casechanger/Title.java
10,src/main/java/org/jabref/cli/JabRefCLI.java
4,src/test/java/org/jabref/logic/importer/fetcher/LibraryOfCongressTest.java
1,src/main/java/org/jabref/logic/cleanup/ConvertToBiblatexCleanup.java
1,src/main/java/org/jabref/logic/database/DuplicateCheck.java
7,src/main/java/org/jabref/gui/AbstractViewModel.java
9,src/test/java/org/jabref/logic/database/DatabaseMergerTest.java
7,src/main/java/org/jabref/gui/preferences/entry/EntryTabViewModel.java
4,src/main/java/org/jabref/logic/journals/JournalAbbreviationPreferences.java
6,src/main/java/org/jabref/model/entry/KeywordList.java
6,src/main/java/org/jabref/gui/linkedfile/LinkedFileEditDialogView.java
6,src/main/java/org/jabref/model/openoffice/util/OOPair.java
4,src/main/java/org/jabref/gui/preferences/entry/EntryTab.java
9,src/main/java/org/jabref/logic/layout/format/AuthorLastFirstOxfordCommas.java
4,src/test/java/org/jabref/logic/formatter/bibtexfields/UnicodeConverterTest.java
1,src/test/java/org/jabref/logic/importer/fetcher/isbntobibtex/IsbnFetcherTest.java
9,src/test/java/org/jabref/logic/util/BuildInfoTest.java
1,src/main/java/org/jabref/logic/externalfiles/ExternalFilesContentImporter.java
7,src/main/java/org/jabref/gui/entryeditor/fileannotationtab/FileAnnotationViewModel.java
12,src/main/java/org/jabref/model/openoffice/ootext/OOFormat.java
1,src/test/java/org/jabref/logic/formatter/bibtexfields/LatexCleanupFormatterTest.java
4,src/main/java/org/jabref/logic/importer/fetcher/RfcFetcher.java
5,src/main/java/org/jabref/logic/undo/AddUndoableActionEvent.java
9,src/test/java/org/jabref/logic/cleanup/MoveFilesCleanupTest.java
12,src/main/java/org/jabref/model/util/ResultingStringState.java
7,src/test/java/org/jabref/testutils/category/GUITest.java
1,src/main/java/org/jabref/logic/bst/BstFunctions.java
9,src/test/java/org/jabref/logic/layout/format/ReplaceUnicodeLigaturesFormatterTest.java
4,src/main/java/org/jabref/gui/mergeentries/MultiMergeEntriesViewModel.java
6,src/main/java/org/jabref/logic/layout/LayoutFormatter.java
4,src/test/java/org/jabref/logic/importer/fileformat/SilverPlatterImporterTest.java
1,src/main/java/org/jabref/logic/importer/fetcher/transformers/CollectionOfComputerScienceBibliographiesQueryTransformer.java
4,src/test/java/org/jabref/logic/layout/format/ReplaceTest.java
1,src/main/java/org/jabref/gui/exporter/ExportToClipboardAction.java
4,src/main/java/org/jabref/gui/edit/automaticfiededitor/AutomaticFieldEditorDialog.java
4,src/main/java/org/jabref/gui/collab/entrychange/EntryChangeDetailsView.java
4,src/main/java/org/jabref/logic/layout/format/AuthorLastFirstAbbrOxfordCommas.java
9,src/main/java/org/jabref/logic/importer/fileformat/MarcXmlParser.java
4,src/main/java/org/jabref/model/openoffice/rangesort/RangeOverlapWithin.java
9,src/test/java/org/jabref/logic/importer/fetcher/RfcFetcherTest.java
9,src/main/java/org/jabref/logic/importer/fetcher/LibraryOfCongress.java
9,src/main/java/org/jabref/logic/shared/DatabaseSynchronizer.java
6,src/main/java/org/jabref/gui/copyfiles/CopyFilesTask.java
1,src/main/java/org/jabref/logic/layout/Layout.java
9,src/main/java/org/jabref/logic/openoffice/style/OOProcessAuthorYearMarkers.java
7,src/test/java/org/jabref/gui/autocompleter/AppendPersonNamesStrategyTest.java
1,src/main/java/org/jabref/gui/commonfxcontrols/FieldFormatterCleanupsPanel.java
6,src/main/java/org/jabref/logic/formatter/casechanger/TitleParser.java
5,src/main/java/org/jabref/logic/util/StandardFileType.java
1,src/test/java/org/jabref/logic/exporter/MsBibExportFormatTest.java
7,src/main/java/org/jabref/gui/preferences/importexport/ImportExportTab.java
7,src/test/java/org/jabref/gui/edit/EditFieldContentTabViewModelTest.java
5,src/main/java/org/jabref/model/texparser/LatexParserResult.java
5,src/test/java/org/jabref/logic/layout/format/AuthorAndToSemicolonReplacerTest.java
7,src/main/java/org/jabref/gui/push/PushToTexmaker.java
1,src/main/java/org/jabref/model/groups/AutomaticPersonsGroup.java
1,src/main/java/org/jabref/logic/formatter/bibtexfields/LatexCleanupFormatter.java
5,src/main/java/org/jabref/logic/cleanup/RenamePdfCleanup.java
4,src/main/java/org/jabref/model/groups/RegexKeywordGroup.java
1,src/main/java/org/jabref/logic/bibtex/comparator/EntryComparator.java
9,src/main/java/org/jabref/logic/remote/server/RemoteListenerServer.java
6,src/main/java/org/jabref/logic/layout/format/AuthorNatBib.java
6,src/test/java/org/jabref/logic/importer/util/GroupsParserTest.java
1,src/main/java/org/jabref/logic/l10n/Language.java
9,src/main/java/org/jabref/logic/integrity/ASCIICharacterChecker.java
4,src/main/java/org/jabref/model/util/FileUpdateListener.java
4,src/test/java/org/jabref/logic/bibtex/comparator/MetaDataDiffTest.java
4,src/main/java/org/jabref/gui/icon/JabRefIkonHandler.java
7,src/main/java/org/jabref/gui/fieldeditors/TypeEditorViewModel.java
9,src/test/java/org/jabref/model/entry/BibEntryTypesManagerTest.java
4,src/main/java/org/jabref/logic/bst/util/BstWidthCalculator.java
9,src/main/java/org/jabref/logic/openoffice/backend/NamedRangeManagerReferenceMark.java
5,src/main/java/org/jabref/logic/texparser/DefaultLatexParser.java
6,src/main/java/org/jabref/logic/formatter/bibtexfields/HtmlToUnicodeFormatter.java
1,src/test/java/org/jabref/gui/util/TooltipTextUtilTest.java
6,src/main/java/org/jabref/gui/edit/automaticfiededitor/AutomaticFieldEditorViewModel.java
7,src/main/java/org/jabref/gui/preferences/importexport/ImportExportTabViewModel.java
5,src/test/java/org/jabref/logic/importer/fetcher/MrDLibFetcherTest.java
1,src/main/java/org/jabref/model/openoffice/uno/UnoTextSection.java
7,src/main/java/org/jabref/gui/MainApplication.java
4,src/main/java/org/jabref/logic/layout/format/NameFormatterPreferences.java
9,src/test/java/org/jabref/logic/integrity/NoteCheckerTest.java
1,src/main/java/org/jabref/gui/actions/JabRefAction.java
6,src/test/java/org/jabref/model/TreeNodeTest.java
7,src/main/java/org/jabref/gui/push/PushToApplication.java
5,src/test/java/org/jabref/logic/layout/format/AuthorFirstAbbrLastCommasTest.java
4,src/test/java/org/jabref/logic/importer/fileformat/RepecNepImporterTest.java
1,src/test/java/org/jabref/logic/formatter/casechanger/ProtectTermsFormatterTest.java
9,src/test/java/org/jabref/logic/importer/OpenDatabaseTest.java
4,src/main/java/org/jabref/gui/mergeentries/MergeResult.java
6,src/test/java/org/jabref/logic/integrity/HTMLCharacterCheckerTest.java
5,src/main/java/org/jabref/logic/importer/fetcher/GoogleScholar.java
5,src/test/java/org/jabref/logic/remote/RemoteSetupTest.java
4,src/main/java/org/jabref/model/entry/event/FieldAddedOrRemovedEvent.java
12,src/main/java/org/jabref/model/strings/UnicodeToReadableCharMap.java
9,src/test/java/org/jabref/logic/pdf/PdfAnnotationImporterTest.java
9,src/main/java/org/jabref/model/search/SearchMatcher.java
1,src/test/java/org/jabref/logic/bibtex/comparator/MetaDataDiffTest.java
4,src/main/java/org/jabref/gui/util/DroppingMouseLocation.java
4,src/main/java/org/jabref/model/groups/ExplicitGroup.java
9,src/main/java/org/jabref/model/entry/BibtexString.java
6,src/main/java/org/jabref/gui/externalfiles/UnlinkedFilesDialogViewModel.java
4,src/test/java/org/jabref/logic/search/SearchQueryTest.java
4,src/main/java/org/jabref/gui/preferences/groups/GroupsTab.java
7,src/main/java/org/jabref/gui/mergeentries/DiffHighlighting.java
9,src/main/java/org/jabref/logic/importer/util/ShortDOIService.java
9,src/main/java/org/jabref/model/openoffice/style/CitationMarkerNumericBibEntry.java
1,src/test/java/org/jabref/logic/journals/AbbreviationWriterTest.java
1,src/main/java/org/jabref/logic/layout/format/AuthorLF_FF.java
6,src/main/java/org/jabref/model/entry/identifier/DOI.java
9,src/main/java/org/jabref/logic/importer/fetcher/CollectionOfComputerScienceBibliographiesParser.java
5,src/main/java/org/jabref/logic/importer/fileformat/BiblioscapeImporter.java
4,src/main/java/org/jabref/gui/integrity/IntegrityCheckDialogViewModel.java
6,src/test/java/org/jabref/logic/citationstyle/CitationStyleCacheTest.java
1,src/main/java/org/jabref/logic/msbib/MsBibAuthor.java
4,src/test/java/org/jabref/logic/integrity/UrlCheckerTest.java
1,src/test/java/org/jabref/logic/layout/format/AuthorFirstFirstCommasTest.java
5,src/main/java/org/jabref/logic/importer/fetcher/BvbFetcher.java
5,src/main/java/org/jabref/logic/bibtex/comparator/MetaDataDiff.java
1,src/main/java/org/jabref/logic/bibtex/comparator/BibEntryDiff.java
1,src/main/java/org/jabref/gui/entryeditor/RelatedArticlesTab.java
6,src/main/java/org/jabref/logic/xmp/XmpUtilWriter.java
12,src/main/java/org/jabref/model/openoffice/style/CitationType.java
9,src/main/java/org/jabref/model/openoffice/style/ComparableCitation.java
1,src/test/java/org/jabref/logic/layout/format/DateFormatterTest.java
4,src/test/java/org/jabref/logic/cleanup/RenamePdfCleanupTest.java
1,src/main/java/org/jabref/logic/cleanup/RelativePathsCleanup.java
1,src/main/java/org/jabref/gui/mergeentries/newmergedialog/cell/ThreeWayMergeCellViewModel.java
6,src/test/java/org/jabref/logic/integrity/ISSNCheckerTest.java
1,src/main/java/org/jabref/gui/mergeentries/DiffMode.java
9,src/test/java/org/jabref/logic/importer/fetcher/IacrEprintFetcherTest.java
6,src/main/java/org/jabref/logic/importer/fetcher/IEEE.java
4,src/main/java/org/jabref/logic/xmp/XmpPreferences.java
1,src/main/java/org/jabref/logic/openoffice/action/EditMerge.java
4,src/main/java/org/jabref/gui/mergeentries/newmergedialog/cell/FieldValueCellViewModel.java
7,src/main/java/org/jabref/gui/edit/automaticfiededitor/AutomaticFieldEditorViewModel.java
1,src/main/java/org/jabref/gui/maintable/SearchShortScienceAction.java
4,src/main/java/org/jabref/logic/importer/fetcher/ComplexSearchQuery.java
4,src/test/java/org/jabref/logic/importer/fetcher/CrossRefTest.java
5,src/test/java/org/jabref/logic/shared/DBMSConnectionPropertiesTest.java
4,src/main/java/org/jabref/logic/openoffice/action/Update.java
1,src/main/java/org/jabref/gui/JabRefExecutorService.java
5,src/main/java/org/jabref/model/entry/ParsedEntryLink.java
12,src/test/java/org/jabref/model/entry/identifier/ISBNTest.java
7,src/main/java/org/jabref/gui/undo/UndoableFieldChange.java
1,src/main/java/org/jabref/logic/layout/StringInt.java
4,src/main/java/org/jabref/logic/layout/LayoutEntry.java
9,src/main/java/org/jabref/logic/preferences/TimestampPreferences.java
7,src/main/java/org/jabref/gui/mergeentries/newmergedialog/cell/sidebuttons/InfoButton.java
6,src/test/java/org/jabref/logic/layout/format/AuthorLastFirstOxfordCommasTest.java
6,src/main/java/org/jabref/model/entry/identifier/EprintIdentifier.java
1,src/main/java/org/jabref/logic/util/io/BackupFileUtil.java
7,src/main/java/org/jabref/gui/entryeditor/fileannotationtab/FileAnnotationTab.java
9,src/test/java/org/jabref/logic/integrity/DoiValidityCheckerTest.java
4,src/test/java/org/jabref/logic/formatter/minifier/MinifyNameListFormatterTest.java
1,src/main/java/org/jabref/logic/cleanup/DoiCleanup.java
1,src/main/java/org/jabref/logic/cleanup/Formatter.java
12,src/main/java/org/jabref/model/openoffice/style/CitationGroup.java
6,src/test/java/org/jabref/gui/preview/CopyCitationActionTest.java
1,src/main/java/org/jabref/gui/fieldeditors/TypeEditorViewModel.java
5,src/main/java/org/jabref/logic/formatter/minifier/TruncateFormatter.java
9,src/test/java/org/jabref/logic/formatter/bibtexfields/RemoveRedundantSpacesFormatterTest.java
9,src/main/java/org/jabref/logic/bibtex/comparator/IdComparator.java
4,src/main/java/org/jabref/gui/mergeentries/newmergedialog/cell/CopyFieldValueCommand.java
1,src/main/java/org/jabref/gui/groups/UndoableChangeEntriesOfGroup.java
12,src/main/java/org/jabref/model/entry/types/BiblatexSoftwareEntryType.java
5,src/test/java/org/jabref/logic/integrity/CitationKeyDeviationCheckerTest.java
6,src/main/java/org/jabref/gui/slr/SlrStudyAndDirectory.java
7,src/main/java/org/jabref/gui/util/TaskExecutor.java
9,src/test/java/org/jabref/logic/citationstyle/CitationStyleCacheTest.java
6,src/main/java/org/jabref/gui/entryeditor/fileannotationtab/FileAnnotationTab.java
4,src/test/java/org/jabref/model/database/DuplicationCheckerTest.java
6,src/test/java/org/jabref/logic/importer/fileformat/MedlineImporterTest.java
1,src/test/java/org/jabref/logic/util/strings/StringLengthComparatorTest.java
1,src/main/java/org/jabref/gui/mergeentries/newmergedialog/cell/CopyFieldValueCommand.java
9,src/test/java/org/jabref/logic/importer/fetcher/isbntobibtex/IsbnFetcherTest.java
1,src/main/java/org/jabref/logic/importer/fileformat/medline/Investigator.java
6,src/test/java/org/jabref/logic/importer/fileformat/CitaviXmlImporterTest.java
6,src/main/java/org/jabref/gui/collab/stringdelete/BibTexStringDelete.java
7,src/main/java/org/jabref/gui/edit/ReplaceStringViewModel.java
1,src/main/java/org/jabref/model/openoffice/uno/UnoTextDocument.java
7,src/test/java/org/jabref/gui/util/OpenConsoleActionTest.java
9,src/main/java/org/jabref/logic/openoffice/style/OOPreFormatter.java
6,src/main/java/org/jabref/logic/importer/fetcher/CiteSeer.java
1,src/main/java/org/jabref/gui/libraryproperties/saving/SavingPropertiesViewModel.java
4,src/main/java/org/jabref/logic/formatter/bibtexfields/UnicodeToLatexFormatter.java
9,src/test/java/org/jabref/logic/bst/BstPreviewLayoutTest.java
1,src/main/java/org/jabref/gui/shared/ConnectToSharedDatabaseCommand.java
4,src/test/java/org/jabref/logic/citationkeypattern/MakeLabelWithoutDatabaseTest.java
1,src/main/java/org/jabref/gui/fieldeditors/ContextMenuAddable.java
4,src/main/java/org/jabref/gui/undo/CountingUndoManager.java
5,src/main/java/org/jabref/model/entry/Month.java
4,src/main/java/org/jabref/gui/preferences/linkedfiles/LinkedFilesTabViewModel.java
4,src/test/java/org/jabref/gui/util/RecursiveTreeItemTest.java
7,src/main/java/org/jabref/gui/desktop/JabRefDesktop.java
1,src/main/java/org/jabref/gui/push/AbstractPushToApplication.java
4,src/test/java/org/jabref/logic/formatter/bibtexfields/TrimWhitespaceFormatterTest.java
1,src/main/java/org/jabref/gui/libraryproperties/LibraryPropertiesAction.java
1,src/main/java/org/jabref/model/entry/EntryConverter.java
4,src/main/java/org/jabref/gui/cleanup/CleanupSingleAction.java
4,src/main/java/org/jabref/logic/journals/JournalAbbreviationLoader.java
4,src/main/java/org/jabref/logic/integrity/ASCIICharacterChecker.java
7,src/main/java/org/jabref/gui/mergeentries/newmergedialog/GroupDiffMode.java
5,src/main/java/org/jabref/logic/bibtex/comparator/BibEntryDiff.java
1,src/main/java/org/jabref/logic/shared/DBMSConnection.java
9,src/test/java/org/jabref/logic/autosaveandbackup/BackupManagerTest.java
6,src/test/java/org/jabref/logic/importer/fetcher/transformers/YearAndYearRangeByFilteringQueryTransformerTest.java
7,src/main/java/org/jabref/gui/entryeditor/RelatedArticlesTab.java
7,src/main/java/org/jabref/gui/integrity/IntegrityCheckDialog.java
2,src/test/java/org/jabref/cli/ArgumentProcessorTest.java
4,src/main/java/org/jabref/logic/openoffice/action/EditSeparate.java
4,src/main/java/org/jabref/gui/preferences/PreferenceTabViewModel.java
6,src/main/java/org/jabref/gui/backup/BackupResolverDialog.java
7,src/main/java/org/jabref/gui/search/SearchDisplayMode.java
5,src/test/java/org/jabref/logic/importer/fetcher/SearchBasedFetcherCapabilityTest.java
4,src/main/java/org/jabref/gui/importer/ImportEntriesViewModel.java
7,src/main/java/org/jabref/gui/collab/entryadd/EntryAdd.java
4,src/main/java/org/jabref/model/groups/AutomaticKeywordGroup.java
7,src/main/java/org/jabref/gui/DragAndDropDataFormats.java
1,src/main/java/org/jabref/model/groups/LastNameGroup.java
12,src/test/java/org/jabref/model/entry/EntryLinkListTest.java
7,src/main/java/org/jabref/gui/preferences/appearance/AppearanceTabViewModel.java
10,src/main/java/org/jabref/cli/Launcher.java
7,src/main/java/org/jabref/gui/openoffice/AdvancedCiteDialogViewModel.java
7,src/main/java/org/jabref/gui/mergeentries/newmergedialog/cell/FieldValueCell.java
9,src/main/java/org/jabref/logic/importer/fetcher/DOAJFetcher.java
9,src/main/java/org/jabref/logic/importer/fileformat/ACMPortalParser.java
6,src/test/java/org/jabref/gui/autocompleter/AppendPersonNamesStrategyTest.java
7,src/main/java/org/jabref/gui/edit/automaticfiededitor/MoveFieldValueAction.java
4,src/test/java/org/jabref/logic/formatter/bibtexfields/RemoveNewlinesFormatterTest.java
6,src/main/java/org/jabref/gui/commonfxcontrols/SaveOrderConfigPanel.java
1,src/main/java/org/jabref/logic/citationstyle/CitationStyleGenerator.java
4,src/main/java/org/jabref/logic/openoffice/backend/Backend52.java
5,src/main/java/org/jabref/logic/integrity/PersonNamesChecker.java
9,src/main/java/org/jabref/logic/citationkeypattern/DatabaseCitationKeyPattern.java
1,src/main/java/org/jabref/gui/preferences/PreferencesTab.java
9,src/main/java/org/jabref/model/groups/GroupEntryChanger.java
4,src/test/java/org/jabref/logic/importer/fetcher/transformers/GVKQueryTransformerTest.java
1,src/main/java/org/jabref/model/openoffice/style/CitationMarkerNumericEntry.java
12,src/main/java/org/jabref/model/database/BibDatabase.java
5,src/test/java/org/jabref/logic/importer/fetcher/ResearchGateTest.java
9,src/test/java/org/jabref/logic/formatter/casechanger/LowerCaseFormatterTest.java
9,src/test/java/org/jabref/logic/formatter/bibtexfields/ReplaceTabsBySpaceFormaterTest.java
1,src/main/java/org/jabref/model/database/event/EntriesAddedEvent.java
7,src/main/java/org/jabref/gui/util/CustomTitledPaneSkin.java
4,src/main/java/org/jabref/logic/layout/format/MarkdownFormatter.java
1,src/test/java/org/jabref/logic/importer/fetcher/CrossRefTest.java
4,src/main/java/org/jabref/gui/preferences/network/CustomCertificateViewModel.java
7,src/main/java/org/jabref/gui/util/UiThreadList.java
5,src/main/java/org/jabref/logic/xmp/XmpUtilShared.java
1,src/main/java/org/jabref/logic/net/ssl/SSLPreferences.java
6,src/main/java/org/jabref/model/entry/field/InternalField.java
12,src/test/java/org/jabref/model/search/rules/GrammarBasedSearchRuleTest.java
6,src/main/java/org/jabref/gui/logging/GuiWriter.java
4,src/test/java/org/jabref/logic/layout/format/AuthorLastFirstTest.java
1,src/test/java/org/jabref/logic/layout/format/MarkdownFormatterTest.java
1,src/main/java/org/jabref/gui/entryeditor/FieldsEditorTab.java
6,src/test/java/org/jabref/logic/formatter/casechanger/SentenceCaseFormatterTest.java
4,src/test/java/org/jabref/logic/importer/fileformat/CopacImporterFilesTest.java
6,src/main/java/org/jabref/logic/bibtex/comparator/IdComparator.java
4,src/main/java/org/jabref/gui/edit/CopyMoreAction.java
6,src/main/java/org/jabref/gui/push/PushToWinEdt.java
1,src/test/java/org/jabref/gui/autocompleter/AppendPersonNamesStrategyTest.java
6,src/main/java/org/jabref/gui/documentviewer/DocumentPageViewModel.java
4,src/main/java/org/jabref/gui/actions/Sources.java
6,src/test/java/org/jabref/logic/importer/util/ShortDOIServiceTest.java
5,src/main/java/org/jabref/logic/util/strings/StringLengthComparator.java
6,src/main/java/org/jabref/logic/formatter/IdentityFormatter.java
6,src/main/java/org/jabref/gui/openoffice/Bootstrap.java
1,src/test/java/org/jabref/gui/util/ColorUtilTest.java
1,src/main/java/org/jabref/gui/edit/automaticfiededitor/AutomaticFieldEditorDialog.java
11,src/main/java/org/jabref/preferences/MrDlibPreferences.java
4,src/main/java/org/jabref/logic/pdf/search/indexing/DocumentReader.java
5,src/main/java/org/jabref/logic/importer/fetcher/RfcFetcher.java
4,src/test/java/org/jabref/gui/util/comparator/RankingFieldComparatorTest.java
9,buildSrc/src/copied/java/org/jabref/logic/journals/AbbreviationParser.java
7,src/main/java/org/jabref/gui/autocompleter/PersonNameStringConverter.java
9,src/main/java/org/jabref/model/study/QueryResult.java
1,src/main/java/org/jabref/gui/fieldeditors/contextmenu/DefaultMenu.java
1,src/main/java/org/jabref/gui/util/uithreadaware/UiThreadStringProperty.java
4,src/main/java/org/jabref/logic/importer/fetcher/GrobidPreferences.java
1,src/test/java/org/jabref/logic/importer/fileformat/CopacImporterTest.java
6,src/main/java/org/jabref/gui/autocompleter/SuggestionProviders.java
4,src/main/java/org/jabref/gui/fieldeditors/identifier/DoiIdentifierEditorViewModel.java
4,src/test/java/org/jabref/gui/maintable/MainTableColumnModelTest.java
7,src/test/java/org/jabref/gui/autocompleter/BibEntrySuggestionProviderTest.java
1,src/main/java/org/jabref/gui/icon/JabRefMaterialDesignIcon.java
9,src/main/java/org/jabref/logic/formatter/bibtexfields/RemoveHyphenatedNewlinesFormatter.java
6,src/main/java/org/jabref/gui/preferences/general/GeneralTab.java
1,src/main/java/org/jabref/gui/fieldeditors/DateEditor.java
1,src/main/java/org/jabref/gui/LibraryTab.java
1,src/test/java/org/jabref/logic/importer/fetcher/ScienceDirectTest.java
5,src/main/java/org/jabref/logic/importer/AuthorListParser.java
6,src/test/java/org/jabref/logic/integrity/HowPublishedCheckerTest.java
4,src/test/java/org/jabref/logic/remote/RemoteCommunicationTest.java
9,src/main/java/org/jabref/model/groups/GroupTreeNode.java
5,src/test/java/org/jabref/logic/formatter/casechanger/CapitalizeFormatterTest.java
4,src/main/java/org/jabref/gui/mergeentries/MergeWithFetchedEntryAction.java
6,src/main/java/org/jabref/gui/theme/ThemeManager.java
6,src/main/java/org/jabref/gui/copyfiles/CopyFilesResultListDependency.java
5,src/test/java/org/jabref/model/FieldChangeTest.java
7,src/test/java/org/jabref/gui/search/GrammarBasedSearchRuleDescriberTest.java
1,src/main/java/org/jabref/logic/integrity/UTF8Checker.java
1,src/test/java/org/jabref/logic/exporter/AtomicFileOutputStreamTest.java
6,src/main/java/org/jabref/logic/shared/MySQLProcessor.java
4,src/main/java/org/jabref/gui/edit/automaticfiededitor/renamefield/RenameFieldViewModel.java
7,src/main/java/org/jabref/gui/copyfiles/CopySingleFileAction.java
7,src/main/java/org/jabref/gui/fieldeditors/UrlEditorViewModel.java
1,src/main/java/org/jabref/logic/integrity/PersonNamesChecker.java
1,src/main/java/org/jabref/gui/maintable/MainTablePreferences.java
1,src/main/java/org/jabref/gui/util/DefaultTaskExecutor.java
9,src/main/java/org/jabref/logic/bst/BstPreviewLayout.java
7,src/main/java/org/jabref/gui/edit/EditAction.java
6,src/main/java/org/jabref/logic/remote/server/RemoteListenerServerManager.java
2,src/main/java/org/jabref/preferences/PreferencesFilter.java
6,src/main/java/org/jabref/logic/layout/format/Authors.java
1,src/main/java/org/jabref/logic/importer/EntryBasedFetcher.java
5,src/test/java/org/jabref/model/entry/CanonicalBibEntryTest.java
5,src/main/java/org/jabref/model/openoffice/uno/NoDocumentException.java
4,src/main/java/org/jabref/logic/importer/fileformat/MedlinePlainImporter.java
9,src/main/java/org/jabref/logic/formatter/bibtexfields/HtmlToLatexFormatter.java
7,src/main/java/org/jabref/gui/collab/entrychange/EntryChange.java
1,src/main/java/org/jabref/model/entry/types/StandardEntryType.java
9,src/main/java/org/jabref/logic/importer/fileformat/BiblioscapeImporter.java
9,src/test/java/org/jabref/model/FieldChangeTest.java
5,src/test/java/org/jabref/logic/formatter/casechanger/UnprotectTermsFormatterTest.java
7,src/main/java/org/jabref/gui/collab/DatabaseChangesResolverDialog.java
5,src/test/java/org/jabref/logic/integrity/ISBNCheckerTest.java
4,src/test/java/org/jabref/logic/exporter/ModsExportFormatFilesTest.java
1,src/main/java/org/jabref/logic/openoffice/style/OOBibStyleGetCitationMarker.java
1,src/main/java/org/jabref/gui/edit/ManageKeywordsViewModel.java
6,src/main/java/org/jabref/gui/collab/DatabaseChangeListener.java
5,src/main/java/org/jabref/logic/openoffice/frontend/OOFrontend.java
4,src/main/java/org/jabref/gui/fieldeditors/contextmenu/EditorMenus.java
6,src/main/java/org/jabref/logic/formatter/bibtexfields/RemoveRedundantSpacesFormatter.java
1,src/main/java/org/jabref/gui/preferences/preview/PreviewTab.java
5,src/main/java/org/jabref/model/groups/WordKeywordGroup.java
1,src/test/java/org/jabref/logic/importer/fileformat/PdfXmpImporterTest.java
4,src/main/java/org/jabref/gui/fieldeditors/ContextMenuAddable.java
9,src/test/java/org/jabref/model/entry/identifier/ISBNTest.java
7,src/main/java/org/jabref/gui/groups/GroupViewMode.java
4,src/main/java/org/jabref/logic/importer/util/IdentifierParser.java
5,src/main/java/org/jabref/logic/exporter/TemplateExporter.java
4,src/main/java/org/jabref/logic/importer/QueryParser.java
6,src/test/java/org/jabref/logic/bibtex/FieldWriterTest.java
5,src/main/java/org/jabref/model/openoffice/rangesort/RangeSortable.java
7,src/main/java/org/jabref/gui/maintable/columns/MainTableColumn.java
7,src/main/java/org/jabref/gui/importer/fetcher/WebSearchPaneView.java
5,src/main/java/org/jabref/logic/exporter/ModsExporter.java
9,src/main/java/org/jabref/logic/shared/DBMSConnectionProperties.java
6,src/main/java/org/jabref/logic/importer/fetcher/JstorFetcher.java
4,src/main/java/org/jabref/gui/entryeditor/RelatedArticlesTab.java
1,src/test/java/org/jabref/gui/externalfiles/FileFilterUtilsTest.java
6,src/main/java/org/jabref/logic/importer/IdFetcher.java
7,src/main/java/org/jabref/gui/autocompleter/AppendWordsStrategy.java
1,src/main/java/org/jabref/logic/formatter/bibtexfields/NormalizeNamesFormatter.java
7,src/main/java/org/jabref/gui/openoffice/OOBibBaseConnect.java
1,src/test/java/org/jabref/logic/layout/format/CompositeFormatTest.java
7,src/main/java/org/jabref/gui/preferences/entryeditortabs/CustomEditorFieldsTabViewModel.java
4,src/main/java/org/jabref/model/openoffice/style/CitationGroup.java
4,src/main/java/org/jabref/logic/util/io/FileNameUniqueness.java
4,src/main/java/org/jabref/gui/mergeentries/EntriesMergeResult.java
1,src/main/java/org/jabref/logic/integrity/EntryChecker.java
4,src/test/java/org/jabref/logic/importer/fetcher/JstorFetcherTest.java
4,src/main/java/org/jabref/model/openoffice/style/OODataModel.java
5,src/test/java/org/jabref/logic/integrity/DoiValidityCheckerTest.java
1,src/main/java/org/jabref/logic/importer/fileformat/medline/PersonalNameSubject.java
1,src/main/java/org/jabref/model/openoffice/style/CitationLookupResult.java
6,src/main/java/org/jabref/logic/importer/fetcher/isbntobibtex/DoiToBibtexConverterComIsbnFetcher.java
6,src/main/java/org/jabref/gui/fieldeditors/identifier/IdentifierEditor.java
6,src/test/java/org/jabref/logic/util/io/CitationKeyBasedFileFinderTest.java
5,src/main/java/org/jabref/model/openoffice/CitationEntry.java
1,src/main/java/org/jabref/gui/util/ViewModelTextFieldTableCellVisualizationFactory.java
1,src/main/java/org/jabref/gui/openoffice/AdvancedCiteDialogView.java
4,src/main/java/org/jabref/logic/protectedterms/ProtectedTermsLoader.java
4,src/test/java/org/jabref/logic/importer/fetcher/ZbMATHTest.java
1,src/main/java/org/jabref/model/texparser/LatexBibEntriesResolverResult.java
1,src/main/java/org/jabref/logic/importer/fetcher/transformers/DefaultLuceneQueryTransformer.java
7,src/main/java/org/jabref/gui/fieldeditors/ContextMenuAddable.java
5,src/main/java/org/jabref/logic/citationkeypattern/CitationKeyPatternPreferences.java
4,src/test/java/org/jabref/gui/search/ContainsAndRegexBasedSearchRuleDescriberTest.java
9,src/test/java/org/jabref/logic/util/UpdateFieldTest.java
1,src/test/java/org/jabref/logic/citationkeypattern/MakeLabelWithoutDatabaseTest.java
4,src/main/java/org/jabref/logic/bibtex/comparator/CrossRefEntryComparator.java
1,src/main/java/org/jabref/gui/groups/GroupDialogView.java
4,src/main/java/org/jabref/logic/importer/fileformat/medline/MeshHeading.java
1,src/main/java/org/jabref/gui/desktop/os/Linux.java
1,src/main/java/org/jabref/model/search/rules/GrammarBasedSearchRule.java
6,src/test/java/org/jabref/model/entry/identifier/ISSNTest.java
5,src/test/java/org/jabref/logic/layout/format/HTMLCharsTest.java
4,src/main/java/org/jabref/gui/preferences/citationkeypattern/CitationKeyPatternTab.java
7,src/main/java/org/jabref/gui/openoffice/OOError.java
4,src/main/java/org/jabref/model/openoffice/rangesort/RangeOverlapKind.java
6,src/test/java/org/jabref/logic/layout/format/AuthorFirstAbbrLastOxfordCommasTest.java
4,src/main/java/org/jabref/gui/collab/DatabaseChangeResolverFactory.java
1,src/main/java/org/jabref/gui/copyfiles/CopyFilesAction.java
6,src/main/java/org/jabref/model/pdf/search/EnglishStemAnalyzer.java
6,src/main/java/org/jabref/gui/preview/PreviewViewer.java
6,src/main/java/org/jabref/gui/util/uithreadaware/UiThreadBinding.java
6,src/test/java/org/jabref/gui/util/comparator/NumericFieldComparatorTest.java
6,src/main/java/org/jabref/model/database/BibDatabaseMode.java
6,src/main/java/org/jabref/logic/importer/fileformat/ModsImporter.java
9,src/test/java/org/jabref/logic/formatter/bibtexfields/EscapeUnderscoresFormatterTest.java
5,src/test/java/org/jabref/logic/importer/FulltextFetchersTest.java
9,src/main/java/org/jabref/logic/importer/fileformat/medline/Investigator.java
6,src/test/java/org/jabref/logic/importer/fetcher/transformers/IEEEQueryTransformerTest.java
1,src/main/java/org/jabref/gui/search/SearchResultsTableDataModel.java
9,src/test/java/org/jabref/logic/importer/fetcher/transformers/DefaultQueryTransformerTest.java
4,src/test/java/org/jabref/logic/xmp/XmpUtilWriterTest.java
1,src/main/java/org/jabref/logic/importer/util/MediaTypes.java
9,src/test/java/org/jabref/logic/integrity/PagesCheckerBibtexTest.java
1,src/main/java/org/jabref/logic/importer/ImportFormatReader.java
4,src/main/java/org/jabref/logic/formatter/bibtexfields/RemoveNewlinesFormatter.java
5,src/main/java/org/jabref/model/database/event/AutosaveEvent.java
6,src/main/java/org/jabref/gui/entryeditor/OpenEntryEditorAction.java
4,src/main/java/org/jabref/model/search/rules/SearchRule.java
1,src/test/java/org/jabref/model/entry/field/StandardFieldTest.java
1,src/main/java/org/jabref/model/entry/BibEntryTypeBuilder.java
1,src/test/java/org/jabref/gui/autocompleter/ContentSelectorSuggestionProviderTest.java
5,src/main/java/org/jabref/logic/shared/DatabaseSynchronizer.java
4,src/main/java/org/jabref/gui/undo/UndoableRemoveString.java
9,src/test/java/org/jabref/logic/importer/WebFetchersTest.java
12,src/main/java/org/jabref/model/search/rules/SentenceAnalyzer.java
9,src/main/java/org/jabref/model/entry/types/BiblatexApaEntryType.java
4,src/main/java/org/jabref/logic/integrity/BooktitleChecker.java
12,src/main/java/org/jabref/model/entry/BibEntryTypeBuilder.java
4,src/test/java/org/jabref/logic/formatter/minifier/TruncateFormatterTest.java
7,src/main/java/org/jabref/gui/undo/UndoableInsertString.java
6,src/main/java/org/jabref/gui/groups/UndoableModifySubtree.java
9,src/main/java/org/jabref/model/database/event/BibDatabaseContextChangedEvent.java
4,src/main/java/org/jabref/gui/fieldeditors/SimpleEditorViewModel.java
9,src/main/java/org/jabref/model/util/FileUpdateMonitor.java
1,src/test/java/org/jabref/logic/cleanup/DoiCleanupTest.java
4,src/test/java/org/jabref/gui/autocompleter/BibEntrySuggestionProviderTest.java
5,src/main/java/org/jabref/model/entry/CanonicalBibEntry.java
4,src/main/java/org/jabref/gui/edit/ManageKeywordsDisplayType.java
1,src/main/java/org/jabref/model/openoffice/uno/UnoNamed.java
1,src/main/java/org/jabref/model/entry/field/SpecialFieldValue.java
9,src/test/java/org/jabref/logic/integrity/HTMLCharacterCheckerTest.java
7,src/main/java/org/jabref/gui/texparser/ParseLatexDialogView.java
4,src/main/java/org/jabref/logic/formatter/bibtexfields/EscapeAmpersandsFormatter.java
12,src/main/java/org/jabref/model/entry/types/IEEETranEntryType.java
5,src/main/java/org/jabref/logic/importer/fileformat/BibtexParser.java
6,src/main/java/org/jabref/model/entry/field/BiblatexSoftwareField.java
4,src/main/java/org/jabref/logic/layout/format/CreateDocBook5Editors.java
7,src/main/java/org/jabref/gui/fieldeditors/PersonsEditor.java
1,src/main/java/org/jabref/gui/autocompleter/AutoCompletionTextInputBinding.java
1,src/main/java/org/jabref/gui/openoffice/DetectOpenOfficeInstallation.java
4,src/main/java/org/jabref/gui/push/PushToLyxSettings.java
9,src/main/java/org/jabref/logic/bst/BstVMException.java
6,src/main/java/org/jabref/gui/collab/stringadd/BibTexStringAddDetailsView.java
7,src/main/java/org/jabref/gui/entryeditor/SourceTab.java
1,src/main/java/org/jabref/gui/util/FileNodeViewModel.java
4,src/test/java/org/jabref/gui/commonfxcontrols/SaveOrderPanelViewModelTest.java
4,src/main/java/org/jabref/gui/entryeditor/RequiredFieldsTab.java
9,src/main/java/org/jabref/model/groups/LastNameGroup.java
5,src/main/java/org/jabref/logic/importer/fileformat/medline/OtherId.java
6,src/main/java/org/jabref/logic/xmp/XmpPreferences.java
1,src/test/java/org/jabref/logic/importer/fetcher/ACMPortalFetcherTest.java
7,src/main/java/org/jabref/gui/preferences/PreferencesDialogViewModel.java
4,src/main/java/org/jabref/logic/openoffice/backend/NamedRangeReferenceMark.java
7,src/main/java/org/jabref/gui/groups/GroupDescriptions.java
9,src/test/java/org/jabref/logic/l10n/LocalizationKeyParamsTest.java
6,src/main/java/org/jabref/gui/EntryTypeViewModel.java
6,src/main/java/org/jabref/gui/undo/UndoableRemoveString.java
4,src/main/java/org/jabref/model/openoffice/util/OOVoidResult.java
6,src/main/java/org/jabref/logic/xmp/XmpUtilShared.java
6,src/main/java/org/jabref/logic/l10n/LocalizationKey.java
12,src/main/java/org/jabref/model/entry/event/FieldAddedOrRemovedEvent.java
1,src/main/java/org/jabref/logic/bibtex/comparator/CrossRefEntryComparator.java
5,buildSrc/src/copied/java/org/jabref/logic/journals/JournalAbbreviationPreferences.java
7,src/main/java/org/jabref/gui/push/PushToEmacsSettings.java
1,src/main/java/org/jabref/gui/autocompleter/SuggestionProvider.java
9,src/test/java/org/jabref/logic/importer/fetcher/AstrophysicsDataSystemTest.java
4,src/test/java/org/jabref/logic/util/UpdateFieldTest.java
5,src/main/java/org/jabref/model/study/FetchResult.java
6,src/main/java/org/jabref/gui/preferences/journals/JournalAbbreviationsTabViewModel.java
6,src/main/java/org/jabref/logic/importer/FetcherException.java
6,src/main/java/org/jabref/gui/documentviewer/PdfDocumentViewModel.java
9,src/main/java/org/jabref/logic/importer/fetcher/ResearchGate.java
6,src/main/java/org/jabref/model/entry/AuthorList.java
1,src/main/java/org/jabref/gui/collab/DatabaseChangeList.java
1,src/main/java/org/jabref/gui/backup/BackupResolverDialog.java
6,src/test/java/org/jabref/logic/cleanup/EprintCleanupTest.java
7,src/main/java/org/jabref/gui/preferences/externalfiletypes/ExternalFileTypesTabViewModel.java
4,src/main/java/org/jabref/gui/preferences/general/GeneralTabViewModel.java
6,src/main/java/org/jabref/gui/exporter/CreateModifyExporterDialogView.java
4,src/main/java/org/jabref/gui/collab/metedatachange/MetadataChangeDetailsView.java
6,src/main/java/org/jabref/logic/pdf/PdfAnnotationImporter.java
7,src/main/java/org/jabref/gui/preferences/externalfiletypes/EditExternalFileTypeViewModel.java
6,src/main/java/org/jabref/gui/collab/preamblechange/PreambleChangeDetailsView.java
1,src/test/java/org/jabref/logic/layout/format/HTMLParagraphsTest.java
5,src/main/java/org/jabref/logic/layout/format/Authors.java
9,src/main/java/org/jabref/model/schema/DublinCoreSchemaCustom.java
4,src/main/java/org/jabref/logic/integrity/AbbreviationChecker.java
5,src/test/java/org/jabref/model/entry/CrossrefTest.java
4,src/main/java/org/jabref/gui/util/OnlyIntegerFormatter.java
1,src/test/java/org/jabref/logic/msbib/MSBibConverterTest.java
1,src/main/java/org/jabref/model/strings/StringUtil.java
1,src/main/java/org/jabref/model/groups/SearchGroup.java
6,src/main/java/org/jabref/gui/undo/UndoablePreambleChange.java
4,src/main/java/org/jabref/logic/importer/ImportFormatReader.java
9,src/main/java/org/jabref/logic/layout/format/AuthorFirstAbbrLastOxfordCommas.java
9,src/test/java/org/jabref/logic/importer/fetcher/MathSciNetTest.java
4,src/main/java/org/jabref/gui/maintable/CellFactory.java
1,src/main/java/org/jabref/gui/JabRefGUI.java
5,src/test/java/org/jabref/logic/cleanup/CleanupWorkerTest.java
4,src/main/java/org/jabref/gui/importer/fetcher/LookupIdentifierAction.java
5,src/test/java/org/jabref/logic/integrity/NoBibTexFieldCheckerTest.java
5,src/main/java/org/jabref/logic/importer/fileformat/medline/MeshHeading.java
4,src/main/java/org/jabref/gui/autocompleter/AutoCompletionInput.java
9,src/main/java/org/jabref/logic/layout/format/WrapContent.java
1,src/test/java/org/jabref/logic/importer/fetcher/GrobidCitationFetcherTest.java
4,src/main/java/org/jabref/logic/util/StandardFileType.java
6,src/test/java/org/jabref/gui/autocompleter/AutoCompleterUtil.java
1,src/test/java/org/jabref/logic/layout/format/DefaultTest.java
1,src/main/java/org/jabref/logic/integrity/EditionChecker.java
4,src/test/java/org/jabref/logic/importer/fetcher/ACSTest.java
1,src/test/java/org/jabref/logic/cleanup/MoveFilesCleanupTest.java
4,src/test/java/org/jabref/gui/autocompleter/PersonNameSuggestionProviderTest.java
1,src/main/java/org/jabref/gui/util/CurrentThreadTaskExecutor.java
1,src/test/java/org/jabref/logic/formatter/bibtexfields/RemoveRedundantSpacesFormatterTest.java
6,src/main/java/org/jabref/logic/importer/Importer.java
12,src/main/java/org/jabref/model/entry/identifier/IacrEprint.java
4,src/main/java/org/jabref/gui/fieldeditors/contextmenu/EditorContextAction.java
9,src/main/java/org/jabref/model/entry/ParsedEntryLink.java
9,src/test/java/org/jabref/logic/git/GitHandlerTest.java
5,src/main/java/org/jabref/logic/integrity/UrlChecker.java
6,src/main/java/org/jabref/model/entry/event/FieldAddedOrRemovedEvent.java
1,src/main/java/org/jabref/logic/journals/AbbreviationWriter.java
1,src/main/java/org/jabref/logic/remote/Protocol.java
4,src/main/java/org/jabref/logic/importer/fileformat/CffImporter.java
9,src/main/java/org/jabref/logic/integrity/ValidCitationKeyChecker.java
6,src/main/java/org/jabref/logic/bst/BstVMVisitor.java
9,src/test/java/org/jabref/logic/importer/fileformat/RepecNepImporterTest.java
6,src/test/java/org/jabref/logic/importer/fetcher/CollectionOfComputerScienceBibliographiesParserTest.java
4,src/test/java/org/jabref/logic/integrity/NoteCheckerTest.java
4,src/main/java/org/jabref/logic/layout/format/XMLChars.java
12,src/main/java/org/jabref/model/entry/identifier/ARK.java
9,src/main/java/org/jabref/model/openoffice/style/CitationPath.java
6,src/test/java/org/jabref/logic/importer/fetcher/LibraryOfCongressTest.java
6,src/main/java/org/jabref/logic/formatter/casechanger/Title.java
1,src/main/java/org/jabref/logic/layout/format/Number.java
4,src/main/java/org/jabref/gui/fieldeditors/FieldNameLabel.java
1,src/main/java/org/jabref/gui/autocompleter/ContentSelectorSuggestionProvider.java
5,src/test/java/org/jabref/logic/citationstyle/CitationStyleCacheTest.java
7,src/main/java/org/jabref/gui/entryeditor/OptionalFieldsTab.java
5,src/test/java/org/jabref/logic/shared/ConnectorTest.java
4,src/main/java/org/jabref/logic/integrity/CitationKeyDuplicationChecker.java
7,src/main/java/org/jabref/gui/fieldeditors/YesNoEditorViewModel.java
6,src/test/java/org/jabref/gui/util/comparator/RankingFieldComparatorTest.java
9,src/test/java/org/jabref/model/TreeNodeTestData.java
5,src/test/java/org/jabref/logic/openoffice/style/OOBibStyleTestHelper.java
1,src/main/java/org/jabref/logic/importer/fetcher/transformers/MedlineQueryTransformer.java
5,src/main/java/org/jabref/logic/msbib/MSBibDatabase.java
4,src/main/java/org/jabref/gui/externalfiles/ImportHandler.java
12,src/main/java/org/jabref/model/openoffice/style/CitationMarkerNumericBibEntry.java
1,src/main/java/org/jabref/logic/layout/format/HTMLParagraphs.java
9,src/main/java/org/jabref/logic/importer/fileformat/PdfMergeMetadataImporter.java
4,src/main/java/org/jabref/gui/UpdateTimestampListener.java
1,src/main/java/org/jabref/gui/preferences/externalfiletypes/ExternalFileTypesTabViewModel.java
5,src/test/java/org/jabref/logic/openoffice/style/OOPreFormatterTest.java
6,src/main/java/org/jabref/gui/util/comparator/RankingFieldComparator.java
6,src/main/java/org/jabref/gui/integrity/IntegrityCheckAction.java
5,src/test/java/org/jabref/logic/integrity/AmpersandCheckerTest.java
4,src/main/java/org/jabref/gui/groups/UndoableAddOrRemoveGroup.java
4,src/test/java/org/jabref/logic/importer/QueryParserTest.java
9,src/test/java/org/jabref/logic/formatter/bibtexfields/RegexFormatterTest.java
5,src/main/java/org/jabref/logic/layout/format/DateFormatter.java
6,src/main/java/org/jabref/gui/fieldeditors/contextmenu/EditorContextAction.java
9,src/test/java/org/jabref/logic/pdf/search/indexing/DocumentReaderTest.java
5,src/main/java/org/jabref/model/entry/types/BiblatexEntryTypeDefinitions.java
5,src/main/java/org/jabref/logic/autosaveandbackup/BackupManager.java
6,src/main/java/org/jabref/gui/preferences/protectedterms/NewProtectedTermsFileDialog.java
9,src/main/java/org/jabref/logic/exporter/AtomicFileOutputStream.java
4,src/main/java/org/jabref/gui/menus/ChangeEntryTypeAction.java
9,src/main/java/org/jabref/logic/bibtex/comparator/BibEntryDiff.java
1,src/main/java/org/jabref/logic/importer/fileformat/ModsImporter.java
6,src/main/java/org/jabref/model/search/rules/FullTextSearchRule.java
1,src/main/java/org/jabref/gui/groups/GroupViewMode.java
9,src/main/java/org/jabref/logic/net/ssl/SSLCertificate.java
2,src/main/java/org/jabref/preferences/TelemetryPreferences.java
1,src/main/java/org/jabref/logic/formatter/casechanger/UnprotectTermsFormatter.java
1,src/main/java/org/jabref/gui/entryeditor/OptionalFieldsTabBase.java
1,src/test/java/org/jabref/model/groups/GroupTreeNodeTest.java
9,src/main/java/org/jabref/logic/formatter/bibtexfields/NormalizeMonthFormatter.java
6,src/main/java/org/jabref/logic/citationstyle/CitationStyleOutputFormat.java
9,src/main/java/org/jabref/model/texparser/LatexParserResult.java
5,src/test/java/org/jabref/logic/importer/fileformat/PdfContentImporterFilesTest.java
6,src/main/java/org/jabref/logic/util/ExternalLinkCreator.java
9,src/test/java/org/jabref/model/entry/identifier/ArXivIdentifierTest.java
4,src/test/java/org/jabref/logic/shared/ConnectorTest.java
4,src/main/java/org/jabref/logic/xmp/EncryptedPdfsNotSupportedException.java
12,src/test/java/org/jabref/model/pdf/FileAnnotationTest.java
6,src/main/java/org/jabref/logic/bst/util/BstNameFormatter.java
1,src/test/java/org/jabref/logic/importer/fetcher/TitleFetcherTest.java
1,src/test/java/org/jabref/logic/exporter/ModsExportFormatFilesTest.java
6,src/main/java/org/jabref/gui/entryeditor/MathSciNetTab.java
9,src/main/java/org/jabref/logic/importer/util/ShortDOIServiceException.java
4,src/main/java/org/jabref/gui/preferences/preview/PreviewTabViewModel.java
4,src/main/java/org/jabref/gui/sidepane/SidePaneType.java
12,src/main/java/org/jabref/model/TreeNode.java
1,src/test/java/org/jabref/logic/importer/fileformat/ImporterTestEngine.java
6,src/test/java/org/jabref/model/entry/EntryLinkListTest.java
4,src/main/java/org/jabref/gui/mergeentries/newmergedialog/cell/FieldValueCell.java
7,src/main/java/org/jabref/gui/preview/PreviewViewer.java
1,src/main/java/org/jabref/gui/entryeditor/OtherFieldsTab.java
6,src/main/java/org/jabref/gui/preferences/importexport/ImportExportTabViewModel.java
7,src/main/java/org/jabref/preferences/FilePreferences.java
6,src/main/java/org/jabref/gui/util/FieldsUtil.java
7,src/main/java/org/jabref/gui/actions/ActionFactory.java
1,src/main/java/org/jabref/gui/preferences/network/CustomCertificateViewModel.java
9,src/main/java/org/jabref/model/util/OptionalUtil.java
5,src/test/java/org/jabref/logic/importer/fetcher/ACMPortalFetcherTest.java
12,src/main/java/org/jabref/model/entry/types/BibtexEntryTypeDefinitions.java
12,src/main/java/org/jabref/model/texparser/LatexBibEntriesResolverResult.java
6,src/main/java/org/jabref/gui/libraryproperties/constants/ConstantsPropertiesView.java
4,src/test/java/org/jabref/logic/git/SlrGitHandlerTest.java
6,src/main/java/org/jabref/gui/preferences/protectedterms/ProtectedTermsListItemModel.java
9,src/main/java/org/jabref/model/openoffice/uno/NoDocumentException.java
5,src/main/java/org/jabref/model/pdf/FileAnnotationType.java
1,src/test/java/org/jabref/logic/exporter/OpenOfficeDocumentCreatorTest.java
4,src/main/java/org/jabref/logic/citationstyle/CSLAdapter.java
5,src/main/java/org/jabref/logic/importer/fetcher/transformers/DefaultQueryTransformer.java
1,src/test/java/org/jabref/gui/maintable/MainTableColumnModelTest.java
6,src/main/java/org/jabref/logic/layout/format/RTFChars.java
6,src/main/java/org/jabref/gui/maintable/ColumnPreferences.java
6,src/main/java/org/jabref/gui/cleanup/CleanupPresetPanel.java
4,src/main/java/org/jabref/logic/integrity/FieldCheckers.java
6,src/test/java/org/jabref/gui/groups/GroupDialogViewModelTest.java
1,src/main/java/org/jabref/gui/sidepane/SidePaneType.java
4,src/main/java/org/jabref/logic/layout/format/RisAuthors.java
4,src/main/java/org/jabref/logic/xmp/XmpUtilWriter.java
7,src/main/java/org/jabref/gui/preferences/keybindings/presets/BashKeyBindingPreset.java
4,src/main/java/org/jabref/model/openoffice/style/CitationGroups.java
1,src/main/java/org/jabref/model/openoffice/uno/UnoUndo.java
1,src/main/java/org/jabref/model/entry/KeywordList.java
6,src/main/java/org/jabref/logic/importer/ImportException.java
4,src/main/java/org/jabref/gui/preferences/keybindings/presets/BashKeyBindingPreset.java
4,src/main/java/org/jabref/logic/l10n/Localization.java
4,src/test/java/org/jabref/logic/cleanup/EprintCleanupTest.java
1,src/main/java/org/jabref/model/openoffice/style/CitationGroup.java
12,src/main/java/org/jabref/model/study/StudyQuery.java
4,src/test/java/org/jabref/logic/importer/fetcher/MedlineFetcherTest.java
1,src/main/java/org/jabref/logic/importer/fetcher/transformers/AbstractQueryTransformer.java
5,src/main/java/org/jabref/logic/layout/format/RemoveTilde.java
1,src/main/java/org/jabref/logic/importer/fetcher/DiVA.java
4,src/main/java/org/jabref/logic/importer/util/INSPIREBibtexFilterReader.java
1,src/main/java/org/jabref/gui/fieldeditors/identifier/BaseIdentifierEditorViewModel.java
4,src/main/java/org/jabref/gui/help/ErrorConsoleAction.java
1,src/main/java/org/jabref/gui/texparser/ReferenceViewModel.java
4,src/main/java/org/jabref/gui/libraryproperties/contentselectors/ContentSelectorView.java
6,src/main/java/org/jabref/gui/util/DefaultTaskExecutor.java
5,src/test/java/org/jabref/logic/layout/format/LatexToUnicodeFormatterTest.java
6,src/main/java/org/jabref/logic/openoffice/frontend/RangeForOverlapCheck.java
5,src/main/java/org/jabref/logic/auxparser/DefaultAuxParser.java
9,src/test/java/org/jabref/logic/auxparser/AuxParserTest.java
4,src/main/java/org/jabref/gui/libraryproperties/LibraryPropertiesAction.java
1,src/main/java/org/jabref/gui/preferences/entryeditortabs/CustomEditorFieldsTabViewModel.java
5,src/main/java/org/jabref/logic/formatter/bibtexfields/NormalizeMonthFormatter.java
5,src/test/java/org/jabref/logic/util/strings/StringSimilarityTest.java
4,src/main/java/org/jabref/gui/importer/ImportAction.java
1,src/main/java/org/jabref/logic/importer/fetcher/CollectionOfComputerScienceBibliographiesParser.java
5,src/main/java/org/jabref/logic/layout/format/IfPlural.java
6,src/main/java/org/jabref/gui/logging/ApplicationInsightsWriter.java
4,src/test/java/org/jabref/gui/autocompleter/SuggestionProvidersTest.java
4,src/test/java/org/jabref/logic/integrity/TypeCheckerTest.java
6,src/main/java/org/jabref/gui/StateManager.java
6,src/test/java/org/jabref/logic/help/HelpFileTest.java
7,src/main/java/org/jabref/gui/DragAndDropHelper.java
9,src/test/java/org/jabref/model/entry/identifier/IacrEprintTest.java
6,src/main/java/org/jabref/gui/edit/ManageKeywordsViewModel.java
7,src/main/java/org/jabref/gui/mergeentries/newmergedialog/cell/FieldValueCellViewModel.java
1,src/main/java/org/jabref/gui/importer/actions/MergeReviewIntoCommentAction.java
4,src/main/java/org/jabref/logic/bst/BstVMContext.java
6,src/main/java/org/jabref/logic/importer/util/MediaTypes.java
2,src/main/java/org/jabref/preferences/SearchPreferences.java
1,src/main/java/org/jabref/model/texparser/LatexParserResult.java
4,src/main/java/org/jabref/gui/util/DialogWindowState.java
4,src/main/java/org/jabref/gui/entryeditor/EntryEditor.java
6,src/test/java/org/jabref/logic/importer/fileformat/CitaviXmlImporterFilesTest.java
7,src/main/java/org/jabref/gui/remote/CLIMessageHandler.java
1,src/test/java/org/jabref/model/openoffice/CitationEntryTest.java
9,src/main/java/org/jabref/logic/cleanup/FileLinksCleanup.java
1,src/main/java/org/jabref/logic/pdf/EntryAnnotationImporter.java
9,src/main/java/org/jabref/logic/msbib/MSBibEntry.java
1,src/main/java/org/jabref/logic/importer/AuthorListParser.java
9,src/main/java/org/jabref/logic/formatter/bibtexfields/RemoveNewlinesFormatter.java
6,src/test/java/org/jabref/model/search/rules/SentenceAnalyzerTest.java
6,src/main/java/org/jabref/gui/preferences/file/FileTab.java
6,src/main/java/org/jabref/gui/specialfields/SpecialFieldViewModel.java
6,src/main/java/org/jabref/gui/preferences/PreferencesFilterDialog.java
1,src/main/java/org/jabref/logic/remote/server/RemoteMessageHandler.java
2,src/main/java/org/jabref/preferences/BibEntryPreferences.java
4,src/main/java/org/jabref/model/entry/identifier/IacrEprint.java
1,src/main/java/org/jabref/gui/preferences/PreferencesDialogView.java
9,src/test/java/org/jabref/logic/formatter/bibtexfields/NormalizeEnDashesFormatterTest.java
5,src/test/java/org/jabref/logic/util/UpdateFieldTest.java
4,src/main/java/org/jabref/logic/shared/prefs/SharedDatabasePreferences.java
4,src/main/java/org/jabref/gui/importer/actions/GUIPostOpenAction.java
6,src/main/java/org/jabref/logic/l10n/LocalizationKeyParams.java
9,src/main/java/org/jabref/logic/exporter/MetaDataSerializer.java
1,src/main/java/org/jabref/gui/collab/groupchange/GroupChange.java
4,src/test/java/org/jabref/gui/mergeentries/ThreeWayMergeCellViewModelTest.java
4,src/test/java/org/jabref/gui/externalfiles/FileFilterUtilsTest.java
6,src/main/java/org/jabref/gui/entryeditor/RelatedArticlesTab.java
9,src/main/java/org/jabref/logic/openoffice/style/OOProcessCitationKeyMarkers.java
1,src/main/java/org/jabref/logic/util/io/FileHistory.java
5,src/main/java/org/jabref/logic/importer/fetcher/SpringerLink.java
4,src/test/java/org/jabref/logic/layout/format/AuthorAndToSemicolonReplacerTest.java
1,src/main/java/org/jabref/gui/mergeentries/MultiMergeEntriesView.java
5,src/main/java/org/jabref/model/entry/identifier/IacrEprint.java
4,src/test/java/org/jabref/logic/importer/fetcher/MrDLibFetcherTest.java
5,src/main/java/org/jabref/model/openoffice/rangesort/RangeHolder.java
9,src/main/java/org/jabref/model/entry/IdGenerator.java
1,src/main/java/org/jabref/gui/texparser/ParseLatexResultView.java
5,src/main/java/org/jabref/logic/importer/fileformat/EndnoteImporter.java
9,src/main/java/org/jabref/logic/net/ProxyRegisterer.java
7,src/main/java/org/jabref/gui/util/CustomRatingSkin.java
6,src/main/java/org/jabref/gui/search/GlobalSearchResultDialogViewModel.java
1,src/main/java/org/jabref/gui/edit/automaticfiededitor/editfieldcontent/EditFieldContentTabView.java
1,src/main/java/org/jabref/gui/duplicationFinder/DuplicateSearch.java
6,src/main/java/org/jabref/gui/DialogService.java
1,src/main/java/org/jabref/gui/mergeentries/newmergedialog/PersonsNameFieldRowView.java
5,src/main/java/org/jabref/logic/formatter/bibtexfields/TrimWhitespaceFormatter.java
5,src/test/java/org/jabref/logic/bst/util/BstPurifierTest.java
1,src/main/java/org/jabref/model/openoffice/uno/UnoCast.java
9,src/test/java/org/jabref/logic/formatter/casechanger/SentenceCaseFormatterTest.java
9,src/main/java/org/jabref/logic/exporter/BlankLineBehaviour.java
7,src/main/java/org/jabref/gui/collab/preamblechange/PreambleChange.java
6,src/main/java/org/jabref/gui/search/SearchDisplayMode.java
5,src/test/java/org/jabref/logic/importer/fetcher/LibraryOfCongressTest.java
9,src/main/java/org/jabref/logic/l10n/Encodings.java
6,src/main/java/org/jabref/gui/maintable/PersistenceVisualStateTable.java
1,src/main/java/org/jabref/logic/importer/fetcher/DOABFetcher.java
4,src/test/java/org/jabref/logic/bst/util/BstCaseChangersTest.java
7,src/main/java/org/jabref/gui/theme/StyleSheet.java
6,src/main/java/org/jabref/model/entry/identifier/IacrEprint.java
1,src/main/java/org/jabref/logic/bst/BstVMException.java
4,src/test/java/org/jabref/logic/integrity/DoiDuplicationCheckerTest.java
1,src/main/java/org/jabref/gui/undo/UndoablePreambleChange.java
4,src/main/java/org/jabref/logic/integrity/DateChecker.java
1,src/main/java/org/jabref/model/study/QueryResult.java
5,src/main/java/org/jabref/model/schema/DublinCoreSchemaCustom.java
1,src/main/java/org/jabref/model/search/rules/ContainsBasedSearchRule.java
6,src/main/java/org/jabref/logic/integrity/DoiDuplicationChecker.java
5,src/main/java/org/jabref/logic/util/io/FileNameUniqueness.java
1,src/main/java/org/jabref/gui/entryeditor/fileannotationtab/FileAnnotationTabView.java
1,src/main/java/org/jabref/logic/TypedBibEntry.java
12,src/test/java/org/jabref/model/entry/field/BibFieldTest.java
7,src/main/java/org/jabref/gui/push/PushToEmacs.java
7,src/main/java/org/jabref/gui/externalfiles/FileDownloadTask.java
6,src/test/java/org/jabref/logic/importer/util/GrobidServiceTest.java
6,src/main/java/org/jabref/gui/documentviewer/DocumentViewModel.java
5,src/main/java/org/jabref/logic/layout/format/HTMLParagraphs.java
6,src/test/java/org/jabref/logic/layout/format/WrapContentTest.java
7,src/main/java/org/jabref/gui/importer/actions/CheckForNewEntryTypesAction.java
1,src/main/java/org/jabref/gui/preferences/customimporter/CustomImporterTabViewModel.java
7,src/test/java/org/jabref/gui/externalfiles/UnlinkedFilesCrawlerTest.java
5,src/main/java/org/jabref/logic/layout/format/JournalAbbreviator.java
7,src/main/java/org/jabref/gui/JabRefGUI.java
5,src/test/java/org/jabref/logic/util/io/RegExpBasedFileFinderTest.java
5,src/main/java/org/jabref/logic/util/TestEntry.java
1,src/main/java/org/jabref/logic/importer/fetcher/transformers/YearRangeByFilteringQueryTransformer.java
5,src/test/java/org/jabref/logic/exporter/ModsExportFormatTest.java
6,src/main/java/org/jabref/gui/collab/entrychange/EntryChange.java
6,src/main/java/org/jabref/logic/layout/format/NameFormatterPreferences.java
1,src/main/java/org/jabref/gui/help/ErrorConsoleAction.java
6,src/main/java/org/jabref/logic/pdf/search/indexing/DocumentReader.java
5,src/main/java/org/jabref/logic/importer/fetcher/CustomizableKeyFetcher.java
4,src/main/java/org/jabref/gui/autocompleter/PersonNameSuggestionProvider.java
1,src/main/java/org/jabref/gui/edit/CopyMoreAction.java
1,src/main/java/org/jabref/gui/help/AboutAction.java
5,src/main/java/org/jabref/model/openoffice/rangesort/RangeSortEntry.java
9,src/test/java/org/jabref/logic/importer/fetcher/transformers/InfixTransformerTest.java
9,src/main/java/org/jabref/logic/importer/fileformat/MsBibImporter.java
1,src/main/java/org/jabref/gui/collab/metedatachange/MetadataChangeDetailsView.java
9,src/test/java/org/jabref/logic/layout/format/LastPageTest.java
4,src/main/java/org/jabref/gui/openoffice/DetectOpenOfficeInstallation.java
9,src/main/java/org/jabref/logic/importer/WebFetcher.java
1,src/main/java/org/jabref/logic/formatter/Formatters.java
4,src/main/java/org/jabref/gui/groups/GroupTreeView.java
6,src/test/java/org/jabref/logic/layout/format/IfPluralTest.java
6,src/test/java/org/jabref/logic/util/VersionTest.java
4,src/main/java/org/jabref/gui/util/DefaultTaskExecutor.java
5,src/test/java/org/jabref/model/strings/StringUtilTest.java
6,src/main/java/org/jabref/model/metadata/ContentSelectors.java
4,src/test/java/org/jabref/logic/exporter/MsBibExportFormatTest.java
9,src/main/java/org/jabref/model/metadata/ContentSelector.java
5,src/main/java/org/jabref/logic/openoffice/action/ManageCitations.java
12,src/test/java/org/jabref/model/search/rules/MockSearchMatcher.java
1,src/main/java/org/jabref/logic/importer/util/ShortDOIService.java
1,src/main/java/org/jabref/gui/importer/actions/MergeReviewIntoCommentConfirmationDialog.java
4,src/main/java/org/jabref/gui/util/FileDialogConfiguration.java
1,src/test/java/org/jabref/logic/layout/format/AuthorLastFirstOxfordCommasTest.java
9,src/test/java/org/jabref/logic/importer/fetcher/MedlineFetcherTest.java
4,src/main/java/org/jabref/model/entry/field/StandardField.java
7,src/main/java/org/jabref/gui/help/SearchForUpdateAction.java
4,src/main/java/org/jabref/model/openoffice/style/CitationMarkerNumericEntry.java
4,src/main/java/org/jabref/logic/importer/fetcher/transformers/ResearchGateQueryTransformer.java
1,src/main/java/org/jabref/model/pdf/search/SearchResult.java
4,src/main/java/org/jabref/model/openoffice/rangesort/RangeHolder.java
1,src/main/java/org/jabref/logic/bibtex/FieldContentFormatter.java
5,src/test/java/org/jabref/logic/layout/LayoutTest.java
4,src/main/java/org/jabref/model/groups/TexGroup.java
6,src/main/java/org/jabref/model/entry/BibEntry.java
9,src/main/java/org/jabref/logic/importer/SearchBasedFetcher.java
7,src/main/java/org/jabref/gui/dialogs/BackupUIManager.java
1,src/main/java/org/jabref/gui/edit/automaticfiededitor/AutomaticFieldEditorAction.java
9,src/main/java/org/jabref/logic/integrity/NoteChecker.java
1,src/main/java/org/jabref/logic/layout/format/FirstPage.java
4,src/main/java/org/jabref/gui/preferences/customexporter/CustomExporterTab.java
4,src/main/java/org/jabref/logic/bibtex/comparator/GroupDiff.java
9,src/test/java/org/jabref/logic/formatter/FormatterTest.java
1,src/main/java/org/jabref/gui/commonfxcontrols/CitationKeyPatternPanelItemModel.java
7,src/main/java/org/jabref/gui/push/PushToApplicationCommand.java
12,src/main/java/org/jabref/model/entry/BibEntryTypesManager.java
5,src/test/java/org/jabref/logic/bibtex/comparator/FieldComparatorTest.java
9,src/test/java/org/jabref/logic/importer/fileformat/CopacImporterTest.java
7,src/main/java/org/jabref/gui/importer/ImportEntriesViewModel.java
1,src/main/java/org/jabref/logic/layout/format/AuthorFirstFirstCommas.java
5,src/test/java/org/jabref/logic/auxparser/DefaultAuxParserTest.java
6,src/test/java/org/jabref/gui/autocompleter/PersonNameStringConverterTest.java
6,src/main/java/org/jabref/gui/UpdateTimestampListener.java
4,src/main/java/org/jabref/logic/journals/AbbreviationWriter.java
7,src/main/java/org/jabref/gui/maintable/columns/FieldColumn.java
1,src/main/java/org/jabref/gui/entryeditor/LatexCitationsTab.java
1,src/main/java/org/jabref/model/openoffice/uno/UnoSelection.java
9,src/main/java/org/jabref/logic/bst/util/BstNameFormatter.java
6,src/main/java/org/jabref/gui/undo/UndoableFieldChange.java
1,src/main/java/org/jabref/model/openoffice/style/ComparableCitation.java
4,src/main/java/org/jabref/logic/layout/format/ReplaceWithEscapedDoubleQuotes.java
6,src/main/java/org/jabref/logic/citationkeypattern/GlobalCitationKeyPattern.java
1,src/main/java/org/jabref/gui/preferences/importexport/ImportExportTab.java
6,src/main/java/org/jabref/model/entry/identifier/ARK.java
6,src/main/java/org/jabref/model/openoffice/uno/UnoUndo.java
6,src/main/java/org/jabref/gui/importer/fetcher/WebSearchPaneView.java
5,src/main/java/org/jabref/logic/importer/fetcher/SpringerFetcher.java
9,src/main/java/org/jabref/logic/formatter/bibtexfields/RegexFormatter.java
4,src/main/java/org/jabref/gui/collab/stringchange/BibTexStringChangeDetailsView.java
1,src/test/java/org/jabref/logic/texparser/LatexParserTest.java
4,src/main/java/org/jabref/logic/layout/format/CreateDocBook5Authors.java
9,src/test/java/org/jabref/model/entry/KeywordListTest.java
5,src/main/java/org/jabref/logic/formatter/Formatters.java
9,src/main/java/org/jabref/logic/importer/fetcher/MathSciNet.java
7,src/main/java/org/jabref/gui/undo/UndoableRemoveString.java
9,src/main/java/org/jabref/logic/importer/fileformat/PdfXmpImporter.java
6,src/main/java/org/jabref/model/entry/types/EntryType.java
6,src/main/java/org/jabref/logic/importer/fetcher/SpringerFetcher.java
6,src/main/java/org/jabref/logic/bst/BstVM.java
9,src/main/java/org/jabref/logic/shared/MySQLProcessor.java
4,src/main/java/org/jabref/logic/undo/UndoRedoEvent.java
6,src/main/java/org/jabref/model/groups/GroupHierarchyType.java
9,src/test/java/org/jabref/logic/formatter/bibtexfields/UnicodeToLatexFormatterTest.java
7,src/test/java/org/jabref/gui/externalfiles/FileFilterUtilsTest.java
6,src/test/java/org/jabref/logic/importer/fileformat/EndnoteImporterTest.java
4,src/main/java/org/jabref/gui/util/BaseDialog.java
12,src/main/java/org/jabref/model/database/event/AutosaveEvent.java
9,src/test/java/org/jabref/model/database/BibDatabaseModeDetectionTest.java
1,src/test/java/org/jabref/logic/l10n/LocalizationBundleForTest.java
4,src/main/java/org/jabref/logic/layout/Layout.java
6,src/main/java/org/jabref/gui/externalfiletype/CustomExternalFileType.java
9,src/main/java/org/jabref/logic/formatter/bibtexfields/RemoveDigitsFormatter.java
6,src/main/java/org/jabref/logic/msbib/MSBibMapping.java
1,src/main/java/org/jabref/logic/importer/IdParserFetcher.java
1,src/main/java/org/jabref/gui/theme/StyleSheetDataUrl.java
4,src/main/java/org/jabref/gui/preferences/keybindings/presets/KeyBindingPreset.java
1,src/main/java/org/jabref/gui/ClipBoardManager.java
5,src/main/java/org/jabref/model/openoffice/style/CitationMarkerNormEntry.java
5,src/test/java/org/jabref/logic/importer/fileformat/BibtexParserTest.java
1,src/main/java/org/jabref/gui/util/BackgroundTask.java
1,src/main/java/org/jabref/gui/slr/ManageStudyDefinitionViewModel.java
7,src/main/java/org/jabref/gui/bibtexextractor/ExtractBibtexAction.java
9,src/main/java/org/jabref/logic/util/WebViewStore.java
4,src/main/java/org/jabref/gui/linkedfile/LinkedFilesEditDialogViewModel.java
6,src/test/java/org/jabref/logic/importer/fileformat/PdfMergeMetadataImporterTest.java
1,src/test/java/org/jabref/logic/importer/util/GroupsParserTest.java
4,src/main/java/org/jabref/gui/libraryproperties/AbstractPropertiesTabView.java
7,src/main/java/org/jabref/gui/preferences/ShowPreferencesAction.java
4,src/main/java/org/jabref/gui/texparser/ParseLatexAction.java
4,src/main/java/org/jabref/logic/git/SlrGitHandler.java
1,src/test/java/org/jabref/logic/importer/fetcher/IacrEprintFetcherTest.java
4,src/main/java/org/jabref/logic/citationkeypattern/BracketedPattern.java
7,src/main/java/org/jabref/gui/DefaultInjector.java
6,src/main/java/org/jabref/gui/entryeditor/fileannotationtab/FileAnnotationTabView.java
1,src/main/java/org/jabref/gui/preferences/network/NetworkTabViewModel.java
7,src/main/java/org/jabref/gui/preview/PreviewPanel.java
6,src/test/java/org/jabref/logic/integrity/AmpersandCheckerTest.java
6,src/test/java/org/jabref/logic/formatter/bibtexfields/HtmlToUnicodeFormatterTest.java
4,src/main/java/org/jabref/gui/mergeentries/newmergedialog/cell/HeaderCell.java
5,src/test/java/org/jabref/logic/importer/fileformat/ImporterTestEngine.java
1,src/main/java/org/jabref/logic/importer/fetcher/transformers/BiodiversityLibraryTransformer.java
4,src/main/java/org/jabref/logic/bibtex/comparator/BibtexStringComparator.java
1,src/main/java/org/jabref/gui/autocompleter/ReplaceStrategy.java
1,src/main/java/org/jabref/gui/autocompleter/AppendPersonNamesStrategy.java
4,src/main/java/org/jabref/model/database/KeyChangeListener.java
5,src/main/java/org/jabref/logic/journals/JournalAbbreviationLoader.java
1,src/main/java/org/jabref/logic/importer/fetcher/ArXivFetcher.java
5,src/test/java/org/jabref/logic/importer/fetcher/transformers/ArXivQueryTransformerTest.java
6,src/main/java/org/jabref/gui/importer/actions/GUIPostOpenAction.java
1,src/main/java/org/jabref/gui/preferences/PreferencesDialogViewModel.java
4,src/main/java/org/jabref/logic/formatter/bibtexfields/LatexCleanupFormatter.java
9,src/main/java/org/jabref/logic/integrity/YearChecker.java
6,src/main/java/org/jabref/gui/preferences/keybindings/KeyBindingsTab.java
9,src/test/java/org/jabref/logic/layout/format/RemoveWhitespaceTest.java
9,src/test/java/org/jabref/logic/citationkeypattern/AbstractCitationKeyPatternTest.java
6,src/test/java/org/jabref/logic/integrity/NoteCheckerTest.java
6,src/test/java/org/jabref/logic/layout/format/RemoveTildeTest.java
1,src/test/java/org/jabref/logic/integrity/CitationKeyDuplicationCheckerTest.java
9,src/test/java/org/jabref/logic/citationkeypattern/MakeLabelWithoutDatabaseTest.java
9,src/main/java/org/jabref/model/search/matchers/MatcherSet.java
4,src/main/java/org/jabref/gui/search/SearchTextField.java
4,src/test/java/org/jabref/logic/importer/fetcher/CompositeSearchBasedFetcherTest.java
12,src/main/java/org/jabref/model/openoffice/rangesort/RangeOverlap.java
5,src/test/java/org/jabref/model/entry/EntryLinkListTest.java
6,src/main/java/org/jabref/model/database/event/EntriesRemovedEvent.java
1,src/main/java/org/jabref/gui/importer/fetcher/WebSearchPaneViewModel.java
1,src/main/java/org/jabref/model/util/ListUtil.java
9,src/test/java/org/jabref/logic/layout/format/WrapContentTest.java
1,src/test/java/org/jabref/gui/entryeditor/SourceTabTest.java
9,src/test/java/org/jabref/logic/importer/util/ShortDOIServiceTest.java
9,src/main/java/org/jabref/model/database/BibDatabaseContext.java
4,src/main/java/org/jabref/logic/importer/util/GroupsParser.java
1,src/main/java/org/jabref/gui/commonfxcontrols/SortCriterionViewModel.java
6,src/test/java/org/jabref/logic/texparser/DefaultTexParserTest.java
4,src/test/java/org/jabref/logic/formatter/casechanger/UpperCaseFormatterTest.java
5,src/main/java/org/jabref/model/database/BibDatabase.java
1,src/main/java/org/jabref/logic/pdf/TextExtractor.java
9,src/main/java/org/jabref/model/openoffice/uno/UnoCursor.java
4,src/main/java/org/jabref/model/openoffice/style/ComparableCitedKey.java
9,src/main/java/org/jabref/logic/layout/format/RisMonth.java
9,src/main/java/org/jabref/model/groups/KeywordGroup.java
6,src/main/java/org/jabref/model/openoffice/uno/UnoRedlines.java
5,src/main/java/org/jabref/logic/importer/PagedSearchBasedFetcher.java
5,src/main/java/org/jabref/logic/importer/util/GroupsParser.java
6,src/main/java/org/jabref/gui/edit/ReplaceStringAction.java
9,src/main/java/org/jabref/logic/citationstyle/CitationStyleCache.java
6,src/main/java/org/jabref/gui/actions/ActionHelper.java
6,src/main/java/org/jabref/logic/crawler/StudyYamlParser.java
1,src/main/java/org/jabref/logic/cleanup/TimeStampToCreationDate.java
5,src/main/java/org/jabref/model/texparser/Citation.java
5,src/test/java/org/jabref/logic/cleanup/BibtexBiblatexRoundtripTest.java
6,src/main/java/org/jabref/logic/layout/format/HTMLChars.java
4,src/main/java/org/jabref/gui/push/PushToLyx.java
6,src/test/java/org/jabref/gui/util/comparator/SpecialFieldComparatorTest.java
1,src/main/java/org/jabref/gui/specialfields/SpecialFieldViewModel.java
5,src/main/java/org/jabref/logic/openoffice/style/OOProcessNumericMarkers.java
1,src/test/java/org/jabref/model/entry/KeywordTest.java
1,src/test/java/org/jabref/logic/layout/format/RemoveBracketsAddCommaTest.java
4,src/main/java/org/jabref/logic/net/ProxyAuthenticator.java
6,src/main/java/org/jabref/logic/auxparser/DefaultAuxParser.java
7,src/main/java/org/jabref/gui/sidepane/SidePane.java
9,src/main/java/org/jabref/model/groups/GroupHierarchyType.java
9,src/main/java/org/jabref/logic/importer/fetcher/transformers/DefaultLuceneQueryTransformer.java
1,src/main/java/org/jabref/logic/importer/util/FileFieldParser.java
1,src/main/java/org/jabref/gui/collab/ExternalChangesResolverViewModel.java
9,src/test/java/org/jabref/logic/formatter/bibtexfields/NormalizeDateFormatterTest.java
4,src/main/java/org/jabref/logic/formatter/Formatters.java
7,src/test/java/org/jabref/gui/keyboard/KeyBindingsTabModelTest.java
12,src/main/java/org/jabref/model/search/rules/SearchRules.java
12,src/main/java/org/jabref/model/groups/LastNameGroup.java
6,src/main/java/org/jabref/gui/fieldeditors/PaginationEditorViewModel.java
6,src/test/java/org/jabref/logic/layout/format/AuthorOrgSciTest.java
5,src/main/java/org/jabref/logic/externalfiles/ExternalFilesContentImporter.java
6,src/main/java/org/jabref/model/search/rules/SearchRule.java
7,src/main/java/org/jabref/preferences/PushToApplicationPreferences.java
5,src/test/java/org/jabref/logic/layout/format/IfPluralTest.java
1,src/main/java/org/jabref/gui/autocompleter/BibEntrySuggestionProvider.java
5,src/test/java/org/jabref/logic/importer/fetcher/TitleFetcherTest.java
4,src/test/java/org/jabref/logic/auxparser/AuxParserTest.java
6,src/main/java/org/jabref/logic/bibtex/comparator/BibtexStringComparator.java
4,src/test/java/org/jabref/logic/importer/fetcher/INSPIREFetcherTest.java
9,src/main/java/org/jabref/logic/exporter/MSBibExporter.java
12,src/test/java/org/jabref/model/entry/identifier/ArXivIdentifierTest.java
4,src/main/java/org/jabref/gui/mergeentries/DiffHighlightingEllipsingTextFlow.java
1,src/main/java/org/jabref/model/openoffice/uno/UnoCursor.java
1,src/main/java/org/jabref/model/pdf/search/SearchFieldConstants.java
9,src/main/java/org/jabref/model/entry/field/SpecialFieldValue.java
7,src/main/java/org/jabref/gui/mergeentries/newmergedialog/cell/sidebuttons/ToggleMergeUnmergeButton.java
1,src/test/java/org/jabref/logic/cleanup/EprintCleanupTest.java
7,src/main/java/org/jabref/gui/fieldeditors/JournalEditorViewModel.java
5,src/main/java/org/jabref/model/study/StudyQuery.java
9,src/main/java/org/jabref/logic/importer/fileformat/CopacImporter.java
6,src/test/java/org/jabref/logic/formatter/bibtexfields/UnitsToLatexFormatterTest.java
6,src/main/java/org/jabref/logic/msbib/MsBibAuthor.java
1,src/main/java/org/jabref/model/entry/types/SystematicLiteratureReviewStudyEntryTypeDefinitions.java
1,src/main/java/org/jabref/logic/bst/util/BstNameFormatter.java
1,src/test/java/org/jabref/logic/importer/fetcher/AbstractIsbnFetcherTest.java
1,src/main/java/org/jabref/model/openoffice/uno/UnoScreenRefresh.java
9,src/main/java/org/jabref/logic/formatter/minifier/TruncateFormatter.java
6,src/main/java/org/jabref/logic/importer/ImporterPreferences.java
9,src/main/java/org/jabref/logic/integrity/FieldChecker.java
1,src/test/java/org/jabref/logic/pdf/EntryAnnotationImporterTest.java
6,src/main/java/org/jabref/gui/mergeentries/newmergedialog/DiffMethod.java
1,src/main/java/org/jabref/gui/fieldeditors/EditorValidator.java
4,src/main/java/org/jabref/gui/preferences/nameformatter/NameFormatterItemModel.java
6,src/test/java/org/jabref/logic/importer/fileformat/CustomImporterTest.java
6,src/main/java/org/jabref/model/entry/CanonicalBibEntry.java
4,src/main/java/org/jabref/gui/integrity/IntegrityCheckAction.java
9,src/main/java/org/jabref/model/openoffice/style/CitationGroups.java
9,src/main/java/org/jabref/model/openoffice/uno/UnoNamed.java
1,src/main/java/org/jabref/logic/importer/util/ShortDOIServiceException.java
1,src/test/java/org/jabref/logic/importer/fetcher/DoiResolutionTest.java
4,src/main/java/org/jabref/logic/formatter/bibtexfields/HtmlToUnicodeFormatter.java
9,src/test/java/org/jabref/logic/util/FileNameCleanerTest.java
9,src/test/java/org/jabref/logic/layout/format/RemoveLatexCommandsFormatterTest.java
9,src/main/java/org/jabref/logic/citationstyle/JabRefLocaleProvider.java
6,src/main/java/org/jabref/logic/layout/format/AuthorAndToSemicolonReplacer.java
9,src/main/java/org/jabref/logic/importer/util/INSPIREBibtexFilterReader.java
7,src/main/java/org/jabref/gui/exporter/CreateModifyExporterDialogViewModel.java
4,src/main/java/org/jabref/logic/layout/format/AuthorAndToSemicolonReplacer.java
9,src/main/java/org/jabref/logic/integrity/FileChecker.java
7,src/main/java/org/jabref/gui/collab/ExternalChangesResolverViewModel.java
5,src/test/java/org/jabref/model/groups/TexGroupTest.java
6,src/test/java/org/jabref/model/event/EventListenerTest.java
1,src/main/java/org/jabref/gui/libraryproperties/PropertiesTab.java
5,src/test/java/org/jabref/logic/exporter/HtmlExportFormatTest.java
1,src/test/java/org/jabref/logic/layout/format/HTMLCharsTest.java
12,src/main/java/org/jabref/model/groups/AbstractGroup.java
5,src/main/java/org/jabref/model/database/event/ChangePropagation.java
4,src/test/java/org/jabref/logic/integrity/CitationKeyCheckerTest.java
5,src/test/java/org/jabref/logic/importer/fileformat/ModsImporterFilesTest.java
1,src/main/java/org/jabref/logic/citationkeypattern/DatabaseCitationKeyPattern.java
7,src/main/java/org/jabref/gui/libraryproperties/constants/ConstantsPropertiesViewModel.java
4,src/test/java/org/jabref/logic/importer/fileformat/BiblioscapeImporterFilesTest.java
5,src/main/java/org/jabref/model/search/GroupSearchQuery.java
5,src/main/java/org/jabref/model/entry/field/StandardField.java
5,src/test/java/org/jabref/logic/texparser/DefaultTexParserTest.java
6,src/main/java/org/jabref/logic/cleanup/FileLinksCleanup.java
6,src/main/java/org/jabref/logic/importer/fileformat/OvidImporter.java
4,src/main/java/org/jabref/model/study/QueryResult.java
6,src/test/java/org/jabref/gui/sidepane/SidePaneViewModelTest.java
1,src/main/java/org/jabref/gui/theme/StyleSheetFile.java
7,src/main/java/org/jabref/gui/util/uithreadaware/UiThreadHelper.java
9,src/main/java/org/jabref/logic/util/MetadataSerializationConfiguration.java
9,src/main/java/org/jabref/logic/importer/fetcher/transformers/IEEEQueryTransformer.java
12,src/main/java/org/jabref/model/entry/ParsedEntryLink.java
1,src/main/java/org/jabref/gui/fieldeditors/MonthEditorViewModel.java
7,src/main/java/org/jabref/gui/externalfiles/FileExtensionViewModel.java
5,src/main/java/org/jabref/logic/util/WebViewStore.java
6,src/main/java/org/jabref/logic/importer/fileformat/mods/Name.java
6,src/test/java/org/jabref/gui/autocompleter/ContentSelectorSuggestionProviderTest.java
9,src/test/java/org/jabref/logic/layout/format/AuthorAndsCommaReplacerTest.java
6,src/main/java/org/jabref/gui/util/ValueTableCellFactory.java
9,src/main/java/org/jabref/logic/integrity/DateChecker.java
9,src/main/java/org/jabref/logic/importer/fetcher/MedlineFetcher.java
9,src/main/java/org/jabref/logic/bst/BstVMContext.java
1,src/main/java/org/jabref/gui/edit/ReplaceStringAction.java
4,src/main/java/org/jabref/logic/importer/OpenDatabase.java
6,src/main/java/org/jabref/gui/preferences/PreferencesTab.java
4,src/main/java/org/jabref/gui/util/uithreadaware/UiThreadBinding.java
1,src/main/java/org/jabref/gui/maintable/MainTableColumnFactory.java
1,src/main/java/org/jabref/gui/documentviewer/DocumentViewerView.java
4,src/main/java/org/jabref/logic/l10n/Encodings.java
5,src/main/java/org/jabref/logic/exporter/AtomicFileWriter.java
7,src/main/java/org/jabref/gui/mergeentries/newmergedialog/DiffMethod.java
5,src/main/java/org/jabref/logic/importer/fileformat/CustomImporter.java
6,src/main/java/org/jabref/gui/util/uithreadaware/UiThreadHelper.java
9,src/main/java/org/jabref/logic/importer/fetcher/transformers/ResearchGateQueryTransformer.java
6,src/test/java/org/jabref/logic/importer/ParserResultTest.java
1,src/main/java/org/jabref/logic/importer/fetcher/Medra.java
1,src/main/java/org/jabref/gui/errorconsole/ErrorConsoleView.java
4,src/main/java/org/jabref/model/entry/field/Field.java
6,src/main/java/org/jabref/logic/openoffice/action/EditInsert.java
1,src/test/java/org/jabref/gui/edit/ManageKeywordsViewModelTest.java
6,src/main/java/org/jabref/logic/importer/fetcher/DiVA.java
5,src/main/java/org/jabref/model/entry/AuthorList.java
4,src/main/java/org/jabref/gui/util/ViewModelTextFieldTableCellVisualizationFactory.java
4,src/main/java/org/jabref/logic/integrity/BibTeXEntryTypeChecker.java
5,src/main/java/org/jabref/logic/layout/format/Number.java
1,src/main/java/org/jabref/model/entry/event/EntriesEvent.java
4,src/main/java/org/jabref/gui/edit/ManageKeywordsDialog.java
4,src/main/java/org/jabref/logic/cleanup/FileLinksCleanup.java
4,src/main/java/org/jabref/logic/importer/fileformat/MarcXmlParser.java
12,src/main/java/org/jabref/model/entry/BibEntry.java
1,src/main/java/org/jabref/logic/importer/fileformat/IsiImporter.java
5,src/test/java/org/jabref/logic/cleanup/ConvertToBiblatexCleanupTest.java
1,src/test/java/org/jabref/logic/journals/JournalAbbreviationRepositoryTest.java
6,src/main/java/org/jabref/model/entry/field/FieldFactory.java
6,src/main/java/org/jabref/logic/integrity/UTF8Checker.java
4,src/main/java/org/jabref/gui/MainApplication.java
9,src/test/java/org/jabref/logic/integrity/EditionCheckerTest.java
4,src/main/java/org/jabref/gui/fieldeditors/LinkedFilesEditor.java
6,src/test/java/org/jabref/logic/integrity/MonthCheckerTest.java
6,src/main/java/org/jabref/gui/collab/entrychange/PreviewWithSourceTab.java
4,src/main/java/org/jabref/gui/preferences/protectedterms/NewProtectedTermsFileDialog.java
1,src/main/java/org/jabref/gui/mergeentries/newmergedialog/toolbar/ThreeWayMergeToolbar.java
4,src/main/java/org/jabref/logic/TypedBibEntry.java
4,src/main/java/org/jabref/model/openoffice/style/CitationMarkerNormEntry.java
9,src/main/java/org/jabref/logic/importer/fetcher/IacrEprintFetcher.java
12,src/test/java/org/jabref/model/entry/IdGeneratorTest.java
12,src/main/java/org/jabref/model/openoffice/uno/UnoCrossRef.java
6,src/test/java/org/jabref/logic/bibtex/comparator/FieldComparatorTest.java
6,src/main/java/org/jabref/gui/help/ErrorConsoleAction.java
7,src/main/java/org/jabref/gui/collab/DatabaseChangeList.java
6,src/main/java/org/jabref/logic/bibtex/FieldContentFormatter.java
1,src/main/java/org/jabref/gui/preferences/protectedterms/ProtectedTermsTab.java
9,src/test/java/org/jabref/model/groups/TexGroupTest.java
9,src/test/java/org/jabref/logic/bst/BstFunctionsTest.java
9,src/main/java/org/jabref/model/search/matchers/MatcherSets.java
4,src/main/java/org/jabref/gui/entryeditor/OptionalFields2Tab.java
4,src/main/java/org/jabref/gui/entryeditor/PreviewSwitchAction.java
9,src/main/java/org/jabref/logic/importer/fileformat/IsiImporter.java
6,src/main/java/org/jabref/logic/importer/fetcher/BiodiversityLibrary.java
9,src/main/java/org/jabref/model/util/ResultingStringState.java
7,src/main/java/org/jabref/gui/maintable/OpenFolderAction.java
11,src/main/java/org/jabref/preferences/InternalPreferences.java
1,src/test/java/org/jabref/logic/l10n/EncodingsTest.java
4,src/main/java/org/jabref/logic/preferences/FetcherApiKey.java
7,src/main/java/org/jabref/gui/libraryproperties/AbstractPropertiesTabView.java
9,src/main/java/org/jabref/model/entry/event/EntriesEvent.java
6,src/main/java/org/jabref/model/search/rules/SearchRules.java
4,src/test/java/org/jabref/logic/importer/fetcher/transformers/DefaultQueryTransformerTest.java
4,src/main/java/org/jabref/logic/importer/fetcher/ArXivFetcher.java
6,src/test/java/org/jabref/gui/edit/RenameFieldViewModelTest.java
9,src/main/java/org/jabref/logic/auxparser/AuxParser.java
4,buildSrc/src/copied/java/org/jabref/logic/journals/JournalAbbreviationRepository.java
1,src/main/java/org/jabref/gui/fieldeditors/GenderEditorViewModel.java
9,src/test/java/org/jabref/logic/util/strings/StringLengthComparatorTest.java
6,src/test/java/org/jabref/logic/importer/fileformat/PdfGrobidImporterTest.java
11,src/main/java/org/jabref/preferences/SearchPreferences.java
6,src/main/java/org/jabref/logic/importer/fileformat/BibtexImporter.java
4,src/main/java/org/jabref/model/util/FileUpdateMonitor.java
1,src/main/java/org/jabref/gui/mergeentries/newmergedialog/fieldsmerger/FileMerger.java
1,src/main/java/org/jabref/logic/importer/fetcher/MedlineFetcher.java
1,src/main/java/org/jabref/model/openoffice/uno/UnoTextRange.java
1,src/main/java/org/jabref/gui/push/PushToApplication.java
4,src/main/java/org/jabref/logic/formatter/bibtexfields/RemoveDigitsFormatter.java
5,src/main/java/org/jabref/logic/importer/fetcher/BiodiversityLibrary.java
4,src/main/java/org/jabref/gui/util/uithreadaware/UiThreadChangeListener.java
1,src/main/java/org/jabref/gui/util/uithreadaware/UiThreadHelper.java
9,src/main/java/org/jabref/logic/integrity/ISSNChecker.java
6,src/main/java/org/jabref/logic/shared/PostgreSQLProcessor.java
6,src/main/java/org/jabref/gui/mergeentries/newmergedialog/diffhighlighter/DiffHighlighter.java
6,src/main/java/org/jabref/gui/help/HelpAction.java
5,src/main/java/org/jabref/logic/formatter/IdentityFormatter.java
9,src/main/java/org/jabref/logic/xmp/DublinCoreExtractor.java
4,src/main/java/org/jabref/gui/documentviewer/DocumentViewerView.java
1,src/main/java/org/jabref/gui/bibtexextractor/ExtractBibtexDialog.java
6,src/main/java/org/jabref/gui/icon/JabRefMaterialDesignIcon.java
9,src/main/java/org/jabref/logic/importer/fetcher/BibsonomyScraper.java
5,src/main/java/org/jabref/model/search/matchers/OrMatcher.java
7,src/main/java/org/jabref/gui/exporter/WriteMetadataToPdfAction.java
1,src/main/java/org/jabref/gui/preferences/nameformatter/NameFormatterItemModel.java
6,src/main/java/org/jabref/logic/importer/ImportCleanup.java
6,src/main/java/org/jabref/logic/bibtex/comparator/FieldComparator.java
1,src/main/java/org/jabref/gui/exporter/CreateModifyExporterDialogView.java
1,src/main/java/org/jabref/gui/util/DialogWindowState.java
6,src/main/java/org/jabref/logic/openoffice/style/OOProcess.java
6,src/main/java/org/jabref/gui/mergeentries/MergeResult.java
4,src/main/java/org/jabref/logic/openoffice/action/EditInsert.java
4,src/main/java/org/jabref/logic/util/io/FileHistory.java
6,src/test/java/org/jabref/logic/formatter/IdentityFormatterTest.java
5,src/main/java/org/jabref/logic/layout/format/NameFormatter.java
12,src/main/java/org/jabref/model/entry/event/EntryChangedEvent.java
9,src/main/java/org/jabref/logic/util/strings/UnicodeLigaturesMap.java
1,src/test/java/org/jabref/logic/shared/DBMSConnectionTest.java
1,src/main/java/org/jabref/logic/remote/server/RemoteListenerServerThread.java
9,src/main/java/org/jabref/logic/msbib/MSBibMapping.java
7,src/main/java/org/jabref/gui/logging/GuiWriter.java
4,src/main/java/org/jabref/logic/layout/format/HTMLParagraphs.java
1,src/test/java/org/jabref/logic/integrity/AmpersandCheckerTest.java
9,src/test/java/org/jabref/logic/importer/fetcher/ApsFetcherTest.java
1,src/test/java/org/jabref/logic/integrity/HowPublishedCheckerTest.java
1,src/main/java/org/jabref/gui/auximport/FromAuxDialog.java
7,src/main/java/org/jabref/gui/mergeentries/newmergedialog/cell/FieldNameCell.java
5,src/main/java/org/jabref/logic/layout/format/CSLType.java
1,src/main/java/org/jabref/logic/formatter/casechanger/SentenceCaseFormatter.java
5,src/main/java/org/jabref/logic/layout/format/RisAuthors.java
1,src/main/java/org/jabref/gui/preferences/journals/JournalAbbreviationsTab.java
4,src/main/java/org/jabref/gui/util/CustomLocalDragboard.java
6,src/test/java/org/jabref/logic/util/UpdateFieldTest.java
5,src/main/java/org/jabref/logic/importer/EntryBasedFetcher.java
4,src/main/java/org/jabref/logic/importer/fileformat/mods/Identifier.java
9,src/main/java/org/jabref/model/openoffice/style/CompareCitation.java
12,src/test/java/org/jabref/model/entry/identifier/MathSciNetIdTest.java
1,src/test/java/org/jabref/logic/importer/fetcher/isbntobibtex/OpenLibraryIsbnFetcherTest.java
7,src/main/java/org/jabref/gui/preferences/protectedterms/ProtectedTermsListItemModel.java
12,src/main/java/org/jabref/model/entry/types/BiblatexApaEntryType.java
5,buildSrc/src/copied/java/org/jabref/logic/journals/JournalAbbreviationRepository.java
9,src/main/java/org/jabref/logic/importer/fetcher/transformers/ArXivQueryTransformer.java
5,src/test/java/org/jabref/logic/exporter/AtomicFileOutputStreamTest.java
9,src/test/java/org/jabref/logic/importer/fetcher/GvkFetcherTest.java
6,src/main/java/org/jabref/logic/formatter/bibtexfields/RemoveHyphenatedNewlinesFormatter.java
6,src/main/java/org/jabref/model/search/rules/GrammarBasedSearchRule.java
9,src/test/java/org/jabref/logic/remote/RemoteCommunicationTest.java
7,src/main/java/org/jabref/gui/util/ValueTableCellFactory.java
5,src/main/java/org/jabref/logic/exporter/BibDatabaseWriter.java
1,src/test/java/org/jabref/logic/layout/format/OrdinalTest.java
6,src/main/java/org/jabref/logic/importer/fileformat/MedlineImporter.java
5,src/test/java/org/jabref/logic/citationkeypattern/MakeLabelWithoutDatabaseTest.java
7,src/main/java/org/jabref/gui/fieldeditors/contextmenu/EditorContextAction.java
7,src/main/java/org/jabref/gui/exporter/ExporterViewModel.java
5,src/main/java/org/jabref/model/openoffice/style/CitationGroupId.java
6,src/test/java/org/jabref/logic/importer/fetcher/isbntobibtex/OpenLibraryIsbnFetcherTest.java
6,src/test/java/org/jabref/logic/TypedBibEntryTest.java
12,src/main/java/org/jabref/model/openoffice/style/CitedKeys.java
4,src/main/java/org/jabref/gui/documentviewer/PageDimension.java
7,src/main/java/org/jabref/gui/preview/CopyCitationAction.java
5,src/main/java/org/jabref/logic/importer/OpenDatabase.java
6,src/main/java/org/jabref/gui/preferences/nameformatter/NameFormatterTab.java
9,src/test/java/org/jabref/logic/importer/fetcher/transformers/ArXivQueryTransformerTest.java
6,src/main/java/org/jabref/logic/pdf/search/retrieval/PdfSearcher.java
12,src/main/java/org/jabref/model/database/event/EntriesAddedEvent.java
1,src/main/java/org/jabref/logic/importer/fileformat/RepecNepImporter.java
1,src/main/java/org/jabref/model/metadata/ContentSelector.java
9,src/test/java/org/jabref/logic/importer/fetcher/DOAJFetcherTest.java
5,src/main/java/org/jabref/model/entry/SharedBibEntryData.java
9,src/main/java/org/jabref/model/openoffice/rangesort/RangeOverlapWithin.java
1,src/main/java/org/jabref/gui/keyboard/KeyBinding.java
1,src/main/java/org/jabref/model/openoffice/style/CitedKey.java
6,src/test/java/org/jabref/logic/importer/fetcher/DoiFetcherTest.java
6,src/main/java/org/jabref/gui/preferences/entry/EntryTabViewModel.java
6,src/test/java/org/jabref/logic/importer/fetcher/IacrEprintFetcherTest.java
7,src/test/java/org/jabref/gui/maintable/MainTableColumnModelTest.java
1,src/main/java/org/jabref/logic/integrity/FieldCheckers.java
9,src/main/java/org/jabref/logic/integrity/ISBNChecker.java
1,src/test/java/org/jabref/logic/formatter/bibtexfields/EscapeAmpersandsFormatterTest.java
9,src/test/java/org/jabref/logic/importer/fetcher/INSPIREFetcherTest.java
7,src/main/java/org/jabref/gui/slr/EditExistingStudyAction.java
1,src/main/java/org/jabref/gui/preferences/entry/EntryTab.java
6,src/main/java/org/jabref/logic/exporter/SaveConfiguration.java
1,src/test/java/org/jabref/logic/importer/fetcher/FulltextFetcherTest.java
9,src/test/java/org/jabref/logic/exporter/MsBibExportFormatTest.java
6,src/main/java/org/jabref/model/groups/AutomaticGroup.java
9,src/main/java/org/jabref/model/search/rules/SearchRule.java
6,src/main/java/org/jabref/gui/fieldeditors/UrlEditor.java
5,src/main/java/org/jabref/logic/shared/listener/PostgresSQLNotificationListener.java
5,src/main/java/org/jabref/logic/integrity/TypeChecker.java
9,src/test/java/org/jabref/logic/integrity/MonthCheckerTest.java
9,src/test/java/org/jabref/logic/shared/DBMSConnectionTest.java
10,src/test/java/org/jabref/cli/AuxCommandLineTest.java
5,src/test/java/org/jabref/logic/openoffice/style/StyleLoaderTest.java
4,src/test/java/org/jabref/logic/help/HelpFileTest.java
4,src/test/java/org/jabref/logic/bibtex/comparator/PreambleDiffTest.java
9,src/main/java/org/jabref/model/paging/Page.java
1,src/test/java/org/jabref/logic/layout/format/AuthorLastFirstTest.java
5,src/test/java/org/jabref/logic/importer/fetcher/CrossRefTest.java
5,src/test/java/org/jabref/logic/importer/fileformat/BiblioscapeImporterTest.java
6,src/main/java/org/jabref/gui/specialfields/SpecialFieldAction.java
2,src/main/java/org/jabref/preferences/ExternalApplicationsPreferences.java
6,src/main/java/org/jabref/model/util/ResultingStringState.java
9,src/main/java/org/jabref/logic/exporter/AtomicFileWriter.java
4,src/main/java/org/jabref/logic/importer/fetcher/ResearchGate.java
6,src/test/java/org/jabref/logic/integrity/CitationKeyDuplicationCheckerTest.java
4,src/main/java/org/jabref/model/entry/field/SpecialFieldValue.java
7,src/main/java/org/jabref/gui/externalfiles/ExternalFileSorter.java
5,src/test/java/org/jabref/logic/importer/ImportDataTest.java
1,src/main/java/org/jabref/gui/collab/groupchange/GroupChangeDetailsView.java
5,src/main/java/org/jabref/logic/formatter/bibtexfields/NormalizeDateFormatter.java
5,src/main/java/org/jabref/model/entry/types/BiblatexApaEntryType.java
4,src/main/java/org/jabref/gui/groups/UndoableModifySubtree.java
4,src/test/java/org/jabref/logic/importer/util/ShortDOIServiceTest.java
6,src/main/java/org/jabref/logic/exporter/OpenDocumentRepresentation.java
4,src/test/java/org/jabref/gui/autocompleter/AppendPersonNamesStrategyTest.java
6,src/main/java/org/jabref/logic/integrity/BracketChecker.java
1,src/main/java/org/jabref/logic/layout/format/JournalAbbreviator.java
5,src/main/java/org/jabref/logic/openoffice/frontend/UpdateBibliography.java
4,src/test/java/org/jabref/logic/citationkeypattern/MakeLabelWithDatabaseTest.java
4,src/test/java/org/jabref/gui/entryeditor/SourceTabTest.java
5,src/main/java/org/jabref/logic/cleanup/FieldFormatterCleanups.java
6,src/main/java/org/jabref/model/openoffice/style/CitationGroup.java
5,src/test/java/org/jabref/logic/msbib/MSBibConverterTest.java
7,src/main/java/org/jabref/gui/maintable/RightClickMenu.java
4,src/main/java/org/jabref/gui/util/FieldsUtil.java
6,src/main/java/org/jabref/model/entry/event/EntryChangedEvent.java
12,src/main/java/org/jabref/model/openoffice/ootext/OOTextIntoOO.java
6,src/main/java/org/jabref/logic/importer/util/GrobidService.java
4,src/main/java/org/jabref/gui/undo/UndoableRemoveEntries.java
7,src/main/java/org/jabref/gui/openoffice/ManageCitationsDialogView.java
4,src/main/java/org/jabref/logic/bst/util/BstTextPrefixer.java
4,src/main/java/org/jabref/gui/edit/automaticfiededitor/AbstractAutomaticFieldEditorTabViewModel.java
5,src/main/java/org/jabref/logic/importer/fileformat/PdfMergeMetadataImporter.java
6,src/main/java/org/jabref/gui/externalfiles/GitIgnoreFileFilter.java
9,src/test/java/org/jabref/logic/importer/fetcher/transformers/DBLPQueryTransformerTest.java
4,src/main/java/org/jabref/model/openoffice/rangesort/RangeSortable.java
9,src/test/java/org/jabref/logic/formatter/bibtexfields/HtmlToLatexFormatterTest.java
4,src/test/java/org/jabref/logic/cleanup/ISSNCleanupTest.java
1,src/main/java/org/jabref/logic/shared/listener/OracleNotificationListener.java
5,src/main/java/org/jabref/logic/layout/format/DocBookVersion.java
1,src/main/java/org/jabref/gui/mergeentries/newmergedialog/fieldsmerger/FieldMerger.java
1,src/test/java/org/jabref/logic/auxparser/DefaultAuxParserTest.java
1,src/main/java/org/jabref/model/search/rules/FullTextSearchRule.java
1,src/test/java/org/jabref/logic/formatter/bibtexfields/NormalizeDateFormatterTest.java
7,src/main/java/org/jabref/gui/help/VersionWorker.java
9,src/main/java/org/jabref/logic/layout/StringInt.java
4,src/main/java/org/jabref/model/openoffice/rangesort/RangeSortVisual.java
1,src/main/java/org/jabref/gui/sidepane/TogglePaneAction.java
1,src/test/java/org/jabref/model/entry/BibEntryTypesManagerTest.java
9,src/main/java/org/jabref/model/entry/types/IEEETranEntryTypeDefinitions.java
5,src/test/java/org/jabref/logic/formatter/bibtexfields/CleanupUrlFormatterTest.java
6,src/main/java/org/jabref/gui/maintable/MainTableFieldValueFormatter.java
7,src/main/java/org/jabref/gui/util/StreamGobbler.java
1,src/main/java/org/jabref/gui/mergeentries/DiffHighlightingEllipsingTextFlow.java
5,src/test/java/org/jabref/logic/texparser/LatexParserTest.java
9,src/main/java/org/jabref/model/openoffice/style/ComparableCitedKey.java
4,src/main/java/org/jabref/model/entry/field/UnknownField.java
9,src/main/java/org/jabref/logic/undo/UndoChangeEvent.java
1,src/main/java/org/jabref/logic/integrity/YearChecker.java
5,src/test/java/org/jabref/model/openoffice/CitationEntryTest.java
12,src/main/java/org/jabref/model/database/BibDatabaseContext.java
4,src/main/java/org/jabref/logic/formatter/bibtexfields/RegexFormatter.java
1,src/main/java/org/jabref/gui/util/UiThreadList.java
1,src/main/java/org/jabref/gui/documentviewer/DocumentViewerViewModel.java
9,src/main/java/org/jabref/logic/shared/event/SharedEntriesNotPresentEvent.java
6,src/main/java/org/jabref/model/schema/DublinCoreSchemaCustom.java
5,src/test/java/org/jabref/model/entry/KeywordTest.java
1,src/main/java/org/jabref/model/openoffice/CitationEntry.java
4,src/main/java/org/jabref/gui/entryeditor/fileannotationtab/FileAnnotationTabViewModel.java
5,src/main/java/org/jabref/logic/layout/format/AuthorFirstFirst.java
7,src/main/java/org/jabref/gui/util/uithreadaware/UiThreadInvalidationListener.java
5,src/main/java/org/jabref/logic/openoffice/style/OOProcess.java
6,src/main/java/org/jabref/gui/util/DirectoryDialogConfiguration.java
6,src/main/java/org/jabref/gui/preferences/keybindings/KeyBindingViewModel.java
9,src/main/java/org/jabref/logic/importer/fetcher/isbntobibtex/IsbnFetcher.java
4,src/test/java/org/jabref/logic/importer/fetcher/isbntobibtex/EbookDeIsbnFetcherTest.java
5,src/main/java/org/jabref/logic/importer/fetcher/IacrEprintFetcher.java
5,src/main/java/org/jabref/logic/importer/fetcher/MedlineFetcher.java
1,src/test/java/org/jabref/logic/importer/fileformat/CustomImporterTest.java
5,src/test/java/org/jabref/logic/importer/fileformat/RISImporterFilesTest.java
5,src/main/java/org/jabref/model/openoffice/uno/UnoTextDocument.java
6,src/main/java/org/jabref/gui/groups/GroupDialogHeader.java
6,src/test/java/org/jabref/logic/cleanup/ConvertToBibtexCleanupTest.java
1,src/main/java/org/jabref/logic/layout/format/DOIStrip.java
5,src/main/java/org/jabref/model/openoffice/style/CitationMarkerNumericBibEntry.java
4,src/main/java/org/jabref/gui/util/StreamGobbler.java
9,src/main/java/org/jabref/model/entry/event/FieldAddedOrRemovedEvent.java
5,src/main/java/org/jabref/logic/net/ssl/SSLPreferences.java
6,src/test/java/org/jabref/logic/importer/fetcher/SemanticScholarTest.java
4,src/test/java/org/jabref/logic/layout/format/EntryTypeFormatterTest.java
12,src/main/java/org/jabref/model/entry/field/BibField.java
4,src/main/java/org/jabref/gui/externalfiles/AutoSetFileLinksUtil.java
7,src/main/java/org/jabref/gui/importer/ImportCustomEntryTypesDialog.java
5,src/main/java/org/jabref/logic/layout/format/ToUpperCase.java
9,src/test/java/org/jabref/logic/importer/fetcher/ACSTest.java
6,src/main/java/org/jabref/gui/bibtexextractor/ExtractBibtexDialog.java
1,src/main/java/org/jabref/gui/DefaultInjector.java
1,src/main/java/org/jabref/logic/openoffice/action/EditInsert.java
9,src/main/java/org/jabref/model/openoffice/rangesort/RangeSort.java
6,src/main/java/org/jabref/logic/citationstyle/JabRefItemDataProvider.java
4,src/main/java/org/jabref/logic/importer/fileformat/BiblioscapeImporter.java
1,src/main/java/org/jabref/gui/util/FieldsUtil.java
7,src/main/java/org/jabref/gui/preferences/entryeditortabs/CustomEditorFieldsTab.java
1,src/main/java/org/jabref/gui/sidepane/SidePaneComponent.java
1,src/main/java/org/jabref/gui/collab/preamblechange/PreambleChange.java
5,src/main/java/org/jabref/logic/importer/fileformat/SilverPlatterImporter.java
9,src/main/java/org/jabref/logic/layout/format/FormatPagesForXML.java
1,src/main/java/org/jabref/gui/util/NoSelectionModel.java
6,src/main/java/org/jabref/gui/keyboard/KeyBindingCategory.java
1,src/main/java/org/jabref/gui/util/RecursiveTreeItem.java
9,src/main/java/org/jabref/logic/layout/format/IfPlural.java
5,src/main/java/org/jabref/logic/formatter/casechanger/TitleParser.java
4,src/main/java/org/jabref/gui/preferences/customentrytypes/CustomEntryTypeViewModel.java
5,src/main/java/org/jabref/logic/integrity/EntryChecker.java
9,src/main/java/org/jabref/logic/layout/format/Ordinal.java
1,src/main/java/org/jabref/logic/layout/format/DateFormatter.java
7,src/main/java/org/jabref/gui/autocompleter/SuggestionProviders.java
4,src/test/java/org/jabref/logic/bst/BstPreviewLayoutTest.java
1,src/main/java/org/jabref/gui/entryeditor/EntryEditor.java
4,src/main/java/org/jabref/logic/importer/fetcher/ACMPortalFetcher.java
1,src/test/java/org/jabref/logic/l10n/LocalizationKeyParamsTest.java
9,src/test/java/org/jabref/logic/integrity/CitationKeyDuplicationCheckerTest.java
9,src/main/java/org/jabref/logic/formatter/bibtexfields/ShortenDOIFormatter.java
6,src/main/java/org/jabref/gui/preferences/entryeditortabs/CustomEditorFieldsTab.java
6,src/test/java/org/jabref/logic/layout/format/FirstPageTest.java
1,src/main/java/org/jabref/logic/xmp/EncryptedPdfsNotSupportedException.java
1,src/test/java/org/jabref/gui/theme/ThemeTest.java
7,src/main/java/org/jabref/gui/mergeentries/newmergedialog/fieldsmerger/GroupMerger.java
1,src/main/java/org/jabref/logic/formatter/bibtexfields/RemoveHyphenatedNewlinesFormatter.java
4,buildSrc/src/copied/java/org/jabref/logic/journals/AbbreviationParser.java
12,src/main/java/org/jabref/model/entry/event/EntriesEvent.java
9,src/main/java/org/jabref/model/database/BibDatabaseModeDetection.java
6,src/main/java/org/jabref/gui/preferences/groups/GroupsTabViewModel.java
1,src/main/java/org/jabref/model/entry/types/BiblatexSoftwareEntryType.java
1,src/main/java/org/jabref/gui/actions/ActionFactory.java
1,src/main/java/org/jabref/logic/util/io/RegExpBasedFileFinder.java
4,src/main/java/org/jabref/logic/openoffice/frontend/UpdateBibliography.java
4,src/main/java/org/jabref/gui/collab/DatabaseChangeDetailsView.java
7,src/main/java/org/jabref/gui/preferences/customentrytypes/EntryTypeViewModel.java
5,src/main/java/org/jabref/logic/formatter/bibtexfields/UnitsToLatexFormatter.java
1,src/test/java/org/jabref/model/entry/IdGeneratorTest.java
6,src/main/java/org/jabref/logic/protectedterms/ProtectedTermsPreferences.java
9,src/main/java/org/jabref/model/openoffice/uno/UnoProperties.java
4,src/main/java/org/jabref/logic/exporter/BibtexDatabaseWriter.java
5,src/test/java/org/jabref/logic/importer/fileformat/BiblioscapeImporterTypesTest.java
5,src/main/java/org/jabref/model/entry/types/EntryType.java
4,src/test/java/org/jabref/model/groups/WordKeywordGroupTest.java
6,src/main/java/org/jabref/logic/layout/format/AuthorFirstLastOxfordCommas.java
4,src/main/java/org/jabref/logic/msbib/BibTeXConverter.java
1,src/main/java/org/jabref/model/openoffice/style/NonUniqueCitationMarker.java
1,src/test/java/org/jabref/logic/importer/AuthorListParserTest.java
7,src/main/java/org/jabref/gui/cleanup/CleanupPresetPanel.java
5,src/main/java/org/jabref/logic/citationstyle/CitationStyleGenerator.java
5,src/main/java/org/jabref/logic/bibtex/comparator/FieldComparator.java
6,src/main/java/org/jabref/logic/util/strings/UnicodeLigaturesMap.java
6,src/main/java/org/jabref/gui/edit/ManageKeywordsAction.java
6,src/main/java/org/jabref/model/entry/IdGenerator.java
12,src/test/java/org/jabref/model/entry/MonthTest.java
9,src/test/java/org/jabref/model/entry/CrossrefTest.java
4,src/main/java/org/jabref/gui/preferences/external/ExternalTabViewModel.java
12,src/main/java/org/jabref/model/entry/field/InternalField.java
9,src/main/java/org/jabref/logic/integrity/MonthChecker.java
5,src/main/java/org/jabref/logic/importer/fetcher/transformers/IEEEQueryTransformer.java
4,src/test/java/org/jabref/logic/bst/util/BstNameFormatterTest.java
1,src/main/java/org/jabref/logic/importer/fileformat/MarcXmlParser.java
5,src/main/java/org/jabref/model/entry/event/FieldChangedEvent.java
1,src/test/java/org/jabref/logic/formatter/bibtexfields/ReplaceWithEscapedDoubleQuotesTest.java
1,src/main/java/org/jabref/gui/collab/entryadd/EntryAdd.java
6,src/main/java/org/jabref/model/openoffice/uno/UnoTextSection.java
5,src/main/java/org/jabref/logic/formatter/casechanger/TitleCaseFormatter.java
5,src/test/java/org/jabref/logic/util/io/FileNameUniquenessTest.java
5,src/test/java/org/jabref/logic/importer/fetcher/transformers/YearRangeByFilteringQueryTransformerTest.java
5,src/main/java/org/jabref/model/entry/types/BiblatexAPAEntryTypeDefinitions.java
6,src/main/java/org/jabref/logic/util/io/FileUtil.java
6,src/main/java/org/jabref/gui/libraryproperties/general/GeneralPropertiesView.java
6,src/main/java/org/jabref/logic/shared/DatabaseSynchronizer.java
7,src/main/java/org/jabref/gui/integrity/IntegrityCheckAction.java
4,src/main/java/org/jabref/gui/fieldeditors/JournalEditorViewModel.java
12,src/main/java/org/jabref/model/util/FileUpdateMonitor.java
5,src/main/java/org/jabref/logic/bibtex/comparator/EntryComparator.java
1,src/main/java/org/jabref/logic/layout/LayoutFormatterPreferences.java
5,src/main/java/org/jabref/model/openoffice/util/OOResult.java
9,src/test/java/org/jabref/logic/bst/BstVMTest.java
4,src/main/java/org/jabref/model/openoffice/rangesort/RangeSortEntry.java
6,src/test/java/org/jabref/gui/keyboard/KeyBindingsTabModelTest.java
5,src/main/java/org/jabref/logic/l10n/Encodings.java
7,src/main/java/org/jabref/gui/copyfiles/CopyFilesResultItemViewModel.java
1,src/main/java/org/jabref/logic/util/io/XMLUtil.java
4,src/main/java/org/jabref/logic/citationstyle/CitationStyle.java
7,src/main/java/org/jabref/gui/duplicationFinder/DuplicateResolverDialog.java
7,src/main/java/org/jabref/gui/actions/Sources.java
4,src/main/java/org/jabref/gui/groups/GroupViewMode.java
4,src/main/java/org/jabref/gui/ClipBoardManager.java
1,src/test/java/org/jabref/logic/remote/RemotePreferencesTest.java
4,src/test/java/org/jabref/logic/l10n/LanguageTest.java
9,src/main/java/org/jabref/logic/integrity/TitleChecker.java
4,src/main/java/org/jabref/logic/util/io/FileFinders.java
4,src/main/java/org/jabref/logic/remote/server/RemoteListenerServer.java
4,src/test/java/org/jabref/logic/importer/fileformat/RISImporterTest.java
6,src/main/java/org/jabref/logic/layout/format/CreateDocBook4Authors.java
6,src/main/java/org/jabref/logic/importer/fetcher/transformers/YearRangeByFilteringQueryTransformer.java
6,src/main/java/org/jabref/gui/slr/StudyDatabaseItem.java
5,src/test/java/org/jabref/logic/integrity/DateCheckerTest.java
6,src/main/java/org/jabref/logic/importer/fileformat/medline/Investigator.java
12,src/test/java/org/jabref/model/groups/TexGroupTest.java
1,src/main/java/org/jabref/model/openoffice/rangesort/RangeHolder.java
12,src/main/java/org/jabref/model/search/matchers/MatcherSets.java
7,src/main/java/org/jabref/gui/groups/GroupTreeView.java
6,src/main/java/org/jabref/logic/layout/format/AuthorLastFirstOxfordCommas.java
1,src/test/java/org/jabref/logic/importer/DatabaseFileLookupTest.java
9,src/test/java/org/jabref/logic/protectedterms/ProtectedTermsLoaderTest.java
5,src/test/java/org/jabref/logic/util/strings/StringLengthComparatorTest.java
5,src/main/java/org/jabref/model/openoffice/ootext/OOTextIntoOO.java
6,src/test/java/org/jabref/logic/citationkeypattern/BracketedPatternTest.java
5,src/main/java/org/jabref/logic/shared/exception/SharedEntryNotPresentException.java
4,src/main/java/org/jabref/logic/shared/DBMSConnectionPropertiesBuilder.java
5,src/main/java/org/jabref/logic/layout/format/FirstPage.java
4,src/main/java/org/jabref/gui/LibraryTab.java
1,src/main/java/org/jabref/gui/autocompleter/PersonNameStringConverter.java
4,src/main/java/org/jabref/logic/layout/format/FileLink.java
1,src/main/java/org/jabref/gui/externalfiles/FileFilterUtils.java
9,src/test/java/org/jabref/logic/importer/fetcher/transformers/ZbMathQueryTransformerTest.java
1,src/main/java/org/jabref/gui/search/rules/describer/SearchDescriber.java
1,src/test/java/org/jabref/logic/formatter/bibtexfields/NormalizePagesFormatterTest.java
9,src/test/java/org/jabref/logic/bibtex/comparator/GroupDiffTest.java
7,src/main/java/org/jabref/gui/groups/GroupModeViewModel.java
4,src/main/java/org/jabref/gui/util/comparator/NumericFieldComparator.java
9,src/test/java/org/jabref/logic/importer/fileformat/ModsImporterFilesTest.java
7,src/main/java/org/jabref/gui/collab/DatabaseChangeResolverFactory.java
6,src/test/java/org/jabref/logic/integrity/DoiValidityCheckerTest.java
7,src/main/java/org/jabref/gui/fieldeditors/contextmenu/EditorMenus.java
4,src/test/java/org/jabref/logic/l10n/LocalizationConsistencyTest.java
9,src/test/java/org/jabref/logic/msbib/MsBibMappingTest.java
5,src/test/java/org/jabref/model/database/BibDatabaseContextTest.java
1,src/main/java/org/jabref/logic/importer/fetcher/TitleFetcher.java
6,src/main/java/org/jabref/gui/linkedfile/DeleteFileAction.java
6,src/main/java/org/jabref/logic/importer/FulltextFetcher.java
7,src/main/java/org/jabref/gui/preferences/externalfiletypes/EditExternalFileTypeEntryDialog.java
6,src/main/java/org/jabref/logic/citationkeypattern/CitationKeyPatternPreferences.java
4,src/test/java/org/jabref/logic/autosaveandbackup/BackupManagerDiscardedTest.java
9,src/main/java/org/jabref/logic/importer/fileformat/mods/Name.java
1,src/test/java/org/jabref/logic/formatter/bibtexfields/HtmlToLatexFormatterTest.java
4,src/main/java/org/jabref/gui/preferences/entryeditortabs/CustomEditorFieldsTabViewModel.java
4,src/main/java/org/jabref/gui/help/AboutAction.java
12,src/main/java/org/jabref/model/entry/field/SpecialField.java
1,src/main/java/org/jabref/gui/mergeentries/newmergedialog/cell/ThreeWayMergeCell.java
4,src/main/java/org/jabref/logic/shared/DatabaseSynchronizer.java
9,src/main/java/org/jabref/logic/cleanup/FieldFormatterCleanups.java
1,src/main/java/org/jabref/logic/importer/fileformat/mods/Name.java
7,src/main/java/org/jabref/gui/preferences/keybindings/presets/NewEntryBindingPreset.java
4,src/main/java/org/jabref/logic/exporter/AtomicFileOutputStream.java
5,src/main/java/org/jabref/logic/shared/listener/OracleNotificationListener.java
4,src/main/java/org/jabref/logic/layout/format/AuthorLastFirstCommas.java
4,src/test/java/org/jabref/logic/formatter/bibtexfields/CleanupUrlFormatterTest.java
6,src/main/java/org/jabref/gui/util/JabRefResourceLocator.java
7,src/main/java/org/jabref/gui/mergeentries/newmergedialog/fieldsmerger/FieldMergerFactory.java
6,src/main/java/org/jabref/gui/preferences/linkedfiles/LinkedFilesTabViewModel.java
9,src/main/java/org/jabref/model/search/rules/GrammarBasedSearchRule.java
4,src/test/java/org/jabref/logic/importer/fileformat/MrDLibImporterTest.java
1,src/test/java/org/jabref/logic/importer/fetcher/CompositeIdFetcherTest.java
1,src/main/java/org/jabref/logic/shared/DBMSConnectionPropertiesBuilder.java
4,src/main/java/org/jabref/logic/database/DuplicateCheck.java
4,src/main/java/org/jabref/logic/importer/fetcher/MedlineFetcher.java
12,src/main/java/org/jabref/model/database/BibDatabaseModeDetection.java
7,src/main/java/org/jabref/gui/libraryproperties/general/GeneralPropertiesView.java
7,src/main/java/org/jabref/gui/util/FileDialogConfiguration.java
1,src/main/java/org/jabref/gui/fieldeditors/YesNoEditorViewModel.java
12,src/test/java/org/jabref/model/entry/field/SpecialFieldTest.java
4,src/main/java/org/jabref/logic/util/strings/RtfCharMap.java
1,src/test/java/org/jabref/logic/importer/fetcher/transformers/DefaultQueryTransformerTest.java
1,src/main/java/org/jabref/gui/autocompleter/JournalsSuggestionProvider.java
6,src/test/java/org/jabref/logic/importer/fetcher/transformers/YearRangeByFilteringQueryTransformerTest.java
4,src/main/java/org/jabref/logic/importer/FulltextFetcher.java
1,src/main/java/org/jabref/logic/shared/exception/SharedEntryNotPresentException.java
7,src/main/java/org/jabref/gui/edit/automaticfiededitor/AbstractAutomaticFieldEditorTabViewModel.java
7,src/main/java/org/jabref/gui/preferences/nameformatter/NameFormatterItemModel.java
9,src/test/java/org/jabref/logic/util/ExternalLinkCreatorTest.java
6,src/test/java/org/jabref/logic/formatter/casechanger/UnprotectTermsFormatterTest.java
5,src/main/java/org/jabref/logic/cleanup/TimeStampToModificationDate.java
6,src/main/java/org/jabref/gui/preferences/external/ExternalTab.java
6,src/main/java/org/jabref/gui/theme/StyleSheetResource.java
5,src/test/java/org/jabref/logic/l10n/JavaLocalizationEntryParserTest.java
9,src/main/java/org/jabref/logic/shared/DBMSSynchronizer.java
1,src/main/java/org/jabref/logic/importer/fileformat/CoinsParser.java
6,src/main/java/org/jabref/logic/layout/format/AuthorAndsCommaReplacer.java
1,src/main/java/org/jabref/logic/integrity/BracesCorrector.java
7,src/main/java/org/jabref/gui/preferences/protectedterms/ProtectedTermsTabViewModel.java
9,src/main/java/org/jabref/logic/importer/FulltextFetchers.java
9,src/main/java/org/jabref/model/groups/AutomaticKeywordGroup.java
1,src/main/java/org/jabref/logic/importer/EntryBasedParserFetcher.java
1,src/main/java/org/jabref/logic/importer/fileformat/MedlinePlainImporter.java
1,src/main/java/org/jabref/logic/util/io/FileFinders.java
5,src/test/java/org/jabref/logic/layout/format/AuthorLF_FFAbbrTest.java
6,src/test/java/org/jabref/gui/commonfxcontrols/SaveOrderPanelViewModelTest.java
6,src/main/java/org/jabref/logic/msbib/MSBibEntry.java
1,src/main/java/org/jabref/model/entry/BibEntryType.java
5,src/test/java/org/jabref/logic/layout/format/AuthorLastFirstAbbrOxfordCommasTest.java
1,src/main/java/org/jabref/model/entry/event/FieldAddedOrRemovedEvent.java
5,src/main/java/org/jabref/logic/layout/format/NoSpaceBetweenAbbreviations.java
1,src/main/java/org/jabref/gui/groups/UndoableMoveGroup.java
1,src/main/java/org/jabref/gui/texparser/ParseLatexDialogViewModel.java
1,src/main/java/org/jabref/logic/openoffice/backend/GetContext.java
6,src/main/java/org/jabref/gui/texparser/ParseLatexDialogView.java
2,src/main/java/org/jabref/preferences/PreferencesService.java
5,src/test/java/org/jabref/logic/net/ProxyTest.java
9,src/main/java/org/jabref/model/openoffice/uno/CreationException.java
5,src/main/java/org/jabref/logic/integrity/DateChecker.java
4,src/main/java/org/jabref/gui/fieldeditors/MonthEditorViewModel.java
5,src/main/java/org/jabref/logic/shared/OracleProcessor.java
9,src/test/java/org/jabref/logic/integrity/UrlCheckerTest.java
6,src/main/java/org/jabref/logic/importer/fetcher/MedlineFetcher.java
2,src/main/java/org/jabref/preferences/AppearancePreferences.java
12,src/main/java/org/jabref/model/openoffice/style/ComparableCitation.java
5,src/main/java/org/jabref/logic/layout/format/RemoveWhitespace.java
4,src/main/java/org/jabref/logic/importer/fetcher/LibraryOfCongress.java
6,src/test/java/org/jabref/logic/importer/fileformat/MrDLibImporterTest.java
6,src/main/java/org/jabref/logic/bibtex/BibEntryWriter.java
1,src/main/java/org/jabref/gui/util/component/Tag.java
1,src/main/java/org/jabref/gui/util/uithreadaware/UiThreadChangeListener.java
1,src/test/java/org/jabref/logic/importer/fileformat/PdfMergeMetadataImporterTest.java
5,src/main/java/org/jabref/logic/layout/format/DOICheck.java
7,src/main/java/org/jabref/gui/util/component/TemporalAccessorPicker.java
9,src/main/java/org/jabref/logic/formatter/minifier/MinifyNameListFormatter.java
4,src/main/java/org/jabref/logic/importer/fetcher/AbstractIsbnFetcher.java
6,src/main/java/org/jabref/logic/importer/fetcher/CrossRef.java
4,src/main/java/org/jabref/gui/edit/automaticfiededitor/AutomaticFieldEditorAction.java
9,src/test/java/org/jabref/logic/importer/fetcher/JstorFetcherTest.java
9,src/main/java/org/jabref/logic/TypedBibEntry.java
4,src/main/java/org/jabref/logic/importer/fetcher/DOAJFetcher.java
12,src/main/java/org/jabref/model/entry/types/BiblatexEntryTypeDefinitions.java
7,src/main/java/org/jabref/gui/edit/ManageKeywordsAction.java
1,src/test/java/org/jabref/logic/layout/format/AuthorNatBibTest.java
1,src/main/java/org/jabref/logic/layout/format/RTFChars.java
6,src/main/java/org/jabref/gui/util/IconValidationDecorator.java
9,src/test/java/org/jabref/logic/shared/DBMSSynchronizerTest.java
5,src/main/java/org/jabref/model/entry/field/SpecialFieldValue.java
7,src/main/java/org/jabref/gui/fieldeditors/DateEditorViewModel.java
1,src/test/java/org/jabref/logic/integrity/HTMLCharacterCheckerTest.java
7,src/main/java/org/jabref/gui/externalfiles/FileFilterUtils.java
6,src/test/java/org/jabref/logic/importer/fetcher/AstrophysicsDataSystemTest.java
7,src/main/java/org/jabref/gui/util/RecursiveTreeItem.java
4,src/main/java/org/jabref/logic/exporter/ExporterFactory.java
1,src/main/java/org/jabref/logic/bst/BstVM.java
1,src/main/java/org/jabref/logic/openoffice/style/OOBibStyle.java
4,src/main/java/org/jabref/gui/autocompleter/AutoCompleteFirstNameMode.java
5,src/main/java/org/jabref/model/openoffice/uno/UnoProperties.java
4,src/test/java/org/jabref/logic/importer/fetcher/AstrophysicsDataSystemTest.java
5,src/main/java/org/jabref/logic/formatter/bibtexfields/RemoveDigitsFormatter.java
6,src/test/java/org/jabref/logic/importer/fileformat/InspecImporterTest.java
1,src/main/java/org/jabref/gui/preferences/entryeditor/EntryEditorTabViewModel.java
4,src/main/java/org/jabref/gui/maintable/columns/MainTableColumn.java
1,src/test/java/org/jabref/logic/bibtex/BibEntryAssert.java
9,src/test/java/org/jabref/logic/exporter/BibtexDatabaseWriterTest.java
1,src/main/java/org/jabref/gui/mergeentries/newmergedialog/fieldsmerger/GroupMerger.java
1,src/main/java/org/jabref/gui/preferences/journals/AbbreviationViewModel.java
5,src/test/java/org/jabref/logic/util/FileNameCleanerTest.java
7,src/test/java/org/jabref/gui/util/TooltipTextUtilTest.java
4,src/main/java/org/jabref/gui/preferences/journals/AbbreviationsFileViewModel.java
4,src/main/java/org/jabref/gui/libraryproperties/constants/ConstantsPropertiesView.java
4,src/main/java/org/jabref/logic/layout/format/Authors.java
9,src/main/java/org/jabref/logic/exporter/GroupSerializer.java
9,src/test/java/org/jabref/logic/layout/format/AuthorAbbreviatorTest.java
5,src/test/java/org/jabref/logic/importer/fileformat/RISImporterTest.java
7,src/main/java/org/jabref/gui/edit/automaticfiededitor/renamefield/RenameFieldTabView.java
4,src/main/java/org/jabref/logic/exporter/XmpExporter.java
5,src/test/java/org/jabref/model/database/BibDatabaseModeDetectionTest.java
7,src/main/java/org/jabref/gui/slr/ManageStudyDefinitionViewModel.java
4,src/test/java/org/jabref/model/groups/ExplicitGroupTest.java
6,src/main/java/org/jabref/gui/fieldeditors/SimpleEditorViewModel.java
4,src/main/java/org/jabref/logic/layout/format/FormatPagesForXML.java
7,src/main/java/org/jabref/gui/preferences/PreferencesSearchHandler.java
6,src/main/java/org/jabref/gui/linkedfile/AttachFileFromURLAction.java
6,src/main/java/org/jabref/logic/importer/fileformat/medline/ArticleId.java
7,src/main/java/org/jabref/gui/mergeentries/MultiMergeEntriesView.java
1,src/main/java/org/jabref/model/util/ResultingStringState.java
9,src/main/java/org/jabref/model/pdf/search/PdfSearchResults.java
4,src/main/java/org/jabref/gui/shared/SharedDatabaseUIManager.java
1,src/main/java/org/jabref/model/entry/types/BiblatexSoftwareEntryTypeDefinitions.java
4,src/main/java/org/jabref/gui/preferences/PreferencesDialogView.java
4,src/main/java/org/jabref/gui/linkedfile/LinkedFileEditDialogView.java
1,src/main/java/org/jabref/gui/icon/InternalMaterialDesignIcon.java
1,src/main/java/org/jabref/model/search/rules/SentenceAnalyzer.java
6,src/main/java/org/jabref/logic/layout/format/CreateDocBook5Authors.java
1,src/main/java/org/jabref/gui/fieldeditors/SimpleEditorViewModel.java
6,src/main/java/org/jabref/model/search/matchers/MatcherSet.java
1,src/main/java/org/jabref/model/metadata/ContentSelectors.java
6,src/test/java/org/jabref/logic/bibtex/comparator/PreambleDiffTest.java
1,src/main/java/org/jabref/logic/texparser/LatexParser.java
4,src/main/java/org/jabref/gui/commonfxcontrols/CitationKeyPatternPanelItemModel.java
4,src/main/java/org/jabref/logic/formatter/IdentityFormatter.java
9,src/test/java/org/jabref/logic/exporter/XmpPdfExporterTest.java
6,src/test/java/org/jabref/gui/externalfiles/ImportHandlerTest.java
1,src/main/java/org/jabref/model/util/DummyFileUpdateMonitor.java
6,src/main/java/org/jabref/logic/util/strings/StringSimilarity.java
1,src/main/java/org/jabref/logic/layout/ParamLayoutFormatter.java
1,src/test/java/org/jabref/logic/importer/fileformat/BiblioscapeImporterTypesTest.java
4,src/main/java/org/jabref/gui/externalfiles/UnlinkedFilesDialogViewModel.java
4,src/test/java/org/jabref/model/entry/BibtexStringTest.java
5,src/test/java/org/jabref/model/database/DuplicationCheckerTest.java
4,src/main/java/org/jabref/gui/edit/automaticfiededitor/NotificationPaneAdapter.java
7,src/main/java/org/jabref/gui/autocompleter/AutoCompleteFirstNameMode.java
9,src/test/java/org/jabref/logic/importer/fetcher/DBLPFetcherTest.java
1,src/main/java/org/jabref/model/groups/WordKeywordGroup.java
9,src/test/java/org/jabref/logic/importer/fileformat/CitaviXmlImporterTest.java
1,src/main/java/org/jabref/logic/importer/util/INSPIREBibtexFilterReader.java
6,src/main/java/org/jabref/gui/undo/AbstractUndoableJabRefEdit.java
1,src/main/java/org/jabref/logic/util/MetadataSerializationConfiguration.java
7,src/main/java/org/jabref/gui/openoffice/CitationEntryViewModel.java
1,src/main/java/org/jabref/gui/push/PushToTexmaker.java
7,src/main/java/org/jabref/gui/undo/UndoableInsertEntries.java
5,src/test/java/org/jabref/logic/integrity/BibStringCheckerTest.java
5,src/main/java/org/jabref/logic/layout/format/WrapFileLinks.java
5,src/main/java/org/jabref/model/entry/BibEntryType.java
9,src/test/java/org/jabref/logic/crawler/CrawlerTest.java
5,src/main/java/org/jabref/logic/pdf/PdfAnnotationImporter.java
1,src/main/java/org/jabref/logic/importer/FetcherException.java
9,src/main/java/org/jabref/model/ChainNode.java
1,src/main/java/org/jabref/gui/util/OnlyIntegerFormatter.java
6,src/main/java/org/jabref/gui/util/RadioButtonCell.java
4,src/main/java/org/jabref/model/groups/AbstractGroup.java
6,src/main/java/org/jabref/gui/maintable/OpenFolderAction.java
7,src/main/java/org/jabref/gui/preferences/file/FileTab.java
7,src/test/java/org/jabref/gui/autocompleter/ContentSelectorSuggestionProviderTest.java
12,src/main/java/org/jabref/model/openoffice/uno/UnoNameAccess.java
4,src/main/java/org/jabref/logic/formatter/casechanger/CapitalizeFormatter.java
4,src/main/java/org/jabref/gui/externalfiles/UnlinkedFilesCrawler.java
4,src/main/java/org/jabref/logic/xmp/DublinCoreExtractor.java
5,src/test/java/org/jabref/logic/formatter/bibtexfields/OrdinalsToSuperscriptFormatterTest.java
9,src/main/java/org/jabref/logic/pdf/TextExtractor.java
6,src/main/java/org/jabref/gui/groups/GroupDialogView.java
7,src/main/java/org/jabref/gui/theme/StyleSheetResource.java
6,src/main/java/org/jabref/model/entry/Date.java
1,src/main/java/org/jabref/logic/bst/BstPreviewLayout.java
4,src/test/java/org/jabref/logic/formatter/bibtexfields/RegexFormatterTest.java
1,src/main/java/org/jabref/model/openoffice/util/OOResult.java
6,src/test/java/org/jabref/logic/importer/fetcher/transformers/SuffixTransformerTest.java
6,src/main/java/org/jabref/gui/fieldeditors/DateEditor.java
1,src/test/java/org/jabref/logic/layout/format/ToLowerCaseTest.java
4,src/test/java/org/jabref/logic/pdf/PdfAnnotationImporterTest.java
6,src/test/java/org/jabref/logic/formatter/bibtexfields/NormalizeEnDashesFormatterTest.java
6,src/test/java/org/jabref/logic/formatter/bibtexfields/UnicodeConverterTest.java
4,src/main/java/org/jabref/logic/cleanup/RenamePdfCleanup.java
4,src/test/java/org/jabref/logic/importer/fileformat/OvidImporterTest.java
6,src/test/java/org/jabref/model/database/KeyChangeListenerTest.java
6,src/main/java/org/jabref/logic/layout/LayoutEntry.java
7,src/main/java/org/jabref/gui/fieldeditors/identifier/DoiIdentifierEditorViewModel.java
7,src/main/java/org/jabref/gui/externalfiles/FindUnlinkedFilesAction.java
1,src/test/java/org/jabref/logic/importer/fetcher/INSPIREFetcherTest.java
5,src/main/java/org/jabref/logic/formatter/bibtexfields/ReplaceTabsBySpaceFormater.java
6,src/main/java/org/jabref/logic/util/FileType.java
4,src/main/java/org/jabref/gui/preferences/appearance/AppearanceTab.java
4,src/main/java/org/jabref/logic/importer/fileformat/mods/package-info.java
11,src/main/java/org/jabref/preferences/ExternalApplicationsPreferences.java
5,src/test/java/org/jabref/logic/importer/QueryParserTest.java
5,src/main/java/org/jabref/logic/undo/UndoChangeEvent.java
4,src/main/java/org/jabref/gui/actions/StandardActions.java
4,src/main/java/org/jabref/gui/push/PushToEmacsSettings.java
4,src/main/java/org/jabref/gui/preview/PreviewPanel.java
9,src/test/java/org/jabref/logic/importer/fileformat/PdfXmpImporterTest.java
6,src/main/java/org/jabref/logic/importer/CompositeIdFetcher.java
12,src/test/java/org/jabref/model/database/DuplicationCheckerTest.java
4,src/main/java/org/jabref/gui/preferences/protectedterms/ProtectedTermsTabViewModel.java
1,src/test/java/org/jabref/logic/importer/ImporterTest.java
4,src/main/java/org/jabref/gui/exporter/ExportToClipboardAction.java
12,src/main/java/org/jabref/model/openoffice/util/OOResult.java
6,src/main/java/org/jabref/logic/importer/fileformat/mods/RecordInfo.java
7,src/main/java/org/jabref/gui/edit/automaticfiededitor/copyormovecontent/CopyOrMoveFieldContentTabView.java
4,src/test/java/org/jabref/logic/integrity/IntegrityCheckTest.java
1,src/main/java/org/jabref/logic/formatter/bibtexfields/NormalizeEnDashesFormatter.java
9,src/main/java/org/jabref/model/openoffice/rangesort/RangeSortable.java
5,src/test/java/org/jabref/logic/importer/fetcher/ScienceDirectTest.java
4,src/test/java/org/jabref/logic/importer/fetcher/AbstractIsbnFetcherTest.java
6,src/main/java/org/jabref/model/entry/field/BiblatexApaField.java
4,src/main/java/org/jabref/logic/integrity/ValueChecker.java
6,src/main/java/org/jabref/model/entry/types/BiblatexSoftwareEntryType.java
9,src/test/java/org/jabref/logic/importer/fileformat/SilverPlatterImporterTest.java
5,src/main/java/org/jabref/model/entry/Date.java
7,src/main/java/org/jabref/gui/mergeentries/DiffMode.java
6,src/main/java/org/jabref/gui/util/ViewModelTreeTableCellFactory.java
6,src/main/java/org/jabref/logic/layout/format/CreateBibORDFAuthors.java
9,src/main/java/org/jabref/model/entry/types/EntryType.java
9,src/main/java/org/jabref/logic/formatter/bibtexfields/NormalizeDateFormatter.java
6,src/main/java/org/jabref/gui/maintable/columns/FileColumn.java
1,src/main/java/org/jabref/logic/importer/fileformat/mods/RecordInfo.java
6,src/main/java/org/jabref/logic/citationstyle/CSLAdapter.java
6,src/main/java/org/jabref/logic/layout/format/EntryTypeFormatter.java
4,src/main/java/org/jabref/model/entry/types/EntryType.java
6,src/main/java/org/jabref/gui/citationkeypattern/GenerateCitationKeySingleAction.java
5,src/test/java/org/jabref/logic/exporter/OpenOfficeDocumentCreatorTest.java
5,src/test/java/org/jabref/logic/bibtex/comparator/MetaDataDiffTest.java
6,src/main/java/org/jabref/gui/edit/automaticfiededitor/editfieldcontent/EditFieldContentTabView.java
1,src/main/java/org/jabref/logic/formatter/bibtexfields/NormalizeDateFormatter.java
5,src/main/java/org/jabref/logic/cleanup/CleanupWorker.java
6,src/main/java/org/jabref/logic/util/StandardFileType.java
7,src/test/java/org/jabref/gui/autocompleter/SuggestionProvidersTest.java
5,src/main/java/org/jabref/logic/citationstyle/CitationStylePreviewLayout.java
5,src/test/java/org/jabref/logic/integrity/TitleCheckerTest.java
6,src/main/java/org/jabref/logic/exporter/XmpPdfExporter.java
4,src/main/java/org/jabref/gui/util/component/DiffHighlightingTextPane.java
1,src/main/java/org/jabref/logic/importer/fetcher/OpenAccessDoi.java
9,src/main/java/org/jabref/model/entry/event/FieldChangedEvent.java
4,src/test/java/org/jabref/logic/layout/format/AuthorLF_FFAbbrTest.java
6,src/main/java/org/jabref/logic/autosaveandbackup/BackupManager.java
4,src/main/java/org/jabref/gui/edit/automaticfiededitor/editfieldcontent/EditFieldContentTabView.java
1,src/test/java/org/jabref/logic/importer/ParserResultTest.java
7,src/main/java/org/jabref/gui/commonfxcontrols/SortCriterionViewModel.java
4,src/main/java/org/jabref/gui/exporter/SaveDatabaseAction.java
6,src/main/java/org/jabref/logic/shared/DBMSConnectionProperties.java
5,src/main/java/org/jabref/logic/pdf/search/indexing/IndexingTaskManager.java
6,src/main/java/org/jabref/logic/net/URLDownload.java
9,src/main/java/org/jabref/logic/formatter/Formatters.java
4,src/main/java/org/jabref/logic/importer/fetcher/CustomizableKeyFetcher.java
5,src/test/java/org/jabref/logic/pdf/search/indexing/PdfIndexerTest.java
9,src/main/java/org/jabref/logic/bst/BstEntry.java
6,src/main/java/org/jabref/gui/preferences/customimporter/CustomImporterTabViewModel.java
9,src/test/java/org/jabref/logic/bibtex/comparator/MetaDataDiffTest.java
6,src/main/java/org/jabref/logic/formatter/bibtexfields/RemoveDigitsFormatter.java
7,src/main/java/org/jabref/gui/documentviewer/ShowDocumentViewerAction.java
7,src/main/java/org/jabref/gui/collab/DatabaseChangeListener.java
5,src/main/java/org/jabref/logic/importer/fetcher/CrossRef.java
5,src/main/java/org/jabref/model/groups/AutomaticPersonsGroup.java
7,src/main/java/org/jabref/gui/externalfiles/UnlinkedPDFFileFilter.java
1,src/main/java/org/jabref/gui/entryeditor/EntryEditorPreferences.java
1,src/main/java/org/jabref/logic/layout/format/IfPlural.java
1,src/main/java/org/jabref/logic/exporter/OpenOfficeDocumentCreator.java
1,src/main/java/org/jabref/gui/remote/CLIMessageHandler.java
5,src/main/java/org/jabref/logic/integrity/CitationKeyChecker.java
4,src/test/java/org/jabref/gui/edit/ReplaceStringViewModelTest.java
1,src/main/java/org/jabref/gui/duplicationFinder/DuplicateResolverDialog.java
12,src/main/java/org/jabref/model/openoffice/style/ComparableCitedKey.java
4,src/main/java/org/jabref/logic/formatter/minifier/MinifyNameListFormatter.java
4,src/main/java/org/jabref/logic/layout/format/NameFormatter.java
1,src/main/java/org/jabref/logic/importer/fileformat/MsBibImporter.java
4,src/main/java/org/jabref/gui/util/ViewModelListCellFactory.java
1,src/main/java/org/jabref/logic/layout/format/XMLChars.java
6,src/test/java/org/jabref/gui/maintable/MainTableColumnModelTest.java
5,src/main/java/org/jabref/logic/xmp/XmpPreferences.java
1,src/main/java/org/jabref/logic/importer/fileformat/CffImporter.java
1,src/main/java/org/jabref/logic/journals/AbbreviationFormat.java
4,src/main/java/org/jabref/gui/mergeentries/newmergedialog/GroupDiffMode.java
1,src/test/java/org/jabref/model/entry/CanonicalBibEntryTest.java
9,src/main/java/org/jabref/logic/openoffice/backend/GetContext.java
6,src/main/java/org/jabref/logic/importer/fetcher/transformers/AbstractQueryTransformer.java
1,src/main/java/org/jabref/gui/copyfiles/CopySingleFileAction.java
7,src/main/java/org/jabref/gui/fieldeditors/LinkedFilesEditorViewModel.java
4,src/test/java/org/jabref/model/groups/AutomaticKeywordGroupTest.java
12,src/main/java/org/jabref/model/openoffice/util/OOListUtil.java
7,src/main/java/org/jabref/gui/externalfiles/DateRange.java
9,src/main/java/org/jabref/logic/layout/format/AuthorLastFirstAbbrCommas.java
12,src/main/java/org/jabref/model/openoffice/style/CitationGroupId.java
9,src/main/java/org/jabref/logic/openoffice/style/OOBibStyle.java
1,src/main/java/org/jabref/logic/xmp/DublinCoreExtractor.java
9,src/main/java/org/jabref/model/openoffice/style/CitedKey.java
7,src/test/java/org/jabref/gui/libraryproperties/contentselectors/ContentSelectorViewModelTest.java
1,src/main/java/org/jabref/gui/util/DirectoryDialogConfiguration.java
6,src/main/java/org/jabref/logic/formatter/casechanger/SentenceCaseFormatter.java
1,src/main/java/org/jabref/gui/preview/PreviewPanel.java
9,src/test/java/org/jabref/logic/crawler/StudyDatabaseToFetcherConverterTest.java
6,src/test/java/org/jabref/logic/citationkeypattern/MakeLabelWithoutDatabaseTest.java
5,src/main/java/org/jabref/model/entry/field/OrFields.java
1,src/main/java/org/jabref/gui/commonfxcontrols/FieldFormatterCleanupsPanelViewModel.java
6,src/main/java/org/jabref/gui/preview/PreviewPanel.java
1,src/test/java/org/jabref/logic/importer/fetcher/GoogleScholarTest.java
5,src/main/java/org/jabref/logic/integrity/FieldChecker.java
5,src/main/java/org/jabref/logic/importer/fetcher/ACMPortalFetcher.java
1,src/main/java/org/jabref/logic/integrity/TypeChecker.java
7,src/main/java/org/jabref/gui/shared/ConnectToSharedDatabaseCommand.java
5,src/main/java/org/jabref/model/entry/EntryLinkList.java
5,src/main/java/org/jabref/model/openoffice/uno/UnoStyle.java
6,src/main/java/org/jabref/gui/MainApplication.java
5,src/main/java/org/jabref/logic/shared/DBMSProcessor.java
7,src/main/java/org/jabref/gui/collab/groupchange/GroupChangeDetailsView.java
9,src/main/java/org/jabref/logic/integrity/AmpersandChecker.java
5,src/test/java/org/jabref/logic/importer/fetcher/INSPIREFetcherTest.java
1,src/main/java/org/jabref/logic/shared/DBMSSynchronizer.java
1,src/test/java/org/jabref/logic/importer/fetcher/MrDLibFetcherTest.java
5,src/test/java/org/jabref/logic/layout/format/ToLowerCaseTest.java
9,src/main/java/org/jabref/model/entry/BibEntry.java
5,src/main/java/org/jabref/logic/cleanup/RelativePathsCleanup.java
7,src/main/java/org/jabref/gui/fieldeditors/identifier/BaseIdentifierEditorViewModel.java
4,src/main/java/org/jabref/logic/shared/DatabaseNotSupportedException.java
5,src/test/java/org/jabref/logic/importer/fileformat/MrDLibImporterTest.java
6,src/main/java/org/jabref/logic/openoffice/style/OOProcessNumericMarkers.java
4,src/main/java/org/jabref/gui/entryeditor/EntryEditorTab.java
7,src/main/java/org/jabref/preferences/SearchPreferences.java
5,src/main/java/org/jabref/logic/integrity/MonthChecker.java
5,src/test/java/org/jabref/model/database/KeyChangeListenerTest.java
1,src/main/java/org/jabref/logic/integrity/HowPublishedChecker.java
9,src/test/java/org/jabref/model/entry/EntryLinkListTest.java
6,src/main/java/org/jabref/gui/collab/DatabaseChangesResolverDialog.java
4,src/main/java/org/jabref/logic/layout/ParamLayoutFormatter.java
6,src/main/java/org/jabref/gui/externalfiles/DateRange.java
1,src/main/java/org/jabref/gui/EntryTypeView.java
9,src/main/java/org/jabref/model/entry/types/BibtexEntryTypeDefinitions.java
6,src/main/java/org/jabref/logic/importer/fetcher/Medra.java
1,src/main/java/org/jabref/gui/slr/StartNewStudyAction.java
1,src/main/java/org/jabref/gui/maintable/MainTableHeaderContextMenu.java
5,src/test/java/org/jabref/logic/integrity/MonthCheckerTest.java
1,src/main/java/org/jabref/logic/importer/fetcher/CollectionOfComputerScienceBibliographiesFetcher.java
9,src/test/java/org/jabref/logic/exporter/AtomicFileOutputStreamTest.java
1,src/main/java/org/jabref/gui/util/CustomTitledPaneSkin.java
4,src/main/java/org/jabref/logic/integrity/BracesCorrector.java
1,src/main/java/org/jabref/logic/importer/fetcher/BiodiversityLibrary.java
1,src/main/java/org/jabref/gui/entryeditor/OptionalFieldsTab.java
7,src/main/java/org/jabref/gui/mergeentries/newmergedialog/cell/ThreeWayMergeCellViewModel.java
6,src/test/java/org/jabref/logic/net/URLDownloadTest.java
9,src/main/java/org/jabref/logic/layout/format/Default.java
9,src/main/java/org/jabref/logic/shared/listener/OracleNotificationListener.java
4,src/test/java/org/jabref/logic/cleanup/CleanupWorkerTest.java
6,src/main/java/org/jabref/gui/preferences/file/FileTabViewModel.java
4,src/main/java/org/jabref/gui/FXDialog.java
9,src/main/java/org/jabref/logic/layout/format/RemoveWhitespace.java
4,src/main/java/org/jabref/logic/importer/fetcher/ApsFetcher.java
1,src/test/java/org/jabref/testutils/category/GUITest.java
5,src/main/java/org/jabref/model/groups/LastNameGroup.java
6,src/main/java/org/jabref/logic/citationstyle/CitationStyle.java
6,src/main/java/org/jabref/gui/mergeentries/DiffHighlighting.java
4,src/test/java/org/jabref/logic/bst/util/BstWidthCalculatorTest.java
6,src/main/java/org/jabref/logic/l10n/Encodings.java
4,src/main/java/org/jabref/logic/formatter/casechanger/UpperCaseFormatter.java
7,src/main/java/org/jabref/gui/collab/DatabaseChange.java
5,src/test/java/org/jabref/logic/bst/util/BstCaseChangersTest.java
9,src/main/java/org/jabref/logic/protectedterms/ProtectedTermsLoader.java
6,src/main/java/org/jabref/gui/fieldeditors/WriteMetadataToPdfCommand.java
6,src/main/java/org/jabref/logic/shared/DBMSProcessor.java
5,src/main/java/org/jabref/model/metadata/event/MetaDataChangedEvent.java
6,src/main/java/org/jabref/gui/autocompleter/AutoCompletionInput.java
4,src/main/java/org/jabref/gui/preferences/entryeditortabs/CustomEditorFieldsTab.java
5,src/main/java/org/jabref/logic/layout/format/LastPage.java
6,src/test/java/org/jabref/model/entry/field/StandardFieldTest.java
1,src/main/java/org/jabref/gui/preferences/external/ExternalTab.java
4,src/main/java/org/jabref/logic/cleanup/ISSNCleanup.java
9,src/test/java/org/jabref/logic/importer/fetcher/ScienceDirectTest.java
5,src/test/java/org/jabref/model/entry/BibtexStringTest.java
9,src/main/java/org/jabref/logic/importer/fetcher/isbntobibtex/EbookDeIsbnFetcher.java
6,src/main/java/org/jabref/logic/layout/format/CreateDocBook5Editors.java
4,src/main/java/org/jabref/gui/mergeentries/newmergedialog/ThreeWayMergeHeaderView.java
4,src/main/java/org/jabref/gui/fieldeditors/LinkedFileViewModel.java
1,src/main/java/org/jabref/logic/openoffice/backend/Codec52.java
5,src/main/java/org/jabref/model/util/ResultingStringState.java
1,src/main/java/org/jabref/gui/exporter/SaveAllAction.java
6,src/main/java/org/jabref/gui/mergeentries/newmergedialog/cell/HeaderCell.java
4,src/test/java/org/jabref/logic/layout/format/AuthorLF_FFTest.java
5,src/main/java/org/jabref/logic/protectedterms/ProtectedTermsParser.java
4,src/test/java/org/jabref/logic/importer/fetcher/CompositeIdFetcherTest.java
9,src/test/java/org/jabref/logic/integrity/PersonNamesCheckerTest.java
4,src/main/java/org/jabref/logic/formatter/casechanger/ProtectTermsFormatter.java
4,src/main/java/org/jabref/gui/importer/ImportCustomEntryTypesDialogViewModel.java
6,src/main/java/org/jabref/gui/preferences/citationkeypattern/CitationKeyPatternTab.java
5,src/main/java/org/jabref/logic/importer/fileformat/ModsImporter.java
9,src/test/java/org/jabref/logic/importer/fetcher/SearchBasedFetcherCapabilityTest.java
9,src/main/java/org/jabref/logic/util/io/FileUtil.java
4,src/main/java/org/jabref/gui/DragAndDropHelper.java
9,src/main/java/org/jabref/logic/layout/format/DocBookAuthorFormatter.java
1,src/main/java/org/jabref/logic/integrity/JournalInAbbreviationListChecker.java
6,src/main/java/org/jabref/gui/preferences/entryeditortabs/CustomEditorFieldsTabViewModel.java
9,src/main/java/org/jabref/logic/formatter/IdentityFormatter.java
1,src/main/java/org/jabref/logic/layout/format/NotFoundFormatter.java
9,src/main/java/org/jabref/logic/importer/fetcher/BiodiversityLibrary.java
6,src/main/java/org/jabref/gui/undo/UndoRedoAction.java
4,src/main/java/org/jabref/logic/importer/fileformat/ModsImporter.java
5,src/main/java/org/jabref/logic/formatter/bibtexfields/RegexFormatter.java
6,src/test/java/org/jabref/logic/importer/fileformat/BiblioscapeImporterTest.java
1,src/main/java/org/jabref/gui/util/TaskExecutor.java
9,src/test/java/org/jabref/logic/shared/security/PasswordTest.java
6,src/main/java/org/jabref/gui/preferences/network/NetworkTabViewModel.java
12,src/main/java/org/jabref/model/groups/KeywordGroup.java
6,src/main/java/org/jabref/model/util/MultiKeyMap.java
7,src/test/java/org/jabref/gui/util/ColorUtilTest.java
9,src/test/java/org/jabref/logic/importer/fetcher/DoiFetcherTest.java
5,src/test/java/org/jabref/logic/texparser/TexBibEntriesResolverTest.java
4,src/test/java/org/jabref/model/entry/DateTest.java
1,src/test/java/org/jabref/logic/importer/fetcher/transformers/SpringerQueryTransformerTest.java
1,src/main/java/org/jabref/gui/preferences/groups/GroupsTabViewModel.java
5,src/main/java/org/jabref/model/openoffice/backend/NamedRange.java
6,src/main/java/org/jabref/gui/preferences/linkedfiles/LinkedFilesTab.java
5,src/main/java/org/jabref/logic/shared/MySQLProcessor.java
1,src/main/java/org/jabref/model/openoffice/ootext/OOFormat.java
1,src/main/java/org/jabref/logic/integrity/CitationKeyChecker.java
4,src/test/java/org/jabref/logic/integrity/AmpersandCheckerTest.java
4,src/test/java/org/jabref/logic/exporter/DocBook5ExporterTest.java
5,src/main/java/org/jabref/model/openoffice/uno/UnoNamed.java
1,src/main/java/org/jabref/logic/formatter/bibtexfields/OrdinalsToSuperscriptFormatter.java
9,src/test/java/org/jabref/logic/layout/format/AuthorFirstAbbrLastCommasTest.java
4,src/main/java/org/jabref/gui/copyfiles/CopyFilesDialogViewModel.java
5,src/main/java/org/jabref/logic/importer/Importer.java
1,src/main/java/org/jabref/model/openoffice/rangesort/RangeOverlapBetween.java
9,src/test/java/org/jabref/logic/integrity/ISSNCheckerTest.java
9,src/main/java/org/jabref/logic/layout/format/NameFormatterPreferences.java
9,src/test/java/org/jabref/model/entry/AuthorListTest.java
4,src/test/java/org/jabref/logic/integrity/DoiValidityCheckerTest.java
4,src/main/java/org/jabref/logic/integrity/TypeChecker.java
4,src/main/java/org/jabref/logic/formatter/casechanger/LowerCaseFormatter.java
6,src/main/java/org/jabref/gui/BasePanelMode.java
1,src/main/java/org/jabref/gui/entryeditor/fileannotationtab/FileAnnotationTab.java
4,src/main/java/org/jabref/logic/importer/fetcher/CiteSeer.java
5,src/test/java/org/jabref/logic/layout/format/EntryTypeFormatterTest.java
9,src/main/java/org/jabref/logic/layout/format/NameFormatter.java
4,src/main/java/org/jabref/gui/entryeditor/fileannotationtab/FulltextSearchResultsTab.java
4,src/main/java/org/jabref/gui/edit/automaticfiededitor/MoveFieldValueAction.java
4,src/main/java/org/jabref/logic/importer/fetcher/CompositeSearchBasedFetcher.java
1,src/test/java/org/jabref/logic/autosaveandbackup/BackupManagerDiscardedTest.java
12,src/main/java/org/jabref/model/openoffice/uno/UnoTextSection.java
6,src/main/java/org/jabref/gui/autocompleter/AutoCompletionStrategy.java
1,src/main/java/org/jabref/logic/importer/fetcher/transformers/ArXivQueryTransformer.java
6,src/test/java/org/jabref/logic/remote/RemoteUtilTest.java
6,src/main/java/org/jabref/logic/shared/DBMSConnectionPropertiesBuilder.java
6,src/main/java/org/jabref/gui/maintable/MainTableHeaderContextMenu.java
6,src/main/java/org/jabref/gui/autocompleter/AppendWordsStrategy.java
7,src/main/java/org/jabref/gui/ClipBoardManager.java
1,src/main/java/org/jabref/gui/texparser/ParseLatexAction.java
6,src/test/java/org/jabref/logic/formatter/bibtexfields/RegexFormatterTest.java
9,src/test/java/org/jabref/logic/importer/fetcher/transformers/GVKQueryTransformerTest.java
1,src/main/java/org/jabref/logic/formatter/casechanger/TitleParser.java
9,src/test/java/org/jabref/logic/importer/fileformat/MedlinePlainImporterTest.java
9,src/main/java/org/jabref/logic/openoffice/action/ManageCitations.java
5,src/test/java/org/jabref/logic/bst/BstPreviewLayoutTest.java
4,src/test/java/org/jabref/logic/importer/WebFetchersTest.java
1,src/main/java/org/jabref/gui/externalfiles/UnlinkedFilesDialogViewModel.java
5,src/test/java/org/jabref/logic/l10n/JavaLocalizationEntryParser.java
7,src/main/java/org/jabref/gui/mergeentries/newmergedialog/toolbar/ThreeWayMergeToolbar.java
7,src/main/java/org/jabref/gui/autocompleter/AutoCompletionTextInputBinding.java
1,src/main/java/org/jabref/gui/externalfiles/DownloadFullTextAction.java
6,src/main/java/org/jabref/model/openoffice/uno/UnoUserDefinedProperty.java
7,src/main/java/org/jabref/gui/openoffice/Bootstrap.java
4,src/test/java/org/jabref/logic/layout/format/AuthorAndsReplacerTest.java
5,src/test/java/org/jabref/logic/formatter/bibtexfields/ClearFormatterTest.java
1,src/main/java/org/jabref/gui/dialogs/BackupUIManager.java
5,src/test/java/org/jabref/logic/layout/format/AuthorsTest.java
9,src/main/java/org/jabref/logic/bibtex/InvalidFieldValueException.java
6,src/test/java/org/jabref/logic/importer/DatabaseFileLookupTest.java
7,src/main/java/org/jabref/gui/fieldeditors/MonthEditorViewModel.java
1,src/test/java/org/jabref/logic/bst/BstVMTest.java
9,src/main/java/org/jabref/logic/exporter/ExporterFactory.java
9,src/test/java/org/jabref/logic/exporter/HtmlExportFormatTest.java
9,src/test/java/org/jabref/logic/util/io/FileNameUniquenessTest.java
4,src/main/java/org/jabref/gui/undo/UndoableInsertEntries.java
1,src/main/java/org/jabref/logic/importer/fetcher/ACS.java
4,src/test/java/org/jabref/logic/l10n/LocalizationEntry.java
5,src/test/java/org/jabref/logic/citationkeypattern/CitationKeyGeneratorTest.java
6,src/main/java/org/jabref/gui/libraryproperties/LibraryPropertiesAction.java
1,src/main/java/org/jabref/gui/push/PushToApplicationCommand.java
4,src/test/java/org/jabref/logic/integrity/UTF8CheckerTest.java
5,src/test/java/org/jabref/logic/openoffice/style/OOBibStyleTest.java
6,src/test/java/org/jabref/logic/formatter/casechanger/TitleCaseFormatterTest.java
1,src/main/java/org/jabref/logic/importer/fileformat/medline/ArticleId.java
6,src/main/java/org/jabref/logic/importer/fetcher/DOABFetcher.java
7,src/main/java/org/jabref/gui/externalfiletype/ExternalFileType.java
1,src/main/java/org/jabref/gui/externalfiles/UnlinkedFilesDialogView.java
6,src/main/java/org/jabref/logic/cleanup/ConvertToBiblatexCleanup.java
7,src/main/java/org/jabref/gui/push/PushToLyxSettings.java
7,src/main/java/org/jabref/gui/maintable/MainTableHeaderContextMenu.java
6,src/main/java/org/jabref/gui/exporter/CreateModifyExporterDialogViewModel.java
5,src/main/java/org/jabref/logic/importer/fileformat/mods/package-info.java
4,src/main/java/org/jabref/gui/collab/entryadd/EntryAdd.java
6,src/test/java/org/jabref/logic/integrity/NoBibTexFieldCheckerTest.java
7,src/main/java/org/jabref/gui/preferences/file/FileTabViewModel.java
6,src/test/java/org/jabref/logic/layout/format/RemoveWhitespaceTest.java
4,src/main/java/org/jabref/model/openoffice/style/CitedKey.java
6,src/main/java/org/jabref/gui/dialogs/BackupUIManager.java
1,src/main/java/org/jabref/logic/util/OS.java
1,src/main/java/org/jabref/gui/preferences/protectedterms/ProtectedTermsTabViewModel.java
9,src/main/java/org/jabref/model/openoffice/util/OOTuple3.java
9,src/main/java/org/jabref/model/entry/field/IEEEField.java
4,src/main/java/org/jabref/logic/integrity/BracketChecker.java
7,src/main/java/org/jabref/gui/groups/UndoableModifySubtree.java
5,src/main/java/org/jabref/logic/shared/DBMSConnectionPropertiesBuilder.java
6,src/main/java/org/jabref/logic/integrity/UrlChecker.java
1,src/main/java/org/jabref/gui/groups/UndoableAddOrRemoveGroup.java
1,src/main/java/org/jabref/logic/exporter/ExporterFactory.java
4,src/main/java/org/jabref/gui/shared/SharedDatabaseLoginDialogViewModel.java
5,src/main/java/org/jabref/logic/remote/Protocol.java
5,src/test/java/org/jabref/logic/formatter/bibtexfields/ReplaceTabsBySpaceFormaterTest.java
1,src/main/java/org/jabref/logic/layout/format/NameFormatter.java
1,src/test/java/org/jabref/logic/l10n/JavaLocalizationEntryParser.java
9,src/test/java/org/jabref/logic/remote/RemoteUtilTest.java
4,src/main/java/org/jabref/gui/search/SearchResultsTableDataModel.java
9,src/test/java/org/jabref/logic/importer/fetcher/isbntobibtex/OpenLibraryIsbnFetcherTest.java
4,src/test/java/org/jabref/gui/autocompleter/ContentSelectorSuggestionProviderTest.java
6,src/main/java/org/jabref/gui/preferences/customexporter/CustomExporterTab.java
6,src/main/java/org/jabref/gui/preferences/importexport/ImportExportTab.java
1,src/test/java/org/jabref/logic/formatter/bibtexfields/EscapeUnderscoresFormatterTest.java
7,src/main/java/org/jabref/gui/groups/UndoableMoveGroup.java
5,src/main/java/org/jabref/logic/git/SlrGitHandler.java
9,src/main/java/org/jabref/logic/logging/LogMessages.java
9,src/main/java/org/jabref/model/entry/types/StandardEntryType.java
1,src/main/java/org/jabref/gui/actions/SimpleCommand.java
4,src/test/java/org/jabref/logic/formatter/bibtexfields/NormalizeNamesFormatterTest.java
4,src/main/java/org/jabref/logic/importer/fetcher/MrDLibFetcher.java
6,src/main/java/org/jabref/logic/importer/fetcher/ComplexSearchQuery.java
5,src/test/java/org/jabref/logic/shared/DBMSTypeTest.java
1,src/main/java/org/jabref/logic/importer/fetcher/transformers/JstorQueryTransformer.java
4,src/main/java/org/jabref/logic/integrity/DatabaseChecker.java
5,src/main/java/org/jabref/logic/exporter/GroupSerializer.java
1,src/main/java/org/jabref/logic/importer/fileformat/mods/Identifier.java
5,src/test/java/org/jabref/logic/shared/DBMSSynchronizerTest.java
4,src/test/java/org/jabref/model/groups/GroupTreeNodeTest.java
1,src/main/java/org/jabref/gui/externalfiletype/CustomExternalFileType.java
1,src/test/java/org/jabref/logic/TypedBibEntryTest.java
7,src/main/java/org/jabref/gui/externalfiletype/UnknownExternalFileType.java
6,src/main/java/org/jabref/logic/journals/JournalAbbreviationPreferences.java
6,src/main/java/org/jabref/logic/bst/util/BstPurifier.java
4,src/main/java/org/jabref/gui/util/DirectoryDialogConfiguration.java
6,src/main/java/org/jabref/gui/cleanup/CleanupAction.java
4,src/test/java/org/jabref/logic/importer/ImportFormatReaderIntegrationTest.java
4,src/main/java/org/jabref/logic/shared/event/ConnectionLostEvent.java
9,src/test/java/org/jabref/model/search/rules/ContainsBasedSearchRuleTest.java
9,src/test/java/org/jabref/logic/cleanup/FieldFormatterCleanupTest.java
6,src/main/java/org/jabref/gui/maintable/RightClickMenu.java
4,src/main/java/org/jabref/logic/formatter/bibtexfields/NormalizeMonthFormatter.java
7,src/main/java/org/jabref/gui/linkedfile/LinkedFilesEditDialogViewModel.java
6,src/main/java/org/jabref/logic/remote/RemoteUtil.java
7,src/main/java/org/jabref/gui/keyboard/TextInputKeyBindings.java
1,src/test/java/org/jabref/model/groups/AutomaticPersonsGroupTest.java
12,src/test/java/org/jabref/model/search/rules/SentenceAnalyzerTest.java
1,src/test/java/org/jabref/logic/integrity/EditionCheckerTest.java
1,src/test/java/org/jabref/logic/exporter/BibtexDatabaseWriterTest.java
6,src/test/java/org/jabref/logic/integrity/AbbreviationCheckerTest.java
1,src/main/java/org/jabref/logic/importer/fetcher/isbntobibtex/EbookDeIsbnFetcher.java
5,src/main/java/org/jabref/logic/util/io/FileNameCleaner.java
1,src/main/java/org/jabref/gui/mergeentries/newmergedialog/GroupDiffMode.java
9,src/main/java/org/jabref/logic/layout/format/WrapFileLinks.java
9,src/main/java/org/jabref/model/TreeNode.java
7,src/test/java/org/jabref/gui/entryeditor/fileannotationtab/FileAnnotationViewModelTest.java
4,src/main/java/org/jabref/logic/formatter/bibtexfields/AddBracesFormatter.java
7,src/main/java/org/jabref/gui/OpenConsoleAction.java
6,src/main/java/org/jabref/logic/integrity/IntegrityCheck.java
9,src/test/java/org/jabref/logic/layout/format/AuthorFirstLastOxfordCommasTest.java
4,src/main/java/org/jabref/gui/Dialog.java
7,src/main/java/org/jabref/gui/auximport/NewSubLibraryAction.java
1,src/main/java/org/jabref/logic/journals/Abbreviation.java
1,src/main/java/org/jabref/model/entry/Author.java
1,src/main/java/org/jabref/logic/importer/ImportException.java
5,src/main/java/org/jabref/logic/citationstyle/CSLAdapter.java
1,src/main/java/org/jabref/model/openoffice/style/CompareCitedKey.java
6,src/main/java/org/jabref/model/texparser/Citation.java
1,src/main/java/org/jabref/gui/fieldeditors/EditorTypeEditorViewModel.java
1,src/main/java/org/jabref/gui/importer/ImportAction.java
5,src/test/java/org/jabref/logic/exporter/YamlExporterTest.java
6,src/main/java/org/jabref/gui/util/uithreadaware/UiThreadInvalidationListener.java
6,src/test/java/org/jabref/gui/groups/GroupTreeViewModelTest.java
4,src/main/java/org/jabref/model/pdf/search/PdfSearchResults.java
9,src/main/java/org/jabref/logic/importer/fetcher/Medra.java
1,src/test/java/org/jabref/logic/importer/fetcher/transformers/CollectionOfComputerScienceBibliographiesQueryTransformerTest.java
7,src/main/java/org/jabref/gui/externalfiles/UnlinkedFilesDialogViewModel.java
4,src/main/java/org/jabref/gui/openoffice/OOBibBase.java
6,src/main/java/org/jabref/logic/layout/format/FormatPagesForXML.java
9,src/test/java/org/jabref/logic/integrity/JournalInAbbreviationListCheckerTest.java
9,src/test/java/org/jabref/logic/help/HelpFileTest.java
6,src/main/java/org/jabref/logic/importer/fetcher/BvbFetcher.java
1,src/main/java/org/jabref/logic/msbib/BibTeXConverter.java
4,src/test/java/org/jabref/logic/importer/fileformat/CitaviXmlImporterTest.java
4,src/main/java/org/jabref/logic/importer/fetcher/transformers/DefaultLuceneQueryTransformer.java
7,src/main/java/org/jabref/gui/WaitForSaveFinishedDialog.java
9,src/main/java/org/jabref/logic/integrity/BracketChecker.java
6,src/main/java/org/jabref/logic/importer/fetcher/DoiResolution.java
9,src/main/java/org/jabref/logic/journals/AbbreviationFormat.java
6,src/main/java/org/jabref/logic/layout/format/CreateDocBook4Editors.java
9,src/main/java/org/jabref/logic/shared/listener/PostgresSQLNotificationListener.java
1,src/main/java/org/jabref/logic/msbib/MSBibConverter.java
4,src/test/java/org/jabref/logic/integrity/CitationKeyDuplicationCheckerTest.java
7,src/main/java/org/jabref/gui/documentviewer/PdfDocumentPageViewModel.java
9,src/test/java/org/jabref/logic/cleanup/RenamePdfCleanupTest.java
7,src/main/java/org/jabref/gui/preferences/keybindings/presets/KeyBindingPreset.java
6,src/main/java/org/jabref/logic/importer/fileformat/RisImporter.java
6,src/test/java/org/jabref/logic/importer/fetcher/isbntobibtex/EbookDeIsbnFetcherTest.java
9,src/test/java/org/jabref/logic/integrity/ValidCitationKeyCheckerTest.java
6,src/main/java/org/jabref/logic/formatter/bibtexfields/UnicodeToLatexFormatter.java
7,src/main/java/org/jabref/gui/externalfiles/ImportFilesResultItemViewModel.java
9,src/main/java/org/jabref/model/entry/types/UnknownEntryType.java
1,src/test/java/org/jabref/logic/layout/format/RisMonthTest.java
7,src/main/java/org/jabref/gui/bibtexextractor/BibtexExtractor.java
12,src/main/java/org/jabref/model/util/TreeCollector.java
1,src/main/java/org/jabref/gui/externalfiles/FileDownloadTask.java
1,src/main/java/org/jabref/logic/formatter/bibtexfields/UnicodeToLatexFormatter.java
6,src/main/java/org/jabref/logic/openoffice/backend/NamedRangeReferenceMark.java
9,src/test/java/org/jabref/logic/importer/fetcher/CollectionOfComputerScienceBibliographiesFetcherTest.java
4,src/main/java/org/jabref/logic/formatter/bibtexfields/NormalizeNamesFormatter.java
1,src/main/java/org/jabref/gui/fieldeditors/LinkedFilesEditorViewModel.java
6,src/test/java/org/jabref/logic/util/BuildInfoTest.java
1,src/test/java/org/jabref/model/entry/KeywordListTest.java
6,src/test/java/org/jabref/gui/importer/NewEntryActionTest.java
6,src/main/java/org/jabref/gui/externalfiles/UnlinkedPDFFileFilter.java
4,src/main/java/org/jabref/logic/importer/fetcher/transformers/YearRangeByFilteringQueryTransformer.java
1,src/test/java/org/jabref/logic/l10n/LocalizationKeyTest.java
9,src/main/java/org/jabref/model/database/KeyChangeListener.java
5,src/test/java/org/jabref/logic/importer/fileformat/InspecImporterTest.java
9,src/main/java/org/jabref/logic/layout/format/CreateBibORDFAuthors.java
1,src/main/java/org/jabref/logic/openoffice/OpenOfficeFileSearch.java
9,src/main/java/org/jabref/logic/util/strings/RtfCharMap.java
6,src/main/java/org/jabref/logic/cleanup/FieldFormatterCleanups.java
1,src/main/java/org/jabref/gui/externalfiletype/ExternalFileTypes.java
6,src/test/java/org/jabref/logic/layout/format/AuthorFirstAbbrLastCommasTest.java
6,src/main/java/org/jabref/logic/openoffice/style/OOProcessCitationKeyMarkers.java
6,src/test/java/org/jabref/logic/citationstyle/CitationStyleGeneratorTest.java
6,src/main/java/org/jabref/logic/formatter/bibtexfields/NormalizePagesFormatter.java
6,src/main/java/org/jabref/gui/entryeditor/PreviewSwitchAction.java
4,src/main/java/org/jabref/logic/undo/AddUndoableActionEvent.java
6,src/main/java/org/jabref/model/texparser/LatexParserResult.java
9,src/main/java/org/jabref/logic/msbib/MSBibDatabase.java
7,src/main/java/org/jabref/gui/autocompleter/JournalsSuggestionProvider.java
7,src/test/java/org/jabref/gui/externalfiles/AutoSetFileLinksUtilTest.java
4,src/main/java/org/jabref/logic/shared/DatabaseConnectionProperties.java
4,src/main/java/org/jabref/gui/exporter/CreateModifyExporterDialogView.java
5,src/main/java/org/jabref/logic/exporter/Exporter.java
4,src/main/java/org/jabref/gui/bibtexextractor/ExtractBibtexDialog.java
1,src/main/java/org/jabref/gui/search/SearchTextField.java
4,src/main/java/org/jabref/logic/importer/fileformat/PdfGrobidImporter.java
1,src/main/java/org/jabref/logic/openoffice/action/Update.java
1,src/main/java/org/jabref/logic/util/StandardFileType.java
1,src/main/java/org/jabref/logic/importer/FulltextFetcher.java
7,src/main/java/org/jabref/gui/documentviewer/DocumentViewerControl.java
1,src/main/java/org/jabref/gui/actions/ActionHelper.java
1,src/main/java/org/jabref/model/openoffice/uno/UnoUserDefinedProperty.java
4,src/main/java/org/jabref/logic/integrity/EntryChecker.java
5,src/test/java/org/jabref/logic/importer/fetcher/DOAJFetcherTest.java
5,src/main/java/org/jabref/logic/importer/fetcher/ACS.java
4,src/test/java/org/jabref/logic/importer/OpenDatabaseTest.java
4,src/main/java/org/jabref/logic/formatter/bibtexfields/UnitsToLatexFormatter.java
1,src/main/java/org/jabref/gui/fieldeditors/identifier/EprintIdentifierEditorViewModel.java
4,src/test/java/org/jabref/model/metadata/MetaDataTest.java
6,src/main/java/org/jabref/logic/msbib/MSBibDatabase.java
4,src/main/java/org/jabref/gui/remote/CLIMessageHandler.java
6,src/main/java/org/jabref/logic/pdf/FileAnnotationCache.java
6,src/main/java/org/jabref/logic/integrity/CitationKeyDuplicationChecker.java
7,src/main/java/org/jabref/gui/actions/JabRefAction.java
4,src/main/java/org/jabref/logic/layout/format/FirstPage.java
1,src/test/java/org/jabref/logic/importer/fetcher/SpringerLinkTest.java
6,src/main/java/org/jabref/gui/mergeentries/DiffMode.java
7,src/main/java/org/jabref/gui/maintable/MainTableColumnModel.java
6,src/main/java/org/jabref/model/openoffice/style/CitationMarkerNumericBibEntry.java
7,src/main/java/org/jabref/gui/edit/automaticfiededitor/AutomaticFieldEditorTab.java
1,src/main/java/org/jabref/model/entry/Keyword.java
6,src/test/java/org/jabref/model/groups/AutomaticKeywordGroupTest.java
5,src/main/java/org/jabref/logic/git/GitHandler.java
4,src/main/java/org/jabref/logic/layout/format/CreateBibORDFAuthors.java
9,src/main/java/org/jabref/model/database/BibDatabases.java
5,src/main/java/org/jabref/logic/util/strings/StringManipulator.java
9,src/main/java/org/jabref/model/metadata/SaveOrder.java
1,src/test/java/org/jabref/logic/importer/fileformat/MsBibImporterTest.java
4,src/main/java/org/jabref/gui/preferences/importexport/ImportExportTab.java
6,src/main/java/org/jabref/gui/util/TaskExecutor.java
9,src/main/java/org/jabref/logic/citationstyle/CitationStylePreviewLayout.java
6,src/main/java/org/jabref/logic/formatter/bibtexfields/EscapeAmpersandsFormatter.java
6,src/main/java/org/jabref/logic/formatter/bibtexfields/EscapeDollarSignFormatter.java
7,src/main/java/org/jabref/gui/util/ZipFileChooser.java
5,src/test/java/org/jabref/logic/layout/format/AuthorAbbreviatorTest.java
7,src/main/java/org/jabref/gui/importer/NewDatabaseAction.java
9,src/main/java/org/jabref/logic/importer/fetcher/MrDLibFetcher.java
7,src/main/java/org/jabref/gui/fieldeditors/DateEditor.java
12,src/main/java/org/jabref/model/study/Study.java
5,src/main/java/org/jabref/logic/formatter/casechanger/SentenceCaseFormatter.java
5,src/test/java/org/jabref/logic/formatter/bibtexfields/RegexFormatterTest.java
6,src/test/java/org/jabref/logic/layout/format/FileLinkTest.java
1,src/test/java/org/jabref/model/entry/field/FieldFactoryTest.java
9,src/main/java/org/jabref/model/entry/types/BiblatexSoftwareEntryTypeDefinitions.java
9,src/main/java/org/jabref/logic/integrity/EntryLinkChecker.java
1,src/main/java/org/jabref/logic/shared/DatabaseConnectionProperties.java
6,src/main/java/org/jabref/gui/util/ViewModelListCellFactory.java
5,src/main/java/org/jabref/logic/remote/server/RemoteMessageHandler.java
5,src/test/java/org/jabref/logic/layout/format/DOIStripTest.java
6,src/main/java/org/jabref/gui/collab/DatabaseChangeMonitor.java
1,buildSrc/src/copied/java/org/jabref/logic/journals/Abbreviation.java
4,src/main/java/org/jabref/logic/shared/exception/NotASharedDatabaseException.java
1,src/test/java/org/jabref/logic/shared/ConnectorTest.java
5,src/main/java/org/jabref/logic/importer/fileformat/medline/Investigator.java
5,src/main/java/org/jabref/logic/bst/BstVM.java
6,src/main/java/org/jabref/gui/entryeditor/PreviewTab.java
7,src/main/java/org/jabref/gui/fieldeditors/UrlEditor.java
12,src/main/java/org/jabref/model/entry/event/EntriesEventSource.java
6,src/main/java/org/jabref/gui/groups/GroupNodeViewModel.java
7,src/main/java/org/jabref/gui/fieldeditors/WriteMetadataToPdfCommand.java
4,src/test/java/org/jabref/logic/openoffice/style/StyleLoaderTest.java
6,src/test/java/org/jabref/logic/integrity/ISBNCheckerTest.java
6,src/test/java/org/jabref/logic/importer/fetcher/isbntobibtex/IsbnFetcherTest.java
5,src/test/java/org/jabref/logic/layout/format/MarkdownFormatterTest.java
6,src/main/java/org/jabref/gui/edit/automaticfiededitor/AutomaticFieldEditorDialog.java
6,src/main/java/org/jabref/gui/texparser/ParseLatexDialogViewModel.java
5,src/main/java/org/jabref/logic/layout/format/MarkdownFormatter.java
5,src/main/java/org/jabref/logic/importer/fileformat/OvidImporter.java
5,src/test/java/org/jabref/logic/integrity/YearCheckerTest.java
1,src/main/java/org/jabref/gui/util/ViewModelListCellFactory.java
6,src/test/java/org/jabref/logic/msbib/MsBibAuthorTest.java
6,src/main/java/org/jabref/gui/util/UiThreadList.java
7,src/main/java/org/jabref/gui/util/component/DiffHighlightingTextPane.java
4,src/main/java/org/jabref/logic/importer/fetcher/isbntobibtex/IsbnFetcher.java
5,src/test/java/org/jabref/logic/importer/fileformat/PdfXmpImporterTest.java
6,src/main/java/org/jabref/gui/collab/entrychange/EntryChangeResolver.java
5,src/main/java/org/jabref/logic/openoffice/style/OOBibStyle.java
5,src/main/java/org/jabref/logic/formatter/bibtexfields/ClearFormatter.java
1,src/main/java/org/jabref/gui/maintable/NameDisplayPreferences.java
6,src/main/java/org/jabref/logic/remote/RemoteMessage.java
4,src/main/java/org/jabref/logic/shared/DBMSConnection.java
4,src/main/java/org/jabref/logic/layout/format/AuthorFirstFirst.java
5,src/test/java/org/jabref/logic/util/ExternalLinkCreatorTest.java
6,src/main/java/org/jabref/model/pdf/search/SearchResult.java
6,src/main/java/org/jabref/gui/theme/StyleSheet.java
4,src/main/java/org/jabref/logic/remote/Protocol.java
4,src/main/java/org/jabref/gui/sidepane/SidePane.java
1,src/main/java/org/jabref/gui/icon/JabRefIcon.java
6,src/main/java/org/jabref/model/util/TreeCollector.java
9,src/main/java/org/jabref/model/entry/AuthorList.java
6,src/test/java/org/jabref/gui/util/FileDialogConfigurationTest.java
5,src/main/java/org/jabref/logic/crawler/StudyYamlParser.java
12,src/main/java/org/jabref/model/metadata/event/MetaDataChangedEvent.java
4,src/main/java/org/jabref/logic/cleanup/CleanupWorker.java
4,src/test/java/org/jabref/model/entry/MonthTest.java
1,src/main/java/org/jabref/gui/util/DroppingMouseLocation.java
9,src/test/java/org/jabref/logic/importer/ImportFormatReaderParameterlessTest.java
9,src/main/java/org/jabref/logic/crawler/StudyYamlParser.java
6,src/test/java/org/jabref/logic/integrity/BracesCorrectorTest.java
4,src/test/java/org/jabref/logic/integrity/YearCheckerTest.java
6,src/main/java/org/jabref/gui/openoffice/AdvancedCiteDialogViewModel.java
6,src/main/java/org/jabref/model/openoffice/uno/UnoCast.java
9,src/main/java/org/jabref/model/util/DummyFileUpdateMonitor.java
5,src/test/java/org/jabref/logic/formatter/bibtexfields/ShortenDOIFormatterTest.java
4,src/main/java/org/jabref/logic/integrity/NoteChecker.java
5,src/test/java/org/jabref/logic/l10n/LanguageTest.java
4,src/main/java/org/jabref/gui/JabRefDialogService.java
1,src/main/java/org/jabref/gui/undo/CountingUndoManager.java
4,src/main/java/org/jabref/gui/search/rules/describer/ContainsAndRegexBasedSearchRuleDescriber.java
1,src/main/java/org/jabref/logic/importer/fetcher/isbntobibtex/DoiToBibtexConverterComIsbnFetcher.java
7,src/main/java/org/jabref/gui/autocompleter/ReplaceStrategy.java
1,src/main/java/org/jabref/logic/importer/fetcher/ResearchGate.java
5,src/main/java/org/jabref/logic/util/io/AutoLinkPreferences.java
9,src/test/java/org/jabref/logic/l10n/EncodingsTest.java
1,src/test/java/org/jabref/logic/layout/LayoutHelperTest.java
6,src/main/java/org/jabref/gui/mergeentries/newmergedialog/cell/ThreeWayMergeCellViewModel.java
5,src/main/java/org/jabref/logic/importer/fetcher/DiVA.java
4,src/main/java/org/jabref/model/entry/event/EntriesEvent.java
4,src/main/java/org/jabref/logic/citationstyle/JabRefLocaleProvider.java
4,src/main/java/org/jabref/logic/util/CoarseChangeFilter.java
9,src/main/java/org/jabref/logic/shared/event/ConnectionLostEvent.java
4,src/test/java/org/jabref/logic/bibtex/BibEntryAssert.java
4,src/main/java/org/jabref/logic/openoffice/frontend/RangeForOverlapCheck.java
4,src/main/java/org/jabref/gui/duplicationFinder/DuplicateResolverDialog.java
4,src/main/java/org/jabref/model/entry/field/BiblatexSoftwareField.java
7,src/main/java/org/jabref/gui/preferences/network/NetworkTab.java
4,src/main/java/org/jabref/logic/util/io/RegExpBasedFileFinder.java
4,src/test/java/org/jabref/logic/importer/util/GroupsParserTest.java
5,src/test/java/org/jabref/logic/layout/format/OrdinalTest.java
5,src/main/java/org/jabref/logic/importer/fetcher/TitleFetcher.java
7,src/main/java/org/jabref/gui/mergeentries/EntriesMergeResult.java
1,src/test/java/org/jabref/logic/layout/format/RemoveLatexCommandsFormatterTest.java
4,src/main/java/org/jabref/logic/layout/format/HTMLChars.java
1,src/test/java/org/jabref/logic/shared/TestManager.java
7,src/main/java/org/jabref/gui/util/BaseDialog.java
4,src/main/java/org/jabref/logic/util/strings/HTMLUnicodeConversionMaps.java
4,src/main/java/org/jabref/logic/remote/server/RemoteListenerServerManager.java
1,src/main/java/org/jabref/gui/fieldeditors/LinkedFilesEditor.java
5,src/main/java/org/jabref/logic/importer/fetcher/transformers/BiodiversityLibraryTransformer.java
6,src/main/java/org/jabref/logic/formatter/bibtexfields/ReplaceTabsBySpaceFormater.java
7,src/main/java/org/jabref/gui/maintable/MainTable.java
4,src/test/java/org/jabref/logic/integrity/BracketCheckerTest.java
4,src/main/java/org/jabref/gui/util/ColorUtil.java
4,src/test/java/org/jabref/logic/database/DatabaseMergerTest.java
4,src/test/java/org/jabref/model/openoffice/CitationEntryTest.java
9,buildSrc/src/copied/java/org/jabref/logic/journals/Abbreviation.java
4,src/main/java/org/jabref/logic/layout/format/AuthorLastFirstAbbrCommas.java
5,src/test/java/org/jabref/logic/layout/format/AuthorAndsCommaReplacerTest.java
9,src/main/java/org/jabref/model/entry/field/SpecialField.java
1,src/main/java/org/jabref/logic/bst/BstEntry.java
6,src/test/java/org/jabref/logic/layout/format/AuthorAbbreviatorTest.java
4,src/main/java/org/jabref/gui/copyfiles/CopyFilesAction.java
4,src/main/java/org/jabref/gui/collab/stringadd/BibTexStringAdd.java
1,src/test/java/org/jabref/logic/layout/format/NameFormatterTest.java
4,src/main/java/org/jabref/gui/importer/ImportCommand.java
4,src/main/java/org/jabref/logic/layout/format/LatexToUnicodeFormatter.java
4,src/test/java/org/jabref/logic/auxparser/DefaultAuxParserTest.java
6,src/main/java/org/jabref/gui/exporter/SaveDatabaseAction.java
6,src/main/java/org/jabref/model/entry/event/FieldChangedEvent.java
6,src/main/java/org/jabref/logic/importer/fileformat/CitaviXmlImporter.java
5,src/main/java/org/jabref/model/entry/types/IEEETranEntryType.java
5,src/main/java/org/jabref/logic/importer/fileformat/PdfGrobidImporter.java
4,src/main/java/org/jabref/logic/exporter/XmpPdfExporter.java
6,src/main/java/org/jabref/gui/externalfiles/AutoSetFileLinksUtil.java
4,src/main/java/org/jabref/logic/layout/format/Iso690FormatDate.java
5,src/main/java/org/jabref/model/openoffice/rangesort/RangeOverlapWithin.java
4,src/main/java/org/jabref/model/openoffice/uno/UnoBookmark.java
9,src/main/java/org/jabref/logic/util/UnknownFileType.java
4,src/main/java/org/jabref/gui/libraryproperties/contentselectors/ContentSelectorViewModel.java
5,src/main/java/org/jabref/model/openoffice/style/CompareCitation.java
7,src/test/java/org/jabref/gui/theme/ThemeManagerTest.java
7,src/main/java/org/jabref/gui/sidepane/SidePaneContentFactory.java
4,src/main/java/org/jabref/logic/bibtex/comparator/EntryComparator.java
9,src/main/java/org/jabref/model/openoffice/uno/UnoNameAccess.java
5,src/main/java/org/jabref/logic/preferences/OwnerPreferences.java
6,src/main/java/org/jabref/gui/collab/stringrename/BibTexStringRenameDetailsView.java
9,src/test/java/org/jabref/logic/importer/fileformat/PdfContentImporterTest.java
7,src/main/java/org/jabref/gui/preferences/protectedterms/NewProtectedTermsFileDialog.java
1,src/main/java/org/jabref/gui/preferences/externalfiletypes/ExternalFileTypeItemViewModel.java
6,src/main/java/org/jabref/gui/fieldeditors/AbstractEditorViewModel.java
6,src/main/java/org/jabref/model/openoffice/style/OODataModel.java
9,src/test/java/org/jabref/logic/l10n/LocalizationParser.java
4,src/main/java/org/jabref/gui/backup/BackupResolverDialog.java
6,src/test/java/org/jabref/gui/libraryproperties/contentselectors/ContentSelectorViewModelTest.java
4,src/main/java/org/jabref/gui/autocompleter/SuggestionProvider.java
6,src/main/java/org/jabref/logic/layout/LayoutFormatterBasedFormatter.java
1,src/main/java/org/jabref/logic/WatchServiceUnavailableException.java
1,src/test/java/org/jabref/logic/importer/fileformat/CopacImporterFilesTest.java
6,src/main/java/org/jabref/model/database/BibDatabase.java
5,src/main/java/org/jabref/logic/journals/JournalAbbreviationRepository.java
4,src/main/java/org/jabref/logic/preferences/DOIPreferences.java
6,src/main/java/org/jabref/logic/importer/fetcher/transformers/DBLPQueryTransformer.java
5,src/test/java/org/jabref/logic/importer/fetcher/transformers/DBLPQueryTransformerTest.java
5,src/main/java/org/jabref/model/pdf/search/PdfSearchResults.java
6,src/test/java/org/jabref/logic/formatter/casechanger/LowerCaseFormatterTest.java
7,src/main/java/org/jabref/gui/importer/GenerateEntryFromIdDialog.java
5,src/main/java/org/jabref/logic/importer/fileformat/PdfEmbeddedBibFileImporter.java
7,src/main/java/org/jabref/gui/edit/automaticfiededitor/AutomaticFieldEditorAction.java
6,src/test/java/org/jabref/logic/importer/fetcher/MedraTest.java
6,buildSrc/src/copied/java/org/jabref/logic/journals/AbbreviationParser.java
9,src/main/java/org/jabref/logic/util/UpdateField.java
6,src/test/java/org/jabref/logic/journals/AbbreviationsTest.java
6,src/main/java/org/jabref/logic/integrity/FileChecker.java
7,src/main/java/org/jabref/gui/maintable/MainTableColumnFactory.java
4,src/test/java/org/jabref/logic/layout/format/RisKeywordsTest.java
6,src/main/java/org/jabref/model/groups/AutomaticKeywordGroup.java
9,src/main/java/org/jabref/logic/layout/format/AuthorLastFirstAbbrOxfordCommas.java
4,src/test/java/org/jabref/logic/importer/fileformat/PdfVerbatimBibTextImporterTest.java
5,src/main/java/org/jabref/logic/layout/LayoutFormatterBasedFormatter.java
1,src/test/java/org/jabref/logic/importer/fetcher/isbntobibtex/EbookDeIsbnFetcherTest.java
6,src/main/java/org/jabref/gui/openoffice/ManageCitationsDialogViewModel.java
4,src/main/java/org/jabref/logic/exporter/Exporter.java
9,src/main/java/org/jabref/logic/pdf/search/indexing/IndexingTaskManager.java
1,src/test/java/org/jabref/logic/importer/util/JsonReaderTest.java
7,src/main/java/org/jabref/gui/importer/ImportCommand.java
6,src/main/java/org/jabref/logic/exporter/OpenDocumentSpreadsheetCreator.java
4,src/main/java/org/jabref/logic/layout/format/CreateDocBook4Authors.java
1,src/main/java/org/jabref/gui/collab/DatabaseChange.java
12,src/main/java/org/jabref/model/groups/AutomaticPersonsGroup.java
5,src/test/java/org/jabref/logic/util/strings/StringManipulatorTest.java
7,src/main/java/org/jabref/gui/maintable/columns/LinkedIdentifierColumn.java
1,src/main/java/org/jabref/gui/errorconsole/ErrorConsoleViewModel.java
1,src/test/java/org/jabref/logic/importer/fetcher/ResearchGateTest.java
5,src/main/java/org/jabref/logic/importer/ImportException.java
9,src/test/java/org/jabref/logic/layout/format/AuthorLastFirstOxfordCommasTest.java
1,src/test/java/org/jabref/logic/formatter/bibtexfields/EscapeDollarSignFormatterTest.java
9,src/main/java/org/jabref/logic/exporter/OOCalcDatabase.java
9,src/main/java/org/jabref/logic/layout/format/CreateDocBook4Editors.java
1,src/main/java/org/jabref/logic/search/DatabaseSearcher.java
5,src/test/java/org/jabref/logic/importer/fetcher/FulltextFetcherTest.java
4,src/main/java/org/jabref/logic/msbib/MSBibConverter.java
5,src/main/java/org/jabref/logic/integrity/DoiValidityChecker.java
1,src/main/java/org/jabref/logic/importer/fetcher/RfcFetcher.java
6,src/test/java/org/jabref/model/groups/SearchGroupTest.java
6,src/test/java/org/jabref/model/entry/identifier/ArXivIdentifierTest.java
6,src/main/java/org/jabref/gui/fieldeditors/PersonsEditor.java
1,src/main/java/org/jabref/gui/journals/AbbreviateAction.java
1,src/main/java/org/jabref/gui/fieldeditors/OptionEditor.java
7,src/main/java/org/jabref/gui/undo/CountingUndoManager.java
4,src/main/java/org/jabref/model/entry/BibEntryTypesManager.java
1,src/main/java/org/jabref/gui/help/SearchForUpdateAction.java
7,src/main/java/org/jabref/gui/preferences/linkedfiles/LinkedFilesTabViewModel.java
4,src/test/java/org/jabref/logic/formatter/bibtexfields/RemoveDigitsFormatterTest.java
1,src/main/java/org/jabref/gui/mergeentries/newmergedialog/ThreeWayMergeHeaderView.java
5,src/test/java/org/jabref/logic/cleanup/ConvertToBibtexCleanupTest.java
9,src/main/java/org/jabref/logic/util/io/AutoLinkPreferences.java
7,src/main/java/org/jabref/gui/util/DialogWindowState.java
4,src/main/java/org/jabref/logic/exporter/MetaDataSerializer.java
6,src/test/java/org/jabref/logic/importer/fetcher/AbstractIsbnFetcherTest.java
12,src/main/java/org/jabref/model/search/SearchMatcher.java
7,src/main/java/org/jabref/preferences/InternalPreferences.java
1,src/test/java/org/jabref/gui/preferences/keybindings/KeyBindingViewModelTest.java
9,src/main/java/org/jabref/logic/layout/format/RemoveBrackets.java
1,src/main/java/org/jabref/logic/shared/DBMSProcessor.java
4,src/test/java/org/jabref/logic/texparser/LatexParserTest.java
1,src/main/java/org/jabref/gui/preferences/journals/JournalAbbreviationsTabViewModel.java
7,src/main/java/org/jabref/gui/groups/GroupDialogHeader.java
7,src/main/java/org/jabref/gui/util/component/TagBar.java
1,src/main/java/org/jabref/model/groups/RegexKeywordGroup.java
4,src/test/java/org/jabref/logic/pdf/search/indexing/PdfIndexerTest.java
9,src/test/java/org/jabref/logic/layout/format/RisMonthTest.java
9,src/test/java/org/jabref/model/entry/AuthorTest.java
1,src/main/java/org/jabref/logic/layout/format/ShortMonthFormatter.java
5,src/test/java/org/jabref/logic/layout/format/WrapContentTest.java
5,src/main/java/org/jabref/logic/util/UpdateField.java
6,src/main/java/org/jabref/model/search/matchers/AndMatcher.java
9,src/test/java/org/jabref/logic/importer/ParserResultTest.java
1,src/main/java/org/jabref/gui/importer/actions/OpenDatabaseAction.java
6,src/test/java/org/jabref/logic/integrity/BracketCheckerTest.java
6,src/main/java/org/jabref/gui/entryeditor/OptionalFieldsTabBase.java
6,src/test/java/org/jabref/model/TreeNodeTestData.java
4,src/main/java/org/jabref/gui/OpenConsoleAction.java
6,src/main/java/org/jabref/model/openoffice/uno/UnoNameAccess.java
1,src/test/java/org/jabref/model/search/rules/SentenceAnalyzerTest.java
7,src/test/java/org/jabref/gui/preferences/journals/AbbreviationViewModelTest.java
7,src/main/java/org/jabref/gui/documentviewer/DocumentViewModel.java
9,src/test/java/org/jabref/logic/citationstyle/CitationStyleTest.java
1,src/test/java/org/jabref/logic/importer/util/GrobidServiceTest.java
7,src/test/java/org/jabref/gui/autocompleter/PersonNameSuggestionProviderTest.java
6,src/test/java/org/jabref/logic/protectedterms/ProtectedTermsLoaderTest.java
5,src/main/java/org/jabref/logic/formatter/bibtexfields/OrdinalsToSuperscriptFormatter.java
6,src/main/java/org/jabref/logic/importer/fetcher/GvkFetcher.java
7,src/main/java/org/jabref/preferences/CleanupPreferences.java
5,src/test/java/org/jabref/model/entry/identifier/MathSciNetIdTest.java
1,src/main/java/org/jabref/gui/fieldeditors/TextInputControlBehavior.java
5,src/main/java/org/jabref/model/openoffice/util/OOTuple3.java
1,src/main/java/org/jabref/gui/shared/SharedDatabaseLoginDialogViewModel.java
1,src/main/java/org/jabref/model/openoffice/rangesort/RangeOverlapWithin.java
1,src/main/java/org/jabref/gui/fieldeditors/UrlEditor.java
1,src/main/java/org/jabref/logic/util/strings/UnicodeLigaturesMap.java
4,src/main/java/org/jabref/logic/importer/fetcher/transformers/SpringerQueryTransformer.java
6,src/main/java/org/jabref/logic/autosaveandbackup/AutosaveManager.java
6,src/main/java/org/jabref/gui/push/AbstractPushToApplication.java
7,src/main/java/org/jabref/gui/auximport/AuxParserResultViewModel.java
4,src/main/java/org/jabref/gui/fieldeditors/WriteMetadataToPdfCommand.java
12,src/main/java/org/jabref/model/openoffice/style/OODataModel.java
4,src/main/java/org/jabref/gui/exporter/ExportCommand.java
6,src/main/java/org/jabref/gui/externalfiles/ExternalFilesEntryLinker.java
6,src/main/java/org/jabref/gui/shared/SharedDatabaseLoginDialogViewModel.java
5,src/test/java/org/jabref/logic/integrity/PersonNamesCheckerTest.java
9,src/main/java/org/jabref/logic/formatter/casechanger/Word.java
9,src/main/java/org/jabref/model/openoffice/util/OOResult.java
4,src/test/java/org/jabref/logic/layout/format/CompositeFormatTest.java
1,src/main/java/org/jabref/model/entry/AuthorList.java
1,src/main/java/org/jabref/gui/fieldeditors/CitationKeyEditorViewModel.java
9,src/main/java/org/jabref/logic/integrity/EntryChecker.java
6,src/main/java/org/jabref/logic/exporter/OOCalcDatabase.java
4,src/test/java/org/jabref/model/entry/AuthorListTest.java
1,src/main/java/org/jabref/gui/preferences/table/TableTabViewModel.java
7,src/main/java/org/jabref/gui/citationkeypattern/GenerateCitationKeySingleAction.java
1,src/main/java/org/jabref/gui/collab/DatabaseChangeMonitor.java
6,src/main/java/org/jabref/gui/fieldeditors/OptionEditor.java
6,src/test/java/org/jabref/model/entry/field/FieldFactoryTest.java
1,src/main/java/org/jabref/gui/slr/SlrStudyAndDirectory.java
9,src/test/java/org/jabref/logic/citationkeypattern/BracketedPatternTest.java
6,src/test/java/org/jabref/logic/integrity/DoiDuplicationCheckerTest.java
9,src/main/java/org/jabref/logic/importer/fetcher/ZbMATH.java
7,src/main/java/org/jabref/gui/preferences/keybindings/KeyBindingsTab.java
6,src/main/java/org/jabref/model/openoffice/style/CitationPath.java
6,src/main/java/org/jabref/logic/importer/fetcher/SemanticScholar.java
6,src/test/java/org/jabref/logic/crawler/CrawlerTest.java
7,src/main/java/org/jabref/gui/mergeentries/newmergedialog/diffhighlighter/UnifiedDiffHighlighter.java
6,src/main/java/org/jabref/logic/importer/fileformat/ACMPortalParser.java
5,src/main/java/org/jabref/model/groups/event/GroupUpdatedEvent.java
4,src/main/java/org/jabref/model/study/FetchResult.java
6,src/main/java/org/jabref/logic/layout/format/NoSpaceBetweenAbbreviations.java
1,src/main/java/org/jabref/model/openoffice/style/CitationPath.java
4,src/main/java/org/jabref/gui/externalfiles/AutoLinkFilesAction.java
6,src/main/java/org/jabref/gui/util/FileFilterConverter.java
5,src/main/java/org/jabref/logic/integrity/ISSNChecker.java
6,src/main/java/org/jabref/gui/util/TooltipTextUtil.java
9,src/test/java/org/jabref/logic/importer/ImportDataTest.java
1,src/test/java/org/jabref/logic/util/io/BackupFileUtilTest.java
1,src/test/java/org/jabref/model/groups/SearchGroupTest.java
4,src/main/java/org/jabref/logic/importer/fileformat/CitaviXmlImporter.java
4,src/main/java/org/jabref/model/metadata/MetaData.java
1,src/main/java/org/jabref/gui/externalfiles/ImportHandler.java
6,src/test/java/org/jabref/logic/layout/format/RisMonthTest.java
4,src/test/java/org/jabref/logic/formatter/bibtexfields/NormalizeDateFormatterTest.java
5,src/main/java/org/jabref/logic/bst/BstEntry.java
6,src/main/java/org/jabref/logic/openoffice/OpenOfficeFileSearch.java
6,src/main/java/org/jabref/logic/net/ssl/TrustStoreManager.java
12,src/test/java/org/jabref/model/entry/identifier/IacrEprintTest.java
6,src/main/java/org/jabref/gui/push/PushToTeXstudio.java
9,src/main/java/org/jabref/logic/importer/OutputPrinter.java
7,src/main/java/org/jabref/gui/search/SearchResultsTableDataModel.java
4,src/main/java/org/jabref/logic/layout/format/RisKeywords.java
1,src/test/java/org/jabref/logic/git/GitHandlerTest.java
9,src/test/java/org/jabref/logic/l10n/LocalizationEntry.java
7,src/main/java/org/jabref/gui/mergeentries/newmergedialog/ThreeWayMergeView.java
9,src/main/java/org/jabref/logic/preview/PreviewLayout.java
4,src/test/java/org/jabref/logic/importer/fetcher/FulltextFetcherTest.java
7,src/test/java/org/jabref/gui/util/RecursiveTreeItemTest.java
5,src/test/java/org/jabref/logic/importer/fileformat/CopacImporterTest.java
7,src/main/java/org/jabref/gui/slr/ExistingStudySearchAction.java
6,src/main/java/org/jabref/logic/formatter/bibtexfields/NormalizeEnDashesFormatter.java
4,src/test/java/org/jabref/model/entry/identifier/MathSciNetIdTest.java
4,src/main/java/org/jabref/logic/integrity/UrlChecker.java
12,src/test/java/org/jabref/model/entry/field/FieldFactoryTest.java
6,src/main/java/org/jabref/gui/help/AboutAction.java
9,src/main/java/org/jabref/logic/importer/fetcher/transformers/YearRangeByFilteringQueryTransformer.java
6,src/test/java/org/jabref/logic/integrity/TypeCheckerTest.java
1,src/main/java/org/jabref/logic/util/io/DatabaseFileLookup.java
6,src/test/java/org/jabref/logic/util/io/BackupFileUtilTest.java
6,src/main/java/org/jabref/logic/util/io/FileHistory.java
1,src/main/java/org/jabref/logic/importer/ParserResult.java
6,src/main/java/org/jabref/gui/fieldeditors/contextmenu/DefaultMenu.java
9,src/main/java/org/jabref/model/entry/identifier/DOI.java
1,src/test/java/org/jabref/logic/importer/fetcher/ACSTest.java
1,src/main/java/org/jabref/gui/specialfields/SpecialFieldMenuItemFactory.java
6,src/main/java/org/jabref/logic/importer/fileformat/MsBibImporter.java
4,src/test/java/org/jabref/logic/importer/fetcher/OpenAccessDoiTest.java
5,src/test/java/org/jabref/logic/importer/fetcher/transformers/CollectionOfComputerScienceBibliographiesQueryTransformerTest.java
4,src/main/java/org/jabref/logic/bibtex/FieldWriter.java
5,src/main/java/org/jabref/logic/remote/server/RemoteListenerServerThread.java
4,src/main/java/org/jabref/model/openoffice/uno/UnoScreenRefresh.java
1,src/main/java/org/jabref/model/metadata/event/MetaDataChangedEvent.java
4,src/main/java/org/jabref/gui/entryeditor/fileannotationtab/FileAnnotationViewModel.java
9,src/test/java/org/jabref/logic/bst/BstVMVisitorTest.java
7,src/main/java/org/jabref/gui/actions/Action.java
6,src/main/java/org/jabref/model/openoffice/uno/UnoTextRange.java
1,src/main/java/org/jabref/logic/l10n/Localization.java
4,src/test/java/org/jabref/gui/documentviewer/PdfDocumentViewModelTest.java
4,src/main/java/org/jabref/model/entry/field/InternalField.java
1,src/main/java/org/jabref/model/openoffice/style/CitationMarkerNormEntry.java
1,src/main/java/org/jabref/gui/util/BindingsHelper.java
12,src/main/java/org/jabref/model/openoffice/uno/UnoUndo.java
1,src/main/java/org/jabref/logic/bibtex/comparator/PreambleDiff.java
6,src/main/java/org/jabref/gui/exporter/ExportCommand.java
5,src/main/java/org/jabref/logic/importer/fetcher/transformers/MedlineQueryTransformer.java
6,src/main/java/org/jabref/gui/undo/UndoableInsertEntries.java
1,src/test/java/org/jabref/logic/openoffice/style/OOPreFormatterTest.java
5,src/main/java/org/jabref/logic/shared/DatabaseConnection.java
6,src/main/java/org/jabref/logic/importer/fetcher/AstrophysicsDataSystem.java
5,src/main/java/org/jabref/logic/layout/format/AuthorFirstLastOxfordCommas.java
4,src/main/java/org/jabref/gui/collab/stringchange/BibTexStringChange.java
1,src/main/java/org/jabref/gui/documentviewer/DocumentPageViewModel.java
6,src/main/java/org/jabref/logic/importer/fetcher/CollectionOfComputerScienceBibliographiesParser.java
9,src/main/java/org/jabref/logic/integrity/CitationKeyDuplicationChecker.java
4,src/test/java/org/jabref/logic/cleanup/TimeStampToModificationDateTest.java
6,src/main/java/org/jabref/model/entry/BibtexString.java
7,src/main/java/org/jabref/gui/integrity/IntegrityCheckDialogViewModel.java
7,src/main/java/org/jabref/gui/sidepane/SidePaneComponent.java
5,src/main/java/org/jabref/logic/layout/format/GetOpenOfficeType.java
5,src/main/java/org/jabref/logic/importer/fetcher/CiteSeer.java
6,src/main/java/org/jabref/logic/auxparser/AuxParserResult.java
4,src/test/java/org/jabref/logic/layout/format/NameFormatterTest.java
5,src/main/java/org/jabref/logic/preview/PreviewLayout.java
1,src/main/java/org/jabref/gui/maintable/columns/LibraryColumn.java
12,src/main/java/org/jabref/model/groups/SearchGroup.java
7,src/main/java/org/jabref/gui/preferences/PreferencesTab.java
5,src/main/java/org/jabref/logic/exporter/MSBibExporter.java
6,src/main/java/org/jabref/logic/openoffice/NoDocumentFoundException.java
5,src/test/java/org/jabref/model/search/rules/ContainsBasedSearchRuleTest.java
1,src/main/java/org/jabref/logic/openoffice/style/OOPreFormatter.java
1,src/main/java/org/jabref/gui/preferences/customexporter/CustomExporterTabViewModel.java
9,src/test/java/org/jabref/logic/importer/fetcher/DOABFetcherTest.java
5,src/test/java/org/jabref/model/entry/AuthorListTest.java
9,src/main/java/org/jabref/logic/importer/fetcher/TrustLevel.java
1,src/main/java/org/jabref/logic/importer/fileformat/medline/OtherId.java
1,src/main/java/org/jabref/gui/entryeditor/LatexCitationsTabViewModel.java
5,src/test/java/org/jabref/logic/importer/fileformat/MsBibImporterFilesTest.java
7,src/main/java/org/jabref/gui/preferences/table/TableTab.java
1,src/main/java/org/jabref/gui/edit/automaticfiededitor/LastAutomaticFieldEditorEdit.java
9,src/main/java/org/jabref/logic/layout/Layout.java
1,src/test/java/org/jabref/gui/autocompleter/PersonNameSuggestionProviderTest.java
7,src/test/java/org/jabref/gui/slr/ManageStudyDefinitionViewModelTest.java
6,src/main/java/org/jabref/gui/JabRefFrame.java
6,src/main/java/org/jabref/gui/undo/UndoableRemoveEntries.java
5,src/main/java/org/jabref/logic/formatter/minifier/MinifyNameListFormatter.java
5,src/main/java/org/jabref/logic/importer/fetcher/transformers/YearAndYearRangeByFilteringQueryTransformer.java
1,src/main/java/org/jabref/gui/actions/Action.java
9,src/main/java/org/jabref/logic/layout/format/FileLink.java
4,src/main/java/org/jabref/logic/integrity/ISBNChecker.java
6,src/main/java/org/jabref/logic/integrity/NoBibtexFieldChecker.java
4,src/main/java/org/jabref/model/pdf/search/SearchFieldConstants.java
5,src/main/java/org/jabref/model/entry/identifier/EprintIdentifier.java
9,src/main/java/org/jabref/logic/importer/FetcherException.java
12,src/main/java/org/jabref/model/entry/types/SystematicLiteratureReviewStudyEntryType.java
4,src/main/java/org/jabref/logic/layout/format/ToLowerCase.java
5,src/main/java/org/jabref/logic/exporter/XmpExporter.java
7,src/main/java/org/jabref/gui/collab/DatabaseChangeDetailsView.java
5,buildSrc/src/copied/java/org/jabref/logic/journals/AbbreviationWriter.java
1,src/test/java/org/jabref/logic/texparser/TexBibEntriesResolverTest.java
6,src/main/java/org/jabref/logic/l10n/Localization.java
1,src/test/java/org/jabref/logic/bst/BstVMVisitorTest.java
9,src/main/java/org/jabref/logic/layout/format/AuthorFirstLastOxfordCommas.java
9,src/main/java/org/jabref/model/metadata/ContentSelectors.java
4,src/main/java/org/jabref/gui/dialogs/BackupUIManager.java
1,src/main/java/org/jabref/logic/importer/fetcher/SpringerLink.java
6,src/test/java/org/jabref/logic/layout/format/RemoveBracketsTest.java
6,src/test/java/org/jabref/logic/importer/fetcher/DOAJFetcherTest.java
4,src/test/java/org/jabref/logic/bibtex/comparator/FieldComparatorTest.java
6,src/test/java/org/jabref/gui/mergeentries/DiffHighlightingTest.java
6,src/main/java/org/jabref/logic/undo/UndoRedoEvent.java
1,src/main/java/org/jabref/gui/edit/automaticfiededitor/copyormovecontent/CopyOrMoveFieldContentTabViewModel.java
9,src/main/java/org/jabref/logic/importer/util/FileFieldParser.java
7,src/main/java/org/jabref/gui/texparser/CitationsDisplay.java
6,src/main/java/org/jabref/model/texparser/LatexBibEntriesResolverResult.java
6,src/test/java/org/jabref/model/openoffice/CitationEntryTest.java
9,src/test/java/org/jabref/logic/integrity/CitationKeyCheckerTest.java
1,src/test/java/org/jabref/logic/importer/fetcher/SearchBasedFetcherCapabilityTest.java
6,src/main/java/org/jabref/gui/menus/ChangeEntryTypeAction.java
7,src/main/java/org/jabref/gui/entryeditor/fileannotationtab/FulltextSearchResultsTab.java
5,src/main/java/org/jabref/logic/integrity/YearChecker.java
1,src/test/java/org/jabref/logic/layout/format/RemoveWhitespaceTest.java
6,src/main/java/org/jabref/logic/bibtex/InvalidFieldValueException.java
9,src/main/java/org/jabref/logic/importer/PagedSearchBasedFetcher.java
4,src/test/java/org/jabref/gui/groups/GroupNodeViewModelTest.java
4,src/main/java/org/jabref/logic/shared/exception/OfflineLockException.java
1,src/test/java/org/jabref/logic/bst/util/BstWidthCalculatorTest.java
4,src/main/java/org/jabref/model/openoffice/util/OOTuple3.java
1,src/main/java/org/jabref/logic/bibtex/FieldPreferences.java
12,src/main/java/org/jabref/model/openoffice/uno/UnoProperties.java
7,src/main/java/org/jabref/preferences/PreferencesService.java
1,src/main/java/org/jabref/model/openoffice/uno/UnoStyle.java
9,src/main/java/org/jabref/logic/undo/UndoRedoEvent.java
6,src/main/java/org/jabref/model/search/SearchMatcher.java
4,src/main/java/org/jabref/gui/autocompleter/AppendPersonNamesStrategy.java
1,src/main/java/org/jabref/logic/integrity/FieldChecker.java
1,src/main/java/org/jabref/gui/push/PushToEmacs.java
4,src/main/java/org/jabref/logic/integrity/EntryLinkChecker.java
5,src/main/java/org/jabref/logic/layout/format/FileLink.java
6,src/main/java/org/jabref/logic/importer/IdBasedParserFetcher.java
5,src/test/java/org/jabref/logic/importer/fetcher/MedraTest.java
6,src/test/java/org/jabref/logic/importer/fetcher/JstorFetcherTest.java
5,src/test/java/org/jabref/logic/xmp/XmpUtilWriterTest.java
9,src/main/java/org/jabref/logic/openoffice/backend/NamedRangeReferenceMark.java
5,src/test/java/org/jabref/logic/layout/format/AuthorNatBibTest.java
9,src/test/java/org/jabref/logic/importer/fileformat/MsBibImporterTest.java
5,src/main/java/org/jabref/logic/integrity/TitleChecker.java
4,src/test/java/org/jabref/logic/util/strings/StringLengthComparatorTest.java
5,src/main/java/org/jabref/model/entry/field/BiblatexSoftwareField.java
9,src/test/java/org/jabref/logic/l10n/LocalizationBundleForTest.java
6,src/main/java/org/jabref/logic/shared/prefs/SharedDatabasePreferences.java
1,src/main/java/org/jabref/gui/specialfields/SpecialFieldsPreferences.java
1,src/main/java/org/jabref/logic/openoffice/action/ManageCitations.java
6,src/main/java/org/jabref/gui/entryeditor/DeprecatedFieldsTab.java
1,src/main/java/org/jabref/logic/layout/TextBasedPreviewLayout.java
6,src/main/java/org/jabref/logic/layout/format/RisAuthors.java
9,src/main/java/org/jabref/logic/preferences/OwnerPreferences.java
6,src/main/java/org/jabref/gui/fieldeditors/contextmenu/ProtectedTermsMenu.java
1,src/test/java/org/jabref/logic/exporter/HtmlExportFormatTest.java
6,src/main/java/org/jabref/gui/mergeentries/MergeEntriesAction.java
1,src/main/java/org/jabref/logic/importer/fetcher/ACMPortalFetcher.java
6,src/test/java/org/jabref/logic/texparser/LatexParserTest.java
6,src/main/java/org/jabref/gui/theme/StyleSheetFile.java
7,src/main/java/org/jabref/gui/maintable/CellFactory.java
6,src/main/java/org/jabref/gui/externalfiles/ChainedFilters.java
6,src/main/java/org/jabref/gui/entryeditor/OtherFieldsTab.java
1,src/test/java/org/jabref/model/strings/StringUtilTest.java
6,src/main/java/org/jabref/gui/importer/NewEntryAction.java
7,src/main/java/org/jabref/gui/openoffice/AdvancedCiteDialogView.java
1,src/main/java/org/jabref/logic/formatter/bibtexfields/AddBracesFormatter.java
9,src/test/java/org/jabref/logic/integrity/BracketCheckerTest.java
6,src/main/java/org/jabref/logic/bst/util/BstTextPrefixer.java
12,src/test/java/org/jabref/model/entry/field/StandardFieldTest.java
5,src/test/java/org/jabref/logic/formatter/bibtexfields/UnicodeConverterTest.java
7,src/main/java/org/jabref/gui/texparser/ParseLatexDialogViewModel.java
6,src/main/java/org/jabref/logic/layout/LayoutFormatterPreferences.java
9,src/main/java/org/jabref/model/study/FetchResult.java
5,src/main/java/org/jabref/logic/importer/FetcherClientException.java
4,src/main/java/org/jabref/model/entry/CanonicalBibEntry.java
7,src/test/java/org/jabref/gui/edit/CopyOrMoveFieldContentTabViewModelTest.java
4,src/test/java/org/jabref/logic/layout/format/ToUpperCaseTest.java
1,src/main/java/org/jabref/logic/layout/format/LatexToUnicodeFormatter.java
5,src/main/java/org/jabref/logic/bst/util/BstPurifier.java
1,src/main/java/org/jabref/model/entry/field/BiblatexSoftwareField.java
4,src/main/java/org/jabref/logic/citationkeypattern/CitationKeyPatternPreferences.java
1,src/main/java/org/jabref/logic/shared/DatabaseConnection.java
6,src/main/java/org/jabref/logic/JabRefException.java
9,src/test/java/org/jabref/logic/integrity/TitleCheckerTest.java
1,src/main/java/org/jabref/gui/fieldeditors/UrlEditorViewModel.java
4,src/test/java/org/jabref/logic/exporter/AtomicFileOutputStreamTest.java
6,src/main/java/org/jabref/gui/util/ZipFileChooser.java
7,src/main/java/org/jabref/gui/copyfiles/CopyFilesResultListDependency.java
6,src/test/java/org/jabref/logic/integrity/IntegrityCheckTest.java
9,src/main/java/org/jabref/logic/importer/fileformat/medline/PersonalNameSubject.java
1,src/main/java/org/jabref/model/openoffice/style/CitationMarkerNumericBibEntry.java
1,src/main/java/org/jabref/gui/actions/StandardActions.java
1,src/main/java/org/jabref/gui/externalfiles/AutoLinkFilesAction.java
6,src/main/java/org/jabref/logic/layout/format/GetOpenOfficeType.java
6,src/main/java/org/jabref/logic/importer/fileformat/PicaXmlParser.java
4,src/test/java/org/jabref/logic/importer/fetcher/ScienceDirectTest.java
1,src/main/java/org/jabref/model/entry/types/BibtexEntryTypeDefinitions.java
6,src/main/java/org/jabref/gui/actions/SimpleCommand.java
6,src/main/java/org/jabref/logic/crawler/StudyFetcher.java
7,src/main/java/org/jabref/gui/entryeditor/DeprecatedFieldsTab.java
1,src/test/java/org/jabref/logic/exporter/EmbeddedBibFilePdfExporterTest.java
7,src/main/java/org/jabref/gui/importer/NewEntryAction.java
6,src/test/java/org/jabref/gui/externalfiles/AutoSetFileLinksUtilTest.java
4,src/main/java/org/jabref/logic/importer/Importer.java
9,src/main/java/org/jabref/logic/util/io/CitationKeyBasedFileFinder.java
4,src/main/java/org/jabref/gui/preferences/PreferencesTab.java
5,src/main/java/org/jabref/logic/formatter/casechanger/UpperCaseFormatter.java
1,src/main/java/org/jabref/gui/util/TextFlowLimited.java
9,src/test/java/org/jabref/logic/layout/LayoutTest.java
9,src/main/java/org/jabref/logic/journals/JournalAbbreviationRepository.java
4,src/main/java/org/jabref/gui/libraryproperties/general/GeneralPropertiesViewModel.java
1,src/main/java/org/jabref/logic/integrity/ASCIICharacterChecker.java
4,src/main/java/org/jabref/logic/texparser/DefaultLatexParser.java
4,src/main/java/org/jabref/model/texparser/Citation.java
4,src/main/java/org/jabref/logic/layout/format/DateFormatter.java
6,src/test/java/org/jabref/logic/importer/fetcher/CollectionOfComputerScienceBibliographiesFetcherTest.java
6,src/main/java/org/jabref/logic/texparser/DefaultLatexParser.java
9,src/main/java/org/jabref/logic/cleanup/TimeStampToModificationDate.java
1,src/test/java/org/jabref/logic/importer/fileformat/IsiImporterTest.java
9,src/test/java/org/jabref/logic/formatter/bibtexfields/CleanupUrlFormatterTest.java
4,src/main/java/org/jabref/logic/exporter/SaveException.java
7,src/main/java/org/jabref/gui/groups/UndoableChangeEntriesOfGroup.java
7,src/main/java/org/jabref/gui/mergeentries/FetchAndMergeEntry.java
6,src/test/java/org/jabref/logic/importer/fileformat/SilverPlatterImporterTest.java
9,src/main/java/org/jabref/logic/importer/fileformat/CustomImporter.java
5,src/test/java/org/jabref/logic/layout/format/RemoveTildeTest.java
12,src/main/java/org/jabref/model/entry/identifier/MathSciNetId.java
9,src/test/java/org/jabref/logic/importer/fetcher/AbstractIsbnFetcherTest.java
1,src/main/java/org/jabref/model/search/matchers/OrMatcher.java
5,src/main/java/org/jabref/model/entry/Keyword.java
7,src/main/java/org/jabref/gui/fieldeditors/AbstractEditorViewModel.java
5,src/main/java/org/jabref/logic/shared/exception/InvalidDBMSConnectionPropertiesException.java
9,src/main/java/org/jabref/model/entry/field/StandardField.java
4,src/main/java/org/jabref/gui/collab/metedatachange/MetadataChange.java
7,src/main/java/org/jabref/gui/search/RebuildFulltextSearchIndexAction.java
1,src/test/java/org/jabref/logic/layout/format/AuthorLastFirstCommasTest.java
6,src/main/java/org/jabref/gui/mergeentries/MultiMergeEntriesView.java
6,src/test/java/org/jabref/logic/integrity/BibStringCheckerTest.java
9,src/main/java/org/jabref/logic/exporter/XmpExporter.java
1,src/main/java/org/jabref/gui/importer/GrobidOptInDialogHelper.java
4,src/main/java/org/jabref/logic/importer/fileformat/IsiImporter.java
9,src/test/java/org/jabref/logic/exporter/ModsExportFormatFilesTest.java
9,src/main/java/org/jabref/logic/shared/DBMSConnection.java
7,src/main/java/org/jabref/gui/importer/actions/MergeReviewIntoCommentConfirmationDialog.java
5,src/test/java/org/jabref/logic/importer/fileformat/MedlineImporterFilesTest.java
6,src/main/java/org/jabref/logic/integrity/EntryLinkChecker.java
6,src/main/java/org/jabref/gui/util/uithreadaware/UiThreadObservableList.java
9,src/test/java/org/jabref/logic/bibtex/comparator/FieldComparatorTest.java
4,src/main/java/org/jabref/gui/collab/stringadd/BibTexStringAddDetailsView.java
1,src/test/java/org/jabref/logic/formatter/bibtexfields/UnitsToLatexFormatterTest.java
5,src/main/java/org/jabref/model/entry/BibEntryTypeBuilder.java
6,src/main/java/org/jabref/gui/fieldeditors/FieldEditors.java
9,src/test/java/org/jabref/logic/importer/fileformat/OvidImporterTest.java
1,src/main/java/org/jabref/gui/maintable/ColumnPreferences.java
4,src/main/java/org/jabref/logic/bst/BstVMVisitor.java
4,src/main/java/org/jabref/logic/util/strings/XmlCharsMap.java
4,src/main/java/org/jabref/logic/integrity/IntegrityMessage.java
6,src/main/java/org/jabref/logic/crawler/Crawler.java
4,src/main/java/org/jabref/model/entry/types/IEEETranEntryTypeDefinitions.java
1,src/test/java/org/jabref/logic/net/ProxyTest.java
6,src/test/java/org/jabref/logic/exporter/FieldFormatterCleanupsTest.java
6,src/main/java/org/jabref/gui/util/OpenHyperlinksInExternalBrowser.java
1,src/main/java/org/jabref/logic/importer/WebFetcher.java
7,src/main/java/org/jabref/gui/fieldeditors/CitationKeyEditorViewModel.java
1,src/main/java/org/jabref/gui/JabRefFrame.java
4,src/test/java/org/jabref/logic/layout/format/AuthorFirstLastCommasTest.java
5,src/test/java/org/jabref/logic/crawler/StudyDatabaseToFetcherConverterTest.java
1,src/main/java/org/jabref/logic/exporter/ModsExporter.java
5,src/main/java/org/jabref/logic/protectedterms/ProtectedTermsList.java
5,src/test/java/org/jabref/logic/importer/fetcher/BvbFetcherTest.java
6,src/test/java/org/jabref/logic/bibtex/BibEntryWriterTest.java
1,src/test/java/org/jabref/logic/formatter/casechanger/CapitalizeFormatterTest.java
6,src/test/java/org/jabref/logic/layout/format/HTMLCharsTest.java
6,src/main/java/org/jabref/model/entry/types/BiblatexEntryTypeDefinitions.java
6,src/main/java/org/jabref/gui/preferences/PreferenceTabViewModel.java
6,src/test/java/org/jabref/gui/autocompleter/PersonNameSuggestionProviderTest.java
12,src/main/java/org/jabref/model/openoffice/uno/UnoUserDefinedProperty.java
9,src/test/java/org/jabref/logic/layout/format/CompositeFormatTest.java
6,src/main/java/org/jabref/logic/formatter/bibtexfields/EscapeUnderscoresFormatter.java
4,src/test/java/org/jabref/logic/importer/util/JsonReaderTest.java
7,src/main/java/org/jabref/gui/preferences/preview/PreviewTab.java
4,src/test/java/org/jabref/logic/layout/format/NoSpaceBetweenAbbreviationsTest.java
9,src/main/java/org/jabref/logic/integrity/BibTeXEntryTypeChecker.java
12,src/main/java/org/jabref/model/openoffice/uno/UnoCast.java
4,src/main/java/org/jabref/gui/theme/StyleSheet.java
4,src/main/java/org/jabref/logic/importer/fetcher/OpenAccessDoi.java
9,src/main/java/org/jabref/logic/util/strings/QuotedStringTokenizer.java
4,src/main/java/org/jabref/gui/entryeditor/OpenEntryEditorAction.java
4,src/main/java/org/jabref/logic/net/ProxyPreferences.java
4,src/main/java/org/jabref/logic/importer/fileformat/OvidImporter.java
6,src/main/java/org/jabref/logic/util/strings/QuotedStringTokenizer.java
4,src/main/java/org/jabref/gui/edit/automaticfiededitor/AutomaticFieldEditorTab.java
4,src/test/java/org/jabref/gui/mergeentries/DiffHighlightingTest.java
9,src/main/java/org/jabref/model/openoffice/util/OOListUtil.java
4,src/main/java/org/jabref/logic/crawler/Crawler.java
6,src/main/java/org/jabref/logic/importer/fileformat/EndnoteXmlImporter.java
1,src/main/java/org/jabref/logic/importer/fetcher/IacrEprintFetcher.java
1,src/main/java/org/jabref/model/entry/types/EntryType.java
4,src/main/java/org/jabref/gui/entryeditor/OptionalFieldsTabBase.java
6,src/main/java/org/jabref/model/database/event/AutosaveEvent.java
9,src/main/java/org/jabref/logic/layout/LayoutHelper.java
6,src/main/java/org/jabref/logic/util/strings/StringLengthComparator.java
5,src/test/java/org/jabref/logic/journals/AbbreviationsTest.java
6,src/test/java/org/jabref/logic/layout/format/RisKeywordsTest.java
5,src/main/java/org/jabref/logic/importer/fetcher/ZbMATH.java
9,src/main/java/org/jabref/logic/shared/DatabaseNotSupportedException.java
6,src/main/java/org/jabref/model/openoffice/rangesort/RangeHolder.java
7,src/main/java/org/jabref/gui/preferences/customentrytypes/CustomEntryTypeViewModel.java
6,src/main/java/org/jabref/logic/layout/format/AuthorAbbreviator.java
6,src/main/java/org/jabref/logic/externalfiles/ExternalFilesContentImporter.java
6,src/main/java/org/jabref/logic/preview/PreviewLayout.java
9,src/main/java/org/jabref/logic/util/io/FileNameCleaner.java
6,src/test/java/org/jabref/logic/shared/security/PasswordTest.java
7,src/test/java/org/jabref/gui/mergeentries/ThreeWayMergeCellViewModelTest.java
1,src/test/java/org/jabref/logic/util/BuildInfoTest.java
4,src/test/java/org/jabref/logic/layout/LayoutTest.java
7,src/main/java/org/jabref/gui/edit/ManageKeywordsDisplayType.java
12,src/main/java/org/jabref/model/study/StudyDatabase.java
12,src/main/java/org/jabref/model/entry/identifier/ArXivIdentifier.java
4,src/test/java/org/jabref/logic/cleanup/TimeStampToCreationDateTest.java
4,src/main/java/org/jabref/model/entry/LinkedFile.java
1,src/main/java/org/jabref/gui/maintable/MainTableFieldValueFormatter.java
5,src/main/java/org/jabref/logic/importer/fileformat/MedlinePlainImporter.java
7,src/main/java/org/jabref/gui/documentviewer/DocumentPageViewModel.java
5,src/main/java/org/jabref/model/entry/types/UnknownEntryType.java
1,src/main/java/org/jabref/logic/citationstyle/CSLAdapter.java
6,src/test/java/org/jabref/logic/formatter/minifier/TruncateFormatterTest.java
4,src/test/java/org/jabref/gui/entryeditor/fileannotationtab/FileAnnotationViewModelTest.java
4,src/test/java/org/jabref/logic/net/ProxyTest.java
7,src/main/java/org/jabref/gui/externalfiles/DownloadFullTextAction.java
4,src/main/java/org/jabref/logic/integrity/PagesChecker.java
1,src/main/java/org/jabref/gui/util/ViewModelTableRowFactory.java
6,src/main/java/org/jabref/gui/preferences/PreferencesDialogView.java
5,src/main/java/org/jabref/logic/citationstyle/CitationStyleOutputFormat.java
1,src/main/java/org/jabref/gui/mergeentries/MergeWithFetchedEntryAction.java
6,src/main/java/org/jabref/logic/integrity/BibStringChecker.java
7,src/main/java/org/jabref/gui/fieldeditors/SimpleEditor.java
4,src/main/java/org/jabref/logic/importer/fetcher/INSPIREFetcher.java
4,src/test/java/org/jabref/logic/exporter/EmbeddedBibFilePdfExporterTest.java
4,src/main/java/org/jabref/gui/collab/preamblechange/PreambleChange.java
1,src/main/java/org/jabref/model/schema/DublinCoreSchemaCustom.java
1,src/test/java/org/jabref/model/entry/identifier/DOITest.java
6,src/main/java/org/jabref/gui/Globals.java
4,src/main/java/org/jabref/logic/importer/fetcher/transformers/GVKQueryTransformer.java
6,src/test/java/org/jabref/model/search/rules/MockSearchMatcher.java
9,src/main/java/org/jabref/logic/importer/util/GrobidService.java
5,src/main/java/org/jabref/logic/shared/DBMSConnectionProperties.java
12,src/main/java/org/jabref/model/entry/SharedBibEntryData.java
4,src/main/java/org/jabref/logic/formatter/bibtexfields/RemoveBracesFormatter.java
5,src/test/java/org/jabref/logic/importer/fileformat/PdfMergeMetadataImporterTest.java
1,src/main/java/org/jabref/logic/bst/util/BstTextPrefixer.java
4,src/main/java/org/jabref/gui/util/IconValidationDecorator.java
1,src/main/java/org/jabref/logic/integrity/ValidCitationKeyChecker.java
6,src/main/java/org/jabref/gui/maintable/OpenUrlAction.java
1,src/main/java/org/jabref/logic/importer/fileformat/InspecImporter.java
1,src/main/java/org/jabref/logic/util/FileType.java
5,src/test/java/org/jabref/logic/importer/fetcher/IEEETest.java
4,src/main/java/org/jabref/logic/integrity/TitleChecker.java
6,src/main/java/org/jabref/gui/desktop/JabRefDesktop.java
4,src/main/java/org/jabref/model/openoffice/style/CitationGroupId.java
7,src/main/java/org/jabref/gui/edit/automaticfiededitor/AbstractAutomaticFieldEditorTabView.java
6,src/main/java/org/jabref/gui/actions/ActionFactory.java
9,src/main/java/org/jabref/logic/importer/ParseException.java
1,src/main/java/org/jabref/gui/help/AboutDialogViewModel.java
4,src/test/java/org/jabref/logic/importer/fileformat/CopacImporterTest.java
9,src/main/java/org/jabref/logic/formatter/bibtexfields/AddBracesFormatter.java
9,src/test/java/org/jabref/logic/formatter/bibtexfields/ShortenDOIFormatterTest.java
7,src/main/java/org/jabref/gui/groups/MoveGroupChange.java
9,src/test/java/org/jabref/model/groups/GroupTreeNodeTest.java
4,src/test/java/org/jabref/logic/l10n/LocalizationKeyTest.java
9,src/main/java/org/jabref/logic/cleanup/CleanupWorker.java
1,src/main/java/org/jabref/gui/collab/entrydelete/EntryDelete.java
1,src/main/java/org/jabref/gui/preferences/citationkeypattern/CitationKeyPatternTab.java
7,src/main/java/org/jabref/gui/help/NewVersionDialog.java
4,src/main/java/org/jabref/gui/menus/ChangeEntryTypeMenu.java
6,src/test/java/org/jabref/logic/importer/fetcher/isbntobibtex/DoiToBibtexConverterComIsbnFetcherTest.java
4,src/main/java/org/jabref/model/openoffice/rangesort/FunctionalTextViewCursor.java
4,src/test/java/org/jabref/gui/externalfiles/ImportHandlerTest.java
1,src/main/java/org/jabref/gui/importer/actions/CheckForNewEntryTypesAction.java
1,src/main/java/org/jabref/logic/exporter/BibtexDatabaseWriter.java
6,src/main/java/org/jabref/gui/util/DefaultFileUpdateMonitor.java
6,src/main/java/org/jabref/model/entry/field/IEEEField.java
5,src/test/java/org/jabref/logic/formatter/minifier/TruncateFormatterTest.java
4,src/main/java/org/jabref/model/schema/DublinCoreSchemaCustom.java
12,src/main/java/org/jabref/model/pdf/search/SearchFieldConstants.java
4,src/main/java/org/jabref/model/openoffice/style/CitationMarkerEntry.java
4,src/main/java/org/jabref/gui/util/ValueTableCellFactory.java
6,src/main/java/org/jabref/model/FieldChange.java
9,src/test/java/org/jabref/logic/exporter/OpenOfficeDocumentCreatorTest.java
1,src/main/java/org/jabref/gui/entryeditor/DeprecatedFieldsTab.java
6,src/main/java/org/jabref/logic/openoffice/style/OOBibStyleGetNumCitationMarker.java
1,src/main/java/org/jabref/gui/externalfiletype/UnknownExternalFileType.java
1,src/main/java/org/jabref/gui/maintable/OpenUrlAction.java
4,src/test/java/org/jabref/model/FieldChangeTest.java
6,src/main/java/org/jabref/model/TreeNode.java
9,src/main/java/org/jabref/logic/openoffice/backend/Codec52.java
6,src/main/java/org/jabref/gui/AbstractViewModel.java
1,src/main/java/org/jabref/logic/importer/FetcherClientException.java
7,src/main/java/org/jabref/gui/edit/ManageKeywordsDialog.java
7,src/main/java/org/jabref/gui/fieldeditors/LinkedFileViewModel.java
9,src/test/java/org/jabref/logic/importer/fetcher/PicaXmlParserTest.java
6,src/main/java/org/jabref/gui/collab/stringchange/BibTexStringChange.java
6,src/test/java/org/jabref/logic/importer/fetcher/transformers/GVKQueryTransformerTest.java
6,src/main/java/org/jabref/logic/layout/format/RisKeywords.java
6,src/main/java/org/jabref/gui/logging/ApplicationInsightsLogEvent.java
5,src/main/java/org/jabref/logic/formatter/bibtexfields/RemoveBracesFormatter.java
6,src/main/java/org/jabref/gui/copyfiles/CopySingleFileAction.java
6,src/main/java/org/jabref/gui/util/OnlyIntegerFormatter.java
4,src/test/java/org/jabref/logic/exporter/DocbookExporterTest.java
5,src/main/java/org/jabref/model/groups/GroupTreeNode.java
9,src/test/java/org/jabref/logic/cleanup/TimeStampToModificationDateTest.java
1,src/test/java/org/jabref/logic/layout/format/AuthorLF_FFTest.java
1,src/main/java/org/jabref/gui/util/ControlHelper.java
4,src/main/java/org/jabref/logic/layout/format/AuthorLastFirstAbbreviator.java
5,src/main/java/org/jabref/logic/citationstyle/CitationStyleCache.java
6,src/main/java/org/jabref/logic/shared/DatabaseConnection.java
4,src/main/java/org/jabref/logic/exporter/BibWriter.java
9,src/main/java/org/jabref/logic/importer/fileformat/MrDLibImporter.java
5,src/test/java/org/jabref/logic/integrity/EditionCheckerTest.java
1,src/main/java/org/jabref/logic/layout/format/RemoveWhitespace.java
6,src/main/java/org/jabref/logic/layout/format/WrapFileLinks.java
4,src/main/java/org/jabref/gui/specialfields/SpecialFieldAction.java
1,src/main/java/org/jabref/gui/openoffice/AdvancedCiteDialogViewModel.java
7,src/test/java/org/jabref/gui/importer/NewEntryActionTest.java
12,src/main/java/org/jabref/model/openoffice/rangesort/RangeOverlapKind.java
4,src/main/java/org/jabref/gui/fieldeditors/OwnerEditorViewModel.java
6,src/main/java/org/jabref/gui/autocompleter/AutoCompletionTextInputBinding.java
4,src/main/java/org/jabref/gui/openoffice/OOBibBaseConnect.java
5,src/main/java/org/jabref/logic/util/strings/QuotedStringTokenizer.java
4,src/main/java/org/jabref/logic/layout/format/AuthorLastFirst.java
6,src/main/java/org/jabref/gui/search/rules/describer/SearchDescribers.java
6,src/main/java/org/jabref/gui/edit/CopyMoreAction.java
7,src/main/java/org/jabref/gui/entryeditor/LatexCitationsTab.java
4,src/test/java/org/jabref/logic/l10n/EncodingsTest.java
6,src/main/java/org/jabref/gui/autocompleter/AutoCompleteFirstNameMode.java
4,src/main/java/org/jabref/model/groups/GroupHierarchyType.java
5,src/test/java/org/jabref/logic/importer/fetcher/isbntobibtex/OpenLibraryIsbnFetcherTest.java
6,src/main/java/org/jabref/model/openoffice/style/NonUniqueCitationMarker.java
4,src/test/java/org/jabref/logic/importer/fetcher/transformers/ScholarQueryTransformerTest.java
4,src/main/java/org/jabref/model/openoffice/util/OOPair.java
5,src/main/java/org/jabref/logic/layout/format/DocBookAuthorFormatter.java
12,src/test/java/org/jabref/model/entry/field/UnknownFieldTest.java
4,src/main/java/org/jabref/logic/texparser/TexBibEntriesResolver.java
1,src/test/java/org/jabref/logic/importer/fileformat/RISImporterTest.java
1,src/main/java/org/jabref/gui/slr/EditExistingStudyAction.java
5,src/main/java/org/jabref/logic/formatter/bibtexfields/NormalizeNamesFormatter.java
6,src/main/java/org/jabref/logic/net/ProgressInputStream.java
5,src/test/java/org/jabref/logic/search/DatabaseSearcherTest.java
6,src/main/java/org/jabref/gui/fieldeditors/OwnerEditor.java
1,src/main/java/org/jabref/gui/preferences/linkedfiles/LinkedFilesTab.java
4,src/main/java/org/jabref/model/ChainNode.java
6,src/main/java/org/jabref/model/entry/field/SpecialFieldValue.java
9,src/main/java/org/jabref/logic/util/FileType.java
4,src/main/java/org/jabref/gui/fieldeditors/contextmenu/DefaultMenu.java
4,src/main/java/org/jabref/logic/shared/exception/InvalidDBMSConnectionPropertiesException.java
1,src/main/java/org/jabref/logic/importer/fetcher/ScienceDirect.java
9,src/main/java/org/jabref/model/search/rules/SearchRules.java
5,src/main/java/org/jabref/model/search/matchers/MatcherSets.java
9,src/main/java/org/jabref/logic/importer/fileformat/PdfGrobidImporter.java
4,src/main/java/org/jabref/gui/collab/DatabaseChangeDetailsViewFactory.java
5,src/test/java/org/jabref/logic/integrity/ASCIICharacterCheckerTest.java
4,src/main/java/org/jabref/logic/cleanup/CleanupJob.java
1,src/test/java/org/jabref/logic/net/URLUtilTest.java
4,src/main/java/org/jabref/logic/layout/format/WrapContent.java
5,src/main/java/org/jabref/logic/exporter/EmbeddedBibFilePdfExporter.java
9,src/test/java/org/jabref/logic/importer/fileformat/ImporterTestEngine.java
6,src/test/java/org/jabref/logic/formatter/bibtexfields/RemoveRedundantSpacesFormatterTest.java
9,src/test/java/org/jabref/logic/formatter/bibtexfields/AddBracesFormatterTest.java
1,src/main/java/org/jabref/logic/util/strings/StringLengthComparator.java
4,src/main/java/org/jabref/gui/maintable/OpenExternalFileAction.java
4,src/main/java/org/jabref/gui/fieldeditors/UrlEditor.java
1,src/main/java/org/jabref/logic/shared/event/UpdateRefusedEvent.java
9,src/test/java/org/jabref/logic/integrity/ASCIICharacterCheckerTest.java
9,src/main/java/org/jabref/model/entry/types/EntryTypeFactory.java
5,src/main/java/org/jabref/logic/texparser/TexBibEntriesResolver.java
6,src/main/java/org/jabref/model/openoffice/ootext/OOText.java
6,src/main/java/org/jabref/gui/edit/automaticfiededitor/AutomaticFieldEditorAction.java
7,src/main/java/org/jabref/gui/theme/StyleSheetFile.java
1,src/main/java/org/jabref/gui/util/StreamGobbler.java
4,src/main/java/org/jabref/model/groups/GroupTreeNode.java
6,src/main/java/org/jabref/gui/preferences/table/TableTab.java
6,src/test/java/org/jabref/logic/exporter/XmpPdfExporterTest.java
6,src/main/java/org/jabref/logic/database/DatabaseMerger.java
9,src/main/java/org/jabref/model/search/rules/FullTextSearchRule.java
9,src/main/java/org/jabref/logic/exporter/TemplateExporter.java
9,src/main/java/org/jabref/logic/remote/Protocol.java
9,src/main/java/org/jabref/logic/formatter/bibtexfields/EscapeAmpersandsFormatter.java
9,src/test/java/org/jabref/logic/layout/format/AuthorLastFirstAbbrCommasTest.java
4,src/main/java/org/jabref/gui/util/uithreadaware/UiThreadObservableList.java
5,src/main/java/org/jabref/logic/importer/ParserResult.java
5,src/main/java/org/jabref/logic/importer/OutputPrinter.java
4,src/main/java/org/jabref/gui/texparser/ParseLatexDialogView.java
4,src/main/java/org/jabref/model/util/ListUtil.java
5,src/main/java/org/jabref/logic/importer/fileformat/mods/Name.java
5,src/test/java/org/jabref/logic/formatter/bibtexfields/RemoveDigitsFormatterTest.java
5,src/test/java/org/jabref/logic/importer/fetcher/CollectionOfComputerScienceBibliographiesFetcherTest.java
1,src/main/java/org/jabref/logic/layout/format/AuthorLastFirstCommas.java
2,src/main/java/org/jabref/preferences/MrDlibPreferences.java
6,src/main/java/org/jabref/logic/importer/fileformat/MedlinePlainImporter.java
4,src/main/java/org/jabref/gui/preferences/protectedterms/ProtectedTermsTab.java
6,src/main/java/org/jabref/logic/importer/fetcher/IacrEprintFetcher.java
6,src/test/java/org/jabref/logic/layout/format/AuthorLastFirstAbbreviatorTest.java
6,src/main/java/org/jabref/gui/autocompleter/ContentSelectorSuggestionProvider.java
1,src/main/java/org/jabref/gui/fieldeditors/LinkedEntriesEditor.java
5,src/main/java/org/jabref/logic/layout/format/AuthorLastFirstAbbrCommas.java
1,src/test/java/org/jabref/logic/layout/LayoutEntryTest.java
5,src/main/java/org/jabref/logic/openoffice/style/OOBibStyleGetNumCitationMarker.java
12,src/main/java/org/jabref/model/strings/LatexToUnicodeAdapter.java
12,src/main/java/org/jabref/model/entry/field/FieldProperty.java
4,src/main/java/org/jabref/gui/libraryproperties/constants/ConstantsItemModel.java
9,src/test/java/org/jabref/model/database/KeyChangeListenerTest.java
1,src/main/java/org/jabref/gui/openoffice/StyleSelectItemViewModel.java
6,src/main/java/org/jabref/logic/integrity/IntegrityMessage.java
5,src/main/java/org/jabref/logic/msbib/BibTeXConverter.java
6,src/main/java/org/jabref/logic/exporter/OpenOfficeDocumentCreator.java
9,src/main/java/org/jabref/model/metadata/event/MetaDataChangedEvent.java
6,src/main/java/org/jabref/gui/importer/GrobidOptInDialogHelper.java
7,src/main/java/org/jabref/gui/edit/CopyDoiUrlAction.java
6,src/main/java/org/jabref/logic/util/io/RegExpBasedFileFinder.java
7,src/main/java/org/jabref/gui/specialfields/SpecialFieldViewModel.java
1,src/main/java/org/jabref/logic/importer/fileformat/ACMPortalParser.java
1,src/main/java/org/jabref/logic/formatter/casechanger/CapitalizeFormatter.java
4,src/main/java/org/jabref/gui/journals/AbbreviateAction.java
5,src/main/java/org/jabref/model/entry/event/EntriesEventSource.java
9,src/test/java/org/jabref/logic/importer/fetcher/transformers/YearAndYearRangeByFilteringQueryTransformerTest.java
6,src/main/java/org/jabref/logic/journals/JournalAbbreviationRepository.java
6,src/main/java/org/jabref/model/openoffice/ootext/OOTextIntoOO.java
9,src/main/java/org/jabref/logic/integrity/DoiValidityChecker.java
6,src/main/java/org/jabref/logic/importer/ImportFormatReader.java
4,src/main/java/org/jabref/gui/search/rules/describer/SearchDescriber.java
4,src/test/java/org/jabref/logic/importer/fetcher/ResearchGateTest.java
5,src/main/java/org/jabref/logic/journals/AbbreviationFormat.java
4,src/main/java/org/jabref/model/openoffice/uno/UnoTextDocument.java
7,src/main/java/org/jabref/gui/collab/groupchange/GroupChange.java
4,src/test/java/org/jabref/logic/layout/format/ToLowerCaseTest.java
5,src/test/java/org/jabref/logic/l10n/LocalizationEntry.java
6,src/main/java/org/jabref/gui/libraryproperties/PropertiesTab.java
5,src/test/java/org/jabref/logic/layout/format/AuthorLastFirstOxfordCommasTest.java
9,src/main/java/org/jabref/logic/importer/fetcher/DiVA.java
1,src/main/java/org/jabref/logic/externalfiles/LinkedFileHandler.java
7,src/main/java/org/jabref/gui/exporter/ExportCommand.java
1,src/main/java/org/jabref/gui/autocompleter/SuggestionProviders.java
5,src/test/java/org/jabref/logic/l10n/EncodingsTest.java
4,src/main/java/org/jabref/gui/fieldeditors/OptionEditor.java
4,src/main/java/org/jabref/gui/commonfxcontrols/CitationKeyPatternPanel.java
6,src/test/java/org/jabref/gui/exporter/ExportToClipboardActionTest.java
1,src/main/java/org/jabref/gui/preferences/file/FileTab.java
4,src/main/java/org/jabref/logic/importer/fetcher/DoiFetcher.java
4,src/main/java/org/jabref/gui/libraryproperties/PropertiesTabViewModel.java
6,src/main/java/org/jabref/gui/slr/ExistingStudySearchAction.java
4,src/main/java/org/jabref/gui/exporter/ExporterViewModel.java
4,src/main/java/org/jabref/gui/util/RadioButtonCell.java
6,src/main/java/org/jabref/gui/exporter/WriteMetadataToPdfAction.java
7,src/main/java/org/jabref/gui/edit/automaticfiededitor/renamefield/RenameFieldViewModel.java
9,src/main/java/org/jabref/logic/importer/fetcher/ApsFetcher.java
6,src/main/java/org/jabref/gui/collab/ExternalChangesResolverViewModel.java
1,src/main/java/org/jabref/gui/push/PushToLyxSettings.java
5,src/main/java/org/jabref/logic/remote/client/RemoteClient.java
4,src/main/java/org/jabref/gui/openoffice/AdvancedCiteDialogView.java
7,src/main/java/org/jabref/gui/fieldeditors/EditorTextField.java
9,src/test/java/org/jabref/logic/git/SlrGitHandlerTest.java
1,src/main/java/org/jabref/gui/desktop/os/Windows.java
5,src/main/java/org/jabref/logic/formatter/bibtexfields/HtmlToUnicodeFormatter.java
6,src/main/java/org/jabref/gui/groups/UndoableChangeEntriesOfGroup.java
5,src/main/java/org/jabref/logic/layout/format/AuthorLF_FF.java
6,src/main/java/org/jabref/model/database/event/BibDatabaseContextChangedEvent.java
4,src/test/java/org/jabref/logic/importer/fetcher/ApsFetcherTest.java
5,src/test/java/org/jabref/logic/formatter/bibtexfields/NormalizeDateFormatterTest.java
1,src/main/java/org/jabref/gui/theme/Theme.java
9,src/test/java/org/jabref/logic/cleanup/DoiCleanupTest.java
4,src/main/java/org/jabref/model/database/event/EntriesRemovedEvent.java
4,src/main/java/org/jabref/gui/icon/JabrefIconProvider.java
1,src/test/java/org/jabref/logic/auxparser/AuxParserTest.java
4,src/main/java/org/jabref/gui/integrity/IntegrityCheckDialog.java
9,src/main/java/org/jabref/logic/shared/prefs/SharedDatabasePreferences.java
6,src/main/java/org/jabref/logic/importer/fileformat/medline/OtherId.java
1,src/test/java/org/jabref/gui/libraryproperties/contentselectors/ContentSelectorViewModelTest.java
4,src/test/java/org/jabref/logic/layout/format/AuthorFirstLastOxfordCommasTest.java
5,src/main/java/org/jabref/logic/shared/DBMSConnection.java
9,src/main/java/org/jabref/logic/protectedterms/ProtectedTermsList.java
9,src/main/java/org/jabref/logic/journals/AbbreviationParser.java
6,src/test/java/org/jabref/logic/layout/format/ReplaceUnicodeLigaturesFormatterTest.java
1,src/main/java/org/jabref/gui/maintable/columns/SpecialFieldColumn.java
6,src/main/java/org/jabref/gui/push/PushToVimSettings.java
1,src/main/java/org/jabref/logic/citationstyle/CitationStyleCache.java
9,src/main/java/org/jabref/model/search/rules/SentenceAnalyzer.java
1,src/main/java/org/jabref/gui/fieldeditors/EditorTextField.java
6,src/test/java/org/jabref/logic/bst/util/BstNameFormatterTest.java
4,src/main/java/org/jabref/gui/libraryproperties/LibraryPropertiesViewModel.java
12,src/main/java/org/jabref/model/groups/GroupHierarchyType.java
5,src/main/java/org/jabref/logic/util/strings/HTMLUnicodeConversionMaps.java
9,src/main/java/org/jabref/logic/importer/fetcher/isbntobibtex/DoiToBibtexConverterComIsbnFetcher.java
7,src/main/java/org/jabref/gui/search/GlobalSearchBar.java
4,src/main/java/org/jabref/gui/search/GlobalSearchResultDialog.java
4,src/main/java/org/jabref/logic/importer/fetcher/TitleFetcher.java
6,src/main/java/org/jabref/logic/layout/format/LatexToUnicodeFormatter.java
4,src/main/java/org/jabref/gui/externalfiletype/CustomExternalFileType.java
4,src/test/java/org/jabref/logic/exporter/XmpPdfExporterTest.java
9,src/main/java/org/jabref/logic/shared/DBMSConnectionPropertiesBuilder.java
1,src/test/java/org/jabref/logic/journals/AbbreviationsTest.java
9,src/main/java/org/jabref/logic/importer/FetcherResult.java
9,src/main/java/org/jabref/logic/util/OS.java
12,src/main/java/org/jabref/model/openoffice/uno/UnoSelection.java
4,src/test/java/org/jabref/logic/util/ExternalLinkCreatorTest.java
4,src/main/java/org/jabref/logic/search/DatabaseSearcher.java
1,src/main/java/org/jabref/logic/openoffice/NoDocumentFoundException.java
1,src/main/java/org/jabref/gui/collab/ChangeScanner.java
9,src/test/java/org/jabref/logic/bibtex/comparator/BibStringDiffTest.java
4,src/main/java/org/jabref/model/entry/field/FieldFactory.java
9,src/main/java/org/jabref/model/openoffice/uno/UnoRedlines.java
6,src/main/java/org/jabref/logic/layout/format/RemoveBracketsAddComma.java
4,src/test/java/org/jabref/logic/importer/fileformat/CustomImporterTest.java
9,src/test/java/org/jabref/logic/formatter/bibtexfields/HtmlToUnicodeFormatterTest.java
6,src/test/java/org/jabref/gui/theme/ThemeManagerTest.java
7,src/main/java/org/jabref/gui/specialfields/SpecialFieldAction.java
4,src/main/java/org/jabref/logic/importer/fetcher/isbntobibtex/EbookDeIsbnFetcher.java
5,src/main/java/org/jabref/logic/layout/format/Default.java
5,src/main/java/org/jabref/logic/shared/event/UpdateRefusedEvent.java
12,src/main/java/org/jabref/model/util/OptionalUtil.java
4,src/main/java/org/jabref/model/openoffice/uno/UnoUndo.java
6,src/test/java/org/jabref/logic/layout/format/DefaultTest.java
9,src/test/java/org/jabref/logic/pdf/EntryAnnotationImporterTest.java
1,src/main/java/org/jabref/gui/preferences/xmp/XmpPrivacyTabViewModel.java
7,src/test/java/org/jabref/gui/entryeditor/SourceTabTest.java
1,src/main/java/org/jabref/model/openoffice/rangesort/RangeSortable.java
11,src/main/java/org/jabref/preferences/PreferencesFilter.java
9,src/main/java/org/jabref/logic/exporter/EmbeddedBibFilePdfExporter.java
4,src/main/java/org/jabref/logic/importer/IdBasedParserFetcher.java
6,src/test/java/org/jabref/logic/layout/format/NoSpaceBetweenAbbreviationsTest.java
1,src/main/java/org/jabref/gui/externalfiles/ExternalFileSorter.java
4,src/test/java/org/jabref/logic/util/strings/StringSimilarityTest.java
9,src/main/java/org/jabref/logic/util/strings/XmlCharsMap.java
6,src/main/java/org/jabref/logic/openoffice/action/ExportCited.java
6,src/main/java/org/jabref/model/groups/LastNameGroup.java
1,src/main/java/org/jabref/logic/importer/SearchBasedFetcher.java
6,src/main/java/org/jabref/gui/util/FileNodeViewModel.java
9,src/test/java/org/jabref/logic/cleanup/TimeStampToCreationDateTest.java
1,src/test/java/org/jabref/logic/util/FileNameCleanerTest.java
4,src/main/java/org/jabref/gui/util/ZipFileChooser.java
6,src/main/java/org/jabref/gui/journals/UndoableUnabbreviator.java
9,src/main/java/org/jabref/logic/importer/fetcher/transformers/JstorQueryTransformer.java
9,src/main/java/org/jabref/logic/formatter/bibtexfields/TrimWhitespaceFormatter.java
1,src/test/java/org/jabref/logic/importer/fetcher/DOAJFetcherTest.java
5,src/main/java/org/jabref/model/database/BibDatabaseMode.java
6,src/test/java/org/jabref/logic/formatter/casechanger/ProtectTermsFormatterTest.java
12,src/main/java/org/jabref/model/pdf/search/PdfSearchResults.java
5,src/test/java/org/jabref/logic/layout/format/AuthorLastFirstCommasTest.java
5,src/main/java/org/jabref/model/openoffice/style/CitationPath.java
1,src/main/java/org/jabref/logic/formatter/bibtexfields/RemoveNewlinesFormatter.java
6,src/main/java/org/jabref/logic/layout/format/RemoveLatexCommandsFormatter.java
9,src/main/java/org/jabref/model/entry/Month.java
4,src/main/java/org/jabref/gui/slr/ManageStudyDefinitionViewModel.java
1,src/main/java/org/jabref/gui/autocompleter/FieldValueSuggestionProvider.java
6,src/main/java/org/jabref/gui/desktop/os/Linux.java
7,src/main/java/org/jabref/gui/specialfields/SpecialFieldsPreferences.java
6,src/main/java/org/jabref/gui/copyfiles/CopyFilesDialogView.java
9,src/main/java/org/jabref/logic/importer/fileformat/EndnoteImporter.java
6,src/main/java/org/jabref/gui/fieldeditors/EditorTypeEditorViewModel.java
6,src/main/java/org/jabref/model/openoffice/style/CitationMarkerNormEntry.java
1,src/main/java/org/jabref/gui/preferences/entryeditor/EntryEditorTab.java
1,src/main/java/org/jabref/logic/layout/LayoutFormatter.java
4,src/test/java/org/jabref/logic/layout/format/HTMLParagraphsTest.java
12,src/main/java/org/jabref/model/study/FetchResult.java
4,src/main/java/org/jabref/model/openoffice/uno/UnoProperties.java
1,src/test/java/org/jabref/logic/formatter/bibtexfields/AddBracesFormatterTest.java
1,src/main/java/org/jabref/gui/preferences/appearance/AppearanceTabViewModel.java
1,src/main/java/org/jabref/logic/layout/format/RemoveBrackets.java
4,src/test/java/org/jabref/logic/pdf/search/retrieval/PdfSearcherTest.java
5,src/main/java/org/jabref/logic/crawler/StudyDatabaseToFetcherConverter.java
4,src/test/java/org/jabref/logic/formatter/casechanger/SentenceCaseFormatterTest.java
6,src/main/java/org/jabref/logic/cleanup/ISSNCleanup.java
4,src/main/java/org/jabref/gui/mergeentries/newmergedialog/fieldsmerger/FileMerger.java
6,src/main/java/org/jabref/logic/util/strings/StringManipulator.java
1,src/test/java/org/jabref/logic/layout/format/AuthorsTest.java
5,src/main/java/org/jabref/model/entry/types/BiblatexSoftwareEntryType.java
1,src/main/java/org/jabref/gui/importer/fetcher/WebSearchPaneView.java
6,src/main/java/org/jabref/logic/importer/FetcherResult.java
1,src/main/java/org/jabref/gui/menus/FileHistoryMenu.java
6,src/main/java/org/jabref/gui/maintable/columns/MainTableColumn.java
4,src/test/java/org/jabref/gui/UpdateTimestampListenerTest.java
4,src/main/java/org/jabref/gui/desktop/os/DefaultDesktop.java
9,src/test/java/org/jabref/model/entry/IdGeneratorTest.java
1,src/test/java/org/jabref/gui/groups/GroupTreeViewModelTest.java
1,src/main/java/org/jabref/model/openoffice/uno/UnoCrossRef.java
5,src/main/java/org/jabref/logic/importer/fetcher/ResearchGate.java
6,src/main/java/org/jabref/model/search/matchers/NotMatcher.java
1,src/test/java/org/jabref/logic/integrity/EntryLinkCheckerTest.java
5,src/main/java/org/jabref/logic/openoffice/action/EditMerge.java
7,src/main/java/org/jabref/gui/groups/GroupNodeViewModel.java
6,src/main/java/org/jabref/model/openoffice/uno/UnoCrossRef.java
7,src/main/java/org/jabref/gui/openoffice/OOBibBase.java
7,src/main/java/org/jabref/gui/slr/SlrStudyAndDirectory.java
4,src/main/java/org/jabref/gui/groups/GroupTreeNodeViewModel.java
1,src/main/java/org/jabref/model/entry/EntryLinkList.java
4,src/main/java/org/jabref/gui/push/PushToEmacs.java
9,src/main/java/org/jabref/logic/help/HelpFile.java
9,src/main/java/org/jabref/logic/bibtex/FieldContentFormatter.java
7,src/main/java/org/jabref/gui/errorconsole/LogEventViewModel.java
9,src/test/java/org/jabref/logic/formatter/bibtexfields/NormalizeMonthFormatterTest.java
6,src/main/java/org/jabref/gui/fieldeditors/OptionEditorViewModel.java
12,src/main/java/org/jabref/model/openoffice/uno/UnoStyle.java
7,src/main/java/org/jabref/preferences/SidePanePreferences.java
1,src/test/java/org/jabref/logic/importer/fetcher/RfcFetcherTest.java
6,src/main/java/org/jabref/gui/collab/entrydelete/EntryDelete.java
5,src/test/java/org/jabref/logic/l10n/LocalizationConsistencyTest.java
1,src/test/java/org/jabref/model/entry/field/SpecialFieldTest.java
9,src/test/java/org/jabref/logic/util/io/RegExpBasedFileFinderTest.java
6,src/main/java/org/jabref/gui/externalfiles/AutoLinkFilesAction.java
1,src/main/java/org/jabref/gui/autocompleter/StringSuggestionProvider.java
1,src/main/java/org/jabref/gui/autocompleter/AutoCompletePreferences.java
1,src/main/java/org/jabref/gui/preferences/preview/PreviewTabViewModel.java
1,src/main/java/org/jabref/model/FieldChange.java
1,src/test/java/org/jabref/model/entry/EntryLinkListTest.java
6,src/test/java/org/jabref/logic/shared/DBMSConnectionTest.java
5,src/test/java/org/jabref/logic/importer/fetcher/transformers/IEEEQueryTransformerTest.java
1,src/test/java/org/jabref/logic/importer/fileformat/BiblioscapeImporterTest.java
5,src/main/java/org/jabref/logic/util/io/DatabaseFileLookup.java
7,src/main/java/org/jabref/gui/autocompleter/WordSuggestionProvider.java
7,src/main/java/org/jabref/gui/maintable/columns/FileColumn.java
1,src/test/java/org/jabref/logic/exporter/CsvExportFormatTest.java
1,src/main/java/org/jabref/gui/preferences/PreferencesSearchHandler.java
4,src/main/java/org/jabref/logic/importer/PagedSearchBasedFetcher.java
4,src/test/java/org/jabref/logic/importer/fetcher/transformers/CollectionOfComputerScienceBibliographiesQueryTransformerTest.java
1,src/test/java/org/jabref/model/FieldChangeTest.java
4,src/test/java/org/jabref/model/entry/IdGeneratorTest.java
7,src/main/java/org/jabref/gui/mergeentries/newmergedialog/cell/OpenExternalLinkAction.java
5,src/test/java/org/jabref/logic/importer/fetcher/transformers/ScholarQueryTransformerTest.java
6,src/test/java/org/jabref/logic/texparser/TexBibEntriesResolverTest.java
6,src/main/java/org/jabref/gui/help/AboutDialogView.java
5,src/main/java/org/jabref/logic/auxparser/AuxParser.java
1,src/main/java/org/jabref/gui/entryeditor/RequiredFieldsTab.java
1,src/test/java/org/jabref/gui/groups/GroupNodeViewModelTest.java
9,src/test/java/org/jabref/logic/layout/format/HTMLCharsTest.java
5,src/main/java/org/jabref/model/strings/UnicodeToReadableCharMap.java
6,src/main/java/org/jabref/model/entry/types/SystematicLiteratureReviewStudyEntryTypeDefinitions.java
5,src/test/java/org/jabref/logic/layout/LayoutEntryTest.java
12,src/main/java/org/jabref/model/openoffice/util/OOPair.java
4,src/test/java/org/jabref/logic/formatter/bibtexfields/EscapeUnderscoresFormatterTest.java
4,src/main/java/org/jabref/gui/fieldeditors/EditorTypeEditorViewModel.java
6,src/main/java/org/jabref/logic/remote/server/RemoteListenerServerThread.java
1,src/main/java/org/jabref/logic/shared/exception/InvalidDBMSConnectionPropertiesException.java
7,src/main/java/org/jabref/gui/collab/entrydelete/EntryDelete.java
5,src/main/java/org/jabref/model/entry/BibEntry.java
4,src/main/java/org/jabref/gui/fieldeditors/KeywordsEditor.java
1,src/main/java/org/jabref/logic/importer/fetcher/GoogleScholar.java
4,src/main/java/org/jabref/gui/externalfiletype/UnknownExternalFileType.java
4,src/test/java/org/jabref/logic/util/strings/StringManipulatorTest.java
9,src/main/java/org/jabref/logic/formatter/casechanger/UnprotectTermsFormatter.java
1,src/main/java/org/jabref/gui/entryeditor/fileannotationtab/FileAnnotationTabViewModel.java
1,src/main/java/org/jabref/gui/preview/CopyCitationAction.java
4,src/main/java/org/jabref/logic/layout/format/CSLType.java
1,src/main/java/org/jabref/gui/entryeditor/PreviewTab.java
4,src/test/java/org/jabref/gui/autocompleter/PersonNameStringConverterTest.java
6,src/test/java/org/jabref/logic/importer/fetcher/transformers/SpringerQueryTransformerTest.java
1,src/main/java/org/jabref/logic/integrity/FileChecker.java
6,src/test/java/org/jabref/model/groups/ExplicitGroupTest.java
6,src/test/java/org/jabref/logic/importer/fetcher/PicaXmlParserTest.java
9,src/test/java/org/jabref/logic/layout/format/AuthorFirstFirstCommasTest.java
9,src/main/java/org/jabref/logic/util/StandardFileType.java
6,src/main/java/org/jabref/logic/importer/fetcher/ACMPortalFetcher.java
4,src/test/java/org/jabref/logic/integrity/HowPublishedCheckerTest.java
9,src/test/java/org/jabref/logic/layout/format/AuthorLastFirstTest.java
4,src/test/java/org/jabref/logic/util/io/RegExpBasedFileFinderTest.java
6,src/main/java/org/jabref/logic/importer/fetcher/transformers/CollectionOfComputerScienceBibliographiesQueryTransformer.java
4,src/main/java/org/jabref/gui/mergeentries/newmergedialog/DiffMethod.java
7,src/main/java/org/jabref/gui/groups/GroupTreeViewModel.java
5,src/main/java/org/jabref/logic/exporter/BibWriter.java
9,src/test/java/org/jabref/model/openoffice/CitationEntryTest.java
9,src/main/java/org/jabref/logic/integrity/EditionChecker.java
9,src/main/java/org/jabref/logic/openoffice/style/OOBibStyleGetCitationMarker.java
4,src/main/java/org/jabref/logic/bibtex/comparator/BibEntryDiff.java
6,src/test/java/org/jabref/logic/layout/format/DOICheckTest.java
12,src/main/java/org/jabref/model/entry/types/EntryType.java
4,src/main/java/org/jabref/gui/util/RecursiveTreeItem.java
4,src/main/java/org/jabref/gui/openoffice/StyleSelectDialogView.java
6,src/test/java/org/jabref/logic/importer/fetcher/TitleFetcherTest.java
1,src/main/java/org/jabref/logic/layout/format/RemoveLatexCommandsFormatter.java
5,src/main/java/org/jabref/model/entry/field/FieldFactory.java
6,src/main/java/org/jabref/logic/util/OS.java
1,src/test/java/org/jabref/logic/shared/security/PasswordTest.java
9,src/test/java/org/jabref/logic/formatter/bibtexfields/TrimWhitespaceFormatterTest.java
4,src/test/java/org/jabref/gui/util/OpenConsoleActionTest.java
4,src/test/java/org/jabref/gui/keyboard/KeyBindingsTabModelTest.java
4,src/main/java/org/jabref/gui/util/comparator/SpecialFieldComparator.java
4,src/main/java/org/jabref/gui/util/OptionalObjectProperty.java
7,src/main/java/org/jabref/gui/entryeditor/OptionalFields2Tab.java
1,src/main/java/org/jabref/gui/mergeentries/newmergedialog/DiffMethod.java
7,src/test/java/org/jabref/gui/search/TextFlowEqualityHelper.java
6,src/main/java/org/jabref/logic/integrity/ValidCitationKeyChecker.java
6,src/main/java/org/jabref/model/openoffice/style/CitationMarkerNumericEntry.java
9,src/main/java/org/jabref/logic/bibtex/FieldPreferences.java
9,src/test/java/org/jabref/logic/cleanup/DoiDecodeCleanupTest.java
6,src/main/java/org/jabref/gui/journals/AbbreviateAction.java
6,src/main/java/org/jabref/gui/externalfiles/DownloadFullTextAction.java
7,src/main/java/org/jabref/gui/EntryTypeView.java
12,src/test/java/org/jabref/model/entry/BibtexStringTest.java
6,src/main/java/org/jabref/logic/integrity/PagesChecker.java
7,src/main/java/org/jabref/gui/fieldeditors/PersonsEditorViewModel.java
6,src/main/java/org/jabref/model/metadata/MetaData.java
6,src/main/java/org/jabref/model/entry/identifier/ISSN.java
7,src/main/java/org/jabref/gui/icon/JabRefMaterialDesignIcon.java
4,src/main/java/org/jabref/model/openoffice/style/PageInfo.java
6,src/test/java/org/jabref/logic/util/strings/StringManipulatorTest.java
1,src/test/java/org/jabref/logic/l10n/LocalizationTest.java
6,src/main/java/org/jabref/gui/externalfiles/FileDownloadTask.java
4,src/test/java/org/jabref/gui/fieldeditors/LinkedFileViewModelTest.java
4,src/test/java/org/jabref/logic/importer/fetcher/transformers/IEEEQueryTransformerTest.java
9,src/main/java/org/jabref/logic/importer/fetcher/JstorFetcher.java
1,src/main/java/org/jabref/gui/fieldeditors/OwnerEditorViewModel.java
1,src/test/java/org/jabref/gui/sidepane/SidePaneViewModelTest.java
1,src/test/java/org/jabref/logic/formatter/bibtexfields/ShortenDOIFormatterTest.java
5,src/test/java/org/jabref/logic/importer/fetcher/ACSTest.java
1,src/main/java/org/jabref/gui/autocompleter/EmptySuggestionProvider.java
6,src/main/java/org/jabref/gui/util/BackgroundTask.java
1,src/main/java/org/jabref/logic/groups/DefaultGroupsFactory.java
5,src/main/java/org/jabref/model/entry/IdGenerator.java
6,src/main/java/org/jabref/gui/collab/preamblechange/PreambleChange.java
6,src/test/java/org/jabref/logic/xmp/XmpUtilWriterTest.java
5,src/test/java/org/jabref/logic/layout/format/RemoveBracketsAddCommaTest.java
6,src/test/java/org/jabref/logic/importer/fetcher/transformers/ZbMathQueryTransformerTest.java
6,src/main/java/org/jabref/gui/sidepane/GroupsSidePaneComponent.java
1,src/main/java/org/jabref/gui/externalfiles/GitIgnoreFileFilter.java
5,src/main/java/org/jabref/model/openoffice/rangesort/RangeSort.java
1,src/main/java/org/jabref/logic/bst/util/BstWidthCalculator.java
4,src/main/java/org/jabref/logic/importer/fileformat/PicaXmlParser.java
5,src/test/java/org/jabref/logic/importer/DatabaseFileLookupTest.java
1,src/main/java/org/jabref/gui/FXDialog.java
7,src/test/java/org/jabref/gui/mergeentries/DiffHighlightingTest.java
4,src/main/java/org/jabref/logic/crawler/StudyDatabaseToFetcherConverter.java
12,src/test/java/org/jabref/model/entry/AuthorTest.java
4,src/main/java/org/jabref/logic/pdf/search/indexing/IndexingTaskManager.java
1,src/main/java/org/jabref/gui/Globals.java
4,src/main/java/org/jabref/model/database/BibDatabaseMode.java
6,src/test/java/org/jabref/gui/autocompleter/BibEntrySuggestionProviderTest.java
1,src/main/java/org/jabref/model/entry/BibEntry.java
9,src/test/java/org/jabref/logic/importer/fetcher/LibraryOfCongressTest.java
4,src/main/java/org/jabref/logic/importer/fileformat/CoinsParser.java
5,src/test/java/org/jabref/logic/importer/fetcher/CiteSeerTest.java
6,src/main/java/org/jabref/gui/maintable/MainTableColumnFactory.java
1,src/test/java/org/jabref/logic/citationstyle/CitationStyleCacheTest.java
6,src/main/java/org/jabref/model/openoffice/uno/UnoSelection.java
4,src/main/java/org/jabref/gui/shared/PullChangesFromSharedAction.java
5,src/main/java/org/jabref/logic/layout/format/Iso690NamesAuthors.java
7,src/main/java/org/jabref/preferences/AppearancePreferences.java
6,src/test/java/org/jabref/logic/exporter/MetaDataSerializerTest.java
5,src/main/java/org/jabref/model/entry/BibEntryTypesManager.java
6,src/main/java/org/jabref/gui/preferences/keybindings/presets/NewEntryBindingPreset.java
1,src/main/java/org/jabref/model/entry/identifier/ArXivIdentifier.java
4,src/main/java/org/jabref/gui/documentviewer/DocumentViewModel.java
5,src/test/java/org/jabref/logic/importer/fileformat/BiblioscapeImporterFilesTest.java
1,src/main/java/org/jabref/model/openoffice/style/CitationGroups.java
1,src/test/java/org/jabref/gui/util/comparator/NumericFieldComparatorTest.java
9,src/test/java/org/jabref/logic/shared/SynchronizationEventListenerTest.java
6,src/main/java/org/jabref/logic/layout/format/AuthorLF_FF.java
4,src/main/java/org/jabref/logic/bibtex/comparator/BibDatabaseDiff.java
4,src/test/java/org/jabref/logic/layout/format/OrdinalTest.java
7,src/test/java/org/jabref/gui/externalfiles/GitIgnoreFileFilterTest.java
5,src/main/java/org/jabref/logic/exporter/AtomicFileOutputStream.java
1,src/main/java/org/jabref/model/database/BibDatabaseMode.java
9,src/main/java/org/jabref/logic/integrity/AbbreviationChecker.java
6,src/main/java/org/jabref/gui/mergeentries/newmergedialog/cell/sidebuttons/ToggleMergeUnmergeButton.java
9,src/main/java/org/jabref/logic/layout/format/EntryTypeFormatter.java
6,src/main/java/org/jabref/model/openoffice/uno/UnoBookmark.java
9,src/test/java/org/jabref/logic/layout/format/FirstPageTest.java
1,src/main/java/org/jabref/gui/slr/ExistingStudySearchAction.java
5,src/test/java/org/jabref/logic/importer/fileformat/MedlineImporterTest.java
6,src/main/java/org/jabref/logic/importer/fetcher/SpringerLink.java
9,src/main/java/org/jabref/model/entry/types/BiblatexAPAEntryTypeDefinitions.java
9,src/test/java/org/jabref/logic/openoffice/style/OOBibStyleTestHelper.java
9,src/main/java/org/jabref/logic/layout/format/AuthorAbbreviator.java
6,src/main/java/org/jabref/logic/importer/fetcher/INSPIREFetcher.java
1,src/test/java/org/jabref/gui/importer/fetcher/WebSearchPaneViewModelTest.java
4,src/test/java/org/jabref/logic/shared/DBMSConnectionPropertiesTest.java
4,src/main/java/org/jabref/logic/importer/fileformat/MrDLibImporter.java
9,src/main/java/org/jabref/logic/exporter/BibtexDatabaseWriter.java
4,src/main/java/org/jabref/logic/layout/LayoutFormatterPreferences.java
4,src/main/java/org/jabref/gui/commonfxcontrols/FieldFormatterCleanupsPanelViewModel.java
4,src/main/java/org/jabref/logic/pdf/PdfAnnotationImporter.java
1,src/test/java/org/jabref/model/groups/WordKeywordGroupTest.java
6,src/main/java/org/jabref/logic/layout/format/RisMonth.java
1,src/test/java/org/jabref/model/entry/identifier/ArXivIdentifierTest.java
6,src/main/java/org/jabref/gui/sidepane/TogglePaneAction.java
1,src/test/java/org/jabref/logic/formatter/bibtexfields/OrdinalsToSuperscriptFormatterTest.java
5,src/main/java/org/jabref/logic/exporter/BibtexDatabaseWriter.java
9,src/main/java/org/jabref/logic/citationkeypattern/BracketedPattern.java
5,src/main/java/org/jabref/logic/openoffice/style/StyleLoader.java
7,src/main/java/org/jabref/gui/edit/automaticfiededitor/NotificationPaneAdapter.java
5,src/main/java/org/jabref/logic/xmp/XmpUtilWriter.java
4,src/main/java/org/jabref/gui/undo/UndoableChangeType.java
6,src/main/java/org/jabref/logic/importer/PagedSearchBasedFetcher.java
4,src/main/java/org/jabref/model/texparser/LatexParserResult.java
1,src/main/java/org/jabref/gui/maintable/columns/LinkedIdentifierColumn.java
9,src/main/java/org/jabref/logic/importer/fileformat/MedlineImporter.java
6,src/main/java/org/jabref/logic/layout/format/JournalAbbreviator.java
7,src/main/java/org/jabref/gui/mergeentries/MergeTwoEntriesAction.java
4,src/main/java/org/jabref/gui/bibtexextractor/ExtractBibtexAction.java
5,src/test/java/org/jabref/logic/importer/fetcher/SpringerLinkTest.java
4,src/test/java/org/jabref/logic/bst/BstVMTest.java
9,src/main/java/org/jabref/model/database/event/EntriesAddedEvent.java
1,src/main/java/org/jabref/logic/formatter/bibtexfields/EscapeAmpersandsFormatter.java
9,src/main/java/org/jabref/model/entry/BibEntryTypesManager.java
1,src/test/java/org/jabref/logic/exporter/MSBibExportFormatFilesTest.java
4,src/main/java/org/jabref/gui/entryeditor/LatexCitationsTabViewModel.java
4,src/main/java/org/jabref/logic/importer/fetcher/isbntobibtex/DoiToBibtexConverterComIsbnFetcher.java
4,src/main/java/org/jabref/logic/formatter/bibtexfields/OrdinalsToSuperscriptFormatter.java
5,src/main/java/org/jabref/logic/importer/fetcher/SemanticScholar.java
4,src/test/java/org/jabref/logic/layout/format/AuthorLastFirstAbbrCommasTest.java
7,src/test/java/org/jabref/gui/exporter/ExportToClipboardActionTest.java
6,src/main/java/org/jabref/logic/search/SearchQuery.java
1,src/main/java/org/jabref/logic/xmp/XmpUtilReader.java
1,src/main/java/org/jabref/gui/externalfiletype/StandardExternalFileType.java
5,src/main/java/org/jabref/logic/importer/fetcher/JstorFetcher.java
1,src/main/java/org/jabref/logic/l10n/LocalizationKey.java
12,src/main/java/org/jabref/model/groups/RegexKeywordGroup.java
4,src/main/java/org/jabref/model/FieldChange.java
1,src/test/java/org/jabref/logic/importer/fileformat/CitaviXmlImporterFilesTest.java
6,src/main/java/org/jabref/gui/search/GlobalSearchBar.java
1,src/test/java/org/jabref/logic/importer/fetcher/ZbMATHTest.java
1,src/test/java/org/jabref/logic/layout/format/AuthorAbbreviatorTest.java
1,src/main/java/org/jabref/logic/openoffice/style/OOBibStyleGetNumCitationMarker.java
7,src/main/java/org/jabref/gui/preferences/appearance/AppearanceTab.java
6,src/main/java/org/jabref/logic/exporter/ExporterFactory.java
1,src/test/java/org/jabref/logic/protectedterms/ProtectedTermsLoaderTest.java
6,src/main/java/org/jabref/model/openoffice/uno/UnoCursor.java
7,src/main/java/org/jabref/gui/edit/ManageKeywordsViewModel.java
6,src/test/java/org/jabref/logic/bst/util/BstWidthCalculatorTest.java
4,src/main/java/org/jabref/logic/util/OS.java
4,src/main/java/org/jabref/gui/mergeentries/newmergedialog/fieldsmerger/FieldMergerFactory.java
5,src/main/java/org/jabref/logic/importer/fetcher/GrobidPreferences.java
4,src/main/java/org/jabref/gui/actions/JabRefAction.java
9,src/main/java/org/jabref/logic/importer/fetcher/DoiFetcher.java
5,src/main/java/org/jabref/logic/importer/IdParserFetcher.java
6,src/main/java/org/jabref/model/database/BibDatabaseContext.java
5,src/main/java/org/jabref/logic/importer/fetcher/DoiResolution.java
6,src/main/java/org/jabref/gui/edit/automaticfiededitor/copyormovecontent/CopyOrMoveFieldContentTabView.java
4,src/main/java/org/jabref/gui/mergeentries/newmergedialog/cell/MergedFieldCell.java
1,src/main/java/org/jabref/gui/shared/SharedDatabaseUIManager.java
5,src/main/java/org/jabref/logic/exporter/MetaDataSerializer.java
5,src/test/java/org/jabref/logic/bibtex/comparator/CrossRefEntryComparatorTest.java
5,src/main/java/org/jabref/logic/layout/format/CreateDocBook5Authors.java
6,src/main/java/org/jabref/model/strings/UnicodeToReadableCharMap.java
6,src/main/java/org/jabref/gui/util/ViewModelTreeCellFactory.java
4,src/test/java/org/jabref/logic/exporter/YamlExporterTest.java
4,src/main/java/org/jabref/gui/mergeentries/newmergedialog/toolbar/ThreeWayMergeToolbar.java
1,src/main/java/org/jabref/logic/importer/fileformat/MrDLibImporter.java
6,src/test/java/org/jabref/logic/importer/fetcher/DOABFetcherTest.java
1,src/main/java/org/jabref/gui/documentviewer/PageDimension.java
9,src/test/java/org/jabref/logic/cleanup/ISSNCleanupTest.java
1,src/main/java/org/jabref/logic/util/io/FileUtil.java
4,src/main/java/org/jabref/gui/mergeentries/DiffMode.java
6,src/main/java/org/jabref/logic/remote/Protocol.java
4,src/main/java/org/jabref/gui/mergeentries/newmergedialog/fieldsmerger/CommentMerger.java
5,src/main/java/org/jabref/model/entry/field/FieldProperty.java
4,src/main/java/org/jabref/model/entry/event/EntryChangedEvent.java
4,src/main/java/org/jabref/logic/layout/format/RemoveBrackets.java
4,src/main/java/org/jabref/logic/pdf/EntryAnnotationImporter.java
9,src/main/java/org/jabref/logic/pdf/search/indexing/DocumentReader.java
6,src/main/java/org/jabref/gui/maintable/NameDisplayPreferences.java
4,src/test/java/org/jabref/logic/formatter/casechanger/ProtectTermsFormatterTest.java
4,src/test/java/org/jabref/model/search/rules/ContainsBasedSearchRuleTest.java
9,src/main/java/org/jabref/logic/formatter/casechanger/CapitalizeFormatter.java
12,src/test/java/org/jabref/model/groups/SearchGroupTest.java
1,src/test/java/org/jabref/logic/importer/fetcher/ArXivFetcherTest.java
1,src/main/java/org/jabref/gui/autocompleter/AutoCompletionInput.java
6,src/test/java/org/jabref/logic/layout/format/AuthorAndsReplacerTest.java
1,src/main/java/org/jabref/gui/fieldeditors/CitationKeyEditor.java
7,src/main/java/org/jabref/gui/edit/OpenBrowserAction.java
4,src/main/java/org/jabref/logic/importer/PagedSearchBasedParserFetcher.java
9,src/main/java/org/jabref/model/util/FileUpdateListener.java
7,src/test/java/org/jabref/gui/util/comparator/NumericFieldComparatorTest.java
1,src/test/java/org/jabref/logic/exporter/ExporterTest.java
4,src/main/java/org/jabref/logic/exporter/OOCalcDatabase.java
7,src/main/java/org/jabref/gui/cleanup/CleanupDialog.java
4,src/main/java/org/jabref/gui/preferences/keybindings/KeyBindingViewModel.java
9,src/main/java/org/jabref/model/openoffice/rangesort/RangeSortVisual.java
1,src/main/java/org/jabref/logic/importer/fetcher/JstorFetcher.java
7,src/main/java/org/jabref/gui/fieldeditors/PaginationEditorViewModel.java
6,src/main/java/org/jabref/gui/importer/ImportEntriesViewModel.java
1,src/test/java/org/jabref/logic/openoffice/style/StyleLoaderTest.java
5,src/main/java/org/jabref/model/groups/AbstractGroup.java
1,src/main/java/org/jabref/model/entry/identifier/IacrEprint.java
1,src/test/java/org/jabref/logic/importer/fetcher/transformers/YearRangeByFilteringQueryTransformerTest.java
6,src/main/java/org/jabref/gui/undo/UndoableInsertString.java
6,src/main/java/org/jabref/logic/shared/DBMSConnection.java
1,src/main/java/org/jabref/gui/util/ColorUtil.java
4,src/test/java/org/jabref/gui/theme/ThemeManagerTest.java
7,src/main/java/org/jabref/gui/openoffice/StyleSelectDialogViewModel.java
6,src/main/java/org/jabref/model/openoffice/style/CitationGroups.java
6,src/main/java/org/jabref/logic/importer/fileformat/medline/PersonalNameSubject.java
9,src/test/java/org/jabref/model/entry/field/FieldFactoryTest.java
5,src/main/java/org/jabref/model/search/matchers/AndMatcher.java
1,src/test/java/org/jabref/model/entry/identifier/IacrEprintTest.java
7,src/main/java/org/jabref/gui/commonfxcontrols/FieldFormatterCleanupsPanel.java
1,src/main/java/org/jabref/logic/openoffice/style/OOFormatBibliography.java
4,src/main/java/org/jabref/gui/documentviewer/DocumentViewerControl.java
6,src/main/java/org/jabref/logic/protectedterms/ProtectedTermsLoader.java
4,src/main/java/org/jabref/logic/protectedterms/ProtectedTermsParser.java
7,src/main/java/org/jabref/gui/sidepane/SidePaneViewModel.java
7,src/main/java/org/jabref/gui/autocompleter/AutoCompletePreferences.java
7,src/main/java/org/jabref/gui/groups/GroupTreeNodeViewModel.java
4,src/test/java/org/jabref/logic/formatter/bibtexfields/EscapeAmpersandsFormatterTest.java
6,src/main/java/org/jabref/gui/util/FileDialogConfiguration.java
4,buildSrc/src/copied/java/org/jabref/logic/journals/AbbreviationWriter.java
7,src/main/java/org/jabref/gui/preferences/customexporter/CustomExporterTab.java
7,src/main/java/org/jabref/gui/fieldeditors/KeywordsEditor.java
6,src/test/java/org/jabref/logic/importer/fileformat/PdfContentImporterFilesTest.java
4,src/test/java/org/jabref/gui/mergeentries/ThreeWayMergeViewModelTest.java
1,src/main/java/org/jabref/model/entry/field/OrFields.java
6,src/main/java/org/jabref/logic/importer/fetcher/DoiFetcher.java
6,src/main/java/org/jabref/gui/search/rules/describer/ContainsAndRegexBasedSearchRuleDescriber.java
7,src/main/java/org/jabref/gui/openoffice/ManageCitationsDialogViewModel.java
6,src/main/java/org/jabref/model/entry/types/UnknownEntryType.java
6,src/main/java/org/jabref/logic/importer/fetcher/transformers/GVKQueryTransformer.java
1,src/test/java/org/jabref/gui/util/OpenConsoleActionTest.java
1,src/test/java/org/jabref/logic/shared/DBMSProcessorTest.java
4,src/main/java/org/jabref/logic/logging/LogMessages.java
4,src/main/java/org/jabref/model/entry/event/FieldChangedEvent.java
12,src/main/java/org/jabref/model/groups/WordKeywordGroup.java
1,src/main/java/org/jabref/gui/fieldeditors/FieldEditors.java
6,src/test/java/org/jabref/logic/layout/LayoutHelperTest.java
12,src/main/java/org/jabref/model/entry/types/SystematicLiteratureReviewStudyEntryTypeDefinitions.java
4,src/main/java/org/jabref/gui/preferences/network/NetworkTab.java
6,src/main/java/org/jabref/gui/fieldeditors/KeywordsEditor.java
1,src/main/java/org/jabref/gui/citationkeypattern/GenerateCitationKeyAction.java
6,src/main/java/org/jabref/model/groups/GroupTreeNode.java
1,src/main/java/org/jabref/gui/collab/DatabaseChangeDetailsViewFactory.java
1,src/main/java/org/jabref/logic/pdf/search/indexing/PdfIndexer.java
4,src/main/java/org/jabref/logic/layout/format/AuthorFirstAbbrLastOxfordCommas.java
1,src/main/java/org/jabref/logic/layout/format/Iso690NamesAuthors.java
6,src/main/java/org/jabref/gui/keyboard/KeyBindingRepository.java
1,src/main/java/org/jabref/gui/fieldeditors/KeywordsEditor.java
6,src/main/java/org/jabref/gui/importer/actions/CheckForNewEntryTypesAction.java
1,src/main/java/org/jabref/gui/maintable/columns/FieldColumn.java
4,src/main/java/org/jabref/gui/maintable/columns/LinkedIdentifierColumn.java
5,src/main/java/org/jabref/logic/importer/fileformat/mods/RecordInfo.java
4,src/main/java/org/jabref/model/groups/event/GroupUpdatedEvent.java
12,src/main/java/org/jabref/model/openoffice/uno/UnoNamed.java
6,src/main/java/org/jabref/gui/DefaultInjector.java
6,src/main/java/org/jabref/gui/util/component/TemporalAccessorPicker.java
6,src/main/java/org/jabref/model/entry/field/Field.java
4,src/test/java/org/jabref/logic/citationkeypattern/BracketedPatternTest.java
1,src/main/java/org/jabref/model/entry/field/AMSField.java
5,src/test/java/org/jabref/logic/importer/fileformat/CitaviXmlImporterFilesTest.java
4,src/main/java/org/jabref/gui/search/GlobalSearchResultDialogViewModel.java
1,src/test/java/org/jabref/logic/bst/BstFunctionsTest.java
6,src/main/java/org/jabref/gui/DragAndDropDataFormats.java
4,src/main/java/org/jabref/gui/collab/groupchange/GroupChangeDetailsView.java
4,src/main/java/org/jabref/logic/WatchServiceUnavailableException.java
9,src/main/java/org/jabref/model/pdf/search/SearchResult.java
6,src/main/java/org/jabref/logic/integrity/HTMLCharacterChecker.java
9,src/test/java/org/jabref/logic/importer/fileformat/PdfContentImporterFilesTest.java
6,src/test/java/org/jabref/logic/importer/fileformat/RISImporterFilesTest.java
6,src/test/java/org/jabref/logic/exporter/XmpExporterTest.java
4,src/main/java/org/jabref/gui/groups/GroupDialogViewModel.java
1,src/main/java/org/jabref/model/openoffice/style/Citation.java
1,src/main/java/org/jabref/gui/JabRefDialogService.java
4,src/main/java/org/jabref/logic/layout/AbstractParamLayoutFormatter.java
6,src/main/java/org/jabref/model/entry/identifier/Identifier.java
5,src/test/java/org/jabref/logic/importer/fetcher/isbntobibtex/IsbnFetcherTest.java
9,src/main/java/org/jabref/logic/formatter/bibtexfields/EscapeDollarSignFormatter.java
1,src/main/java/org/jabref/gui/externalfiles/UnlinkedPDFFileFilter.java
4,src/main/java/org/jabref/model/util/OptionalUtil.java
1,src/test/java/org/jabref/logic/bibtex/comparator/PreambleDiffTest.java
4,src/main/java/org/jabref/gui/commonfxcontrols/CitationKeyPatternPanelViewModel.java
5,src/test/java/org/jabref/logic/importer/fetcher/isbntobibtex/EbookDeIsbnFetcherTest.java
12,src/main/java/org/jabref/model/openoffice/rangesort/RangeSortable.java
12,src/main/java/org/jabref/model/openoffice/rangesort/RangeSortVisual.java
4,src/main/java/org/jabref/gui/collab/DatabaseChangeMonitor.java
1,src/test/java/org/jabref/gui/externalfiles/ImportHandlerTest.java
6,src/test/java/org/jabref/gui/UpdateTimestampListenerTest.java
6,src/main/java/org/jabref/logic/importer/WebFetcher.java
6,src/test/java/org/jabref/logic/bst/BstVMTest.java
1,src/test/java/org/jabref/logic/exporter/FieldFormatterCleanupsTest.java
9,src/test/java/org/jabref/logic/layout/format/OrdinalTest.java
1,src/main/java/org/jabref/gui/importer/ParserResultWarningDialog.java
9,src/main/java/org/jabref/logic/formatter/casechanger/ProtectTermsFormatter.java
7,src/main/java/org/jabref/gui/util/DefaultTaskExecutor.java
5,src/main/java/org/jabref/logic/WatchServiceUnavailableException.java
4,src/test/java/org/jabref/logic/journals/AbbreviationTest.java
4,src/test/java/org/jabref/logic/layout/format/AuthorFirstAbbrLastOxfordCommasTest.java
6,src/main/java/org/jabref/logic/integrity/DoiValidityChecker.java
4,src/main/java/org/jabref/logic/layout/format/RemoveTilde.java
1,src/main/java/org/jabref/logic/xmp/DocumentInformationExtractor.java
7,src/main/java/org/jabref/gui/undo/UndoRedoAction.java
5,src/main/java/org/jabref/logic/importer/fileformat/MedlineImporter.java
4,src/test/java/org/jabref/logic/integrity/ASCIICharacterCheckerTest.java
1,src/test/java/org/jabref/logic/pdf/PdfAnnotationImporterTest.java
1,src/main/java/org/jabref/logic/layout/format/AuthorLastFirstAbbrCommas.java
4,src/test/java/org/jabref/gui/exporter/ExportToClipboardActionTest.java
1,src/test/java/org/jabref/logic/database/DatabaseMergerTest.java
9,src/test/java/org/jabref/logic/exporter/CsvExportFormatTest.java
9,src/main/java/org/jabref/logic/layout/format/AuthorOrgSci.java
9,src/main/java/org/jabref/logic/layout/format/CreateDocBook5Authors.java
6,src/main/java/org/jabref/logic/util/io/CitationKeyBasedFileFinder.java
4,src/main/java/org/jabref/gui/autocompleter/EmptySuggestionProvider.java
1,src/main/java/org/jabref/gui/specialfields/SpecialFieldValueViewModel.java
4,src/test/java/org/jabref/logic/msbib/MsBibAuthorTest.java
6,src/main/java/org/jabref/logic/shared/listener/OracleNotificationListener.java
6,src/main/java/org/jabref/logic/formatter/casechanger/UnprotectTermsFormatter.java
1,src/main/java/org/jabref/model/paging/Page.java
7,src/main/java/org/jabref/gui/libraryproperties/general/GeneralPropertiesViewModel.java
9,src/main/java/org/jabref/logic/cleanup/EprintCleanup.java
5,src/test/java/org/jabref/model/entry/field/UnknownFieldTest.java
1,src/main/java/org/jabref/gui/openoffice/StyleSelectDialogView.java
6,src/test/java/org/jabref/logic/bibtex/BibEntryAssert.java
12,src/main/java/org/jabref/model/groups/event/GroupUpdatedEvent.java
1,src/main/java/org/jabref/logic/layout/format/AuthorAndToSemicolonReplacer.java
1,src/main/java/org/jabref/gui/groups/GroupTreeView.java
12,src/main/java/org/jabref/model/openoffice/uno/NoDocumentException.java
6,src/test/java/org/jabref/logic/cleanup/TimeStampToModificationDateTest.java
5,src/main/java/org/jabref/logic/bst/BstVMVisitor.java
9,src/test/java/org/jabref/model/metadata/MetaDataTest.java
6,src/main/java/org/jabref/model/entry/types/StandardEntryType.java
4,src/main/java/org/jabref/model/entry/Month.java
1,src/test/java/org/jabref/logic/integrity/DoiValidityCheckerTest.java
4,src/main/java/org/jabref/model/openoffice/uno/UnoTextRange.java
9,src/main/java/org/jabref/logic/crawler/StudyRepository.java
6,src/test/java/org/jabref/logic/openoffice/style/OOPreFormatterTest.java
9,src/main/java/org/jabref/logic/bst/BstVMVisitor.java
9,src/main/java/org/jabref/model/strings/StringUtil.java
6,src/test/java/org/jabref/logic/formatter/bibtexfields/ReplaceTabsBySpaceFormaterTest.java
9,src/main/java/org/jabref/logic/net/ProxyPreferences.java
1,src/test/java/org/jabref/logic/formatter/casechanger/UpperCaseFormatterTest.java
5,src/main/java/org/jabref/model/metadata/SaveOrder.java
1,src/test/java/org/jabref/logic/xmp/XmpUtilReaderTest.java
1,src/main/java/org/jabref/gui/mergeentries/newmergedialog/cell/HeaderCell.java
4,src/test/java/org/jabref/logic/importer/fetcher/isbntobibtex/OpenLibraryIsbnFetcherTest.java
4,src/main/java/org/jabref/gui/maintable/MainTablePreferences.java
2,src/test/java/org/jabref/cli/AuxCommandLineTest.java
5,src/main/java/org/jabref/logic/importer/WebFetchers.java
1,src/main/java/org/jabref/logic/layout/format/RisAuthors.java
1,src/test/java/org/jabref/logic/citationkeypattern/BracketedPatternTest.java
5,src/main/java/org/jabref/logic/util/CoarseChangeFilter.java
6,src/main/java/org/jabref/logic/formatter/bibtexfields/HtmlToLatexFormatter.java
1,src/test/java/org/jabref/logic/integrity/TitleCheckerTest.java
1,src/main/java/org/jabref/model/util/FileUpdateListener.java
6,src/main/java/org/jabref/logic/importer/EntryBasedParserFetcher.java
4,src/main/java/org/jabref/logic/integrity/HTMLCharacterChecker.java
1,src/main/java/org/jabref/model/entry/event/EntryChangedEvent.java
12,src/main/java/org/jabref/model/database/KeyChangeListener.java
6,src/main/java/org/jabref/gui/fieldeditors/LinkedFilesEditor.java
5,src/test/java/org/jabref/logic/cleanup/EprintCleanupTest.java
5,src/test/java/org/jabref/logic/remote/RemotePreferencesTest.java
4,src/main/java/org/jabref/model/entry/EntryLinkList.java
4,src/main/java/org/jabref/logic/integrity/FieldChecker.java
4,src/main/java/org/jabref/gui/util/uithreadaware/UiThreadStringProperty.java
12,src/main/java/org/jabref/model/entry/types/BiblatexSoftwareEntryTypeDefinitions.java
12,src/main/java/org/jabref/model/entry/Date.java
4,src/main/java/org/jabref/logic/layout/format/NotFoundFormatter.java
1,buildSrc/src/copied/java/org/jabref/logic/journals/JournalAbbreviationLoader.java
4,src/test/java/org/jabref/logic/importer/fetcher/DOABFetcherTest.java
5,src/main/java/org/jabref/logic/pdf/AnnotationImporter.java
6,src/test/java/org/jabref/logic/pdf/EntryAnnotationImporterTest.java
4,src/test/java/org/jabref/logic/util/io/FileHistoryTest.java
5,src/main/java/org/jabref/model/openoffice/uno/UnoUserDefinedProperty.java
4,src/main/java/org/jabref/gui/externalfiles/GitIgnoreFileFilter.java
6,src/main/java/org/jabref/model/util/DummyFileUpdateMonitor.java
6,src/main/java/org/jabref/gui/slr/ManageStudyDefinitionView.java
9,src/main/java/org/jabref/logic/crawler/Crawler.java
4,src/main/java/org/jabref/logic/remote/client/RemoteClient.java
1,src/main/java/org/jabref/gui/autocompleter/WordSuggestionProvider.java
12,src/main/java/org/jabref/model/openoffice/style/CitationMarkerNormEntry.java
6,src/test/java/org/jabref/logic/importer/fetcher/MathSciNetTest.java
6,src/test/java/org/jabref/gui/theme/ThemeTest.java
6,src/main/java/org/jabref/gui/openoffice/OOBibBase.java
1,src/test/java/org/jabref/model/groups/ExplicitGroupTest.java
7,src/main/java/org/jabref/gui/collab/entrychange/EntryChangeResolver.java
1,src/main/java/org/jabref/gui/fieldeditors/identifier/DoiIdentifierEditorViewModel.java
6,src/main/java/org/jabref/model/openoffice/backend/NamedRangeManager.java
7,src/main/java/org/jabref/gui/fieldeditors/contextmenu/ProtectedTermsMenu.java
1,src/main/java/org/jabref/logic/exporter/GroupSerializer.java
4,src/main/java/org/jabref/gui/edit/OpenBrowserAction.java
6,src/main/java/org/jabref/gui/entryeditor/LatexCitationsTab.java
1,src/test/java/org/jabref/logic/layout/format/AuthorAndToSemicolonReplacerTest.java
1,src/main/java/org/jabref/model/entry/field/UnknownField.java
1,src/main/java/org/jabref/model/openoffice/style/CitationType.java
5,src/test/java/org/jabref/logic/formatter/FormatterTest.java
6,src/test/java/org/jabref/logic/util/io/FileUtilTest.java
12,src/main/java/org/jabref/model/openoffice/util/OOTuple3.java
6,src/main/java/org/jabref/gui/citationkeypattern/GenerateCitationKeyAction.java
7,src/test/java/org/jabref/gui/sidepane/SidePaneViewModelTest.java
5,src/main/java/org/jabref/logic/remote/server/RemoteListenerServer.java
1,src/test/java/org/jabref/logic/formatter/bibtexfields/ReplaceTabsBySpaceFormaterTest.java
4,src/main/java/org/jabref/gui/util/component/Tag.java
1,src/test/java/org/jabref/logic/integrity/AbbreviationCheckerTest.java
9,src/main/java/org/jabref/logic/openoffice/action/EditMerge.java
4,src/test/java/org/jabref/logic/integrity/EditionCheckerTest.java
1,src/test/java/org/jabref/logic/layout/format/AuthorAndsCommaReplacerTest.java
1,src/main/java/org/jabref/logic/formatter/bibtexfields/RemoveRedundantSpacesFormatter.java
1,src/test/java/org/jabref/logic/importer/fetcher/DOABFetcherTest.java
6,src/test/java/org/jabref/logic/importer/BibDatabaseFilesTest.java
4,src/main/java/org/jabref/gui/entryeditor/OptionalFieldsTab.java
1,src/test/java/org/jabref/logic/formatter/minifier/MinifyNameListFormatterTest.java
12,src/main/java/org/jabref/model/entry/types/StandardEntryType.java
7,src/main/java/org/jabref/gui/entryeditor/EntryEditorTab.java
6,src/main/java/org/jabref/gui/push/PushToVim.java
6,src/main/java/org/jabref/gui/mergeentries/newmergedialog/ThreeWayMergeView.java
4,src/main/java/org/jabref/model/search/matchers/MatcherSets.java
6,src/main/java/org/jabref/logic/layout/format/RemoveWhitespace.java
4,src/main/java/org/jabref/logic/importer/fetcher/CollectionOfComputerScienceBibliographiesParser.java
9,src/main/java/org/jabref/logic/cleanup/RenamePdfCleanup.java
6,src/main/java/org/jabref/gui/preferences/AbstractPreferenceTabView.java
1,src/main/java/org/jabref/gui/externalfiles/AutoSetFileLinksUtil.java
1,src/main/java/org/jabref/logic/preview/PreviewLayout.java
9,src/main/java/org/jabref/logic/WatchServiceUnavailableException.java
1,src/main/java/org/jabref/gui/util/IconValidationDecorator.java
4,src/main/java/org/jabref/logic/openoffice/frontend/UpdateCitationMarkers.java
1,src/main/java/org/jabref/logic/layout/format/DOICheck.java
5,src/main/java/org/jabref/logic/importer/fetcher/transformers/DefaultLuceneQueryTransformer.java
9,src/main/java/org/jabref/model/database/event/EntriesRemovedEvent.java
5,src/test/java/org/jabref/logic/importer/fileformat/RepecNepImporterTest.java
12,src/main/java/org/jabref/model/groups/ExplicitGroup.java
6,src/main/java/org/jabref/gui/groups/UndoableAddOrRemoveGroup.java
9,src/main/java/org/jabref/logic/bibtex/comparator/GroupDiff.java
1,src/main/java/org/jabref/gui/documentviewer/DocumentViewModel.java
5,src/test/java/org/jabref/logic/bst/BstVMVisitorTest.java
4,src/main/java/org/jabref/logic/importer/FetcherServerException.java
9,src/main/java/org/jabref/logic/layout/format/HTMLParagraphs.java
6,src/main/java/org/jabref/gui/remote/CLIMessageHandler.java
7,src/main/java/org/jabref/gui/preferences/entryeditor/EntryEditorTabViewModel.java
1,src/main/java/org/jabref/logic/logging/LogMessages.java
1,src/test/java/org/jabref/logic/integrity/ValidCitationKeyCheckerTest.java
4,src/test/java/org/jabref/logic/database/DuplicateCheckTest.java
4,src/test/java/org/jabref/model/entry/BibEntryTypesManagerTest.java
5,src/main/java/org/jabref/logic/layout/format/FormatPagesForHTML.java
7,src/main/java/org/jabref/gui/maintable/SmartConstrainedResizePolicy.java
1,src/test/java/org/jabref/logic/layout/format/LatexToUnicodeFormatterTest.java
1,src/main/java/org/jabref/logic/exporter/XmpPdfExporter.java
6,src/main/java/org/jabref/gui/fieldeditors/LinkedFileViewModel.java
9,src/main/java/org/jabref/model/openoffice/style/CitationMarkerNumericEntry.java
7,src/main/java/org/jabref/gui/importer/ImporterViewModel.java
5,src/test/java/org/jabref/logic/importer/fileformat/CitaviXmlImporterTest.java
4,src/main/java/org/jabref/model/database/event/BibDatabaseContextChangedEvent.java
6,src/test/java/org/jabref/logic/layout/format/RemoveBracketsAddCommaTest.java
6,src/main/java/org/jabref/logic/formatter/Formatters.java
9,src/test/java/org/jabref/logic/util/io/BackupFileUtilTest.java
4,src/main/java/org/jabref/gui/commonfxcontrols/SaveOrderConfigPanelViewModel.java
4,src/main/java/org/jabref/logic/shared/DBMSType.java
7,src/main/java/org/jabref/gui/edit/automaticfiededitor/LastAutomaticFieldEditorEdit.java
1,src/test/java/org/jabref/logic/util/DevelopmentStageTest.java
5,src/main/java/org/jabref/logic/journals/AbbreviationWriter.java
4,src/test/java/org/jabref/logic/importer/fetcher/PagedSearchFetcherTest.java
4,src/main/java/org/jabref/logic/bibtex/comparator/MetaDataDiff.java
1,src/main/java/org/jabref/gui/util/uithreadaware/UiThreadInvalidationListener.java
4,src/test/java/org/jabref/logic/importer/fileformat/BibtexImporterTest.java
4,src/main/java/org/jabref/gui/autocompleter/AppendWordsStrategy.java
4,src/test/java/org/jabref/logic/formatter/bibtexfields/LatexCleanupFormatterTest.java
9,src/main/java/org/jabref/logic/importer/ParserResult.java
5,src/main/java/org/jabref/logic/shared/DatabaseConnectionProperties.java
6,src/main/java/org/jabref/logic/importer/IdBasedFetcher.java
1,src/main/java/org/jabref/gui/fieldeditors/URLUtil.java
4,src/main/java/org/jabref/logic/importer/fileformat/medline/Investigator.java
5,src/test/java/org/jabref/logic/formatter/bibtexfields/ReplaceWithEscapedDoubleQuotesTest.java
1,src/main/java/org/jabref/logic/shared/DBMSType.java
6,src/main/java/org/jabref/gui/errorconsole/ErrorConsoleView.java
7,src/main/java/org/jabref/gui/util/FileFilterConverter.java
6,src/main/java/org/jabref/logic/crawler/StudyDatabaseToFetcherConverter.java
9,src/test/java/org/jabref/logic/layout/format/NameFormatterTest.java
4,src/main/java/org/jabref/gui/openoffice/CitationEntryViewModel.java
6,src/main/java/org/jabref/logic/importer/WebFetchers.java
1,src/main/java/org/jabref/gui/dialogs/AutosaveUiManager.java
6,src/test/java/org/jabref/logic/importer/fetcher/transformers/DBLPQueryTransformerTest.java
11,src/main/java/org/jabref/preferences/GeneralPreferences.java
6,src/test/java/org/jabref/logic/exporter/ModsExportFormatFilesTest.java
4,src/main/java/org/jabref/gui/mergeentries/newmergedialog/PersonsNameFieldRowView.java
5,src/main/java/org/jabref/logic/layout/format/CreateBibORDFAuthors.java
1,src/main/java/org/jabref/logic/integrity/TitleChecker.java
1,src/test/java/org/jabref/gui/externalfiles/AutoSetFileLinksUtilTest.java
6,src/main/java/org/jabref/gui/util/CustomRatingSkin.java
7,src/main/java/org/jabref/gui/externalfiles/ImportHandler.java
7,src/main/java/org/jabref/gui/fieldeditors/identifier/ISBNIdentifierEditorViewModel.java
5,src/test/java/org/jabref/logic/importer/fetcher/transformers/GVKQueryTransformerTest.java
6,src/main/java/org/jabref/logic/layout/format/AuthorLastFirstCommas.java
1,src/main/java/org/jabref/gui/mergeentries/newmergedialog/ThreeWayMergeView.java
5,src/main/java/org/jabref/logic/formatter/casechanger/UnprotectTermsFormatter.java
5,src/main/java/org/jabref/logic/bst/util/BstWidthCalculator.java
4,src/main/java/org/jabref/logic/protectedterms/ProtectedTermsList.java
1,src/main/java/org/jabref/logic/database/DatabaseMerger.java
4,src/test/java/org/jabref/logic/net/URLUtilTest.java
4,src/test/java/org/jabref/logic/integrity/BooktitleCheckerTest.java
6,src/main/java/org/jabref/logic/git/SlrGitHandler.java
9,src/main/java/org/jabref/logic/crawler/StudyDatabaseToFetcherConverter.java
5,src/main/java/org/jabref/logic/msbib/MSBibEntry.java
7,src/main/java/org/jabref/gui/fieldeditors/GenderEditorViewModel.java
4,src/main/java/org/jabref/gui/collab/DatabaseChangeList.java
1,src/main/java/org/jabref/logic/citationkeypattern/AbstractCitationKeyPattern.java
1,src/main/java/org/jabref/gui/autocompleter/AppendWordsStrategy.java
9,src/main/java/org/jabref/logic/bst/util/BstWidthCalculator.java
4,src/test/java/org/jabref/logic/importer/ImportFormatReaderParameterlessTest.java
4,src/test/java/org/jabref/logic/importer/fileformat/PdfContentImporterTest.java
1,src/main/java/org/jabref/logic/util/io/AutoLinkPreferences.java
6,src/test/java/org/jabref/logic/l10n/JavaLocalizationEntryParserTest.java
6,src/main/java/org/jabref/gui/icon/JabrefIconProvider.java
9,src/main/java/org/jabref/model/groups/TexGroup.java
4,src/main/java/org/jabref/gui/edit/automaticfiededitor/editfieldcontent/EditFieldContentViewModel.java
6,src/test/java/org/jabref/logic/layout/format/AuthorAndsCommaReplacerTest.java
9,src/main/java/org/jabref/logic/layout/format/AuthorLastFirst.java
9,src/main/java/org/jabref/logic/layout/LayoutEntry.java
1,src/main/java/org/jabref/logic/layout/format/HTMLChars.java
4,src/test/java/org/jabref/logic/layout/format/WrapFileLinksTest.java
4,src/main/java/org/jabref/logic/openoffice/style/OOBibStyle.java
4,src/main/java/org/jabref/logic/layout/format/RemoveWhitespace.java
6,src/main/java/org/jabref/logic/importer/fetcher/TitleFetcher.java
5,src/test/java/org/jabref/logic/TypedBibEntryTest.java
6,src/test/java/org/jabref/logic/layout/format/WrapFileLinksTest.java
5,src/main/java/org/jabref/logic/shared/DatabaseLocation.java
1,src/test/java/org/jabref/logic/layout/format/AuthorLF_FFAbbrTest.java
6,src/test/java/org/jabref/gui/search/GetLastSearchHistoryTest.java
5,src/test/java/org/jabref/logic/layout/format/HTMLParagraphsTest.java
6,src/test/java/org/jabref/logic/bibtex/comparator/MetaDataDiffTest.java
4,src/main/java/org/jabref/model/search/rules/SentenceAnalyzer.java
1,src/main/java/org/jabref/logic/openoffice/style/OOProcessCitationKeyMarkers.java
6,src/main/java/org/jabref/logic/layout/format/FormatPagesForHTML.java
5,src/main/java/org/jabref/logic/bibtex/comparator/GroupDiff.java
1,src/test/java/org/jabref/logic/bibtex/comparator/EntryComparatorTest.java
4,src/main/java/org/jabref/gui/help/VersionWorker.java
5,src/main/java/org/jabref/model/entry/field/BibField.java
5,src/main/java/org/jabref/model/groups/GroupEntryChanger.java
9,src/main/java/org/jabref/logic/layout/format/AuthorFirstLastCommas.java
4,src/main/java/org/jabref/gui/preferences/table/TableTab.java
5,src/main/java/org/jabref/logic/formatter/bibtexfields/EscapeUnderscoresFormatter.java
6,src/test/java/org/jabref/logic/importer/fetcher/DBLPFetcherTest.java
6,src/main/java/org/jabref/logic/layout/AbstractParamLayoutFormatter.java
6,src/main/java/org/jabref/logic/importer/fetcher/transformers/JstorQueryTransformer.java
6,src/main/java/org/jabref/gui/util/component/Tag.java
4,src/main/java/org/jabref/logic/importer/fileformat/MedlineImporter.java
6,src/main/java/org/jabref/logic/formatter/bibtexfields/AddBracesFormatter.java
6,src/main/java/org/jabref/gui/maintable/columns/FieldColumn.java
5,src/test/java/org/jabref/logic/shared/TestManager.java
6,src/main/java/org/jabref/gui/openoffice/OOError.java
12,src/main/java/org/jabref/model/database/BibDatabases.java
1,src/main/java/org/jabref/gui/maintable/OpenFolderAction.java
5,src/main/java/org/jabref/logic/cleanup/CleanupJob.java
9,src/test/java/org/jabref/logic/integrity/DoiDuplicationCheckerTest.java
5,src/test/java/org/jabref/logic/formatter/casechanger/ProtectTermsFormatterTest.java
4,src/test/java/org/jabref/logic/search/DatabaseSearcherTest.java
7,src/main/java/org/jabref/gui/util/CustomLocalDragboard.java
1,src/main/java/org/jabref/gui/collab/metedatachange/MetadataChange.java
4,src/main/java/org/jabref/logic/layout/format/EntryTypeFormatter.java
4,src/main/java/org/jabref/model/strings/StringUtil.java
4,src/main/java/org/jabref/gui/edit/EditAction.java
4,src/main/java/org/jabref/logic/importer/fetcher/transformers/DBLPQueryTransformer.java
9,src/test/java/org/jabref/logic/remote/RemotePreferencesTest.java
1,src/main/java/org/jabref/logic/formatter/bibtexfields/ReplaceTabsBySpaceFormater.java
9,src/main/java/org/jabref/logic/exporter/ModsExporter.java
9,src/main/java/org/jabref/logic/openoffice/action/Update.java
6,src/test/java/org/jabref/logic/formatter/bibtexfields/NormalizeDateFormatterTest.java
1,src/main/java/org/jabref/gui/util/uithreadaware/UiThreadListChangeListener.java
1,src/main/java/org/jabref/logic/layout/format/AuthorLF_FFAbbr.java
4,src/main/java/org/jabref/gui/groups/UndoableChangeEntriesOfGroup.java
7,src/main/java/org/jabref/gui/collab/DatabaseChangeDetailsViewFactory.java
5,src/main/java/org/jabref/logic/layout/format/AuthorAbbreviator.java
7,src/main/java/org/jabref/gui/journals/UndoableUnabbreviator.java
9,src/test/java/org/jabref/logic/integrity/IntegrityCheckTest.java
6,src/main/java/org/jabref/model/entry/types/EntryTypeFactory.java
1,src/test/java/org/jabref/model/groups/TexGroupTest.java
1,src/test/java/org/jabref/gui/util/RecursiveTreeItemTest.java
4,src/main/java/org/jabref/gui/slr/EditExistingStudyAction.java
6,src/main/java/org/jabref/logic/importer/ImportFormatPreferences.java
6,src/main/java/org/jabref/gui/preferences/customentrytypes/CustomEntryTypesTabViewModel.java
4,src/main/java/org/jabref/logic/importer/fileformat/EndnoteImporter.java
4,src/main/java/org/jabref/logic/importer/fetcher/SpringerFetcher.java
6,src/main/java/org/jabref/logic/importer/fetcher/CollectionOfComputerScienceBibliographiesFetcher.java
1,src/main/java/org/jabref/logic/cleanup/UpgradePdfPsToFileCleanup.java
5,src/main/java/org/jabref/logic/integrity/BibStringChecker.java
6,src/main/java/org/jabref/model/util/FileUpdateListener.java
6,src/test/java/org/jabref/logic/importer/fetcher/ResearchGateTest.java
6,src/main/java/org/jabref/gui/mergeentries/newmergedialog/ShowDiffConfig.java
6,src/test/java/org/jabref/logic/integrity/PagesCheckerBiblatexTest.java
1,src/main/java/org/jabref/logic/shared/DatabaseNotSupportedException.java
9,src/main/java/org/jabref/logic/importer/fetcher/GrobidPreferences.java
9,src/test/java/org/jabref/logic/importer/fetcher/MrDLibFetcherTest.java
6,src/test/java/org/jabref/logic/formatter/bibtexfields/RemoveBracesFormatterTest.java
4,src/main/java/org/jabref/gui/documentviewer/DocumentViewerViewModel.java
6,src/main/java/org/jabref/gui/push/PushToTexmaker.java
5,src/main/java/org/jabref/logic/remote/server/RemoteListenerServerManager.java
7,src/main/java/org/jabref/gui/fieldeditors/OptionEditor.java
9,src/main/java/org/jabref/logic/integrity/NoBibtexFieldChecker.java
1,src/main/java/org/jabref/gui/mergeentries/newmergedialog/diffhighlighter/SplitDiffHighlighter.java
7,src/main/java/org/jabref/gui/util/BackgroundTask.java
1,src/main/java/org/jabref/model/strings/UnicodeToReadableCharMap.java
6,src/main/java/org/jabref/logic/util/io/FileFinders.java
12,src/main/java/org/jabref/model/entry/Month.java
5,src/test/java/org/jabref/logic/database/DuplicateCheckTest.java
6,src/main/java/org/jabref/logic/importer/util/GroupsParser.java
5,src/test/java/org/jabref/logic/importer/fetcher/DOABFetcherTest.java
6,src/test/java/org/jabref/logic/importer/fetcher/CompositeIdFetcherTest.java
4,src/main/java/org/jabref/logic/layout/format/CreateDocBook4Editors.java
7,src/main/java/org/jabref/gui/actions/StandardActions.java
1,src/main/java/org/jabref/gui/bibtexextractor/BibtexExtractorViewModel.java
7,src/test/java/org/jabref/gui/autocompleter/FieldValueSuggestionProviderTest.java
6,src/main/java/org/jabref/logic/importer/fetcher/isbntobibtex/OpenLibraryIsbnFetcher.java
9,src/test/java/org/jabref/model/search/rules/GrammarBasedSearchRuleTest.java
6,src/test/java/org/jabref/logic/importer/fetcher/GvkFetcherTest.java
7,src/main/java/org/jabref/gui/push/PushToApplications.java
1,src/main/java/org/jabref/gui/libraryproperties/PropertiesTabViewModel.java
5,src/main/java/org/jabref/logic/net/ProgressInputStream.java
9,src/main/java/org/jabref/logic/remote/client/RemoteClient.java
1,src/main/java/org/jabref/gui/preferences/nameformatter/NameFormatterTabViewModel.java
4,src/main/java/org/jabref/model/openoffice/style/Citation.java
6,src/main/java/org/jabref/gui/push/PushToApplicationSettings.java
4,src/main/java/org/jabref/logic/importer/fetcher/transformers/YearAndYearRangeByFilteringQueryTransformer.java
6,src/main/java/org/jabref/logic/layout/Layout.java
6,src/main/java/org/jabref/gui/preferences/entry/EntryTab.java
1,src/main/java/org/jabref/gui/mergeentries/MergeEntriesAction.java
4,src/test/java/org/jabref/logic/layout/format/DefaultTest.java
1,src/main/java/org/jabref/model/openoffice/rangesort/RangeSort.java
1,src/test/java/org/jabref/logic/exporter/DocbookExporterTest.java
7,src/main/java/org/jabref/gui/mergeentries/MultiMergeEntriesViewModel.java
7,src/main/java/org/jabref/gui/importer/fetcher/WebSearchPaneViewModel.java
6,src/main/java/org/jabref/gui/mergeentries/newmergedialog/diffhighlighter/SplitDiffHighlighter.java
1,src/main/java/org/jabref/gui/preferences/PreferenceTabViewModel.java
7,src/main/java/org/jabref/gui/mergeentries/newmergedialog/fieldsmerger/FieldMerger.java
5,src/main/java/org/jabref/model/openoffice/uno/UnoTextRange.java
9,src/main/java/org/jabref/logic/formatter/bibtexfields/ClearFormatter.java
12,src/test/java/org/jabref/model/groups/WordKeywordGroupTest.java
4,src/main/java/org/jabref/model/groups/WordKeywordGroup.java
6,src/test/java/org/jabref/logic/importer/fileformat/PdfVerbatimBibTextImporterTest.java
6,src/main/java/org/jabref/logic/bibtex/FieldPreferences.java
1,src/test/java/org/jabref/logic/layout/format/ShortMonthFormatterTest.java
5,src/main/java/org/jabref/logic/integrity/UTF8Checker.java
9,src/main/java/org/jabref/logic/cleanup/ConvertToBibtexCleanup.java
4,src/main/java/org/jabref/model/entry/SharedBibEntryData.java
11,src/main/java/org/jabref/preferences/PushToApplicationPreferences.java
6,src/main/java/org/jabref/model/metadata/event/MetaDataChangedEvent.java
6,src/test/java/org/jabref/logic/cleanup/RenamePdfCleanupTest.java
4,src/main/java/org/jabref/gui/auximport/NewSubLibraryAction.java
4,src/main/java/org/jabref/logic/net/ssl/SSLPreferences.java
9,src/main/java/org/jabref/model/openoffice/rangesort/RangeHolder.java
1,src/main/java/org/jabref/gui/fieldeditors/MapBasedEditorViewModel.java
4,src/test/java/org/jabref/logic/texparser/DefaultTexParserTest.java
1,src/main/java/org/jabref/gui/edit/automaticfiededitor/NotificationPaneAdapter.java
1,src/main/java/org/jabref/gui/groups/GroupModeViewModel.java
1,src/test/java/org/jabref/logic/integrity/BracketCheckerTest.java
1,src/main/java/org/jabref/model/openoffice/backend/NamedRange.java
4,src/main/java/org/jabref/gui/fieldeditors/TextInputControlBehavior.java
5,src/main/java/org/jabref/logic/layout/format/EntryTypeFormatter.java
4,src/main/java/org/jabref/gui/fieldeditors/URLUtil.java
6,src/main/java/org/jabref/logic/util/strings/RtfCharMap.java
5,src/main/java/org/jabref/logic/openoffice/OpenOfficeFileSearch.java
7,src/main/java/org/jabref/preferences/JabRefPreferences.java
1,src/main/java/org/jabref/logic/openoffice/style/OOProcessAuthorYearMarkers.java
12,src/test/java/org/jabref/model/event/EventListenerTest.java
5,src/test/java/org/jabref/logic/importer/fetcher/CollectionOfComputerScienceBibliographiesParserTest.java
6,src/main/java/org/jabref/gui/exporter/ExporterViewModel.java
1,src/test/java/org/jabref/logic/importer/fetcher/transformers/DBLPQueryTransformerTest.java
4,src/main/java/org/jabref/gui/externalfiles/FileExtensionViewModel.java
5,src/main/java/org/jabref/logic/util/BackupFileType.java
6,src/test/java/org/jabref/logic/layout/format/DateFormatterTest.java
5,src/test/java/org/jabref/logic/layout/format/ReplaceUnicodeLigaturesFormatterTest.java
4,src/test/java/org/jabref/logic/integrity/NoBibTexFieldCheckerTest.java
1,src/test/java/org/jabref/logic/importer/fetcher/PicaXmlParserTest.java
5,src/test/java/org/jabref/logic/cleanup/FieldFormatterCleanupTest.java
9,src/test/java/org/jabref/logic/importer/fetcher/ACMPortalFetcherTest.java
5,src/test/java/org/jabref/model/search/rules/GrammarBasedSearchRuleTest.java
9,src/test/java/org/jabref/logic/cleanup/CleanupWorkerTest.java
4,src/main/java/org/jabref/gui/DefaultInjector.java
1,src/test/java/org/jabref/logic/bibtex/comparator/GroupDiffTest.java
6,src/main/java/org/jabref/logic/importer/fileformat/PdfEmbeddedBibFileImporter.java
1,src/main/java/org/jabref/logic/layout/format/AuthorFirstLastCommas.java
1,src/test/java/org/jabref/logic/xmp/XmpUtilWriterTest.java
4,src/main/java/org/jabref/gui/desktop/os/NativeDesktop.java
6,src/main/java/org/jabref/gui/FXDialog.java
6,src/test/java/org/jabref/logic/net/URLUtilTest.java
6,src/main/java/org/jabref/model/openoffice/style/CitedKeys.java
9,src/test/java/org/jabref/logic/importer/fetcher/ResearchGateTest.java
1,src/main/java/org/jabref/gui/util/BaseDialog.java
6,src/test/java/org/jabref/logic/citationkeypattern/CitationKeyGeneratorTest.java
6,buildSrc/src/copied/java/org/jabref/logic/journals/JournalAbbreviationPreferences.java
1,src/main/java/org/jabref/logic/importer/util/MetaDataParser.java
6,src/main/java/org/jabref/gui/desktop/os/DefaultDesktop.java
5,src/main/java/org/jabref/logic/msbib/MSBibEntryType.java
9,src/main/java/org/jabref/logic/layout/format/RemoveTilde.java
4,src/test/java/org/jabref/logic/texparser/TexBibEntriesResolverTest.java
4,src/main/java/org/jabref/model/entry/types/UnknownEntryType.java
6,src/main/java/org/jabref/gui/util/uithreadaware/UiThreadChangeListener.java
1,src/test/java/org/jabref/logic/layout/format/NoSpaceBetweenAbbreviationsTest.java
5,src/test/java/org/jabref/logic/importer/fileformat/MedlinePlainImporterTest.java
9,src/test/java/org/jabref/logic/bibtex/BibEntryAssert.java
5,src/main/java/org/jabref/logic/protectedterms/ProtectedTermsPreferences.java
9,src/main/java/org/jabref/logic/integrity/IntegrityCheck.java
4,src/test/java/org/jabref/model/search/matchers/MatcherSetsTest.java
6,src/main/java/org/jabref/logic/util/io/DatabaseFileLookup.java
4,src/main/java/org/jabref/logic/importer/fetcher/JstorFetcher.java
9,src/main/java/org/jabref/logic/l10n/LocalizationKeyParams.java
12,src/main/java/org/jabref/model/util/ListUtil.java
1,src/main/java/org/jabref/logic/importer/util/IdentifierParser.java
6,src/main/java/org/jabref/gui/JabRefDialogService.java
4,src/test/java/org/jabref/logic/importer/fetcher/CollectionOfComputerScienceBibliographiesFetcherTest.java
1,src/test/java/org/jabref/logic/layout/format/ToUpperCaseTest.java
6,src/main/java/org/jabref/model/search/rules/SentenceAnalyzer.java
4,src/main/java/org/jabref/gui/openoffice/ManageCitationsDialogViewModel.java
5,src/main/java/org/jabref/logic/integrity/CitationKeyDeviationChecker.java
7,src/main/java/org/jabref/gui/libraryproperties/PropertiesTab.java
4,src/test/java/org/jabref/gui/edit/EditFieldContentTabViewModelTest.java
7,src/main/java/org/jabref/gui/journals/AbbreviateAction.java
4,src/main/java/org/jabref/gui/preferences/externalfiletypes/ExternalFileTypesTab.java
1,src/main/java/org/jabref/logic/cleanup/ISSNCleanup.java
5,src/main/java/org/jabref/logic/remote/RemoteUtil.java
4,src/test/java/org/jabref/gui/util/ControlHelperTest.java
5,src/main/java/org/jabref/logic/citationkeypattern/BracketedPattern.java
4,src/main/java/org/jabref/gui/groups/GroupModeViewModel.java
1,src/test/java/org/jabref/gui/edit/CopyOrMoveFieldContentTabViewModelTest.java
1,src/main/java/org/jabref/gui/sidepane/GroupsSidePaneComponent.java
5,src/main/java/org/jabref/logic/openoffice/frontend/UpdateCitationMarkers.java
4,src/test/java/org/jabref/model/entry/identifier/ISBNTest.java
1,src/test/java/org/jabref/gui/mergeentries/FieldRowViewModelTest.java
1,src/main/java/org/jabref/logic/journals/JournalAbbreviationRepository.java
7,src/test/java/org/jabref/gui/util/ControlHelperTest.java
7,src/main/java/org/jabref/gui/slr/ManageStudyDefinitionView.java
7,src/main/java/org/jabref/gui/externalfiletype/StandardExternalFileType.java
5,src/main/java/org/jabref/logic/layout/TextBasedPreviewLayout.java
1,src/test/java/org/jabref/logic/formatter/bibtexfields/NormalizeEnDashesFormatterTest.java
6,src/main/java/org/jabref/gui/preferences/externalfiletypes/ExternalFileTypesTabViewModel.java
4,src/test/java/org/jabref/logic/integrity/TitleCheckerTest.java
4,src/main/java/org/jabref/logic/pdf/TextExtractor.java
4,src/main/java/org/jabref/gui/bibtexextractor/BibtexExtractor.java
1,src/test/java/org/jabref/logic/exporter/YamlExporterTest.java
6,src/main/java/org/jabref/gui/texparser/ParseLatexResultView.java
1,src/main/java/org/jabref/logic/util/UpdateField.java
4,src/main/java/org/jabref/gui/fieldeditors/TypeEditorViewModel.java
5,src/main/java/org/jabref/logic/importer/Parser.java
1,src/test/java/org/jabref/logic/importer/fetcher/GvkFetcherTest.java
4,src/main/java/org/jabref/model/search/matchers/NotMatcher.java
6,src/main/java/org/jabref/model/openoffice/style/CompareCitedKey.java
4,src/main/java/org/jabref/logic/importer/ImportCleanup.java
12,src/main/java/org/jabref/model/openoffice/uno/UnoReferenceMark.java
9,src/test/java/org/jabref/logic/layout/format/MarkdownFormatterTest.java
1,src/main/java/org/jabref/logic/importer/ImportCleanup.java
7,src/main/java/org/jabref/gui/preferences/citationkeypattern/CitationKeyPatternTab.java
5,src/test/java/org/jabref/logic/cleanup/MoveFilesCleanupTest.java
5,src/main/java/org/jabref/logic/importer/fetcher/LibraryOfCongress.java
5,src/test/java/org/jabref/logic/formatter/bibtexfields/EscapeUnderscoresFormatterTest.java
1,src/main/java/org/jabref/gui/preferences/customexporter/CustomExporterTab.java
5,src/test/java/org/jabref/logic/formatter/casechanger/UpperCaseFormatterTest.java
6,src/main/java/org/jabref/logic/integrity/DatabaseChecker.java
6,src/main/java/org/jabref/logic/layout/format/FileLink.java
1,src/main/java/org/jabref/gui/commonfxcontrols/CitationKeyPatternPanelViewModel.java
4,src/main/java/org/jabref/gui/preferences/externalfiletypes/EditExternalFileTypeEntryDialog.java
7,src/main/java/org/jabref/gui/mergeentries/newmergedialog/cell/ThreeWayMergeCell.java
6,src/main/java/org/jabref/logic/layout/format/ReplaceWithEscapedDoubleQuotes.java
4,src/test/java/org/jabref/logic/importer/fetcher/MedraTest.java
12,src/main/java/org/jabref/model/openoffice/ootext/OOText.java
6,src/main/java/org/jabref/gui/fieldeditors/MapBasedEditorViewModel.java
1,src/main/java/org/jabref/gui/collab/entrychange/EntryChangeResolver.java
1,src/main/java/org/jabref/model/openoffice/backend/NamedRangeManager.java
6,src/main/java/org/jabref/logic/importer/fileformat/InspecImporter.java
1,src/main/java/org/jabref/logic/bibtex/comparator/FieldComparator.java
4,src/main/java/org/jabref/gui/actions/SimpleCommand.java
6,src/test/java/org/jabref/logic/importer/fetcher/SpringerLinkTest.java
4,src/main/java/org/jabref/gui/preferences/customimporter/CustomImporterTabViewModel.java
1,src/main/java/org/jabref/gui/autocompleter/PersonNameSuggestionProvider.java
9,src/main/java/org/jabref/model/openoffice/style/Citation.java
1,src/main/java/org/jabref/gui/mergeentries/MergeEntriesDialog.java
5,src/main/java/org/jabref/logic/pdf/search/indexing/DocumentReader.java
4,src/main/java/org/jabref/gui/fieldeditors/PersonsEditor.java
7,src/main/java/org/jabref/gui/fieldeditors/URLUtil.java
1,src/test/java/org/jabref/logic/formatter/minifier/TruncateFormatterTest.java
9,src/main/java/org/jabref/logic/importer/Parser.java
5,src/test/java/org/jabref/logic/autosaveandbackup/BackupManagerTest.java
5,src/main/java/org/jabref/logic/undo/UndoRedoEvent.java
6,src/main/java/org/jabref/model/openoffice/rangesort/FunctionalTextViewCursor.java
12,src/test/java/org/jabref/model/texparser/CitationTest.java
1,src/main/java/org/jabref/logic/util/io/CitationKeyBasedFileFinder.java
6,src/main/java/org/jabref/gui/collab/DatabaseChangeDetailsView.java
5,src/main/java/org/jabref/logic/importer/fetcher/transformers/JstorQueryTransformer.java
9,src/main/java/org/jabref/logic/bibtex/FieldWriter.java
9,src/main/java/org/jabref/model/database/KeyCollisionException.java
1,src/main/java/org/jabref/logic/integrity/BooktitleChecker.java
4,src/main/java/org/jabref/gui/autocompleter/AutoCompletePreferences.java
7,src/main/java/org/jabref/gui/logging/ApplicationInsightsLogEvent.java
6,src/main/java/org/jabref/model/groups/KeywordGroup.java
5,src/main/java/org/jabref/logic/formatter/bibtexfields/LatexCleanupFormatter.java
5,src/main/java/org/jabref/logic/importer/SearchBasedFetcher.java
4,src/main/java/org/jabref/gui/autocompleter/ReplaceStrategy.java
4,src/main/java/org/jabref/gui/preferences/keybindings/KeyBindingsTab.java
4,src/main/java/org/jabref/gui/groups/GroupTreeViewModel.java
6,src/test/java/org/jabref/logic/util/io/RegExpBasedFileFinderTest.java
7,src/main/java/org/jabref/gui/journals/AbbreviationType.java
9,src/test/java/org/jabref/logic/layout/format/RemoveBracketsAddCommaTest.java
1,src/test/java/org/jabref/logic/remote/RemoteUtilTest.java
6,src/main/java/org/jabref/logic/util/WebViewStore.java
5,src/test/java/org/jabref/logic/importer/fileformat/PdfVerbatimBibTextImporterTest.java
4,src/main/java/org/jabref/logic/JabRefException.java
1,src/main/java/org/jabref/logic/git/SlrGitHandler.java
5,src/test/java/org/jabref/logic/importer/fetcher/MedlineFetcherTest.java
6,src/main/java/org/jabref/logic/importer/fetcher/isbntobibtex/EbookDeIsbnFetcher.java
7,src/main/java/org/jabref/gui/util/FieldsUtil.java
4,src/main/java/org/jabref/logic/cleanup/MoveFieldCleanup.java
6,src/main/java/org/jabref/gui/search/SearchTextField.java
5,src/main/java/org/jabref/model/openoffice/uno/UnoCast.java
6,src/main/java/org/jabref/model/openoffice/rangesort/RangeSort.java
6,src/main/java/org/jabref/gui/commonfxcontrols/CitationKeyPatternPanel.java
7,src/test/java/org/jabref/gui/edit/ReplaceStringViewModelTest.java
6,src/test/java/org/jabref/model/search/rules/GrammarBasedSearchRuleTest.java
1,src/main/java/org/jabref/model/entry/IdGenerator.java
1,src/test/java/org/jabref/logic/importer/WebFetchersTest.java
6,src/test/java/org/jabref/logic/integrity/EditionCheckerTest.java
4,src/main/java/org/jabref/model/openoffice/uno/UnoNamed.java
6,src/test/java/org/jabref/logic/importer/fileformat/PdfContentImporterTest.java
7,src/main/java/org/jabref/gui/autocompleter/AppendPersonNamesStrategy.java
1,src/test/java/org/jabref/logic/importer/fileformat/BibtexImporterTest.java
5,src/test/java/org/jabref/logic/exporter/GroupSerializerTest.java
9,src/main/java/org/jabref/model/entry/EntryConverter.java
6,src/main/java/org/jabref/logic/importer/FetcherServerException.java
1,src/main/java/org/jabref/gui/util/CustomRatingSkin.java
9,src/main/java/org/jabref/logic/openoffice/action/ExportCited.java
6,src/test/java/org/jabref/logic/importer/WebFetchersTest.java
1,src/main/java/org/jabref/model/ChainNode.java
12,src/main/java/org/jabref/model/metadata/ContentSelectors.java
4,src/test/java/org/jabref/logic/cleanup/BibtexBiblatexRoundtripTest.java
5,src/test/java/org/jabref/logic/integrity/UrlCheckerTest.java
1,src/main/java/org/jabref/model/texparser/Citation.java
5,src/test/java/org/jabref/logic/exporter/FieldFormatterCleanupsTest.java
6,src/main/java/org/jabref/logic/importer/fetcher/ApsFetcher.java
1,src/main/java/org/jabref/gui/search/rules/describer/SearchDescribers.java
4,src/test/java/org/jabref/logic/remote/RemotePreferencesTest.java
1,src/main/java/org/jabref/logic/importer/fetcher/transformers/ZbMathQueryTransformer.java
1,src/main/java/org/jabref/gui/mergeentries/newmergedialog/FieldRowView.java
1,src/main/java/org/jabref/gui/menus/ChangeEntryTypeAction.java
4,src/main/java/org/jabref/logic/importer/fetcher/transformers/IEEEQueryTransformer.java
5,src/main/java/org/jabref/logic/importer/util/ShortDOIServiceException.java
4,src/test/java/org/jabref/logic/autosaveandbackup/BackupManagerTest.java
9,src/test/java/org/jabref/logic/integrity/DateCheckerTest.java
1,src/main/java/org/jabref/logic/importer/IdFetcher.java
6,src/test/java/org/jabref/logic/net/ProxyTest.java
12,src/main/java/org/jabref/model/groups/TexGroup.java
1,src/test/java/org/jabref/logic/bibtex/FileFieldWriterTest.java
6,src/test/java/org/jabref/logic/importer/fetcher/FulltextFetcherTest.java
1,src/test/java/org/jabref/logic/importer/fileformat/InspecImporterTest.java
5,src/main/java/org/jabref/model/strings/LatexToUnicodeAdapter.java
4,src/test/java/org/jabref/logic/layout/format/AuthorAbbreviatorTest.java
1,src/main/java/org/jabref/gui/mergeentries/newmergedialog/ShowDiffConfig.java
6,src/main/java/org/jabref/logic/importer/fileformat/CustomImporter.java
5,src/test/java/org/jabref/logic/formatter/bibtexfields/NormalizeMonthFormatterTest.java
1,src/main/java/org/jabref/gui/slr/StudyDatabaseItem.java
7,src/main/java/org/jabref/gui/util/TextFlowLimited.java
1,src/main/java/org/jabref/logic/util/strings/StringSimilarity.java
7,src/main/java/org/jabref/gui/externalfiletype/CustomExternalFileType.java
7,src/main/java/org/jabref/gui/libraryproperties/saving/SavingPropertiesView.java
4,src/main/java/org/jabref/gui/slr/StartNewStudyAction.java
1,src/test/java/org/jabref/logic/importer/fetcher/BvbFetcherTest.java
9,src/main/java/org/jabref/model/groups/WordKeywordGroup.java
6,src/main/java/org/jabref/gui/collab/stringchange/BibTexStringChangeDetailsView.java
6,src/main/java/org/jabref/model/entry/field/UnknownField.java
9,src/main/java/org/jabref/logic/formatter/bibtexfields/NormalizeEnDashesFormatter.java
6,src/test/java/org/jabref/logic/formatter/bibtexfields/HtmlToLatexFormatterTest.java
6,src/main/java/org/jabref/gui/documentviewer/DocumentViewerControl.java
1,src/main/java/org/jabref/gui/desktop/os/NativeDesktop.java
1,src/main/java/org/jabref/logic/xmp/XmpUtilShared.java
4,src/main/java/org/jabref/model/entry/identifier/EprintIdentifier.java
6,src/main/java/org/jabref/gui/groups/GroupModeViewModel.java
4,src/test/java/org/jabref/gui/importer/fetcher/WebSearchPaneViewModelTest.java
6,src/test/java/org/jabref/model/paging/PageTest.java
6,src/main/java/org/jabref/model/strings/LatexToUnicodeAdapter.java
6,src/main/java/org/jabref/gui/exporter/SaveAllAction.java
6,src/main/java/org/jabref/model/openoffice/rangesort/RangeOverlapBetween.java
6,src/main/java/org/jabref/logic/importer/fileformat/EndnoteImporter.java
4,src/main/java/org/jabref/model/metadata/SaveOrder.java
4,src/test/java/org/jabref/logic/integrity/AbbreviationCheckerTest.java
4,src/main/java/org/jabref/model/pdf/search/SearchResult.java
4,src/main/java/org/jabref/gui/preferences/entryeditor/EntryEditorTabViewModel.java
1,src/main/java/org/jabref/logic/layout/format/AuthorLastFirstOxfordCommas.java
4,src/test/java/org/jabref/logic/layout/format/AuthorNatBibTest.java
5,src/main/java/org/jabref/logic/importer/fetcher/INSPIREFetcher.java
1,src/main/java/org/jabref/gui/push/PushToTeXstudio.java
9,src/test/java/org/jabref/logic/importer/fetcher/GrobidCitationFetcherTest.java
1,src/main/java/org/jabref/logic/formatter/bibtexfields/HtmlToUnicodeFormatter.java
4,src/test/java/org/jabref/logic/formatter/bibtexfields/RemoveRedundantSpacesFormatterTest.java
6,src/main/java/org/jabref/model/groups/SearchGroup.java
6,src/main/java/org/jabref/logic/openoffice/action/ManageCitations.java
6,src/main/java/org/jabref/gui/search/SearchResultsTable.java
6,src/test/java/org/jabref/model/entry/KeywordTest.java
4,src/main/java/org/jabref/gui/preferences/general/GeneralTab.java
1,src/test/java/org/jabref/logic/journals/AbbreviationTest.java
1,src/test/java/org/jabref/logic/importer/fetcher/CompositeSearchBasedFetcherTest.java
9,src/test/java/org/jabref/logic/layout/format/AuthorLastFirstAbbrOxfordCommasTest.java
9,src/main/java/org/jabref/logic/layout/format/AuthorNatBib.java
1,src/main/java/org/jabref/model/pdf/FileAnnotationType.java
1,src/main/java/org/jabref/logic/importer/fileformat/PdfGrobidImporter.java
6,src/main/java/org/jabref/gui/mergeentries/MergeWithFetchedEntryAction.java
6,src/main/java/org/jabref/gui/mergeentries/newmergedialog/fieldsmerger/GroupMerger.java
5,src/main/java/org/jabref/logic/importer/ImportFormatReader.java
4,src/main/java/org/jabref/logic/exporter/TemplateExporter.java
4,src/test/java/org/jabref/logic/importer/fetcher/BvbFetcherTest.java
4,src/main/java/org/jabref/gui/util/DefaultFileUpdateMonitor.java
7,src/main/java/org/jabref/gui/util/CurrentThreadTaskExecutor.java
5,src/main/java/org/jabref/logic/util/io/FileFinders.java
4,src/main/java/org/jabref/logic/protectedterms/ProtectedTermsPreferences.java
5,src/test/java/org/jabref/logic/layout/format/RemoveBracketsTest.java
9,src/main/java/org/jabref/logic/shared/exception/OfflineLockException.java
1,src/main/java/org/jabref/gui/util/uithreadaware/UiThreadBinding.java
5,src/main/java/org/jabref/logic/bst/util/BstCaseChanger.java
5,src/test/java/org/jabref/logic/journals/AbbreviationWriterTest.java
1,src/main/java/org/jabref/model/openoffice/style/CompareCitation.java
9,src/test/java/org/jabref/logic/shared/SynchronizationSimulatorTest.java
9,src/main/java/org/jabref/model/entry/identifier/ISSN.java
6,src/main/java/org/jabref/logic/cleanup/MoveFilesCleanup.java
12,src/main/java/org/jabref/model/groups/AllEntriesGroup.java
1,src/main/java/org/jabref/logic/citationkeypattern/GlobalCitationKeyPattern.java
6,src/main/java/org/jabref/logic/importer/fetcher/OpenAccessDoi.java
7,src/main/java/org/jabref/gui/mergeentries/newmergedialog/FieldRowViewModel.java
9,src/main/java/org/jabref/model/database/BibDatabaseMode.java
5,src/main/java/org/jabref/logic/importer/fileformat/ACMPortalParser.java
1,src/test/java/org/jabref/logic/layout/format/ReplaceUnicodeLigaturesFormatterTest.java
4,src/main/java/org/jabref/gui/DragAndDropDataFormats.java
6,src/main/java/org/jabref/gui/maintable/columns/LibraryColumn.java
4,src/main/java/org/jabref/logic/layout/LayoutFormatterBasedFormatter.java
4,src/main/java/org/jabref/logic/integrity/NoBibtexFieldChecker.java
9,src/main/java/org/jabref/logic/layout/format/RTFChars.java
5,src/main/java/org/jabref/model/openoffice/style/NonUniqueCitationMarker.java
1,src/main/java/org/jabref/logic/bibtex/InvalidFieldValueException.java
9,src/test/java/org/jabref/logic/journals/JournalAbbreviationRepositoryTest.java
6,src/main/java/org/jabref/model/entry/types/IEEETranEntryType.java
6,src/test/java/org/jabref/logic/importer/fetcher/GrobidCitationFetcherTest.java
1,src/main/java/org/jabref/logic/auxparser/DefaultAuxParser.java
9,src/test/java/org/jabref/logic/exporter/XmpExporterTest.java
6,src/main/java/org/jabref/logic/bibtex/comparator/MetaDataDiff.java
1,src/main/java/org/jabref/gui/collab/entrychange/PreviewWithSourceTab.java
1,src/main/java/org/jabref/gui/undo/UndoableInsertEntries.java
9,src/main/java/org/jabref/logic/layout/format/Replace.java
5,src/test/java/org/jabref/logic/bibtex/FieldWriterTest.java
6,src/main/java/org/jabref/logic/shared/listener/PostgresSQLNotificationListener.java
1,src/main/java/org/jabref/logic/net/ProxyPreferences.java
6,src/main/java/org/jabref/gui/copyfiles/CopyFilesAction.java
9,src/test/java/org/jabref/logic/exporter/ModsExportFormatTest.java
9,src/test/java/org/jabref/logic/importer/DatabaseFileLookupTest.java
9,src/main/java/org/jabref/logic/formatter/bibtexfields/CleanupUrlFormatter.java
12,src/main/java/org/jabref/model/pdf/search/EnglishStemAnalyzer.java
1,src/main/java/org/jabref/logic/msbib/MSBibEntryType.java
6,src/test/java/org/jabref/logic/layout/format/NameFormatterTest.java
4,src/main/java/org/jabref/logic/layout/format/RisMonth.java
5,src/main/java/org/jabref/logic/importer/fetcher/CollectionOfComputerScienceBibliographiesParser.java
5,src/main/java/org/jabref/logic/l10n/LocalizationKeyParams.java
6,src/main/java/org/jabref/logic/integrity/CitationKeyChecker.java
6,src/main/java/org/jabref/model/strings/StringUtil.java
9,src/test/java/org/jabref/logic/integrity/BracesCorrectorTest.java
5,src/main/java/org/jabref/logic/layout/format/AuthorLastFirstOxfordCommas.java
6,src/test/java/org/jabref/logic/layout/format/AuthorFirstFirstCommasTest.java
4,src/main/java/org/jabref/gui/importer/GenerateEntryFromIdDialog.java
1,src/main/java/org/jabref/gui/entryeditor/fileannotationtab/FileAnnotationViewModel.java
5,src/main/java/org/jabref/logic/shared/DatabaseNotSupportedException.java
4,src/main/java/org/jabref/logic/layout/format/RTFChars.java
1,src/main/java/org/jabref/gui/edit/automaticfiededitor/copyormovecontent/CopyOrMoveFieldContentTabView.java
4,src/test/java/org/jabref/gui/externalfiles/AutoSetFileLinksUtilTest.java
6,src/main/java/org/jabref/model/openoffice/style/CitationGroupId.java
6,src/main/java/org/jabref/logic/shared/DatabaseLocation.java
1,src/main/java/org/jabref/logic/pdf/search/retrieval/PdfSearcher.java
6,src/test/java/org/jabref/logic/exporter/DocBook5ExporterTest.java
4,src/main/java/org/jabref/model/entry/event/EntriesEventSource.java
1,src/main/java/org/jabref/logic/shared/event/ConnectionLostEvent.java
4,src/test/java/org/jabref/logic/bibtex/comparator/CrossRefEntryComparatorTest.java
4,src/main/java/org/jabref/logic/bibtex/comparator/IdComparator.java
1,src/main/java/org/jabref/gui/texparser/CitationsDisplay.java
7,src/test/java/org/jabref/gui/util/comparator/SpecialFieldComparatorTest.java
4,src/test/java/org/jabref/logic/bibtex/comparator/BibtexStringComparatorTest.java
6,src/test/java/org/jabref/logic/formatter/bibtexfields/RemoveDigitsFormatterTest.java
5,src/main/java/org/jabref/logic/bibtex/FieldPreferences.java
4,src/main/java/org/jabref/gui/exporter/SaveAction.java
6,src/test/java/org/jabref/logic/layout/format/RemoveLatexCommandsFormatterTest.java
5,src/test/java/org/jabref/logic/msbib/MsBibAuthorTest.java
5,src/test/java/org/jabref/logic/layout/format/AuthorAndsReplacerTest.java
4,src/test/java/org/jabref/logic/citationstyle/CitationStyleTest.java
9,src/main/java/org/jabref/logic/layout/format/Iso690NamesAuthors.java
1,src/main/java/org/jabref/logic/importer/Parser.java
6,src/main/java/org/jabref/gui/collab/stringadd/BibTexStringAdd.java
6,src/test/java/org/jabref/logic/importer/fetcher/SearchBasedFetcherCapabilityTest.java
