modelElementID,codeId
1,src/main/java/org/jabref/logic/cleanup/ConvertToBibtexCleanup.java
1,src/test/java/org/jabref/model/entry/EntryTypeFactoryTest.java
1,src/main/java/org/jabref/gui/preview/PreviewPanel.java
7,src/main/java/org/jabref/gui/util/uithreadaware/UiThreadBinding.java
9,src/main/java/org/jabref/model/openoffice/style/CitationPath.java
9,src/main/java/org/jabref/logic/crawler/StudyDatabaseToFetcherConverter.java
9,src/test/java/org/jabref/logic/shared/DBMSProcessorTest.java
1,src/main/java/org/jabref/gui/preferences/journals/JournalAbbreviationsTab.java
4,src/test/java/org/jabref/logic/formatter/bibtexfields/RegexFormatterTest.java
4,src/main/java/org/jabref/gui/entryeditor/FieldsEditorTab.java
1,src/test/java/org/jabref/logic/importer/fetcher/ACMPortalFetcherTest.java
9,src/test/java/org/jabref/logic/importer/fetcher/ACSTest.java
6,src/main/java/org/jabref/logic/importer/fileformat/medline/MeshHeading.java
5,src/test/java/org/jabref/model/groups/TexGroupTest.java
1,src/main/java/org/jabref/logic/importer/fileformat/MedlinePlainImporter.java
6,src/main/java/org/jabref/gui/entryeditor/fileannotationtab/FulltextSearchResultsTab.java
4,src/test/java/org/jabref/logic/layout/format/RisMonthTest.java
4,src/main/java/org/jabref/gui/util/uithreadaware/UiThreadObservableList.java
1,src/main/java/org/jabref/gui/collab/entrychange/PreviewWithSourceTab.java
6,src/main/java/org/jabref/logic/pdf/AnnotationImporter.java
9,src/test/java/org/jabref/logic/importer/fetcher/IEEETest.java
1,src/main/java/org/jabref/logic/git/GitHandler.java
9,src/test/java/org/jabref/logic/exporter/BibtexDatabaseWriterTest.java
1,src/main/java/org/jabref/gui/util/JabRefResourceLocator.java
5,src/main/java/org/jabref/model/search/rules/RegexBasedSearchRule.java
6,src/main/java/org/jabref/gui/preferences/customentrytypes/CustomEntryTypesTab.java
6,src/main/java/org/jabref/logic/importer/fileformat/medline/Investigator.java
4,src/main/java/org/jabref/gui/mergeentries/newmergedialog/cell/FieldNameCell.java
6,src/main/java/org/jabref/gui/specialfields/SpecialFieldMenuItemFactory.java
9,src/main/java/org/jabref/logic/shared/event/SharedEntriesNotPresentEvent.java
9,src/main/java/org/jabref/model/entry/identifier/ISBN.java
1,src/test/java/org/jabref/model/metadata/MetaDataTest.java
4,src/main/java/org/jabref/model/util/FileUpdateListener.java
4,src/main/java/org/jabref/gui/mergeentries/newmergedialog/ShowDiffConfig.java
4,src/main/java/org/jabref/gui/fieldeditors/contextmenu/DefaultMenu.java
9,src/test/java/org/jabref/logic/importer/fetcher/MathSciNetTest.java
6,buildSrc/src/copied/java/org/jabref/logic/journals/AbbreviationFormat.java
12,src/main/java/org/jabref/model/openoffice/style/Citation.java
4,src/main/java/org/jabref/gui/edit/ManageKeywordsAction.java
6,src/main/java/org/jabref/logic/autosaveandbackup/AutosaveManager.java
6,src/main/java/org/jabref/model/openoffice/style/CitedKeys.java
6,src/main/java/org/jabref/gui/libraryproperties/contentselectors/ContentSelectorViewModel.java
7,src/main/java/org/jabref/gui/exporter/CreateModifyExporterDialogViewModel.java
9,src/test/java/org/jabref/logic/util/io/BackupFileUtilTest.java
4,src/test/java/org/jabref/gui/exporter/SaveDatabaseActionTest.java
1,src/main/java/org/jabref/gui/fieldeditors/KeywordsEditor.java
6,src/main/java/org/jabref/gui/EntryTypeView.java
7,src/main/java/org/jabref/gui/mergeentries/newmergedialog/cell/HeaderCell.java
6,src/main/java/org/jabref/logic/integrity/BibTeXEntryTypeChecker.java
1,src/test/java/org/jabref/logic/layout/format/ReplaceTest.java
9,src/main/java/org/jabref/logic/layout/StringInt.java
9,src/main/java/org/jabref/model/entry/types/SystematicLiteratureReviewStudyEntryTypeDefinitions.java
9,src/test/java/org/jabref/logic/importer/fileformat/MsBibImporterFilesTest.java
4,src/test/java/org/jabref/logic/formatter/bibtexfields/ShortenDOIFormatterTest.java
1,src/main/java/org/jabref/model/openoffice/style/CompareCitedKey.java
12,src/main/java/org/jabref/model/metadata/ContentSelectors.java
6,src/main/java/org/jabref/logic/importer/fetcher/SpringerLink.java
1,src/main/java/org/jabref/model/entry/field/StandardField.java
1,src/main/java/org/jabref/logic/net/ssl/TrustStoreManager.java
9,src/main/java/org/jabref/logic/cleanup/UpgradePdfPsToFileCleanup.java
6,src/main/java/org/jabref/gui/mergeentries/newmergedialog/diffhighlighter/SplitDiffHighlighter.java
4,src/main/java/org/jabref/model/search/rules/SentenceAnalyzer.java
4,src/main/java/org/jabref/logic/formatter/bibtexfields/RemoveBracesFormatter.java
5,src/main/java/org/jabref/model/groups/event/GroupUpdatedEvent.java
5,src/main/java/org/jabref/model/entry/types/BiblatexApaEntryType.java
6,src/test/java/org/jabref/logic/git/GitHandlerTest.java
4,src/main/java/org/jabref/logic/importer/fetcher/ACMPortalFetcher.java
4,src/main/java/org/jabref/logic/importer/fetcher/DiVA.java
1,src/main/java/org/jabref/gui/autocompleter/PersonNameSuggestionProvider.java
1,src/main/java/org/jabref/gui/copyfiles/CopyFilesDialogView.java
9,src/main/java/org/jabref/logic/openoffice/backend/Codec52.java
12,src/test/java/org/jabref/model/groups/AutomaticPersonsGroupTest.java
7,src/main/java/org/jabref/gui/auximport/AuxParserResultViewModel.java
9,src/main/java/org/jabref/logic/citationkeypattern/CitationKeyGenerator.java
7,src/main/java/org/jabref/gui/collab/stringrename/BibTexStringRename.java
6,src/main/java/org/jabref/logic/importer/fetcher/TrustLevel.java
6,src/main/java/org/jabref/gui/importer/actions/GUIPostOpenAction.java
6,src/main/java/org/jabref/logic/formatter/casechanger/CapitalizeFormatter.java
6,src/main/java/org/jabref/gui/preferences/keybindings/presets/NewEntryBindingPreset.java
6,src/main/java/org/jabref/logic/layout/format/AuthorLastFirst.java
4,src/test/java/org/jabref/logic/layout/format/DOICheckTest.java
4,src/main/java/org/jabref/logic/openoffice/style/OOBibStyle.java
6,src/main/java/org/jabref/gui/theme/StyleSheetFile.java
6,src/test/java/org/jabref/logic/importer/ImportDataTest.java
6,src/main/java/org/jabref/gui/collab/ExternalChangesResolverViewModel.java
4,src/test/java/org/jabref/logic/importer/fileformat/CffImporterTest.java
1,src/test/java/org/jabref/logic/layout/format/DOIStripTest.java
9,src/test/java/org/jabref/logic/formatter/casechanger/SentenceCaseFormatterTest.java
4,src/main/java/org/jabref/gui/openoffice/StyleSelectItemViewModel.java
4,src/test/java/org/jabref/logic/importer/QueryParserTest.java
5,src/main/java/org/jabref/model/openoffice/style/CompareCitation.java
1,src/main/java/org/jabref/gui/importer/actions/MergeReviewIntoCommentConfirmationDialog.java
9,src/test/java/org/jabref/logic/layout/format/AuthorAndsReplacerTest.java
9,src/main/java/org/jabref/model/groups/ExplicitGroup.java
1,src/main/java/org/jabref/gui/maintable/OpenExternalFileAction.java
6,src/main/java/org/jabref/logic/util/ExternalLinkCreator.java
6,src/test/java/org/jabref/logic/exporter/ExporterTest.java
7,src/main/java/org/jabref/gui/groups/GroupDescriptions.java
1,src/main/java/org/jabref/gui/fieldeditors/ContextMenuAddable.java
12,src/main/java/org/jabref/model/util/ResultingStringState.java
6,src/test/java/org/jabref/logic/importer/fetcher/transformers/JstorQueryTransformerTest.java
6,src/main/java/org/jabref/gui/importer/actions/MergeReviewIntoCommentConfirmationDialog.java
6,src/main/java/org/jabref/gui/DragAndDropDataFormats.java
7,src/main/java/org/jabref/gui/icon/JabRefIkonHandler.java
4,src/main/java/org/jabref/logic/importer/fileformat/medline/MeshHeading.java
4,src/main/java/org/jabref/logic/importer/fetcher/transformers/YearRangeByFilteringQueryTransformer.java
6,src/test/java/org/jabref/logic/layout/format/AuthorAndsReplacerTest.java
1,src/main/java/org/jabref/gui/maintable/ColumnPreferences.java
1,src/main/java/org/jabref/logic/msbib/MSBibEntryType.java
4,src/test/java/org/jabref/logic/l10n/JavaLocalizationEntryParser.java
1,src/main/java/org/jabref/logic/citationkeypattern/DatabaseCitationKeyPattern.java
6,src/main/java/org/jabref/gui/keyboard/KeyBindingCategory.java
5,src/main/java/org/jabref/model/openoffice/style/CitationGroupId.java
1,src/main/java/org/jabref/logic/remote/server/RemoteListenerServer.java
4,src/test/java/org/jabref/logic/shared/TestManager.java
6,src/main/java/org/jabref/gui/collab/DatabaseChangeResolver.java
4,src/main/java/org/jabref/logic/layout/format/FormatPagesForXML.java
6,src/main/java/org/jabref/model/groups/GroupHierarchyType.java
6,src/main/java/org/jabref/gui/undo/UndoableStringChange.java
6,src/main/java/org/jabref/logic/logging/LogMessages.java
4,src/main/java/org/jabref/logic/layout/format/AuthorAndToSemicolonReplacer.java
4,src/main/java/org/jabref/gui/texparser/ParseLatexDialogViewModel.java
6,src/main/java/org/jabref/gui/importer/ImportAction.java
6,src/test/java/org/jabref/model/database/DuplicationCheckerTest.java
6,src/main/java/org/jabref/logic/shared/event/SharedEntriesNotPresentEvent.java
1,src/main/java/org/jabref/logic/formatter/casechanger/TitleCaseFormatter.java
9,src/test/java/org/jabref/model/groups/ExplicitGroupTest.java
6,src/main/java/org/jabref/gui/util/DefaultFileUpdateMonitor.java
6,src/main/java/org/jabref/gui/preferences/keybindings/KeyBindingsTab.java
7,src/main/java/org/jabref/gui/externalfiletype/StandardExternalFileType.java
1,src/main/java/org/jabref/gui/groups/GroupModeViewModel.java
1,src/main/java/org/jabref/gui/theme/StyleSheetDataUrl.java
9,src/main/java/org/jabref/logic/exporter/BibtexDatabaseWriter.java
4,src/main/java/org/jabref/gui/util/DefaultTaskExecutor.java
7,src/main/java/org/jabref/gui/OpenConsoleAction.java
1,src/test/java/org/jabref/gui/externalfiles/AutoSetFileLinksUtilTest.java
4,src/test/java/org/jabref/logic/importer/fileformat/RISImporterFilesTest.java
5,src/main/java/org/jabref/model/openoffice/rangesort/RangeOverlapKind.java
1,src/test/java/org/jabref/logic/formatter/minifier/MinifyNameListFormatterTest.java
6,src/main/java/org/jabref/gui/util/TaskExecutor.java
9,src/test/java/org/jabref/logic/importer/fetcher/AstrophysicsDataSystemTest.java
6,src/test/java/org/jabref/logic/formatter/bibtexfields/UnicodeToLatexFormatterTest.java
6,src/main/java/org/jabref/gui/collab/stringchange/BibTexStringChangeDetailsView.java
4,src/test/java/org/jabref/logic/formatter/bibtexfields/RemoveHyphenatedNewlinesFormatterTest.java
1,src/main/java/org/jabref/model/search/rules/ContainsBasedSearchRule.java
1,src/main/java/org/jabref/logic/integrity/CitationKeyDeviationChecker.java
1,src/test/java/org/jabref/logic/shared/security/PasswordTest.java
9,src/test/java/org/jabref/logic/importer/fetcher/JstorFetcherTest.java
6,src/test/java/org/jabref/logic/importer/util/GroupsParserTest.java
4,src/test/java/org/jabref/logic/layout/format/AuthorLastFirstAbbrOxfordCommasTest.java
1,src/main/java/org/jabref/logic/importer/fileformat/SilverPlatterImporter.java
6,src/main/java/org/jabref/gui/commonfxcontrols/FieldFormatterCleanupsPanel.java
1,src/main/java/org/jabref/gui/entryeditor/OptionalFields2Tab.java
4,src/main/java/org/jabref/logic/layout/format/NotFoundFormatter.java
1,src/main/java/org/jabref/logic/layout/format/RisAuthors.java
12,src/test/java/org/jabref/model/entry/identifier/ISBNTest.java
6,src/main/java/org/jabref/logic/importer/PagedSearchBasedParserFetcher.java
4,src/test/java/org/jabref/logic/layout/format/LatexToUnicodeFormatterTest.java
5,src/test/java/org/jabref/model/entry/identifier/ArXivIdentifierTest.java
12,src/main/java/org/jabref/model/pdf/search/SearchResult.java
6,src/main/java/org/jabref/gui/maintable/RightClickMenu.java
6,src/main/java/org/jabref/logic/exporter/XmpPdfExporter.java
9,src/main/java/org/jabref/model/openoffice/uno/UnoCast.java
4,src/main/java/org/jabref/model/search/matchers/MatcherSets.java
6,src/main/java/org/jabref/logic/util/strings/StringManipulator.java
4,src/main/java/org/jabref/gui/entryeditor/LatexCitationsTab.java
4,src/main/java/org/jabref/model/entry/Author.java
1,src/main/java/org/jabref/gui/entryeditor/OpenEntryEditorAction.java
5,src/main/java/org/jabref/model/database/event/ChangePropagation.java
9,src/test/java/org/jabref/logic/importer/fetcher/transformers/DefaultQueryTransformerTest.java
5,src/main/java/org/jabref/model/util/ResultingStringState.java
6,src/main/java/org/jabref/gui/citationkeypattern/GenerateCitationKeySingleAction.java
6,src/main/java/org/jabref/model/strings/StringUtil.java
6,src/main/java/org/jabref/model/database/KeyCollisionException.java
4,src/main/java/org/jabref/gui/autocompleter/PersonNameStringConverter.java
1,src/test/java/org/jabref/gui/autocompleter/DefaultAutoCompleterTest.java
1,src/main/java/org/jabref/gui/preferences/journals/AbbreviationViewModel.java
4,src/main/java/org/jabref/model/entry/identifier/ISSN.java
7,src/main/java/org/jabref/gui/help/AboutDialogView.java
5,src/main/java/org/jabref/model/entry/identifier/ISBN.java
9,src/main/java/org/jabref/model/database/KeyChangeListener.java
9,src/test/java/org/jabref/logic/cleanup/ConvertToBiblatexCleanupTest.java
9,src/test/java/org/jabref/logic/layout/format/AuthorLastFirstCommasTest.java
4,src/main/java/org/jabref/logic/integrity/BooktitleChecker.java
6,src/main/java/org/jabref/gui/sidepane/SidePane.java
4,src/test/java/org/jabref/logic/layout/format/FirstPageTest.java
4,src/main/java/org/jabref/model/entry/field/FieldPriority.java
4,src/main/java/org/jabref/model/search/rules/RegexBasedSearchRule.java
9,src/main/java/org/jabref/model/openoffice/uno/UnoRedlines.java
1,src/test/java/org/jabref/logic/importer/fileformat/BibtexParserTest.java
4,src/main/java/org/jabref/model/entry/Month.java
1,src/main/java/org/jabref/model/util/OptionalUtil.java
4,src/main/java/org/jabref/logic/importer/IdFetcher.java
9,src/main/java/org/jabref/logic/util/MetadataSerializationConfiguration.java
12,src/main/java/org/jabref/model/groups/GroupHierarchyType.java
9,src/main/java/org/jabref/model/openoffice/backend/NamedRange.java
6,src/main/java/org/jabref/gui/theme/StyleSheetDataUrl.java
4,src/main/java/org/jabref/gui/libraryproperties/PropertiesTabViewModel.java
9,src/test/java/org/jabref/logic/citationkeypattern/MakeLabelWithDatabaseTest.java
6,src/main/java/org/jabref/logic/formatter/bibtexfields/EscapeAmpersandsFormatter.java
6,src/main/java/org/jabref/gui/copyfiles/CopyFilesResultListDependency.java
6,src/test/java/org/jabref/logic/importer/ImportFormatReaderIntegrationTest.java
7,src/main/java/org/jabref/gui/desktop/JabRefDesktop.java
1,src/main/java/org/jabref/logic/formatter/bibtexfields/EscapeUnderscoresFormatter.java
6,src/main/java/org/jabref/gui/util/CustomTitledPaneSkin.java
4,src/main/java/org/jabref/model/search/matchers/NotMatcher.java
4,src/test/java/org/jabref/model/openoffice/CitationEntryTest.java
1,src/main/java/org/jabref/gui/preferences/customentrytypes/FieldViewModel.java
1,src/main/java/org/jabref/gui/maintable/MainTableColumnModel.java
12,src/main/java/org/jabref/model/entry/BibEntryTypeBuilder.java
4,src/main/java/org/jabref/model/openoffice/style/CitationGroups.java
4,src/main/java/org/jabref/gui/util/ControlHelper.java
6,src/main/java/org/jabref/model/entry/event/EntriesEvent.java
5,src/main/java/org/jabref/model/groups/ExplicitGroup.java
7,src/main/java/org/jabref/gui/preferences/appearance/AppearanceTabViewModel.java
4,src/main/java/org/jabref/logic/importer/fetcher/transformers/IEEEQueryTransformer.java
9,src/main/java/org/jabref/logic/integrity/AmpersandChecker.java
6,src/main/java/org/jabref/logic/importer/fetcher/DBLPFetcher.java
1,src/main/java/org/jabref/model/search/rules/SearchRule.java
1,src/test/java/org/jabref/logic/util/io/RegExpBasedFileFinderTest.java
4,src/main/java/org/jabref/gui/externalfiletype/ExternalFileTypes.java
1,src/main/java/org/jabref/logic/openoffice/style/OOProcess.java
7,src/main/java/org/jabref/gui/preferences/linkedfiles/LinkedFilesTabViewModel.java
6,src/test/java/org/jabref/logic/shared/DBMSSynchronizerTest.java
4,src/main/java/org/jabref/logic/journals/JournalAbbreviationLoader.java
4,src/main/java/org/jabref/logic/importer/fileformat/IsiImporter.java
4,src/main/java/org/jabref/logic/shared/listener/PostgresSQLNotificationListener.java
1,src/main/java/org/jabref/logic/shared/prefs/SharedDatabasePreferences.java
9,src/main/java/org/jabref/logic/cleanup/ConvertToBiblatexCleanup.java
4,src/main/java/org/jabref/logic/importer/fetcher/transformers/ArXivQueryTransformer.java
9,src/main/java/org/jabref/logic/importer/ImportCleanup.java
1,src/main/java/org/jabref/model/pdf/FileAnnotation.java
6,src/main/java/org/jabref/logic/importer/FetcherException.java
4,src/main/java/org/jabref/gui/slr/ManageStudyDefinitionView.java
7,src/test/java/org/jabref/gui/autocompleter/AppendPersonNamesStrategyTest.java
1,src/main/java/org/jabref/gui/entryeditor/OptionalFieldsTabBase.java
9,src/main/java/org/jabref/model/openoffice/rangesort/RangeSortEntry.java
4,src/main/java/org/jabref/gui/commonfxcontrols/FieldFormatterCleanupsPanelViewModel.java
1,src/main/java/org/jabref/model/entry/identifier/DOI.java
6,src/main/java/org/jabref/gui/entryeditor/PreviewSwitchAction.java
1,src/test/java/org/jabref/logic/cleanup/BibtexBiblatexRoundtripTest.java
4,src/main/java/org/jabref/gui/mergeentries/newmergedialog/cell/OpenExternalLinkAction.java
1,src/main/java/org/jabref/gui/util/TooltipTextUtil.java
7,src/test/java/org/jabref/gui/util/OpenConsoleActionTest.java
4,src/main/java/org/jabref/logic/logging/LogMessages.java
4,src/test/java/org/jabref/logic/citationkeypattern/MakeLabelWithDatabaseTest.java
4,src/main/java/org/jabref/logic/exporter/BibDatabaseWriter.java
1,src/main/java/org/jabref/gui/journals/UndoableAbbreviator.java
6,src/main/java/org/jabref/gui/util/ViewModelTextFieldTableCellVisualizationFactory.java
5,src/main/java/org/jabref/model/metadata/event/MetaDataChangedEvent.java
4,src/main/java/org/jabref/logic/layout/format/AuthorLF_FF.java
1,src/test/java/org/jabref/logic/citationkeypattern/CitationKeyGeneratorTest.java
5,src/main/java/org/jabref/model/entry/BibEntryTypesManager.java
1,src/test/java/org/jabref/logic/formatter/casechanger/ProtectTermsFormatterTest.java
1,src/main/java/org/jabref/gui/desktop/os/OSX.java
9,src/test/java/org/jabref/logic/openoffice/style/StyleLoaderTest.java
9,src/test/java/org/jabref/logic/bst/util/BstNameFormatterTest.java
6,src/test/java/org/jabref/logic/formatter/bibtexfields/EscapeDollarSignFormatterTest.java
9,src/main/java/org/jabref/logic/crawler/StudyRepository.java
6,src/main/java/org/jabref/gui/edit/automaticfiededitor/AutomaticFieldEditorViewModel.java
7,src/test/java/org/jabref/gui/autocompleter/BibEntrySuggestionProviderTest.java
1,src/main/java/org/jabref/logic/util/Version.java
6,src/main/java/org/jabref/gui/util/comparator/SpecialFieldComparator.java
6,src/main/java/org/jabref/gui/preferences/journals/JournalAbbreviationsTabViewModel.java
6,src/main/java/org/jabref/gui/preferences/citationkeypattern/CitationKeyPatternTab.java
9,src/test/java/org/jabref/logic/bibtex/comparator/PreambleDiffTest.java
6,src/test/java/org/jabref/logic/bst/util/BstCaseChangersTest.java
7,src/main/java/org/jabref/gui/preferences/customentrytypes/EntryTypeViewModel.java
9,src/main/java/org/jabref/logic/importer/fetcher/RfcFetcher.java
9,src/main/java/org/jabref/logic/integrity/NoBibtexFieldChecker.java
1,src/main/java/org/jabref/gui/util/OpenHyperlinksInExternalBrowser.java
4,src/test/java/org/jabref/logic/importer/fetcher/BvbFetcherTest.java
4,src/main/java/org/jabref/model/openoffice/style/OODataModel.java
6,src/main/java/org/jabref/logic/importer/fetcher/isbntobibtex/OpenLibraryIsbnFetcher.java
1,src/test/java/org/jabref/logic/openoffice/style/OOBibStyleTestHelper.java
9,src/main/java/org/jabref/logic/bst/BstVMVisitor.java
4,src/main/java/org/jabref/gui/push/PushToApplication.java
5,src/main/java/org/jabref/model/openoffice/style/Citation.java
5,src/main/java/org/jabref/model/entry/field/FieldFactory.java
1,src/main/java/org/jabref/gui/desktop/os/DefaultDesktop.java
7,src/main/java/org/jabref/gui/mergeentries/newmergedialog/fieldsmerger/FieldMerger.java
4,src/test/java/org/jabref/gui/entryeditor/fileannotationtab/FileAnnotationViewModelTest.java
9,src/test/java/org/jabref/logic/formatter/bibtexfields/NormalizePagesFormatterTest.java
7,src/main/java/org/jabref/gui/mergeentries/newmergedialog/diffhighlighter/DiffHighlighter.java
4,src/test/java/org/jabref/logic/importer/fetcher/ArXivFetcherTest.java
9,src/main/java/org/jabref/model/search/GroupSearchQuery.java
9,src/main/java/org/jabref/model/openoffice/style/Citation.java
9,src/main/java/org/jabref/model/groups/LastNameGroup.java
4,src/main/java/org/jabref/logic/util/io/RegExpBasedFileFinder.java
1,src/main/java/org/jabref/logic/journals/AbbreviationFormat.java
6,src/test/java/org/jabref/logic/importer/fetcher/GvkFetcherTest.java
12,src/main/java/org/jabref/model/entry/Month.java
6,src/main/java/org/jabref/model/openoffice/backend/NamedRange.java
9,src/main/java/org/jabref/logic/formatter/casechanger/Title.java
4,src/main/java/org/jabref/gui/preferences/network/CustomCertificateViewModel.java
1,src/test/java/org/jabref/logic/importer/util/ShortDOIServiceTest.java
1,src/main/java/org/jabref/logic/msbib/BibTeXConverter.java
9,src/main/java/org/jabref/logic/journals/JournalAbbreviationRepository.java
7,src/main/java/org/jabref/gui/maintable/columns/MainTableColumn.java
6,src/main/java/org/jabref/gui/search/rules/describer/SearchDescriber.java
1,src/main/java/org/jabref/gui/entryeditor/MathSciNetTab.java
4,src/main/java/org/jabref/gui/groups/UndoableChangeEntriesOfGroup.java
12,src/main/java/org/jabref/model/entry/types/SystematicLiteratureReviewStudyEntryType.java
6,src/main/java/org/jabref/gui/groups/GroupsPreferences.java
1,src/main/java/org/jabref/gui/importer/ImportCustomEntryTypesDialogViewModel.java
7,src/main/java/org/jabref/gui/groups/MoveGroupChange.java
9,src/main/java/org/jabref/logic/pdf/AnnotationImporter.java
1,src/main/java/org/jabref/gui/fieldeditors/MonthEditorViewModel.java
9,src/test/java/org/jabref/logic/layout/format/AuthorLF_FFAbbrTest.java
6,src/main/java/org/jabref/gui/fieldeditors/LinkedFileViewModel.java
1,src/main/java/org/jabref/logic/layout/LayoutFormatterBasedFormatter.java
4,src/test/java/org/jabref/logic/l10n/LanguageTest.java
12,src/main/java/org/jabref/model/search/rules/ContainsBasedSearchRule.java
1,src/main/java/org/jabref/gui/libraryproperties/AbstractPropertiesTabView.java
9,src/main/java/org/jabref/logic/formatter/bibtexfields/RemoveNewlinesFormatter.java
9,src/main/java/org/jabref/model/database/BibDatabaseContext.java
1,src/main/java/org/jabref/logic/remote/RemoteUtil.java
6,src/main/java/org/jabref/logic/importer/fileformat/IsiImporter.java
1,src/main/java/org/jabref/logic/integrity/FileChecker.java
6,src/main/java/org/jabref/gui/libraryproperties/AbstractPropertiesTabView.java
6,src/main/java/org/jabref/logic/xmp/XmpPreferences.java
4,src/main/java/org/jabref/logic/importer/FetcherResult.java
1,src/main/java/org/jabref/gui/preferences/network/NetworkTabViewModel.java
6,src/test/java/org/jabref/model/database/BibDatabaseTest.java
6,src/test/java/org/jabref/logic/exporter/ModsExportFormatTest.java
6,src/main/java/org/jabref/gui/fieldeditors/GenderEditorViewModel.java
6,src/main/java/org/jabref/logic/layout/format/GetOpenOfficeType.java
6,src/main/java/org/jabref/logic/importer/fetcher/transformers/DBLPQueryTransformer.java
6,src/main/java/org/jabref/gui/edit/OpenBrowserAction.java
1,src/main/java/org/jabref/gui/entryeditor/PreviewSwitchAction.java
1,src/main/java/org/jabref/gui/cleanup/CleanupSingleAction.java
6,src/main/java/org/jabref/model/entry/field/BibField.java
6,src/main/java/org/jabref/gui/documentviewer/ShowDocumentViewerAction.java
1,src/main/java/org/jabref/gui/copyfiles/CopySingleFileAction.java
6,src/main/java/org/jabref/model/entry/types/BibtexEntryTypeDefinitions.java
5,src/test/java/org/jabref/model/groups/WordKeywordGroupTest.java
4,src/test/java/org/jabref/model/TreeNodeTest.java
1,src/main/java/org/jabref/gui/mergeentries/newmergedialog/ShowDiffConfig.java
1,src/test/java/org/jabref/gui/autocompleter/BibEntrySuggestionProviderTest.java
5,src/main/java/org/jabref/model/entry/field/Field.java
4,src/test/java/org/jabref/gui/theme/ThemeTest.java
1,src/main/java/org/jabref/model/openoffice/style/ComparableCitation.java
7,src/main/java/org/jabref/gui/push/AbstractPushToApplication.java
4,src/test/java/org/jabref/logic/citationkeypattern/BracketedPatternTest.java
4,src/test/java/org/jabref/logic/layout/format/IfPluralTest.java
4,src/main/java/org/jabref/model/entry/BibEntry.java
1,src/main/java/org/jabref/logic/formatter/casechanger/UnprotectTermsFormatter.java
1,src/main/java/org/jabref/gui/OpenConsoleAction.java
1,src/main/java/org/jabref/gui/maintable/SmartConstrainedResizePolicy.java
9,src/test/java/org/jabref/logic/importer/fileformat/InspecImporterTest.java
6,src/test/java/org/jabref/gui/externalfiles/FileFilterUtilsTest.java
6,src/main/java/org/jabref/model/entry/types/StandardEntryType.java
6,src/main/java/org/jabref/logic/msbib/MSBibEntry.java
1,src/main/java/org/jabref/gui/autocompleter/AutoCompleteFirstNameMode.java
4,src/main/java/org/jabref/model/openoffice/style/CitedKey.java
7,src/main/java/org/jabref/gui/libraryproperties/contentselectors/ContentSelectorViewModel.java
6,src/main/java/org/jabref/logic/citationstyle/CitationStylePreviewLayout.java
4,src/test/java/org/jabref/logic/importer/fileformat/CitaviXmlImporterFilesTest.java
4,src/main/java/org/jabref/gui/keyboard/KeyBindingRepository.java
6,src/main/java/org/jabref/model/strings/UnicodeToReadableCharMap.java
5,src/main/java/org/jabref/model/openoffice/uno/UnoNamed.java
4,src/main/java/org/jabref/gui/push/PushToApplications.java
4,src/main/java/org/jabref/model/entry/event/EntryChangedEvent.java
4,src/main/java/org/jabref/gui/util/ValueTableCellFactory.java
9,src/main/java/org/jabref/model/openoffice/style/CitationGroups.java
1,src/main/java/org/jabref/gui/openoffice/AdvancedCiteDialogView.java
10,src/main/java/org/jabref/cli/JabRefCLI.java
7,src/main/java/org/jabref/gui/copyfiles/CopyFilesTask.java
1,src/main/java/org/jabref/gui/mergeentries/MergeResult.java
1,src/main/java/org/jabref/gui/maintable/CellFactory.java
9,src/main/java/org/jabref/model/entry/field/StandardField.java
6,src/test/java/org/jabref/logic/integrity/IntegrityCheckTest.java
1,src/test/java/org/jabref/logic/bibtex/FieldWriterTest.java
9,src/main/java/org/jabref/logic/importer/Importer.java
9,src/main/java/org/jabref/logic/cleanup/CleanupJob.java
1,src/main/java/org/jabref/model/entry/field/FieldFactory.java
1,src/main/java/org/jabref/gui/maintable/OpenUrlAction.java
1,src/main/java/org/jabref/logic/importer/fetcher/CollectionOfComputerScienceBibliographiesParser.java
7,src/main/java/org/jabref/gui/importer/fetcher/WebSearchPaneViewModel.java
7,src/main/java/org/jabref/gui/collab/metedatachange/MetadataChange.java
6,src/main/java/org/jabref/logic/integrity/BibStringChecker.java
6,src/main/java/org/jabref/gui/integrity/IntegrityCheckDialog.java
4,src/main/java/org/jabref/gui/maintable/MainTableDataModel.java
4,src/main/java/org/jabref/logic/formatter/casechanger/TitleParser.java
6,src/main/java/org/jabref/logic/formatter/minifier/TruncateFormatter.java
4,src/test/java/org/jabref/logic/layout/format/OrdinalTest.java
1,src/main/java/org/jabref/logic/bst/BstEntry.java
12,src/main/java/org/jabref/model/entry/event/FieldChangedEvent.java
5,src/main/java/org/jabref/model/entry/Keyword.java
6,src/main/java/org/jabref/logic/l10n/Localization.java
4,src/main/java/org/jabref/gui/preferences/journals/AbbreviationsFileViewModel.java
6,src/main/java/org/jabref/model/entry/field/SpecialFieldValue.java
4,src/main/java/org/jabref/model/texparser/LatexParserResult.java
1,src/main/java/org/jabref/model/openoffice/style/Citation.java
4,src/main/java/org/jabref/gui/push/PushToEmacsSettings.java
9,src/test/java/org/jabref/model/entry/BibEntryTypesManagerTest.java
4,src/main/java/org/jabref/gui/mergeentries/newmergedialog/cell/FieldValueCellViewModel.java
4,src/main/java/org/jabref/logic/util/strings/UnicodeLigaturesMap.java
1,src/main/java/org/jabref/gui/preferences/customimporter/CustomImporterTab.java
6,src/main/java/org/jabref/logic/importer/fileformat/MedlinePlainImporter.java
6,src/main/java/org/jabref/gui/maintable/columns/LinkedIdentifierColumn.java
1,src/main/java/org/jabref/logic/layout/format/DateFormatter.java
4,src/main/java/org/jabref/logic/importer/fetcher/transformers/DefaultLuceneQueryTransformer.java
6,src/test/java/org/jabref/logic/importer/fetcher/DoiResolutionTest.java
6,src/main/java/org/jabref/gui/util/BindingsHelper.java
9,src/main/java/org/jabref/logic/importer/fetcher/ACMPortalFetcher.java
6,src/main/java/org/jabref/logic/importer/fileformat/BibtexImporter.java
1,src/test/java/org/jabref/logic/exporter/DocbookExporterTest.java
4,src/main/java/org/jabref/gui/maintable/MainTableColumnFactory.java
9,src/main/java/org/jabref/logic/importer/fetcher/transformers/CollectionOfComputerScienceBibliographiesQueryTransformer.java
9,src/main/java/org/jabref/model/entry/identifier/DOI.java
6,src/main/java/org/jabref/logic/layout/format/AuthorLastFirstAbbreviator.java
6,src/main/java/org/jabref/logic/util/BuildInfo.java
6,src/main/java/org/jabref/model/entry/event/EntryChangedEvent.java
6,src/main/java/org/jabref/logic/integrity/MonthChecker.java
4,src/main/java/org/jabref/gui/util/NoSelectionModel.java
1,src/main/java/org/jabref/gui/util/uithreadaware/UiThreadStringProperty.java
6,src/main/java/org/jabref/logic/exporter/AtomicFileOutputStream.java
6,src/main/java/org/jabref/logic/layout/AbstractParamLayoutFormatter.java
6,src/main/java/org/jabref/logic/importer/FetcherClientException.java
6,src/main/java/org/jabref/logic/bibtex/comparator/MetaDataDiff.java
6,src/main/java/org/jabref/gui/EntryTypeViewModel.java
4,src/main/java/org/jabref/gui/util/BindingsHelper.java
6,src/main/java/org/jabref/logic/bibtex/InvalidFieldValueException.java
7,src/main/java/org/jabref/gui/shared/ConnectToSharedDatabaseCommand.java
1,src/test/java/org/jabref/model/entry/AuthorTest.java
6,src/main/java/org/jabref/model/search/rules/ContainsBasedSearchRule.java
1,src/test/java/org/jabref/logic/importer/fileformat/PdfXmpImporterTest.java
7,src/main/java/org/jabref/gui/groups/GroupTreeViewModel.java
5,src/main/java/org/jabref/model/search/rules/FullTextSearchRule.java
1,src/main/java/org/jabref/gui/mergeentries/newmergedialog/ThreeWayMergeView.java
7,src/main/java/org/jabref/gui/maintable/MainTableFieldValueFormatter.java
4,src/test/java/org/jabref/logic/importer/fileformat/BiblioscapeImporterTest.java
7,src/main/java/org/jabref/gui/preferences/entryeditor/EntryEditorTab.java
6,src/main/java/org/jabref/gui/exporter/SaveDatabaseAction.java
6,src/main/java/org/jabref/model/openoffice/style/CitationGroup.java
4,src/main/java/org/jabref/gui/util/RecursiveTreeItem.java
6,src/main/java/org/jabref/logic/preferences/OwnerPreferences.java
9,src/main/java/org/jabref/logic/openoffice/frontend/RangeForOverlapCheck.java
6,src/main/java/org/jabref/logic/xmp/XmpUtilShared.java
4,src/main/java/org/jabref/gui/mergeentries/DiffMode.java
9,src/test/java/org/jabref/logic/importer/fetcher/BiodiversityLibraryTest.java
6,src/main/java/org/jabref/gui/cleanup/CleanupPresetPanel.java
4,src/main/java/org/jabref/gui/sidepane/GroupsSidePaneComponent.java
4,src/test/java/org/jabref/model/entry/field/SpecialFieldTest.java
12,src/main/java/org/jabref/model/openoffice/util/OOListUtil.java
6,src/main/java/org/jabref/gui/maintable/BibEntryTableViewModel.java
4,src/main/java/org/jabref/gui/fieldeditors/LinkedFileViewModel.java
6,src/main/java/org/jabref/logic/integrity/TitleChecker.java
9,src/test/java/org/jabref/logic/layout/format/AuthorAndsCommaReplacerTest.java
4,src/main/java/org/jabref/logic/shared/security/Password.java
1,src/test/java/org/jabref/logic/importer/fetcher/MrDLibFetcherTest.java
6,src/main/java/org/jabref/gui/preferences/customentrytypes/CustomEntryTypeViewModel.java
5,src/main/java/org/jabref/model/ChainNode.java
6,src/main/java/org/jabref/logic/importer/FetcherServerException.java
4,src/main/java/org/jabref/gui/collab/entryadd/EntryAdd.java
1,src/main/java/org/jabref/logic/importer/fileformat/CustomImporter.java
4,src/main/java/org/jabref/logic/layout/format/LatexToUnicodeFormatter.java
9,src/test/java/org/jabref/logic/integrity/AmpersandCheckerTest.java
6,src/test/java/org/jabref/logic/importer/fileformat/MrDLibImporterTest.java
7,src/main/java/org/jabref/gui/fieldeditors/OwnerEditor.java
9,src/main/java/org/jabref/logic/importer/fileformat/BibtexParser.java
6,src/main/java/org/jabref/gui/edit/automaticfiededitor/AbstractAutomaticFieldEditorTabViewModel.java
1,src/main/java/org/jabref/gui/preferences/importexport/ImportExportTab.java
1,src/test/java/org/jabref/logic/importer/fetcher/transformers/SuffixTransformerTest.java
4,src/main/java/org/jabref/gui/edit/automaticfiededitor/copyormovecontent/CopyOrMoveFieldContentTabViewModel.java
6,src/main/java/org/jabref/model/database/event/BibDatabaseContextChangedEvent.java
9,src/main/java/org/jabref/logic/bst/util/BstCaseChanger.java
12,src/main/java/org/jabref/model/openoffice/style/PageInfo.java
1,src/test/java/org/jabref/logic/formatter/casechanger/UpperCaseFormatterTest.java
6,src/main/java/org/jabref/logic/cleanup/ConvertToBibtexCleanup.java
6,src/main/java/org/jabref/logic/formatter/bibtexfields/RemoveNewlinesFormatter.java
1,src/main/java/org/jabref/model/openoffice/uno/UnoRedlines.java
7,src/main/java/org/jabref/gui/push/PushToEmacsSettings.java
5,src/test/java/org/jabref/model/entry/BibEntryTypesManagerTest.java
5,src/main/java/org/jabref/model/openoffice/uno/UnoCrossRef.java
4,src/test/java/org/jabref/logic/layout/format/AuthorLastFirstOxfordCommasTest.java
4,src/main/java/org/jabref/logic/importer/fetcher/CompositeSearchBasedFetcher.java
6,src/main/java/org/jabref/logic/importer/fileformat/BiblioscapeImporter.java
4,src/test/java/org/jabref/logic/layout/format/AuthorFirstAbbrLastCommasTest.java
6,src/main/java/org/jabref/gui/externalfiles/ImportFilesResultItemViewModel.java
6,src/main/java/org/jabref/logic/openoffice/style/OOPreFormatter.java
6,src/main/java/org/jabref/gui/icon/JabRefMaterialDesignIcon.java
9,src/test/java/org/jabref/model/search/rules/GrammarBasedSearchRuleTest.java
1,src/test/java/org/jabref/logic/importer/fetcher/transformers/ArXivQueryTransformerTest.java
4,src/main/java/org/jabref/gui/DragAndDropHelper.java
6,src/main/java/org/jabref/logic/importer/fetcher/transformers/AbstractQueryTransformer.java
6,src/test/java/org/jabref/logic/layout/format/CompositeFormatTest.java
7,src/main/java/org/jabref/gui/externalfiles/FindUnlinkedFilesAction.java
4,src/test/java/org/jabref/gui/autocompleter/DefaultAutoCompleterTest.java
4,src/test/java/org/jabref/model/entry/BibEntryTypesManagerTest.java
7,src/main/java/org/jabref/gui/preferences/file/FileTab.java
4,src/main/java/org/jabref/logic/cleanup/MoveFilesCleanup.java
1,src/main/java/org/jabref/model/texparser/Citation.java
9,src/main/java/org/jabref/logic/exporter/XmpPdfExporter.java
9,src/test/java/org/jabref/logic/formatter/bibtexfields/NormalizeNamesFormatterTest.java
1,src/main/java/org/jabref/gui/desktop/JabRefDesktop.java
7,src/main/java/org/jabref/gui/util/CurrentThreadTaskExecutor.java
1,src/main/java/org/jabref/gui/externalfiles/DateRange.java
4,src/main/java/org/jabref/model/groups/RegexKeywordGroup.java
9,src/main/java/org/jabref/logic/citationstyle/CitationStyleGenerator.java
4,src/main/java/org/jabref/gui/actions/ActionHelper.java
1,src/main/java/org/jabref/model/entry/field/BiblatexSoftwareField.java
12,src/main/java/org/jabref/model/entry/field/BiblatexSoftwareField.java
5,src/main/java/org/jabref/model/entry/types/UnknownEntryType.java
6,src/main/java/org/jabref/gui/externalfiles/UnlinkedFilesCrawler.java
9,src/main/java/org/jabref/logic/importer/fetcher/GrobidCitationFetcher.java
1,src/main/java/org/jabref/gui/preferences/appearance/AppearanceTabViewModel.java
7,src/test/java/org/jabref/gui/mergeentries/FieldRowViewModelTest.java
1,src/main/java/org/jabref/gui/icon/JabRefIkonHandler.java
6,src/main/java/org/jabref/model/openoffice/style/CompareCitation.java
6,src/main/java/org/jabref/logic/xmp/DublinCoreExtractor.java
1,src/main/java/org/jabref/gui/util/comparator/RankingFieldComparator.java
9,src/test/java/org/jabref/logic/formatter/casechanger/TitleCaseFormatterTest.java
6,src/main/java/org/jabref/logic/pdf/PdfAnnotationImporter.java
7,src/main/java/org/jabref/gui/edit/automaticfiededitor/editfieldcontent/EditFieldContentViewModel.java
5,src/main/java/org/jabref/model/pdf/search/SearchResult.java
7,src/main/java/org/jabref/gui/autocompleter/BibEntrySuggestionProvider.java
7,src/main/java/org/jabref/gui/edit/automaticfiededitor/NotificationPaneAdapter.java
9,src/test/java/org/jabref/logic/layout/format/RemoveBracketsAddCommaTest.java
6,src/main/java/org/jabref/gui/search/GlobalSearchResultDialogViewModel.java
9,src/test/java/org/jabref/logic/cleanup/FieldFormatterCleanupTest.java
6,src/main/java/org/jabref/logic/protectedterms/ProtectedTermsParser.java
1,src/test/java/org/jabref/gui/autocompleter/FieldValueSuggestionProviderTest.java
9,src/main/java/org/jabref/logic/layout/format/CurrentDate.java
9,src/main/java/org/jabref/model/entry/field/UnknownField.java
5,src/test/java/org/jabref/model/database/KeyChangeListenerTest.java
9,src/test/java/org/jabref/logic/importer/AuthorListParserTest.java
1,src/main/java/org/jabref/gui/fieldeditors/AbstractEditorViewModel.java
7,src/main/java/org/jabref/gui/importer/actions/OpenDatabaseAction.java
4,src/test/java/org/jabref/logic/crawler/CrawlerTest.java
4,src/main/java/org/jabref/gui/openoffice/CitationEntryViewModel.java
12,src/main/java/org/jabref/model/groups/GroupTreeNode.java
4,src/main/java/org/jabref/model/database/event/BibDatabaseContextChangedEvent.java
4,src/main/java/org/jabref/gui/util/uithreadaware/UiThreadListChangeListener.java
5,src/main/java/org/jabref/model/texparser/Citation.java
4,src/main/java/org/jabref/logic/importer/fetcher/transformers/ResearchGateQueryTransformer.java
1,src/main/java/org/jabref/logic/importer/fetcher/CrossRef.java
9,src/main/java/org/jabref/logic/importer/fileformat/mods/Identifier.java
1,src/test/java/org/jabref/logic/citationkeypattern/MakeLabelWithDatabaseTest.java
6,src/main/java/org/jabref/gui/preferences/entryeditortabs/CustomEditorFieldsTabViewModel.java
4,src/test/java/org/jabref/logic/bibtex/comparator/MetaDataDiffTest.java
1,src/main/java/org/jabref/gui/externalfiles/ImportFilesResultItemViewModel.java
12,src/main/java/org/jabref/model/database/BibDatabase.java
1,src/main/java/org/jabref/logic/pdf/TextExtractor.java
4,src/main/java/org/jabref/logic/importer/fileformat/PdfContentImporter.java
6,src/main/java/org/jabref/model/openoffice/style/CitationGroupId.java
1,src/main/java/org/jabref/logic/layout/format/ReplaceUnicodeLigaturesFormatter.java
6,src/main/java/org/jabref/gui/fieldeditors/PersonsEditor.java
6,src/test/java/org/jabref/logic/formatter/casechanger/UnprotectTermsFormatterTest.java
1,src/test/java/org/jabref/gui/externalfiles/ImportHandlerTest.java
7,src/main/java/org/jabref/gui/entryeditor/EntryEditorPreferences.java
4,src/main/java/org/jabref/gui/preview/PreviewViewer.java
1,src/main/java/org/jabref/gui/libraryproperties/contentselectors/ContentSelectorViewModel.java
1,src/test/java/org/jabref/model/search/rules/GrammarBasedSearchRuleTest.java
1,src/main/java/org/jabref/logic/openoffice/style/StyleLoader.java
1,src/test/java/org/jabref/logic/cleanup/CleanupWorkerTest.java
1,src/main/java/org/jabref/logic/importer/FetcherResult.java
4,src/main/java/org/jabref/gui/dialogs/AutosaveUiManager.java
1,src/main/java/org/jabref/gui/bibtexextractor/ExtractBibtexDialog.java
9,src/test/java/org/jabref/logic/importer/fetcher/BvbFetcherTest.java
9,src/test/java/org/jabref/logic/importer/fileformat/ModsImporterFilesTest.java
12,src/main/java/org/jabref/model/entry/types/UnknownEntryType.java
4,src/test/java/org/jabref/logic/importer/fetcher/transformers/YearRangeByFilteringQueryTransformerTest.java
1,src/main/java/org/jabref/gui/util/uithreadaware/UiThreadChangeListener.java
1,src/test/java/org/jabref/gui/mergeentries/ThreeWayMergeViewModelTest.java
6,src/main/java/org/jabref/gui/collab/entrydelete/EntryDelete.java
6,src/main/java/org/jabref/logic/cleanup/MoveFieldCleanup.java
6,src/main/java/org/jabref/logic/layout/format/RemoveTilde.java
6,src/test/java/org/jabref/gui/mergeentries/FieldRowViewModelTest.java
6,src/main/java/org/jabref/logic/shared/exception/OfflineLockException.java
6,src/main/java/org/jabref/logic/cleanup/Formatter.java
1,src/main/java/org/jabref/logic/importer/fileformat/medline/Investigator.java
4,src/main/java/org/jabref/gui/groups/GroupDialogHeader.java
9,src/main/java/org/jabref/logic/util/io/CitationKeyBasedFileFinder.java
6,src/test/java/org/jabref/model/FieldChangeTest.java
12,src/main/java/org/jabref/model/entry/ParsedEntryLink.java
1,src/test/java/org/jabref/logic/texparser/DefaultTexParserTest.java
4,src/main/java/org/jabref/logic/l10n/Language.java
6,src/main/java/org/jabref/logic/net/ProxyPreferences.java
4,src/main/java/org/jabref/model/groups/AutomaticPersonsGroup.java
4,src/test/java/org/jabref/logic/exporter/ExporterTest.java
6,src/main/java/org/jabref/gui/libraryproperties/general/GeneralPropertiesViewModel.java
9,src/test/java/org/jabref/logic/cleanup/ConvertToBibtexCleanupTest.java
4,src/test/java/org/jabref/gui/externalfiles/GitIgnoreFileFilterTest.java
9,src/main/java/org/jabref/logic/layout/format/ReplaceUnicodeLigaturesFormatter.java
6,src/main/java/org/jabref/gui/actions/SimpleCommand.java
9,src/test/java/org/jabref/logic/auxparser/AuxParserTest.java
9,src/main/java/org/jabref/model/entry/IdGenerator.java
4,src/main/java/org/jabref/logic/remote/RemoteUtil.java
1,src/test/java/org/jabref/logic/remote/RemotePreferencesTest.java
6,src/main/java/org/jabref/model/database/event/EntriesAddedEvent.java
1,src/test/java/org/jabref/logic/layout/LayoutTest.java
1,src/main/java/org/jabref/gui/maintable/MainTableDataModel.java
1,src/main/java/org/jabref/gui/search/SearchResultsTableDataModel.java
6,src/test/java/org/jabref/logic/formatter/bibtexfields/ReplaceWithEscapedDoubleQuotesTest.java
1,src/test/java/org/jabref/logic/formatter/bibtexfields/ShortenDOIFormatterTest.java
4,src/main/java/org/jabref/gui/groups/GroupModeViewModel.java
1,src/main/java/org/jabref/logic/integrity/FieldChecker.java
4,src/main/java/org/jabref/logic/bibtex/FieldPreferences.java
7,src/main/java/org/jabref/gui/preferences/nameformatter/NameFormatterTab.java
6,src/main/java/org/jabref/gui/push/PushToVimSettings.java
7,src/main/java/org/jabref/gui/fieldeditors/identifier/IdentifierEditor.java
6,src/main/java/org/jabref/model/search/SearchMatcher.java
4,src/main/java/org/jabref/logic/bibtex/comparator/GroupDiff.java
4,src/main/java/org/jabref/model/groups/AbstractGroup.java
9,src/main/java/org/jabref/logic/layout/format/RemoveBrackets.java
4,src/main/java/org/jabref/gui/fieldeditors/OptionEditorViewModel.java
6,src/main/java/org/jabref/gui/libraryproperties/PropertiesTab.java
9,src/main/java/org/jabref/model/entry/AuthorList.java
12,src/main/java/org/jabref/model/study/Study.java
9,src/main/java/org/jabref/logic/layout/format/Iso690NamesAuthors.java
1,buildSrc/src/copied/java/org/jabref/logic/journals/JournalAbbreviationPreferences.java
1,src/test/java/org/jabref/logic/importer/fetcher/LibraryOfCongressTest.java
6,src/test/java/org/jabref/logic/layout/format/AuthorFirstAbbrLastCommasTest.java
1,src/test/java/org/jabref/logic/bst/BstVMVisitorTest.java
9,src/main/java/org/jabref/logic/logging/LogMessages.java
7,src/main/java/org/jabref/gui/mergeentries/newmergedialog/fieldsmerger/KeywordMerger.java
4,src/main/java/org/jabref/gui/errorconsole/LogEventViewModel.java
9,src/test/java/org/jabref/logic/bst/BstFunctionsTest.java
7,src/main/java/org/jabref/gui/externalfiletype/UnknownExternalFileType.java
12,src/main/java/org/jabref/model/openoffice/uno/UnoReferenceMark.java
1,src/main/java/org/jabref/gui/collab/DatabaseChangeResolver.java
1,src/main/java/org/jabref/model/openoffice/CitationEntry.java
6,src/test/java/org/jabref/logic/cleanup/MoveFilesCleanupTest.java
1,src/main/java/org/jabref/gui/icon/IconTheme.java
4,src/test/java/org/jabref/logic/bibtex/comparator/PreambleDiffTest.java
6,src/main/java/org/jabref/gui/preferences/groups/GroupsTab.java
1,src/main/java/org/jabref/logic/layout/format/FormatPagesForHTML.java
6,src/main/java/org/jabref/gui/edit/automaticfiededitor/renamefield/RenameFieldTabView.java
1,src/main/java/org/jabref/logic/openoffice/action/EditMerge.java
6,src/main/java/org/jabref/logic/journals/JournalAbbreviationPreferences.java
5,src/main/java/org/jabref/model/paging/Page.java
1,src/main/java/org/jabref/model/groups/WordKeywordGroup.java
6,src/test/java/org/jabref/logic/importer/OpenDatabaseTest.java
6,src/main/java/org/jabref/model/openoffice/util/OOResult.java
4,src/main/java/org/jabref/gui/openoffice/Bootstrap.java
5,src/main/java/org/jabref/model/entry/field/StandardField.java
6,src/main/java/org/jabref/logic/bibtex/comparator/BibtexStringComparator.java
6,src/test/java/org/jabref/logic/bst/BstPreviewLayoutTest.java
6,src/main/java/org/jabref/logic/integrity/HowPublishedChecker.java
9,src/main/java/org/jabref/model/entry/field/AMSField.java
4,src/main/java/org/jabref/logic/integrity/AbbreviationChecker.java
4,src/main/java/org/jabref/logic/util/io/FileNameCleaner.java
12,src/main/java/org/jabref/model/database/event/BibDatabaseContextChangedEvent.java
7,src/main/java/org/jabref/gui/externalfiletype/ExternalFileTypes.java
5,src/main/java/org/jabref/model/entry/identifier/ArXivIdentifier.java
1,src/test/java/org/jabref/logic/bibtex/FileFieldWriterTest.java
6,src/main/java/org/jabref/gui/mergeentries/DiffMode.java
1,src/main/java/org/jabref/gui/groups/GroupNodeViewModel.java
4,src/test/java/org/jabref/logic/importer/ImporterTest.java
7,src/main/java/org/jabref/gui/desktop/os/NativeDesktop.java
1,src/main/java/org/jabref/gui/fieldeditors/SimpleEditorViewModel.java
6,src/main/java/org/jabref/gui/preferences/table/TableTabViewModel.java
12,src/main/java/org/jabref/model/openoffice/uno/UnoUserDefinedProperty.java
6,src/main/java/org/jabref/logic/cleanup/FieldFormatterCleanups.java
1,src/main/java/org/jabref/model/entry/CanonicalBibEntry.java
1,src/test/java/org/jabref/logic/formatter/bibtexfields/ClearFormatterTest.java
7,src/main/java/org/jabref/gui/copyfiles/CopySingleFileAction.java
4,src/main/java/org/jabref/gui/actions/StandardActions.java
9,src/test/java/org/jabref/logic/layout/format/AuthorLastFirstTest.java
4,src/main/java/org/jabref/logic/util/UpdateField.java
4,src/main/java/org/jabref/gui/util/CustomTitledPaneSkin.java
4,src/main/java/org/jabref/logic/bibtex/FieldContentFormatter.java
5,src/main/java/org/jabref/model/groups/WordKeywordGroup.java
1,src/main/java/org/jabref/logic/exporter/BibWriter.java
1,src/main/java/org/jabref/logic/openoffice/OpenOfficePreferences.java
7,src/test/java/org/jabref/gui/mergeentries/DiffHighlightingTest.java
6,src/main/java/org/jabref/gui/fieldeditors/PaginationEditorViewModel.java
1,src/test/java/org/jabref/logic/shared/DBMSTypeTest.java
4,src/main/java/org/jabref/gui/sidepane/SidePaneViewModel.java
6,src/main/java/org/jabref/logic/cleanup/FieldFormatterCleanup.java
4,src/test/java/org/jabref/logic/database/DuplicateCheckTest.java
9,src/test/java/org/jabref/logic/importer/fetcher/GrobidCitationFetcherTest.java
1,src/main/java/org/jabref/logic/formatter/bibtexfields/RemoveDigitsFormatter.java
6,src/main/java/org/jabref/gui/groups/MoveGroupChange.java
5,src/main/java/org/jabref/model/study/FetchResult.java
6,src/main/java/org/jabref/gui/collab/stringadd/BibTexStringAddDetailsView.java
4,src/main/java/org/jabref/gui/collab/metedatachange/MetadataChange.java
4,src/main/java/org/jabref/logic/exporter/BlankLineBehaviour.java
4,src/test/java/org/jabref/logic/layout/format/AuthorAndsReplacerTest.java
1,src/main/java/org/jabref/gui/fieldeditors/UrlEditor.java
9,src/main/java/org/jabref/logic/net/ssl/TrustStoreManager.java
6,src/main/java/org/jabref/model/groups/AutomaticPersonsGroup.java
7,src/main/java/org/jabref/gui/sidepane/GroupsSidePaneComponent.java
7,src/main/java/org/jabref/gui/mergeentries/newmergedialog/GroupDiffMode.java
1,src/main/java/org/jabref/logic/importer/EntryBasedParserFetcher.java
6,src/main/java/org/jabref/model/openoffice/ootext/OOTextIntoOO.java
1,src/main/java/org/jabref/gui/exporter/CreateModifyExporterDialogView.java
1,src/main/java/org/jabref/gui/util/RadioButtonCell.java
4,src/main/java/org/jabref/gui/collab/entrychange/EntryChangeDetailsView.java
4,src/test/java/org/jabref/logic/importer/fetcher/transformers/IEEEQueryTransformerTest.java
12,src/main/java/org/jabref/model/openoffice/style/CitationMarkerNumericBibEntry.java
6,src/main/java/org/jabref/logic/layout/Layout.java
7,src/main/java/org/jabref/gui/collab/stringdelete/BibTexStringDeleteDetailsView.java
12,src/main/java/org/jabref/model/entry/field/SpecialField.java
5,src/main/java/org/jabref/model/groups/TexGroup.java
7,src/main/java/org/jabref/gui/push/PushToWinEdt.java
7,src/main/java/org/jabref/gui/push/PushToApplicationSettings.java
4,src/main/java/org/jabref/gui/groups/GroupDescriptions.java
5,src/main/java/org/jabref/model/openoffice/style/CitationGroups.java
4,src/main/java/org/jabref/logic/bst/util/BstWidthCalculator.java
4,src/test/java/org/jabref/logic/bibtex/comparator/BibtexStringComparatorTest.java
6,src/main/java/org/jabref/gui/MainApplication.java
1,src/main/java/org/jabref/logic/importer/fetcher/CollectionOfComputerScienceBibliographiesFetcher.java
6,src/main/java/org/jabref/gui/edit/ManageKeywordsAction.java
6,src/main/java/org/jabref/gui/fieldeditors/LinkedEntriesEditorViewModel.java
9,src/test/java/org/jabref/logic/importer/fetcher/AbstractIsbnFetcherTest.java
7,src/main/java/org/jabref/gui/linkedfile/LinkedFilesEditDialogViewModel.java
4,src/main/java/org/jabref/model/entry/field/SpecialFieldValue.java
1,src/test/java/org/jabref/model/entry/IdGeneratorTest.java
4,src/main/java/org/jabref/gui/EntryTypeView.java
9,src/main/java/org/jabref/logic/integrity/DateChecker.java
4,src/test/java/org/jabref/logic/layout/format/RisKeywordsTest.java
1,src/main/java/org/jabref/gui/fieldeditors/TextInputControlBehavior.java
9,src/test/java/org/jabref/logic/importer/fileformat/PdfContentImporterFilesTest.java
1,src/main/java/org/jabref/gui/fieldeditors/FieldEditorFX.java
4,src/main/java/org/jabref/gui/exporter/CreateModifyExporterDialogView.java
4,src/main/java/org/jabref/logic/layout/format/CreateDocBook4Editors.java
6,src/main/java/org/jabref/logic/layout/LayoutFormatterPreferences.java
7,src/main/java/org/jabref/gui/fieldeditors/FieldNameLabel.java
9,src/main/java/org/jabref/logic/importer/fetcher/BiodiversityLibrary.java
4,src/main/java/org/jabref/logic/cleanup/FieldFormatterCleanups.java
6,src/main/java/org/jabref/logic/pdf/search/indexing/PdfIndexer.java
1,src/main/java/org/jabref/logic/util/io/FileFinder.java
4,src/main/java/org/jabref/model/search/rules/FullTextSearchRule.java
1,src/test/java/org/jabref/model/search/rules/ContainsBasedSearchRuleTest.java
7,src/main/java/org/jabref/gui/preferences/PreferencesDialogView.java
6,src/main/java/org/jabref/logic/layout/format/Iso690FormatDate.java
4,src/main/java/org/jabref/gui/fieldeditors/UrlEditorViewModel.java
1,src/main/java/org/jabref/gui/theme/ThemeManager.java
9,src/test/java/org/jabref/logic/integrity/AbbreviationCheckerTest.java
5,src/main/java/org/jabref/model/openoffice/uno/UnoScreenRefresh.java
5,src/test/java/org/jabref/model/entry/CanonicalBibEntryTest.java
6,src/main/java/org/jabref/model/database/BibDatabaseContext.java
6,src/main/java/org/jabref/gui/mergeentries/newmergedialog/FieldRowView.java
6,src/main/java/org/jabref/gui/collab/entrychange/EntryChange.java
1,src/main/java/org/jabref/gui/push/PushToTexmaker.java
1,src/main/java/org/jabref/logic/importer/fetcher/Medra.java
12,src/test/java/org/jabref/model/groups/SearchGroupTest.java
12,src/main/java/org/jabref/model/study/FetchResult.java
4,src/main/java/org/jabref/logic/util/OS.java
9,src/main/java/org/jabref/logic/pdf/search/retrieval/PdfSearcher.java
1,src/main/java/org/jabref/logic/bibtex/FieldContentFormatter.java
9,src/main/java/org/jabref/model/groups/AbstractGroup.java
6,src/main/java/org/jabref/gui/util/ViewModelTreeTableCellFactory.java
1,src/test/java/org/jabref/logic/cleanup/ConvertToBiblatexCleanupTest.java
1,src/test/java/org/jabref/logic/importer/fetcher/BiodiversityLibraryTest.java
1,src/main/java/org/jabref/logic/cleanup/RelativePathsCleanup.java
1,src/main/java/org/jabref/logic/importer/fetcher/transformers/ScholarQueryTransformer.java
4,src/test/java/org/jabref/logic/importer/fetcher/transformers/SuffixTransformerTest.java
6,src/main/java/org/jabref/gui/externalfiles/UnlinkedFilesDialogView.java
7,src/main/java/org/jabref/gui/fieldeditors/DateEditor.java
1,src/main/java/org/jabref/logic/importer/fileformat/InspecImporter.java
7,src/main/java/org/jabref/gui/theme/Theme.java
9,src/test/java/org/jabref/logic/importer/WebFetchersTest.java
4,src/test/java/org/jabref/logic/net/MimeTypeDetectorTest.java
6,src/main/java/org/jabref/model/entry/Date.java
4,src/main/java/org/jabref/gui/openoffice/OOBibBase.java
7,src/main/java/org/jabref/gui/preferences/journals/AbbreviationViewModel.java
1,src/main/java/org/jabref/gui/icon/JabRefMaterialDesignIcon.java
6,src/test/java/org/jabref/model/search/rules/SentenceAnalyzerTest.java
6,src/main/java/org/jabref/gui/push/PushToTeXstudio.java
9,src/main/java/org/jabref/logic/integrity/MonthChecker.java
6,src/test/java/org/jabref/gui/keyboard/KeyBindingsTabModelTest.java
1,src/main/java/org/jabref/logic/layout/format/DOIStrip.java
4,src/main/java/org/jabref/logic/importer/IdBasedParserFetcher.java
4,src/main/java/org/jabref/logic/texparser/LatexParser.java
6,src/main/java/org/jabref/gui/libraryproperties/constants/ConstantsPropertiesViewModel.java
6,src/main/java/org/jabref/logic/util/UpdateField.java
6,src/test/java/org/jabref/logic/formatter/bibtexfields/NormalizePagesFormatterTest.java
6,src/main/java/org/jabref/logic/layout/format/AuthorLF_FFAbbr.java
9,src/test/java/org/jabref/logic/search/DatabaseSearcherTest.java
1,src/test/java/org/jabref/logic/xmp/XmpUtilWriterTest.java
1,src/main/java/org/jabref/model/openoffice/uno/UnoScreenRefresh.java
4,src/main/java/org/jabref/logic/bst/BstFunctions.java
12,src/test/java/org/jabref/model/search/matchers/MatcherSetsTest.java
1,src/main/java/org/jabref/logic/cleanup/RenamePdfCleanup.java
4,src/main/java/org/jabref/logic/importer/fetcher/transformers/AbstractQueryTransformer.java
4,src/main/java/org/jabref/logic/importer/fileformat/PdfGrobidImporter.java
4,src/test/java/org/jabref/logic/integrity/UTF8CheckerTest.java
7,src/main/java/org/jabref/gui/fieldeditors/LinkedFileViewModel.java
4,src/main/java/org/jabref/logic/importer/fetcher/isbntobibtex/DoiToBibtexConverterComIsbnFetcher.java
7,src/test/java/org/jabref/gui/UpdateTimestampListenerTest.java
6,src/main/java/org/jabref/gui/libraryproperties/contentselectors/ContentSelectorView.java
6,src/test/java/org/jabref/gui/edit/CopyMoreActionTest.java
6,src/main/java/org/jabref/model/groups/KeywordGroup.java
6,src/test/java/org/jabref/logic/importer/fetcher/transformers/ZbMathQueryTransformerTest.java
6,src/main/java/org/jabref/gui/collab/stringrename/BibTexStringRenameDetailsView.java
2,src/main/java/org/jabref/cli/AuxCommandLine.java
6,src/main/java/org/jabref/logic/importer/fetcher/LibraryOfCongress.java
1,src/test/java/org/jabref/logic/bibtex/comparator/EntryComparatorTest.java
9,src/main/java/org/jabref/logic/layout/format/CreateDocBook5Authors.java
1,src/main/java/org/jabref/logic/layout/format/AuthorLastFirstAbbrCommas.java
1,src/main/java/org/jabref/model/openoffice/style/CitationMarkerEntry.java
12,src/main/java/org/jabref/model/groups/KeywordGroup.java
4,src/main/java/org/jabref/gui/maintable/columns/LibraryColumn.java
7,src/main/java/org/jabref/gui/push/PushToEmacs.java
4,src/main/java/org/jabref/logic/integrity/BracketChecker.java
1,src/main/java/org/jabref/gui/edit/automaticfiededitor/AutomaticFieldEditorAction.java
1,src/test/java/org/jabref/model/database/BibDatabaseModeDetectionTest.java
1,src/main/java/org/jabref/logic/pdf/AnnotationImporter.java
6,src/main/java/org/jabref/gui/JabRefFrame.java
4,src/test/java/org/jabref/logic/integrity/DateCheckerTest.java
9,src/main/java/org/jabref/logic/importer/util/FileFieldParser.java
1,src/test/java/org/jabref/logic/layout/format/IfPluralTest.java
1,src/test/java/org/jabref/logic/layout/format/AuthorLastFirstOxfordCommasTest.java
6,src/main/java/org/jabref/gui/mergeentries/newmergedialog/fieldsmerger/KeywordMerger.java
7,src/test/java/org/jabref/gui/groups/GroupDialogViewModelTest.java
6,src/main/java/org/jabref/gui/mergeentries/newmergedialog/diffhighlighter/DiffHighlighter.java
9,src/main/java/org/jabref/logic/JabRefException.java
9,src/main/java/org/jabref/logic/importer/fetcher/transformers/AbstractQueryTransformer.java
4,src/main/java/org/jabref/logic/groups/DefaultGroupsFactory.java
5,src/main/java/org/jabref/model/openoffice/ootext/OOTextIntoOO.java
4,src/main/java/org/jabref/gui/duplicationFinder/DuplicateSearch.java
12,src/test/java/org/jabref/model/database/KeyChangeListenerTest.java
6,src/main/java/org/jabref/logic/util/strings/HTMLUnicodeConversionMaps.java
9,src/test/java/org/jabref/logic/importer/fetcher/GvkFetcherTest.java
4,src/main/java/org/jabref/gui/externalfiles/ExternalFilesEntryLinker.java
9,src/test/java/org/jabref/logic/crawler/StudyDatabaseToFetcherConverterTest.java
12,src/main/java/org/jabref/model/entry/EntryLinkList.java
1,src/main/java/org/jabref/logic/layout/format/AuthorLastFirstAbbreviator.java
4,src/main/java/org/jabref/logic/net/URLDownload.java
5,src/main/java/org/jabref/model/util/ListUtil.java
9,src/main/java/org/jabref/logic/layout/Layout.java
9,src/main/java/org/jabref/logic/citationkeypattern/GlobalCitationKeyPattern.java
4,src/test/java/org/jabref/logic/bibtex/comparator/GroupDiffTest.java
6,src/main/java/org/jabref/gui/util/component/DiffHighlightingTextPane.java
9,src/main/java/org/jabref/logic/exporter/ModsExporter.java
6,src/test/java/org/jabref/logic/importer/fileformat/CitaviXmlImporterTest.java
4,src/main/java/org/jabref/gui/edit/automaticfiededitor/MoveFieldValueAction.java
6,src/main/java/org/jabref/gui/mergeentries/newmergedialog/ThreeWayMergeViewModel.java
1,src/main/java/org/jabref/model/metadata/SaveOrder.java
1,src/main/java/org/jabref/logic/formatter/bibtexfields/ClearFormatter.java
4,src/main/java/org/jabref/gui/externalfiles/GitIgnoreFileFilter.java
12,src/main/java/org/jabref/model/entry/types/BiblatexApaEntryType.java
7,src/main/java/org/jabref/gui/mergeentries/newmergedialog/fieldsmerger/CommentMerger.java
4,src/main/java/org/jabref/model/TreeNode.java
6,src/main/java/org/jabref/gui/autocompleter/WordSuggestionProvider.java
9,src/test/java/org/jabref/model/entry/identifier/ISBNTest.java
1,src/main/java/org/jabref/gui/collab/stringadd/BibTexStringAdd.java
9,src/test/java/org/jabref/logic/bst/util/BstPurifierTest.java
4,src/main/java/org/jabref/model/search/GroupSearchQuery.java
9,src/main/java/org/jabref/logic/integrity/CitationKeyDuplicationChecker.java
4,src/main/java/org/jabref/gui/fieldeditors/SimpleEditor.java
4,src/main/java/org/jabref/gui/edit/CopyDoiUrlAction.java
1,src/main/java/org/jabref/gui/maintable/columns/LinkedIdentifierColumn.java
6,src/main/java/org/jabref/model/openoffice/rangesort/RangeSort.java
4,src/test/java/org/jabref/logic/importer/fileformat/PdfMergeMetadataImporterTest.java
12,src/main/java/org/jabref/model/openoffice/uno/UnoScreenRefresh.java
9,src/main/java/org/jabref/model/entry/event/EntriesEventSource.java
4,src/main/java/org/jabref/gui/push/PushToApplicationCommand.java
6,src/test/java/org/jabref/model/entry/EntryLinkListTest.java
4,src/test/java/org/jabref/model/database/BibDatabaseModeDetectionTest.java
12,src/main/java/org/jabref/model/openoffice/uno/UnoTextSection.java
9,src/main/java/org/jabref/model/entry/identifier/ARK.java
4,src/main/java/org/jabref/gui/help/AboutDialogView.java
1,src/main/java/org/jabref/logic/layout/format/AuthorLF_FF.java
6,src/main/java/org/jabref/logic/layout/format/WrapContent.java
1,src/main/java/org/jabref/gui/menus/ChangeEntryTypeMenu.java
9,src/test/java/org/jabref/logic/layout/format/RemoveTildeTest.java
9,src/main/java/org/jabref/logic/citationkeypattern/BracketedPattern.java
7,src/main/java/org/jabref/gui/menus/ChangeEntryTypeMenu.java
6,src/main/java/org/jabref/logic/bst/BstEntry.java
6,src/main/java/org/jabref/logic/exporter/MetaDataSerializer.java
4,src/main/java/org/jabref/logic/integrity/ValidCitationKeyChecker.java
6,src/main/java/org/jabref/model/openoffice/rangesort/RangeOverlapBetween.java
6,src/test/java/org/jabref/logic/importer/fetcher/transformers/YearAndYearRangeByFilteringQueryTransformerTest.java
7,src/main/java/org/jabref/gui/errorconsole/LogEventViewModel.java
4,src/test/java/org/jabref/logic/cleanup/MoveFilesCleanupTest.java
1,src/main/java/org/jabref/gui/externalfiles/AutoLinkFilesAction.java
4,src/main/java/org/jabref/logic/l10n/LocalizationKeyParams.java
6,src/main/java/org/jabref/logic/undo/AddUndoableActionEvent.java
9,src/test/java/org/jabref/logic/TypedBibEntryTest.java
9,src/main/java/org/jabref/logic/net/ProxyAuthenticator.java
6,src/main/java/org/jabref/logic/importer/util/MediaTypes.java
9,src/main/java/org/jabref/logic/remote/server/RemoteListenerServer.java
9,src/test/java/org/jabref/model/paging/PageTest.java
6,src/test/java/org/jabref/logic/protectedterms/ProtectedTermsLoaderTest.java
4,src/test/java/org/jabref/model/search/rules/ContainsBasedSearchRuleTest.java
7,src/main/java/org/jabref/gui/groups/GroupTreeView.java
9,src/test/java/org/jabref/logic/bst/util/BstTextPrefixerTest.java
4,src/main/java/org/jabref/logic/l10n/Localization.java
5,src/main/java/org/jabref/model/entry/field/BiblatexApaField.java
6,src/main/java/org/jabref/logic/importer/OutputPrinter.java
5,src/main/java/org/jabref/model/openoffice/uno/UnoCursor.java
6,src/main/java/org/jabref/model/entry/SharedBibEntryData.java
6,src/main/java/org/jabref/logic/importer/fileformat/CoinsParser.java
1,src/main/java/org/jabref/logic/bibtex/comparator/BibStringDiff.java
6,src/main/java/org/jabref/gui/preferences/externalfiletypes/EditExternalFileTypeEntryDialog.java
1,src/main/java/org/jabref/gui/fieldeditors/contextmenu/ProtectedTermsMenu.java
4,src/main/java/org/jabref/model/openoffice/rangesort/RangeSortEntry.java
4,src/main/java/org/jabref/gui/mergeentries/newmergedialog/fieldsmerger/CommentMerger.java
6,src/main/java/org/jabref/gui/externalfiletype/StandardExternalFileType.java
7,src/main/java/org/jabref/gui/externalfiles/ExternalFileSorter.java
4,src/main/java/org/jabref/gui/maintable/columns/LinkedIdentifierColumn.java
4,src/main/java/org/jabref/gui/exporter/SaveAllAction.java
9,src/main/java/org/jabref/logic/externalfiles/LinkedFileHandler.java
1,src/main/java/org/jabref/logic/formatter/bibtexfields/HtmlToUnicodeFormatter.java
4,src/main/java/org/jabref/gui/mergeentries/newmergedialog/ThreeWayMergeHeaderView.java
12,src/test/java/org/jabref/model/search/rules/SentenceAnalyzerTest.java
1,src/main/java/org/jabref/logic/openoffice/frontend/RangeForOverlapCheck.java
6,src/main/java/org/jabref/gui/search/GlobalSearchResultDialog.java
9,src/main/java/org/jabref/logic/importer/fileformat/PicaXmlParser.java
1,src/main/java/org/jabref/logic/importer/fetcher/BiodiversityLibrary.java
4,src/main/java/org/jabref/logic/net/ssl/TrustStoreManager.java
6,src/test/java/org/jabref/logic/l10n/EncodingsTest.java
12,src/main/java/org/jabref/model/database/event/EntriesRemovedEvent.java
4,buildSrc/src/copied/java/org/jabref/logic/journals/AbbreviationFormat.java
6,src/main/java/org/jabref/logic/openoffice/frontend/OOFrontend.java
1,src/main/java/org/jabref/logic/importer/fileformat/MedlineImporter.java
1,src/main/java/org/jabref/gui/errorconsole/ErrorConsoleView.java
6,src/main/java/org/jabref/logic/layout/format/Default.java
4,src/main/java/org/jabref/gui/fieldeditors/CitationKeyEditor.java
6,src/main/java/org/jabref/logic/undo/UndoRedoEvent.java
9,src/main/java/org/jabref/model/openoffice/uno/UnoNamed.java
5,src/main/java/org/jabref/model/entry/identifier/ISSN.java
6,src/main/java/org/jabref/logic/util/MetadataSerializationConfiguration.java
6,src/test/java/org/jabref/logic/importer/fileformat/MedlineImporterFilesTest.java
1,src/main/java/org/jabref/gui/libraryproperties/general/GeneralPropertiesViewModel.java
1,src/test/java/org/jabref/model/TreeNodeTest.java
5,src/main/java/org/jabref/model/entry/types/EntryType.java
1,src/main/java/org/jabref/gui/undo/UndoableStringChange.java
7,src/main/java/org/jabref/gui/importer/ImportCommand.java
9,src/main/java/org/jabref/logic/bibtex/InvalidFieldValueException.java
1,src/main/java/org/jabref/gui/bibtexextractor/BibtexExtractor.java
6,src/test/java/org/jabref/model/entry/identifier/ArXivIdentifierTest.java
4,src/main/java/org/jabref/logic/util/BuildInfo.java
4,src/main/java/org/jabref/gui/DragAndDropDataFormats.java
4,src/main/java/org/jabref/logic/bst/BstEntry.java
9,src/main/java/org/jabref/logic/layout/format/Iso690FormatDate.java
1,src/main/java/org/jabref/logic/shared/listener/PostgresSQLNotificationListener.java
9,src/main/java/org/jabref/logic/util/strings/RtfCharMap.java
9,src/test/java/org/jabref/logic/layout/LayoutHelperTest.java
6,buildSrc/src/copied/java/org/jabref/logic/journals/Abbreviation.java
4,src/test/java/org/jabref/logic/integrity/ValidCitationKeyCheckerTest.java
6,src/main/java/org/jabref/gui/help/AboutAction.java
4,src/main/java/org/jabref/logic/importer/fileformat/medline/ArticleId.java
4,src/test/java/org/jabref/logic/importer/fileformat/PdfVerbatimBibTextImporterTest.java
4,src/test/java/org/jabref/logic/l10n/LocalizationEntry.java
4,src/main/java/org/jabref/logic/util/StandardFileType.java
4,src/main/java/org/jabref/logic/bibtex/comparator/BibtexStringComparator.java
4,src/main/java/org/jabref/logic/importer/FulltextFetchers.java
6,src/test/java/org/jabref/gui/autocompleter/BibEntrySuggestionProviderTest.java
6,src/main/java/org/jabref/logic/journals/Abbreviation.java
4,src/test/java/org/jabref/logic/layout/format/AuthorOrgSciTest.java
4,src/test/java/org/jabref/logic/util/ExternalLinkCreatorTest.java
7,src/main/java/org/jabref/gui/auximport/NewSubLibraryAction.java
5,src/main/java/org/jabref/model/openoffice/style/CitationLookupResult.java
6,src/main/java/org/jabref/logic/layout/format/RemoveLatexCommandsFormatter.java
6,src/main/java/org/jabref/logic/layout/format/LatexToUnicodeFormatter.java
12,src/main/java/org/jabref/model/groups/AutomaticGroup.java
6,src/main/java/org/jabref/gui/maintable/OpenExternalFileAction.java
4,src/main/java/org/jabref/logic/integrity/UTF8Checker.java
1,src/main/java/org/jabref/logic/formatter/bibtexfields/NormalizeNamesFormatter.java
5,src/main/java/org/jabref/model/entry/BibtexString.java
4,src/main/java/org/jabref/gui/DefaultInjector.java
1,src/main/java/org/jabref/gui/entryeditor/LatexCitationsTab.java
9,src/main/java/org/jabref/logic/importer/fetcher/INSPIREFetcher.java
1,src/main/java/org/jabref/logic/auxparser/DefaultAuxParser.java
6,src/main/java/org/jabref/gui/exporter/ExportToClipboardAction.java
7,src/main/java/org/jabref/gui/auximport/FromAuxDialog.java
9,src/test/java/org/jabref/model/groups/GroupTreeNodeTest.java
1,src/main/java/org/jabref/logic/layout/format/Number.java
4,src/main/java/org/jabref/gui/actions/JabRefAction.java
1,src/main/java/org/jabref/model/entry/types/UnknownEntryType.java
4,src/test/java/org/jabref/logic/importer/fetcher/DBLPFetcherTest.java
4,src/test/java/org/jabref/gui/edit/ManageKeywordsViewModelTest.java
9,src/test/java/org/jabref/logic/importer/ImportFormatReaderIntegrationTest.java
9,src/main/java/org/jabref/logic/shared/listener/PostgresSQLNotificationListener.java
12,src/main/java/org/jabref/model/openoffice/style/CitationType.java
9,src/main/java/org/jabref/model/openoffice/rangesort/RangeOverlapWithin.java
1,src/test/java/org/jabref/logic/importer/util/FileFieldParserTest.java
9,src/main/java/org/jabref/logic/openoffice/action/EditSeparate.java
6,src/test/java/org/jabref/logic/util/strings/StringSimilarityTest.java
4,src/main/java/org/jabref/gui/collab/stringchange/BibTexStringChange.java
4,src/main/java/org/jabref/gui/autocompleter/JournalsSuggestionProvider.java
1,src/main/java/org/jabref/logic/importer/fetcher/transformers/DefaultQueryTransformer.java
6,src/main/java/org/jabref/logic/bibtex/FieldPreferences.java
7,src/main/java/org/jabref/gui/mergeentries/DiffMode.java
1,src/main/java/org/jabref/logic/util/strings/StringLengthComparator.java
7,src/main/java/org/jabref/gui/externalfiles/FileFilterUtils.java
6,src/main/java/org/jabref/logic/shared/security/Password.java
1,src/test/java/org/jabref/logic/importer/fetcher/ArXivFetcherTest.java
6,src/main/java/org/jabref/gui/entryeditor/OptionalFields2Tab.java
4,src/test/java/org/jabref/logic/xmp/XmpUtilWriterTest.java
1,src/main/java/org/jabref/model/groups/GroupEntryChanger.java
4,src/test/java/org/jabref/logic/integrity/PersonNamesCheckerTest.java
9,src/test/java/org/jabref/logic/integrity/IntegrityCheckTest.java
9,src/main/java/org/jabref/logic/importer/FulltextFetcher.java
9,src/test/java/org/jabref/logic/bibtex/FieldContentFormatterTest.java
6,src/test/java/org/jabref/gui/groups/GroupDialogViewModelTest.java
6,src/main/java/org/jabref/gui/auximport/AuxParserResultViewModel.java
1,src/test/java/org/jabref/logic/layout/format/DOICheckTest.java
1,src/main/java/org/jabref/model/search/GroupSearchQuery.java
1,src/main/java/org/jabref/logic/integrity/EntryChecker.java
1,src/main/java/org/jabref/logic/remote/server/RemoteListenerServerThread.java
1,src/main/java/org/jabref/logic/importer/fetcher/transformers/YearRangeByFilteringQueryTransformer.java
9,src/main/java/org/jabref/logic/util/strings/StringManipulator.java
12,src/main/java/org/jabref/model/database/BibDatabases.java
4,src/main/java/org/jabref/logic/bst/BstPreviewLayout.java
4,src/main/java/org/jabref/model/openoffice/uno/UnoTextSection.java
1,src/main/java/org/jabref/gui/documentviewer/PageDimension.java
4,src/main/java/org/jabref/gui/mergeentries/newmergedialog/fieldsmerger/FieldMergerFactory.java
1,src/main/java/org/jabref/gui/mergeentries/newmergedialog/cell/FieldValueCell.java
6,src/test/java/org/jabref/model/database/BibDatabaseModeDetectionTest.java
4,src/test/java/org/jabref/logic/importer/ImportFormatReaderParameterlessTest.java
6,src/main/java/org/jabref/gui/entryeditor/OpenEntryEditorAction.java
4,src/main/java/org/jabref/model/strings/UnicodeToReadableCharMap.java
6,src/main/java/org/jabref/logic/layout/format/DOIStrip.java
1,src/test/java/org/jabref/logic/importer/fetcher/IEEETest.java
7,src/main/java/org/jabref/gui/copyfiles/CopyFilesAction.java
9,src/test/java/org/jabref/logic/layout/format/AuthorLastFirstAbbrCommasTest.java
1,src/test/java/org/jabref/logic/integrity/ASCIICharacterCheckerTest.java
1,src/main/java/org/jabref/gui/BasePanelMode.java
6,src/main/java/org/jabref/gui/integrity/IntegrityCheckDialogViewModel.java
6,src/main/java/org/jabref/logic/exporter/ExporterFactory.java
7,src/main/java/org/jabref/gui/desktop/os/Windows.java
1,src/main/java/org/jabref/gui/search/GlobalSearchResultDialog.java
1,src/main/java/org/jabref/gui/fieldeditors/identifier/EprintIdentifierEditorViewModel.java
1,src/main/java/org/jabref/logic/openoffice/backend/NamedRangeReferenceMark.java
6,src/main/java/org/jabref/logic/protectedterms/ProtectedTermsLoader.java
1,src/test/java/org/jabref/model/entry/field/StandardFieldTest.java
9,src/test/java/org/jabref/model/entry/KeywordListTest.java
6,src/main/java/org/jabref/gui/journals/AbbreviationType.java
5,src/main/java/org/jabref/model/entry/field/InternalField.java
1,src/main/java/org/jabref/logic/importer/Parser.java
1,src/test/java/org/jabref/logic/formatter/bibtexfields/NormalizeDateFormatterTest.java
4,src/test/java/org/jabref/model/search/rules/MockSearchMatcher.java
9,src/main/java/org/jabref/logic/layout/format/LastPage.java
6,src/test/java/org/jabref/logic/layout/LayoutHelperTest.java
4,src/main/java/org/jabref/logic/undo/AddUndoableActionEvent.java
6,src/main/java/org/jabref/gui/openoffice/ManageCitationsDialogViewModel.java
7,src/main/java/org/jabref/gui/fieldeditors/ContextMenuAddable.java
9,src/main/java/org/jabref/logic/shared/DBMSSynchronizer.java
1,src/test/java/org/jabref/logic/importer/fetcher/isbntobibtex/OpenLibraryIsbnFetcherTest.java
4,src/test/java/org/jabref/logic/layout/format/AuthorLastFirstTest.java
4,src/test/java/org/jabref/model/event/EventListenerTest.java
7,src/main/java/org/jabref/gui/util/OnlyIntegerFormatter.java
7,src/main/java/org/jabref/gui/preferences/customimporter/CustomImporterTab.java
6,src/main/java/org/jabref/logic/importer/fetcher/MrDLibFetcher.java
4,src/main/java/org/jabref/model/entry/KeywordList.java
4,src/main/java/org/jabref/model/entry/field/FieldFactory.java
1,src/main/java/org/jabref/model/search/rules/GrammarBasedSearchRule.java
4,src/main/java/org/jabref/logic/integrity/EntryLinkChecker.java
1,src/main/java/org/jabref/gui/sidepane/SidePaneContentFactory.java
9,src/main/java/org/jabref/model/entry/types/BiblatexEntryTypeDefinitions.java
6,src/test/java/org/jabref/model/entry/AuthorTest.java
1,src/main/java/org/jabref/logic/importer/IdFetcher.java
4,src/main/java/org/jabref/model/database/BibDatabases.java
7,src/main/java/org/jabref/gui/autocompleter/ContentSelectorSuggestionProvider.java
1,src/main/java/org/jabref/gui/importer/ParserResultWarningDialog.java
4,src/main/java/org/jabref/logic/util/BackupFileType.java
9,src/main/java/org/jabref/model/entry/BibEntry.java
7,src/main/java/org/jabref/gui/autocompleter/PersonNameSuggestionProvider.java
6,src/test/java/org/jabref/logic/importer/fileformat/CopacImporterFilesTest.java
1,src/main/java/org/jabref/logic/importer/fetcher/MedlineFetcher.java
4,src/main/java/org/jabref/gui/edit/automaticfiededitor/AbstractAutomaticFieldEditorTabView.java
7,src/main/java/org/jabref/gui/JabRefFrame.java
6,src/main/java/org/jabref/logic/layout/format/NameFormatter.java
4,src/main/java/org/jabref/gui/exporter/ExportToClipboardAction.java
9,src/test/java/org/jabref/logic/importer/fetcher/LibraryOfCongressTest.java
7,src/main/java/org/jabref/gui/push/PushToApplication.java
6,src/test/java/org/jabref/logic/xmp/XmpUtilWriterTest.java
1,src/main/java/org/jabref/logic/importer/fetcher/DiVA.java
4,src/test/java/org/jabref/logic/l10n/JavaLocalizationEntryParserTest.java
5,src/main/java/org/jabref/model/openoffice/util/OOVoidResult.java
9,src/test/java/org/jabref/logic/util/io/FileHistoryTest.java
6,src/main/java/org/jabref/gui/openoffice/StyleSelectItemViewModel.java
6,src/test/java/org/jabref/logic/importer/fetcher/DBLPFetcherTest.java
6,src/main/java/org/jabref/logic/util/io/FileHistory.java
1,src/main/java/org/jabref/gui/undo/UndoableFieldChange.java
6,src/main/java/org/jabref/model/groups/LastNameGroup.java
4,src/main/java/org/jabref/logic/shared/listener/OracleNotificationListener.java
4,src/test/java/org/jabref/model/entry/BibtexStringTest.java
4,src/main/java/org/jabref/gui/importer/ImportEntriesDialog.java
1,src/test/java/org/jabref/model/database/KeyChangeListenerTest.java
1,src/main/java/org/jabref/gui/entryeditor/EntryEditorTab.java
1,src/main/java/org/jabref/model/entry/Keyword.java
6,src/main/java/org/jabref/logic/citationkeypattern/BracketedPattern.java
6,src/test/java/org/jabref/model/search/rules/GrammarBasedSearchRuleTest.java
6,src/test/java/org/jabref/gui/util/comparator/SpecialFieldComparatorTest.java
4,src/main/java/org/jabref/logic/openoffice/style/OOBibStyleGetCitationMarker.java
6,src/main/java/org/jabref/gui/preferences/externalfiletypes/ExternalFileTypesTabViewModel.java
6,src/main/java/org/jabref/gui/preferences/PreferencesTab.java
6,src/main/java/org/jabref/logic/l10n/LocalizationLocator.java
1,src/main/java/org/jabref/gui/autocompleter/EmptySuggestionProvider.java
1,src/main/java/org/jabref/logic/formatter/casechanger/ProtectTermsFormatter.java
9,src/main/java/org/jabref/logic/importer/fileformat/mods/RecordInfo.java
6,src/main/java/org/jabref/gui/search/SearchFieldRightClickMenu.java
6,src/main/java/org/jabref/logic/importer/fileformat/PdfVerbatimBibTextImporter.java
1,src/test/java/org/jabref/logic/integrity/ISSNCheckerTest.java
1,src/test/java/org/jabref/logic/layout/format/RisMonthTest.java
1,src/main/java/org/jabref/logic/importer/fetcher/BvbFetcher.java
9,src/main/java/org/jabref/logic/importer/fetcher/transformers/SpringerQueryTransformer.java
4,src/main/java/org/jabref/logic/importer/ParserResult.java
1,src/test/java/org/jabref/logic/importer/fetcher/BvbFetcherTest.java
4,src/main/java/org/jabref/gui/openoffice/DetectOpenOfficeInstallation.java
9,src/test/java/org/jabref/logic/integrity/UTF8CheckerTest.java
12,src/main/java/org/jabref/model/schema/DublinCoreSchemaCustom.java
6,src/test/java/org/jabref/logic/importer/util/GrobidServiceTest.java
6,src/main/java/org/jabref/logic/integrity/FileChecker.java
6,src/main/java/org/jabref/gui/edit/ReplaceStringView.java
7,src/main/java/org/jabref/gui/fieldeditors/CitationKeyEditorViewModel.java
9,src/test/java/org/jabref/logic/layout/format/AuthorLastFirstAbbrOxfordCommasTest.java
7,src/main/java/org/jabref/gui/collab/stringdelete/BibTexStringDelete.java
6,src/main/java/org/jabref/gui/autocompleter/ContentSelectorSuggestionProvider.java
1,src/main/java/org/jabref/gui/fieldeditors/LinkedFilesEditor.java
4,src/main/java/org/jabref/gui/util/ViewModelTreeTableCellFactory.java
6,src/main/java/org/jabref/logic/layout/format/CurrentDate.java
12,src/test/java/org/jabref/model/entry/CrossrefTest.java
9,src/main/java/org/jabref/logic/shared/event/UpdateRefusedEvent.java
7,src/main/java/org/jabref/gui/fieldeditors/SimpleEditor.java
1,src/main/java/org/jabref/logic/util/TestEntry.java
6,src/main/java/org/jabref/logic/importer/fileformat/PdfMergeMetadataImporter.java
7,src/main/java/org/jabref/gui/externalfiles/UnlinkedFilesCrawler.java
4,src/test/java/org/jabref/model/entry/CanonicalBibEntryTest.java
4,src/test/java/org/jabref/model/paging/PageTest.java
9,src/test/java/org/jabref/model/entry/identifier/MathSciNetIdTest.java
4,src/main/java/org/jabref/logic/citationstyle/CitationStyle.java
4,src/main/java/org/jabref/gui/texparser/ParseLatexResultView.java
4,src/test/java/org/jabref/logic/formatter/bibtexfields/RemoveRedundantSpacesFormatterTest.java
5,src/test/java/org/jabref/model/entry/DateTest.java
6,src/test/java/org/jabref/logic/layout/format/AuthorsTest.java
4,src/main/java/org/jabref/gui/edit/CopyMoreAction.java
5,src/main/java/org/jabref/model/search/rules/GrammarBasedSearchRule.java
6,src/main/java/org/jabref/logic/shared/DBMSConnectionPropertiesBuilder.java
6,src/main/java/org/jabref/logic/importer/fileformat/PdfContentImporter.java
6,src/test/java/org/jabref/logic/formatter/bibtexfields/EscapeAmpersandsFormatterTest.java
4,src/main/java/org/jabref/gui/util/ViewModelTreeCellFactory.java
1,src/main/java/org/jabref/gui/preferences/entryeditortabs/CustomEditorFieldsTab.java
9,src/main/java/org/jabref/logic/preferences/OwnerPreferences.java
1,src/main/java/org/jabref/logic/layout/format/NoSpaceBetweenAbbreviations.java
12,src/main/java/org/jabref/model/openoffice/uno/UnoRedlines.java
7,src/main/java/org/jabref/gui/fieldeditors/TypeEditorViewModel.java
4,src/main/java/org/jabref/gui/collab/entrychange/EntryChangeResolver.java
1,src/main/java/org/jabref/gui/keyboard/KeyBindingRepository.java
4,src/main/java/org/jabref/gui/util/uithreadaware/UiThreadHelper.java
9,src/main/java/org/jabref/logic/layout/format/LatexToUnicodeFormatter.java
9,src/main/java/org/jabref/model/texparser/LatexParserResult.java
4,src/main/java/org/jabref/gui/preferences/externalfiletypes/ExternalFileTypesTabViewModel.java
9,src/main/java/org/jabref/logic/bst/util/BstNameFormatter.java
1,src/main/java/org/jabref/logic/xmp/EncryptedPdfsNotSupportedException.java
6,src/main/java/org/jabref/gui/preferences/entry/EntryTabViewModel.java
1,src/test/java/org/jabref/model/FieldChangeTest.java
4,src/main/java/org/jabref/logic/importer/fetcher/transformers/ZbMathQueryTransformer.java
9,src/main/java/org/jabref/logic/layout/format/AuthorAndsReplacer.java
6,src/main/java/org/jabref/logic/layout/format/AuthorFirstLastCommas.java
1,src/main/java/org/jabref/model/openoffice/uno/UnoCursor.java
6,src/main/java/org/jabref/logic/importer/fetcher/transformers/ScholarQueryTransformer.java
4,src/main/java/org/jabref/gui/util/FileDialogConfiguration.java
6,src/main/java/org/jabref/gui/fieldeditors/SimpleEditor.java
4,src/main/java/org/jabref/model/study/StudyDatabase.java
12,src/main/java/org/jabref/model/openoffice/rangesort/RangeSortEntry.java
5,src/main/java/org/jabref/model/entry/types/BibtexEntryTypeDefinitions.java
6,src/test/java/org/jabref/logic/formatter/bibtexfields/TrimWhitespaceFormatterTest.java
7,src/main/java/org/jabref/gui/slr/ExistingStudySearchAction.java
7,src/main/java/org/jabref/gui/sidepane/SidePaneType.java
6,src/main/java/org/jabref/logic/importer/EntryBasedParserFetcher.java
1,src/test/java/org/jabref/logic/remote/RemoteCommunicationTest.java
4,src/main/java/org/jabref/gui/cleanup/CleanupPresetPanel.java
7,src/main/java/org/jabref/gui/groups/GroupNodeViewModel.java
4,src/test/java/org/jabref/gui/mergeentries/FieldRowViewModelTest.java
7,src/main/java/org/jabref/gui/util/comparator/RankingFieldComparator.java
7,src/test/java/org/jabref/gui/autocompleter/PersonNameStringConverterTest.java
1,src/main/java/org/jabref/logic/formatter/bibtexfields/UnitsToLatexFormatter.java
1,src/main/java/org/jabref/gui/menus/FileHistoryMenu.java
4,src/main/java/org/jabref/model/entry/BibEntryTypeBuilder.java
4,src/main/java/org/jabref/gui/preferences/journals/AbbreviationViewModel.java
4,src/main/java/org/jabref/model/openoffice/style/PageInfo.java
6,src/main/java/org/jabref/gui/keyboard/KeyBindingRepository.java
9,src/main/java/org/jabref/logic/formatter/bibtexfields/ReplaceTabsBySpaceFormater.java
6,src/test/java/org/jabref/model/metadata/MetaDataTest.java
6,src/main/java/org/jabref/logic/importer/AuthorListParser.java
1,src/test/java/org/jabref/logic/layout/format/HTMLParagraphsTest.java
1,src/main/java/org/jabref/gui/edit/ManageKeywordsViewModel.java
6,src/test/java/org/jabref/logic/cleanup/ConvertToBibtexCleanupTest.java
4,src/main/java/org/jabref/gui/util/uithreadaware/UiThreadChangeListener.java
1,src/main/java/org/jabref/model/groups/SearchGroup.java
6,src/main/java/org/jabref/model/entry/field/FieldProperty.java
9,src/test/java/org/jabref/logic/autosaveandbackup/BackupManagerTest.java
6,src/main/java/org/jabref/gui/fieldeditors/UrlEditorViewModel.java
6,src/main/java/org/jabref/model/entry/identifier/Identifier.java
4,src/main/java/org/jabref/logic/util/strings/StringManipulator.java
1,src/main/java/org/jabref/logic/citationstyle/CitationStyleOutputFormat.java
1,src/main/java/org/jabref/gui/cleanup/CleanupPresetPanel.java
4,src/main/java/org/jabref/logic/preferences/TimestampPreferences.java
9,src/main/java/org/jabref/logic/importer/fetcher/CiteSeer.java
7,src/main/java/org/jabref/gui/externalfiles/AutoLinkFilesAction.java
7,src/main/java/org/jabref/gui/mergeentries/DiffHighlightingEllipsingTextFlow.java
12,src/test/java/org/jabref/model/entry/identifier/DOITest.java
4,src/main/java/org/jabref/gui/libraryproperties/LibraryPropertiesAction.java
4,src/test/java/org/jabref/logic/database/DatabaseMergerTest.java
1,src/main/java/org/jabref/logic/formatter/minifier/TruncateFormatter.java
4,src/main/java/org/jabref/gui/sidepane/SidePaneComponent.java
6,src/main/java/org/jabref/logic/remote/RemotePreferences.java
9,src/main/java/org/jabref/logic/layout/format/AuthorAndToSemicolonReplacer.java
6,src/test/java/org/jabref/logic/importer/fetcher/AbstractIsbnFetcherTest.java
6,src/main/java/org/jabref/gui/exporter/SaveAction.java
1,src/main/java/org/jabref/gui/util/CustomRatingSkin.java
4,src/main/java/org/jabref/gui/entryeditor/OptionalFieldsTabBase.java
7,src/main/java/org/jabref/gui/edit/automaticfiededitor/editfieldcontent/EditFieldContentTabView.java
4,src/main/java/org/jabref/gui/preferences/protectedterms/ProtectedTermsTabViewModel.java
1,src/test/java/org/jabref/logic/layout/format/AuthorLastFirstCommasTest.java
4,src/main/java/org/jabref/gui/push/PushToWinEdt.java
12,src/main/java/org/jabref/model/groups/ExplicitGroup.java
6,src/main/java/org/jabref/model/groups/event/GroupUpdatedEvent.java
4,src/main/java/org/jabref/gui/collab/DatabaseChange.java
4,src/main/java/org/jabref/gui/entryeditor/DeprecatedFieldsTab.java
4,src/test/java/org/jabref/logic/util/io/FileHistoryTest.java
7,src/main/java/org/jabref/gui/maintable/PersistenceVisualStateTable.java
4,src/main/java/org/jabref/gui/slr/ExistingStudySearchAction.java
7,src/main/java/org/jabref/gui/fieldeditors/EditorTextArea.java
4,src/test/java/org/jabref/logic/l10n/EncodingsTest.java
6,src/main/java/org/jabref/model/entry/types/BiblatexAPAEntryTypeDefinitions.java
4,src/test/java/org/jabref/logic/importer/fileformat/ImporterTestEngine.java
1,src/main/java/org/jabref/gui/openoffice/StyleSelectDialogViewModel.java
9,src/main/java/org/jabref/logic/pdf/PdfAnnotationImporter.java
4,src/main/java/org/jabref/logic/bibtex/comparator/BibDatabaseDiff.java
9,src/main/java/org/jabref/logic/cleanup/MoveFilesCleanup.java
9,src/test/java/org/jabref/logic/bibtex/comparator/GroupDiffTest.java
4,src/test/java/org/jabref/logic/importer/fileformat/MsBibImporterFilesTest.java
6,src/main/java/org/jabref/logic/exporter/SaveException.java
1,src/main/java/org/jabref/gui/sidepane/SidePaneType.java
6,src/main/java/org/jabref/logic/importer/CompositeIdFetcher.java
4,src/test/java/org/jabref/logic/importer/fileformat/BibtexParserTest.java
6,src/main/java/org/jabref/logic/importer/fetcher/AbstractIsbnFetcher.java
4,src/main/java/org/jabref/gui/collab/DatabaseChangeMonitor.java
1,src/main/java/org/jabref/model/study/QueryResult.java
1,src/test/java/org/jabref/gui/edit/CopyOrMoveFieldContentTabViewModelTest.java
1,src/main/java/org/jabref/model/groups/KeywordGroup.java
1,src/main/java/org/jabref/gui/util/DroppingMouseLocation.java
1,src/main/java/org/jabref/logic/crawler/StudyDatabaseToFetcherConverter.java
6,src/main/java/org/jabref/gui/fieldeditors/FieldEditors.java
9,src/test/java/org/jabref/logic/importer/fileformat/PdfContentImporterTest.java
4,src/main/java/org/jabref/logic/openoffice/action/EditInsert.java
9,src/test/java/org/jabref/logic/importer/fetcher/CompositeSearchBasedFetcherTest.java
9,src/main/java/org/jabref/logic/importer/fetcher/ArXivFetcher.java
4,src/main/java/org/jabref/gui/help/AboutDialogViewModel.java
1,src/main/java/org/jabref/gui/util/comparator/NumericFieldComparator.java
7,src/main/java/org/jabref/gui/mergeentries/newmergedialog/fieldsmerger/FieldMergerFactory.java
6,src/main/java/org/jabref/model/util/FileUpdateMonitor.java
1,src/main/java/org/jabref/model/entry/Month.java
12,src/main/java/org/jabref/model/openoffice/uno/UnoNamed.java
1,src/main/java/org/jabref/model/entry/identifier/EprintIdentifier.java
1,src/main/java/org/jabref/logic/importer/fetcher/DOAJFetcher.java
6,src/test/java/org/jabref/gui/importer/NewEntryActionTest.java
4,src/main/java/org/jabref/logic/TypedBibEntry.java
6,src/test/java/org/jabref/logic/crawler/CrawlerTest.java
9,src/main/java/org/jabref/model/groups/TexGroup.java
7,src/main/java/org/jabref/gui/collab/entrychange/PreviewWithSourceTab.java
1,src/main/java/org/jabref/gui/util/FieldsUtil.java
6,src/main/java/org/jabref/gui/search/RebuildFulltextSearchIndexAction.java
1,src/main/java/org/jabref/gui/groups/GroupsPreferences.java
12,src/main/java/org/jabref/model/entry/identifier/EprintIdentifier.java
1,src/main/java/org/jabref/logic/bst/util/BstPurifier.java
1,src/main/java/org/jabref/logic/xmp/XmpPreferences.java
7,src/main/java/org/jabref/gui/exporter/SaveAllAction.java
7,src/main/java/org/jabref/gui/importer/actions/MergeReviewIntoCommentAction.java
4,src/main/java/org/jabref/model/entry/event/EntriesEventSource.java
4,src/main/java/org/jabref/gui/documentviewer/DocumentViewerViewModel.java
1,src/main/java/org/jabref/gui/LibraryTab.java
12,src/main/java/org/jabref/model/TreeNode.java
6,src/main/java/org/jabref/gui/citationkeypattern/GenerateCitationKeyAction.java
9,src/main/java/org/jabref/logic/util/DelayTaskThrottler.java
1,src/main/java/org/jabref/model/entry/IdGenerator.java
1,src/main/java/org/jabref/gui/entryeditor/fileannotationtab/FileAnnotationViewModel.java
12,src/main/java/org/jabref/model/openoffice/rangesort/RangeSortVisual.java
12,src/main/java/org/jabref/model/openoffice/uno/UnoNameAccess.java
1,src/test/java/org/jabref/logic/layout/format/AuthorFirstLastCommasTest.java
4,src/main/java/org/jabref/gui/JabRefDialogService.java
1,src/main/java/org/jabref/gui/texparser/CitationsDisplay.java
12,src/test/java/org/jabref/model/database/BibDatabaseModeDetectionTest.java
7,src/main/java/org/jabref/gui/edit/ReplaceStringAction.java
4,src/main/java/org/jabref/model/search/matchers/OrMatcher.java
1,src/main/java/org/jabref/logic/msbib/MSBibEntry.java
1,src/test/java/org/jabref/logic/importer/fetcher/CollectionOfComputerScienceBibliographiesParserTest.java
1,src/test/java/org/jabref/model/entry/AuthorListTest.java
6,src/main/java/org/jabref/gui/fieldeditors/TextInputControlBehavior.java
1,src/test/java/org/jabref/logic/importer/fetcher/DoiFetcherTest.java
1,src/main/java/org/jabref/gui/DefaultInjector.java
4,src/test/java/org/jabref/gui/mergeentries/GroupMergerTest.java
6,src/test/java/org/jabref/model/entry/field/FieldFactoryTest.java
4,src/main/java/org/jabref/logic/exporter/GroupSerializer.java
1,buildSrc/src/copied/java/org/jabref/logic/journals/AbbreviationWriter.java
12,src/main/java/org/jabref/model/entry/identifier/DOI.java
9,src/main/java/org/jabref/logic/net/ProgressInputStream.java
6,src/main/java/org/jabref/model/openoffice/uno/UnoScreenRefresh.java
1,src/main/java/org/jabref/gui/collab/groupchange/GroupChange.java
6,src/main/java/org/jabref/gui/preferences/general/GeneralTabViewModel.java
6,src/test/java/org/jabref/logic/importer/fetcher/OpenAccessDoiTest.java
1,src/main/java/org/jabref/logic/bst/BstVMVisitor.java
7,src/main/java/org/jabref/gui/JabRefDialogService.java
4,src/main/java/org/jabref/gui/push/PushToTexmaker.java
10,src/main/java/org/jabref/cli/Launcher.java
1,src/test/java/org/jabref/logic/importer/fetcher/transformers/IEEEQueryTransformerTest.java
6,src/main/java/org/jabref/gui/preferences/linkedfiles/LinkedFilesTab.java
6,src/main/java/org/jabref/logic/importer/fetcher/ArXivFetcher.java
6,src/test/java/org/jabref/logic/importer/fileformat/PdfEmbeddedBibFileImporterTest.java
6,src/test/java/org/jabref/logic/integrity/MonthCheckerTest.java
4,src/main/java/org/jabref/gui/importer/fetcher/WebSearchPaneView.java
4,src/main/java/org/jabref/gui/fieldeditors/URLUtil.java
1,src/main/java/org/jabref/model/util/TreeCollector.java
4,src/main/java/org/jabref/logic/xmp/DublinCoreExtractor.java
12,src/main/java/org/jabref/model/openoffice/uno/NoDocumentException.java
4,src/main/java/org/jabref/logic/layout/format/CreateDocBook5Editors.java
1,src/main/java/org/jabref/model/openoffice/uno/UnoTextDocument.java
1,src/main/java/org/jabref/gui/fieldeditors/contextmenu/DefaultMenu.java
4,src/test/java/org/jabref/logic/layout/format/AuthorsTest.java
1,src/main/java/org/jabref/gui/collab/stringchange/BibTexStringChange.java
1,src/main/java/org/jabref/logic/preview/PreviewLayout.java
7,src/test/java/org/jabref/gui/util/comparator/SpecialFieldComparatorTest.java
6,src/main/java/org/jabref/model/pdf/FileAnnotation.java
6,src/test/java/org/jabref/logic/formatter/FormatterTest.java
4,src/test/java/org/jabref/logic/formatter/bibtexfields/TrimWhitespaceFormatterTest.java
4,src/main/java/org/jabref/model/study/StudyQuery.java
1,src/test/java/org/jabref/logic/formatter/casechanger/TitleCaseFormatterTest.java
1,src/test/java/org/jabref/model/entry/CrossrefTest.java
1,src/main/java/org/jabref/model/study/StudyDatabase.java
1,src/test/java/org/jabref/logic/importer/ImportFormatReaderParameterlessTest.java
1,src/main/java/org/jabref/logic/shared/DatabaseSynchronizer.java
5,src/main/java/org/jabref/model/openoffice/uno/UnoBookmark.java
6,src/test/java/org/jabref/logic/cleanup/ISSNCleanupTest.java
7,src/main/java/org/jabref/gui/autocompleter/SuggestionProviders.java
4,src/main/java/org/jabref/gui/mergeentries/newmergedialog/diffhighlighter/SplitDiffHighlighter.java
4,src/main/java/org/jabref/gui/edit/automaticfiededitor/AutomaticFieldEditorDialog.java
9,src/main/java/org/jabref/logic/util/io/XMLUtil.java
1,src/main/java/org/jabref/logic/importer/ImportException.java
1,src/test/java/org/jabref/gui/preview/CopyCitationActionTest.java
6,src/main/java/org/jabref/logic/layout/format/Authors.java
4,src/main/java/org/jabref/logic/layout/format/AuthorLastFirstCommas.java
9,src/main/java/org/jabref/logic/importer/fetcher/isbntobibtex/IsbnFetcher.java
4,src/main/java/org/jabref/logic/citationkeypattern/BracketedPattern.java
12,src/main/java/org/jabref/model/entry/field/FieldPriority.java
12,src/main/java/org/jabref/model/entry/types/BibtexEntryTypeDefinitions.java
6,src/test/java/org/jabref/logic/integrity/PersonNamesCheckerTest.java
4,src/main/java/org/jabref/logic/importer/fileformat/ModsImporter.java
4,src/main/java/org/jabref/gui/push/PushToLyxSettings.java
1,src/main/java/org/jabref/logic/undo/AddUndoableActionEvent.java
4,src/main/java/org/jabref/gui/importer/ImportCustomEntryTypesDialog.java
9,src/test/java/org/jabref/logic/formatter/bibtexfields/RemoveRedundantSpacesFormatterTest.java
1,src/main/java/org/jabref/logic/remote/RemotePreferences.java
4,src/main/java/org/jabref/logic/journals/AbbreviationParser.java
9,src/test/java/org/jabref/model/entry/identifier/IacrEprintTest.java
5,src/main/java/org/jabref/model/texparser/LatexBibEntriesResolverResult.java
4,src/test/java/org/jabref/logic/exporter/XmpPdfExporterTest.java
4,src/main/java/org/jabref/logic/integrity/HTMLCharacterChecker.java
9,src/test/java/org/jabref/logic/crawler/StudyYamlParserTest.java
6,src/main/java/org/jabref/gui/mergeentries/DiffHighlighting.java
4,src/main/java/org/jabref/logic/layout/format/EntryTypeFormatter.java
1,src/main/java/org/jabref/gui/mergeentries/newmergedialog/diffhighlighter/UnifiedDiffHighlighter.java
12,src/main/java/org/jabref/model/entry/IdGenerator.java
4,src/test/java/org/jabref/logic/journals/AbbreviationsTest.java
4,src/test/java/org/jabref/logic/formatter/bibtexfields/HtmlToUnicodeFormatterTest.java
4,src/main/java/org/jabref/gui/util/JabRefResourceLocator.java
5,src/main/java/org/jabref/model/openoffice/style/CitationMarkerEntry.java
6,src/main/java/org/jabref/gui/preferences/preview/PreviewTab.java
9,src/main/java/org/jabref/logic/util/io/RegExpBasedFileFinder.java
9,src/main/java/org/jabref/logic/net/ssl/SSLCertificate.java
4,src/main/java/org/jabref/logic/integrity/CitationKeyDeviationChecker.java
1,src/main/java/org/jabref/gui/importer/fetcher/WebSearchPaneView.java
7,src/test/java/org/jabref/gui/keyboard/KeyBindingsTabModelTest.java
1,src/main/java/org/jabref/logic/protectedterms/ProtectedTermsList.java
4,src/test/java/org/jabref/logic/integrity/CitationKeyDeviationCheckerTest.java
9,src/main/java/org/jabref/model/entry/event/EntryChangedEvent.java
4,src/main/java/org/jabref/gui/collab/stringadd/BibTexStringAdd.java
4,src/main/java/org/jabref/gui/preferences/groups/GroupsTab.java
7,src/main/java/org/jabref/gui/fieldeditors/CitationKeyEditor.java
4,src/test/java/org/jabref/logic/layout/format/AuthorFirstLastOxfordCommasTest.java
7,src/main/java/org/jabref/gui/util/ViewModelTableRowFactory.java
4,src/main/java/org/jabref/model/texparser/Citation.java
9,src/main/java/org/jabref/logic/bibtex/comparator/BibtexStringComparator.java
1,src/main/java/org/jabref/gui/util/DefaultFileUpdateMonitor.java
1,src/main/java/org/jabref/gui/mergeentries/newmergedialog/fieldsmerger/KeywordMerger.java
9,src/main/java/org/jabref/model/openoffice/rangesort/RangeSortVisual.java
12,src/main/java/org/jabref/model/entry/types/EntryType.java
6,src/main/java/org/jabref/logic/importer/util/ShortDOIServiceException.java
9,src/main/java/org/jabref/logic/integrity/ASCIICharacterChecker.java
6,src/test/java/org/jabref/gui/theme/ThemeManagerTest.java
1,src/main/java/org/jabref/logic/layout/format/DOICheck.java
4,src/main/java/org/jabref/gui/mergeentries/DiffHighlighting.java
9,src/main/java/org/jabref/model/util/ListUtil.java
1,src/test/java/org/jabref/gui/util/OpenConsoleActionTest.java
1,src/main/java/org/jabref/logic/shared/exception/InvalidDBMSConnectionPropertiesException.java
4,src/main/java/org/jabref/gui/openoffice/StyleSelectDialogViewModel.java
9,src/main/java/org/jabref/logic/crawler/Crawler.java
1,src/test/java/org/jabref/logic/layout/format/ToLowerCaseTest.java
9,src/main/java/org/jabref/model/entry/types/IEEETranEntryTypeDefinitions.java
1,src/main/java/org/jabref/logic/layout/format/RisMonth.java
4,src/main/java/org/jabref/gui/util/ViewModelListCellFactory.java
4,src/main/java/org/jabref/logic/layout/format/RemoveBracketsAddComma.java
1,src/main/java/org/jabref/logic/pdf/search/indexing/DocumentReader.java
1,src/test/java/org/jabref/logic/importer/fileformat/MedlinePlainImporterTest.java
9,src/test/java/org/jabref/logic/exporter/DocbookExporterTest.java
6,src/main/java/org/jabref/gui/keyboard/KeyBinding.java
1,src/main/java/org/jabref/gui/preferences/nameformatter/NameFormatterTabViewModel.java
9,src/test/java/org/jabref/logic/importer/fetcher/ScienceDirectTest.java
1,src/main/java/org/jabref/logic/importer/fetcher/TitleFetcher.java
1,src/main/java/org/jabref/gui/logging/ApplicationInsightsLogEvent.java
4,src/test/java/org/jabref/logic/importer/fileformat/MrDLibImporterTest.java
1,src/main/java/org/jabref/model/search/matchers/NotMatcher.java
6,src/main/java/org/jabref/gui/preferences/nameformatter/NameFormatterItemModel.java
9,src/main/java/org/jabref/model/texparser/Citation.java
9,src/main/java/org/jabref/model/util/DummyFileUpdateMonitor.java
1,src/main/java/org/jabref/logic/shared/event/UpdateRefusedEvent.java
9,src/main/java/org/jabref/logic/importer/PagedSearchBasedParserFetcher.java
7,src/main/java/org/jabref/gui/collab/DatabaseChangeResolver.java
4,src/main/java/org/jabref/logic/layout/format/WrapContent.java
1,src/test/java/org/jabref/model/openoffice/CitationEntryTest.java
4,src/main/java/org/jabref/gui/preferences/table/TableTab.java
1,src/test/java/org/jabref/logic/importer/WebFetchersTest.java
4,src/main/java/org/jabref/logic/layout/LayoutFormatterBasedFormatter.java
4,src/main/java/org/jabref/logic/layout/format/AuthorFirstFirst.java
9,src/main/java/org/jabref/logic/formatter/bibtexfields/RemoveRedundantSpacesFormatter.java
9,src/main/java/org/jabref/model/openoffice/style/CitationMarkerEntry.java
6,src/main/java/org/jabref/model/entry/types/BiblatexSoftwareEntryTypeDefinitions.java
1,src/main/java/org/jabref/gui/libraryproperties/PropertiesTab.java
6,src/main/java/org/jabref/gui/mergeentries/MergeEntriesDialog.java
6,src/main/java/org/jabref/gui/commonfxcontrols/CitationKeyPatternPanelViewModel.java
9,src/test/java/org/jabref/logic/importer/fileformat/MsBibImporterTest.java
6,src/main/java/org/jabref/gui/openoffice/OOBibBaseConnect.java
6,src/main/java/org/jabref/logic/journals/AbbreviationFormat.java
4,src/main/java/org/jabref/gui/Dialog.java
6,src/main/java/org/jabref/logic/importer/fetcher/DOAJFetcher.java
12,src/main/java/org/jabref/model/search/rules/SearchRules.java
6,src/test/java/org/jabref/logic/importer/fetcher/ArXivFetcherTest.java
7,src/main/java/org/jabref/gui/autocompleter/AutoCompletePreferences.java
5,src/main/java/org/jabref/model/openoffice/style/CitationType.java
6,src/main/java/org/jabref/gui/util/FileNodeViewModel.java
1,src/main/java/org/jabref/logic/formatter/bibtexfields/RemoveBracesFormatter.java
1,src/main/java/org/jabref/gui/search/rules/describer/SearchDescriber.java
6,src/main/java/org/jabref/model/openoffice/style/OODataModel.java
9,src/test/java/org/jabref/logic/exporter/YamlExporterTest.java
9,src/main/java/org/jabref/logic/importer/PagedSearchBasedFetcher.java
1,src/test/java/org/jabref/gui/documentviewer/PdfDocumentViewModelTest.java
1,src/main/java/org/jabref/gui/util/BaseDialog.java
4,src/test/java/org/jabref/logic/exporter/MetaDataSerializerTest.java
7,src/main/java/org/jabref/gui/util/ViewModelTreeCellFactory.java
12,src/test/java/org/jabref/model/strings/StringUtilTest.java
9,src/main/java/org/jabref/model/entry/types/EntryType.java
9,src/main/java/org/jabref/logic/formatter/bibtexfields/NormalizeNamesFormatter.java
6,src/main/java/org/jabref/logic/importer/fetcher/transformers/BiodiversityLibraryTransformer.java
5,src/test/java/org/jabref/model/search/matchers/MatcherSetsTest.java
4,src/main/java/org/jabref/logic/formatter/bibtexfields/HtmlToUnicodeFormatter.java
1,src/main/java/org/jabref/gui/util/component/Tag.java
7,src/main/java/org/jabref/gui/externalfiles/ChainedFilters.java
1,src/main/java/org/jabref/logic/layout/format/AuthorLastFirst.java
9,src/main/java/org/jabref/logic/integrity/BooktitleChecker.java
1,src/main/java/org/jabref/logic/integrity/CitationKeyChecker.java
4,src/test/java/org/jabref/model/database/BibDatabaseTest.java
9,src/test/java/org/jabref/logic/formatter/bibtexfields/EscapeDollarSignFormatterTest.java
9,src/main/java/org/jabref/logic/importer/fileformat/CustomImporter.java
6,src/main/java/org/jabref/gui/cleanup/CleanupSingleAction.java
6,src/main/java/org/jabref/gui/preferences/journals/JournalAbbreviationsTab.java
4,src/main/java/org/jabref/logic/bst/util/BstTextPrefixer.java
6,src/test/java/org/jabref/logic/exporter/OpenOfficeDocumentCreatorTest.java
6,src/test/java/org/jabref/logic/exporter/MetaDataSerializerTest.java
6,src/test/java/org/jabref/logic/importer/fileformat/BiblioscapeImporterTypesTest.java
4,src/main/java/org/jabref/gui/fieldeditors/TypeEditorViewModel.java
4,src/main/java/org/jabref/logic/layout/LayoutHelper.java
4,src/main/java/org/jabref/logic/auxparser/DefaultAuxParser.java
4,src/main/java/org/jabref/gui/commonfxcontrols/CitationKeyPatternPanel.java
6,src/main/java/org/jabref/logic/citationkeypattern/CitationKeyGenerator.java
4,src/test/java/org/jabref/logic/importer/fileformat/ACMPortalParserTest.java
1,src/test/java/org/jabref/logic/bibtex/BibEntryWriterTest.java
1,src/main/java/org/jabref/gui/util/FileDialogConfiguration.java
1,src/test/java/org/jabref/logic/bibtex/BibEntryAssert.java
1,src/main/java/org/jabref/gui/texparser/ParseLatexAction.java
9,src/test/java/org/jabref/logic/formatter/FormatterTest.java
6,src/main/java/org/jabref/model/entry/event/FieldAddedOrRemovedEvent.java
1,src/main/java/org/jabref/model/database/BibDatabaseContext.java
7,src/main/java/org/jabref/gui/edit/CopyDoiUrlAction.java
5,src/main/java/org/jabref/model/openoffice/ootext/OOText.java
6,src/test/java/org/jabref/logic/layout/format/DOICheckTest.java
4,src/main/java/org/jabref/logic/openoffice/backend/Backend52.java
1,src/main/java/org/jabref/gui/specialfields/SpecialFieldViewModel.java
4,src/test/java/org/jabref/gui/autocompleter/SuggestionProvidersTest.java
4,src/test/java/org/jabref/logic/importer/fileformat/MedlinePlainImporterTest.java
9,src/main/java/org/jabref/logic/importer/fetcher/DBLPFetcher.java
6,src/main/java/org/jabref/logic/layout/format/HTMLParagraphs.java
4,src/main/java/org/jabref/gui/mergeentries/newmergedialog/diffhighlighter/UnifiedDiffHighlighter.java
1,src/main/java/org/jabref/gui/fieldeditors/URLUtil.java
4,src/test/java/org/jabref/logic/importer/fetcher/GrobidCitationFetcherTest.java
4,src/main/java/org/jabref/model/metadata/event/MetaDataChangedEvent.java
9,src/test/java/org/jabref/logic/l10n/EncodingsTest.java
4,src/main/java/org/jabref/gui/libraryproperties/LibraryPropertiesView.java
9,src/main/java/org/jabref/logic/importer/fileformat/MrDLibImporter.java
4,src/main/java/org/jabref/gui/maintable/SearchShortScienceAction.java
7,src/main/java/org/jabref/gui/collab/preamblechange/PreambleChangeDetailsView.java
6,src/main/java/org/jabref/logic/importer/fetcher/ApsFetcher.java
9,src/main/java/org/jabref/model/openoffice/uno/UnoCrossRef.java
1,src/test/java/org/jabref/logic/formatter/bibtexfields/RegexFormatterTest.java
6,src/test/java/org/jabref/logic/importer/fileformat/CitaviXmlImporterFilesTest.java
12,src/main/java/org/jabref/model/util/OptionalUtil.java
1,src/test/java/org/jabref/logic/importer/fetcher/isbntobibtex/EbookDeIsbnFetcherTest.java
4,src/test/java/org/jabref/logic/layout/format/NoSpaceBetweenAbbreviationsTest.java
6,src/test/java/org/jabref/logic/formatter/casechanger/CapitalizeFormatterTest.java
1,src/main/java/org/jabref/logic/layout/format/FirstPage.java
1,src/main/java/org/jabref/gui/slr/ManageStudyDefinitionView.java
7,src/main/java/org/jabref/gui/keyboard/KeyBindingCategory.java
6,src/main/java/org/jabref/logic/auxparser/DefaultAuxParser.java
1,src/main/java/org/jabref/gui/theme/StyleSheetResource.java
4,src/main/java/org/jabref/logic/layout/format/Authors.java
1,src/main/java/org/jabref/gui/icon/InternalMaterialDesignIcon.java
1,src/test/java/org/jabref/logic/layout/format/AuthorLastFirstAbbrCommasTest.java
6,src/main/java/org/jabref/gui/preferences/entryeditor/EntryEditorTab.java
4,buildSrc/src/copied/java/org/jabref/logic/journals/AbbreviationParser.java
5,src/main/java/org/jabref/model/schema/DublinCoreSchemaCustom.java
9,src/main/java/org/jabref/model/openoffice/ootext/OOFormat.java
9,src/main/java/org/jabref/logic/importer/ImportException.java
6,src/main/java/org/jabref/gui/OpenConsoleAction.java
9,src/main/java/org/jabref/logic/importer/fetcher/GvkFetcher.java
1,src/main/java/org/jabref/logic/layout/format/AuthorLastFirstOxfordCommas.java
9,src/main/java/org/jabref/logic/bst/util/BstWidthCalculator.java
9,src/main/java/org/jabref/logic/importer/fetcher/ACS.java
6,src/main/java/org/jabref/model/search/rules/SearchRule.java
5,src/main/java/org/jabref/model/util/FileUpdateMonitor.java
1,src/main/java/org/jabref/logic/importer/fetcher/transformers/GVKQueryTransformer.java
6,src/main/java/org/jabref/gui/texparser/ParseLatexResultView.java
1,src/main/java/org/jabref/logic/net/ssl/SSLCertificate.java
6,src/main/java/org/jabref/logic/importer/fetcher/AstrophysicsDataSystem.java
9,src/main/java/org/jabref/model/metadata/MetaData.java
6,src/main/java/org/jabref/gui/exporter/WriteMetadataToPdfAction.java
9,src/main/java/org/jabref/logic/importer/fetcher/SpringerLink.java
1,src/test/java/org/jabref/logic/integrity/DoiDuplicationCheckerTest.java
6,src/main/java/org/jabref/model/search/rules/SearchRules.java
6,src/main/java/org/jabref/logic/search/DatabaseSearcher.java
9,src/test/java/org/jabref/model/groups/WordKeywordGroupTest.java
1,src/test/java/org/jabref/model/entry/BibEntryTypesManagerTest.java
1,src/main/java/org/jabref/logic/formatter/bibtexfields/ReplaceTabsBySpaceFormater.java
6,src/main/java/org/jabref/model/study/StudyQuery.java
9,src/test/java/org/jabref/logic/importer/fetcher/transformers/YearRangeByFilteringQueryTransformerTest.java
4,src/main/java/org/jabref/gui/citationkeypattern/GenerateCitationKeySingleAction.java
1,src/test/java/org/jabref/model/entry/identifier/DOITest.java
6,src/main/java/org/jabref/logic/layout/format/CompositeFormat.java
6,src/main/java/org/jabref/model/entry/field/InternalField.java
9,src/main/java/org/jabref/model/metadata/SaveOrder.java
4,src/main/java/org/jabref/logic/formatter/minifier/TruncateFormatter.java
4,src/main/java/org/jabref/logic/layout/format/AuthorAndsCommaReplacer.java
6,src/main/java/org/jabref/gui/actions/Action.java
1,src/test/java/org/jabref/logic/bst/BstFunctionsTest.java
6,src/main/java/org/jabref/gui/groups/GroupDialogHeader.java
1,src/main/java/org/jabref/logic/layout/format/CreateBibORDFAuthors.java
4,src/test/java/org/jabref/logic/importer/fetcher/AbstractIsbnFetcherTest.java
7,src/test/java/org/jabref/gui/preferences/keybindings/KeyBindingViewModelTest.java
9,src/test/java/org/jabref/logic/layout/format/LastPageTest.java
6,src/test/java/org/jabref/logic/openoffice/style/StyleLoaderTest.java
7,src/main/java/org/jabref/gui/maintable/ColumnPreferences.java
7,src/main/java/org/jabref/gui/openoffice/StyleSelectDialogView.java
1,src/main/java/org/jabref/logic/importer/fetcher/CompositeSearchBasedFetcher.java
1,src/main/java/org/jabref/logic/util/BackupFileType.java
6,src/main/java/org/jabref/gui/WaitForSaveFinishedDialog.java
7,src/main/java/org/jabref/gui/collab/stringrename/BibTexStringRenameDetailsView.java
4,src/main/java/org/jabref/logic/shared/DBMSConnection.java
1,src/main/java/org/jabref/gui/collab/stringadd/BibTexStringAddDetailsView.java
9,src/main/java/org/jabref/logic/xmp/DocumentInformationExtractor.java
6,src/main/java/org/jabref/gui/mergeentries/newmergedialog/cell/HeaderCell.java
6,src/test/java/org/jabref/logic/formatter/bibtexfields/AddBracesFormatterTest.java
4,src/test/java/org/jabref/gui/fieldeditors/LinkedFileViewModelTest.java
4,src/main/java/org/jabref/logic/importer/fileformat/PicaXmlParser.java
6,src/main/java/org/jabref/gui/push/PushToEmacs.java
1,src/test/java/org/jabref/gui/edit/EditFieldContentTabViewModelTest.java
1,src/main/java/org/jabref/gui/sidepane/SidePaneViewModel.java
6,src/test/java/org/jabref/gui/preferences/keybindings/KeyBindingViewModelTest.java
6,src/main/java/org/jabref/gui/search/SearchResultsTableDataModel.java
9,src/test/java/org/jabref/logic/l10n/JavaLocalizationEntryParserTest.java
7,src/main/java/org/jabref/gui/BasePanelMode.java
6,src/test/java/org/jabref/logic/remote/RemoteCommunicationTest.java
1,src/main/java/org/jabref/gui/util/IconValidationDecorator.java
6,src/main/java/org/jabref/gui/libraryproperties/LibraryPropertiesAction.java
1,src/main/java/org/jabref/logic/importer/fileformat/PdfMergeMetadataImporter.java
1,src/main/java/org/jabref/gui/externalfiles/UnlinkedFilesDialogViewModel.java
1,src/main/java/org/jabref/logic/exporter/Exporter.java
4,src/main/java/org/jabref/logic/openoffice/style/OOProcessCitationKeyMarkers.java
6,src/main/java/org/jabref/gui/externalfiles/ImportHandler.java
6,src/test/java/org/jabref/logic/util/io/BackupFileUtilTest.java
1,src/main/java/org/jabref/gui/openoffice/DetectOpenOfficeInstallation.java
6,src/main/java/org/jabref/logic/crawler/StudyRepository.java
4,src/main/java/org/jabref/gui/util/component/TemporalAccessorPicker.java
9,src/test/java/org/jabref/logic/remote/RemoteUtilTest.java
6,src/main/java/org/jabref/logic/xmp/XmpUtilReader.java
4,src/main/java/org/jabref/logic/layout/format/CreateBibORDFAuthors.java
5,src/test/java/org/jabref/model/entry/KeywordListTest.java
1,src/test/java/org/jabref/logic/importer/fetcher/PicaXmlParserTest.java
1,src/main/java/org/jabref/gui/documentviewer/PdfDocumentPageViewModel.java
12,src/main/java/org/jabref/model/search/rules/FullTextSearchRule.java
1,src/main/java/org/jabref/model/texparser/LatexBibEntriesResolverResult.java
7,src/main/java/org/jabref/gui/autocompleter/PersonNameStringConverter.java
6,src/main/java/org/jabref/gui/util/ViewModelTreeTableRowFactory.java
5,src/main/java/org/jabref/model/entry/AuthorList.java
4,src/main/java/org/jabref/gui/fieldeditors/CitationKeyEditorViewModel.java
6,src/test/java/org/jabref/logic/layout/format/IfPluralTest.java
4,src/main/java/org/jabref/gui/mergeentries/FetchAndMergeEntry.java
4,src/main/java/org/jabref/logic/layout/Layout.java
1,src/main/java/org/jabref/model/openoffice/style/CitationGroups.java
4,src/main/java/org/jabref/logic/layout/LayoutEntry.java
7,src/main/java/org/jabref/gui/groups/GroupDialogViewModel.java
1,src/main/java/org/jabref/gui/search/RebuildFulltextSearchIndexAction.java
1,src/main/java/org/jabref/gui/edit/automaticfiededitor/NotificationPaneAdapter.java
6,src/main/java/org/jabref/logic/openoffice/backend/GetContext.java
12,src/test/java/org/jabref/model/TreeNodeTest.java
6,src/test/java/org/jabref/logic/formatter/bibtexfields/RemoveNewlinesFormatterTest.java
9,src/test/java/org/jabref/logic/importer/fileformat/BiblioscapeImporterTest.java
1,src/test/java/org/jabref/logic/util/strings/StringManipulatorTest.java
9,src/main/java/org/jabref/logic/util/io/FileFinder.java
9,src/test/java/org/jabref/logic/bibtex/comparator/BibtexStringComparatorTest.java
9,src/main/java/org/jabref/model/openoffice/uno/UnoBookmark.java
9,src/test/java/org/jabref/logic/layout/format/RemoveLatexCommandsFormatterTest.java
9,src/test/java/org/jabref/logic/pdf/EntryAnnotationImporterTest.java
9,src/main/java/org/jabref/model/groups/GroupEntryChanger.java
1,src/test/java/org/jabref/model/paging/PageTest.java
1,src/test/java/org/jabref/logic/net/URLUtilTest.java
9,src/main/java/org/jabref/model/openoffice/style/CitedKeys.java
4,src/test/java/org/jabref/gui/exporter/ExportToClipboardActionTest.java
7,src/main/java/org/jabref/gui/maintable/OpenExternalFileAction.java
1,src/main/java/org/jabref/gui/mergeentries/newmergedialog/cell/OpenExternalLinkAction.java
4,src/main/java/org/jabref/logic/citationstyle/CitationStyleCache.java
6,src/main/java/org/jabref/logic/pdf/search/indexing/IndexingTaskManager.java
6,src/main/java/org/jabref/model/util/ResultingStringState.java
6,src/test/java/org/jabref/model/search/rules/MockSearchMatcher.java
9,src/main/java/org/jabref/logic/importer/fileformat/PdfContentImporter.java
4,src/main/java/org/jabref/gui/externalfiles/ImportFilesResultItemViewModel.java
12,src/main/java/org/jabref/model/entry/types/BiblatexEntryTypeDefinitions.java
6,src/main/java/org/jabref/logic/layout/format/AuthorAndsReplacer.java
4,src/main/java/org/jabref/gui/importer/fetcher/LookupIdentifierAction.java
9,src/test/java/org/jabref/logic/layout/format/RemoveWhitespaceTest.java
5,src/main/java/org/jabref/model/entry/field/FieldProperty.java
9,src/main/java/org/jabref/logic/integrity/HTMLCharacterChecker.java
1,src/main/java/org/jabref/logic/importer/fileformat/PdfGrobidImporter.java
6,src/test/java/org/jabref/model/entry/KeywordTest.java
12,src/test/java/org/jabref/model/entry/identifier/MathSciNetIdTest.java
4,src/main/java/org/jabref/gui/preferences/customentrytypes/CustomEntryTypesTabViewModel.java
1,src/main/java/org/jabref/model/groups/GroupHierarchyType.java
1,src/main/java/org/jabref/model/openoffice/style/NonUniqueCitationMarker.java
6,src/main/java/org/jabref/logic/autosaveandbackup/BackupManager.java
1,src/main/java/org/jabref/model/entry/field/AMSField.java
9,src/main/java/org/jabref/logic/layout/format/WrapContent.java
6,src/main/java/org/jabref/logic/shared/exception/NotASharedDatabaseException.java
6,src/main/java/org/jabref/gui/fieldeditors/contextmenu/DefaultMenu.java
1,src/test/java/org/jabref/logic/util/ExternalLinkCreatorTest.java
7,src/main/java/org/jabref/gui/preferences/keybindings/presets/BashKeyBindingPreset.java
4,src/main/java/org/jabref/logic/importer/fileformat/PdfMergeMetadataImporter.java
5,src/main/java/org/jabref/model/openoffice/rangesort/RangeOverlap.java
4,src/main/java/org/jabref/model/groups/AutomaticKeywordGroup.java
7,src/main/java/org/jabref/gui/entryeditor/fileannotationtab/FileAnnotationViewModel.java
1,src/main/java/org/jabref/gui/commonfxcontrols/CitationKeyPatternPanelItemModel.java
6,src/test/java/org/jabref/logic/layout/format/AuthorLastFirstAbbrOxfordCommasTest.java
4,src/main/java/org/jabref/gui/journals/UndoableUnabbreviator.java
5,src/main/java/org/jabref/model/openoffice/style/ComparableCitedKey.java
4,src/main/java/org/jabref/gui/theme/StyleSheetDataUrl.java
1,src/main/java/org/jabref/model/entry/types/BiblatexSoftwareEntryTypeDefinitions.java
1,src/main/java/org/jabref/gui/openoffice/OpenOfficePanel.java
9,src/main/java/org/jabref/logic/layout/format/ReplaceWithEscapedDoubleQuotes.java
4,src/main/java/org/jabref/model/groups/LastNameGroup.java
6,src/test/java/org/jabref/logic/importer/fetcher/BiodiversityLibraryTest.java
7,src/main/java/org/jabref/gui/preferences/linkedfiles/LinkedFilesTab.java
1,src/test/java/org/jabref/logic/texparser/TexBibEntriesResolverTest.java
1,src/main/java/org/jabref/logic/formatter/bibtexfields/RegexFormatter.java
6,src/main/java/org/jabref/model/entry/types/IEEETranEntryType.java
1,src/test/java/org/jabref/gui/theme/ThemeTest.java
6,src/main/java/org/jabref/logic/citationstyle/CitationStyleCache.java
7,src/main/java/org/jabref/gui/fieldeditors/JournalEditor.java
1,src/main/java/org/jabref/model/study/StudyQuery.java
5,src/main/java/org/jabref/model/openoffice/rangesort/RangeSort.java
4,src/main/java/org/jabref/model/openoffice/ootext/OOTextIntoOO.java
6,src/main/java/org/jabref/gui/collab/DatabaseChangesResolverDialog.java
1,src/main/java/org/jabref/gui/documentviewer/PdfDocumentViewModel.java
6,src/main/java/org/jabref/gui/documentviewer/DocumentViewerControl.java
6,src/test/java/org/jabref/logic/msbib/MsBibAuthorTest.java
5,src/main/java/org/jabref/model/openoffice/style/PageInfo.java
6,src/main/java/org/jabref/logic/importer/PagedSearchBasedFetcher.java
4,src/main/java/org/jabref/gui/util/DefaultFileUpdateMonitor.java
7,src/main/java/org/jabref/gui/maintable/MainTableColumnFactory.java
4,src/main/java/org/jabref/model/entry/types/EntryTypeFactory.java
7,src/test/java/org/jabref/gui/entryeditor/SourceTabTest.java
6,src/test/java/org/jabref/model/database/KeyChangeListenerTest.java
6,src/main/java/org/jabref/logic/layout/format/NotFoundFormatter.java
7,src/main/java/org/jabref/gui/DragAndDropHelper.java
4,src/main/java/org/jabref/gui/maintable/MainTableHeaderContextMenu.java
4,src/main/java/org/jabref/gui/collab/preamblechange/PreambleChange.java
6,src/main/java/org/jabref/logic/layout/format/DOICheck.java
1,src/main/java/org/jabref/logic/importer/fetcher/LibraryOfCongress.java
4,src/main/java/org/jabref/logic/cleanup/EprintCleanup.java
1,src/main/java/org/jabref/logic/formatter/casechanger/UpperCaseFormatter.java
1,src/test/java/org/jabref/gui/exporter/SaveDatabaseActionTest.java
9,src/test/java/org/jabref/logic/crawler/StudyRepositoryTest.java
1,src/main/java/org/jabref/logic/bst/BstVMContext.java
12,src/main/java/org/jabref/model/openoffice/uno/UnoStyle.java
7,src/main/java/org/jabref/gui/edit/automaticfiededitor/AutomaticFieldEditorTab.java
1,src/main/java/org/jabref/gui/fieldeditors/LinkedFileViewModel.java
6,src/main/java/org/jabref/gui/preferences/importexport/ImportExportTab.java
1,src/main/java/org/jabref/logic/shared/DatabaseConnectionProperties.java
12,src/main/java/org/jabref/model/entry/identifier/IacrEprint.java
6,src/test/java/org/jabref/logic/layout/format/NoSpaceBetweenAbbreviationsTest.java
6,src/main/java/org/jabref/gui/Globals.java
5,src/main/java/org/jabref/model/search/SearchMatcher.java
6,src/main/java/org/jabref/logic/bibtex/comparator/GroupDiff.java
1,src/main/java/org/jabref/logic/formatter/minifier/MinifyNameListFormatter.java
9,src/main/java/org/jabref/model/openoffice/style/NonUniqueCitationMarker.java
4,src/main/java/org/jabref/model/entry/types/SystematicLiteratureReviewStudyEntryType.java
6,src/main/java/org/jabref/gui/FallbackExceptionHandler.java
4,src/test/java/org/jabref/logic/cleanup/BibtexBiblatexRoundtripTest.java
4,src/main/java/org/jabref/gui/fieldeditors/EditorTextField.java
7,src/test/java/org/jabref/gui/mergeentries/GroupMergerTest.java
1,src/main/java/org/jabref/model/entry/BibEntryType.java
4,src/main/java/org/jabref/logic/bibtex/comparator/BibEntryDiff.java
9,src/main/java/org/jabref/logic/formatter/bibtexfields/UnicodeToLatexFormatter.java
1,src/main/java/org/jabref/model/metadata/MetaData.java
6,src/main/java/org/jabref/logic/layout/format/CreateDocBook5Editors.java
9,src/main/java/org/jabref/model/openoffice/ootext/OOTextIntoOO.java
1,src/main/java/org/jabref/gui/collab/entrydelete/EntryDelete.java
5,src/main/java/org/jabref/model/metadata/ContentSelectors.java
9,src/main/java/org/jabref/model/groups/event/GroupUpdatedEvent.java
6,src/main/java/org/jabref/logic/shared/DBMSSynchronizer.java
6,src/main/java/org/jabref/gui/preview/PreviewViewer.java
1,src/main/java/org/jabref/gui/undo/UndoableInsertString.java
7,src/main/java/org/jabref/gui/importer/actions/GUIPostOpenAction.java
7,src/main/java/org/jabref/gui/help/NewVersionDialog.java
12,src/main/java/org/jabref/model/entry/BibEntry.java
9,src/test/java/org/jabref/logic/bst/BstVMTest.java
9,src/main/java/org/jabref/logic/importer/ImporterPreferences.java
9,src/main/java/org/jabref/logic/openoffice/style/OOProcessNumericMarkers.java
9,src/test/java/org/jabref/logic/l10n/LocalizationKeyTest.java
4,src/main/java/org/jabref/logic/xmp/DocumentInformationExtractor.java
6,src/main/java/org/jabref/gui/undo/UndoRedoAction.java
4,src/main/java/org/jabref/logic/bibtex/comparator/IdComparator.java
1,src/main/java/org/jabref/logic/importer/fileformat/RisImporter.java
9,src/main/java/org/jabref/logic/integrity/PersonNamesChecker.java
6,src/main/java/org/jabref/gui/preferences/citationkeypattern/CitationKeyPatternTabViewModel.java
7,src/test/java/org/jabref/gui/util/RecursiveTreeItemTest.java
5,src/main/java/org/jabref/model/openoffice/style/NonUniqueCitationMarker.java
6,src/test/java/org/jabref/model/entry/identifier/MathSciNetIdTest.java
9,src/test/java/org/jabref/logic/importer/fetcher/DoiResolutionTest.java
7,src/main/java/org/jabref/gui/mergeentries/MultiMergeEntriesView.java
5,src/main/java/org/jabref/model/entry/LinkedFile.java
4,src/test/java/org/jabref/logic/citationstyle/CitationStyleCacheTest.java
9,src/test/java/org/jabref/logic/cleanup/DoiDecodeCleanupTest.java
7,src/main/java/org/jabref/gui/commonfxcontrols/SaveOrderConfigPanel.java
12,src/main/java/org/jabref/model/database/BibDatabaseContext.java
6,src/main/java/org/jabref/model/entry/BibEntryTypeBuilder.java
1,src/test/java/org/jabref/model/groups/SearchGroupTest.java
6,src/main/java/org/jabref/logic/layout/format/AuthorAndToSemicolonReplacer.java
6,src/main/java/org/jabref/gui/collab/DatabaseChange.java
6,src/main/java/org/jabref/gui/collab/stringdelete/BibTexStringDeleteDetailsView.java
4,src/test/java/org/jabref/logic/importer/fetcher/isbntobibtex/EbookDeIsbnFetcherTest.java
6,src/main/java/org/jabref/gui/help/AboutDialogViewModel.java
9,src/main/java/org/jabref/model/groups/AllEntriesGroup.java
4,src/main/java/org/jabref/logic/cleanup/ISSNCleanup.java
9,src/main/java/org/jabref/model/openoffice/uno/UnoUserDefinedProperty.java
9,src/test/java/org/jabref/logic/layout/format/AuthorLastFirstOxfordCommasTest.java
6,src/main/java/org/jabref/logic/layout/LayoutFormatter.java
7,src/main/java/org/jabref/gui/integrity/IntegrityCheckDialogViewModel.java
1,src/test/java/org/jabref/logic/l10n/LocalizationKeyParamsTest.java
1,src/test/java/org/jabref/gui/externalfiles/GitIgnoreFileFilterTest.java
9,src/test/java/org/jabref/logic/importer/util/GroupsParserTest.java
12,src/test/java/org/jabref/model/entry/KeywordListTest.java
4,src/main/java/org/jabref/gui/help/NewVersionDialog.java
6,src/main/java/org/jabref/gui/documentviewer/PdfDocumentPageViewModel.java
4,src/main/java/org/jabref/logic/importer/OpenDatabase.java
4,src/test/java/org/jabref/model/search/matchers/MatcherSetsTest.java
4,src/main/java/org/jabref/model/util/DummyFileUpdateMonitor.java
6,src/test/java/org/jabref/logic/layout/format/AuthorAndToSemicolonReplacerTest.java
9,src/main/java/org/jabref/logic/importer/fileformat/CitaviXmlImporter.java
7,src/main/java/org/jabref/gui/edit/ManageKeywordsAction.java
6,src/main/java/org/jabref/model/openoffice/util/OOListUtil.java
6,src/main/java/org/jabref/gui/util/ViewModelListCellFactory.java
4,buildSrc/src/copied/java/org/jabref/logic/journals/JournalAbbreviationRepository.java
12,src/main/java/org/jabref/model/openoffice/style/CitationGroups.java
9,src/main/java/org/jabref/logic/shared/DBMSConnectionPropertiesBuilder.java
4,src/main/java/org/jabref/gui/commonfxcontrols/SaveOrderConfigPanelViewModel.java
7,src/main/java/org/jabref/gui/util/DirectoryDialogConfiguration.java
7,src/main/java/org/jabref/gui/openoffice/DetectOpenOfficeInstallation.java
6,src/main/java/org/jabref/model/metadata/ContentSelectors.java
9,src/main/java/org/jabref/logic/cleanup/CleanupWorker.java
9,src/test/java/org/jabref/logic/integrity/JournalInAbbreviationListCheckerTest.java
6,src/main/java/org/jabref/gui/help/VersionWorker.java
7,src/main/java/org/jabref/gui/collab/stringchange/BibTexStringChange.java
6,src/main/java/org/jabref/logic/preferences/TimestampPreferences.java
4,src/main/java/org/jabref/logic/importer/fileformat/PdfEmbeddedBibFileImporter.java
1,src/main/java/org/jabref/model/openoffice/uno/UnoReferenceMark.java
1,src/main/java/org/jabref/model/search/rules/RegexBasedSearchRule.java
6,src/main/java/org/jabref/logic/cleanup/RelativePathsCleanup.java
1,src/main/java/org/jabref/logic/util/UpdateField.java
1,src/main/java/org/jabref/logic/importer/fetcher/transformers/YearAndYearRangeByFilteringQueryTransformer.java
4,src/test/java/org/jabref/logic/importer/fetcher/transformers/ScholarQueryTransformerTest.java
9,src/main/java/org/jabref/logic/protectedterms/ProtectedTermsPreferences.java
1,src/main/java/org/jabref/gui/mergeentries/MergeEntriesDialog.java
1,src/main/java/org/jabref/logic/journals/JournalAbbreviationLoader.java
1,src/main/java/org/jabref/gui/externalfiletype/UnknownExternalFileType.java
4,src/main/java/org/jabref/gui/desktop/os/Linux.java
9,src/test/java/org/jabref/logic/journals/AbbreviationTest.java
12,src/test/java/org/jabref/model/TreeNodeTestData.java
6,src/main/java/org/jabref/gui/fieldeditors/contextmenu/EditorContextAction.java
6,src/main/java/org/jabref/logic/formatter/bibtexfields/RemoveDigitsFormatter.java
6,src/main/java/org/jabref/logic/importer/util/JsonReader.java
4,src/main/java/org/jabref/logic/layout/format/RisKeywords.java
4,src/test/java/org/jabref/logic/integrity/DoiDuplicationCheckerTest.java
4,src/main/java/org/jabref/logic/layout/format/HTMLParagraphs.java
6,src/test/java/org/jabref/logic/l10n/LocalizationKeyTest.java
6,src/test/java/org/jabref/logic/importer/fetcher/ACSTest.java
1,src/test/java/org/jabref/logic/importer/fetcher/CiteSeerTest.java
1,src/main/java/org/jabref/gui/libraryproperties/keypattern/KeyPatternPropertiesViewModel.java
1,src/test/java/org/jabref/gui/exporter/ExportToClipboardActionTest.java
1,src/main/java/org/jabref/gui/util/CustomLocalDragboard.java
4,src/main/java/org/jabref/logic/net/ProgressInputStream.java
4,src/test/java/org/jabref/logic/bst/util/BstTextPrefixerTest.java
1,src/main/java/org/jabref/model/util/ResultingStringState.java
1,src/main/java/org/jabref/gui/util/BindingsHelper.java
1,src/test/java/org/jabref/model/entry/identifier/MathSciNetIdTest.java
4,src/main/java/org/jabref/gui/libraryproperties/AbstractPropertiesTabView.java
1,src/main/java/org/jabref/logic/importer/OutputPrinter.java
6,src/main/java/org/jabref/model/openoffice/uno/UnoCrossRef.java
6,src/main/java/org/jabref/gui/preferences/groups/GroupsTabViewModel.java
9,src/main/java/org/jabref/logic/l10n/LocalizationLocator.java
1,src/test/java/org/jabref/logic/crawler/CrawlerTest.java
6,src/main/java/org/jabref/gui/mergeentries/MultiMergeEntriesView.java
9,src/main/java/org/jabref/logic/integrity/BracketChecker.java
4,src/test/java/org/jabref/logic/importer/FulltextFetchersTest.java
6,src/main/java/org/jabref/gui/texparser/CitationsDisplay.java
6,src/main/java/org/jabref/logic/importer/fileformat/PdfXmpImporter.java
9,src/main/java/org/jabref/logic/integrity/JournalInAbbreviationListChecker.java
12,src/main/java/org/jabref/model/search/matchers/AndMatcher.java
4,src/main/java/org/jabref/gui/undo/UndoableInsertEntries.java
1,src/main/java/org/jabref/gui/undo/UndoableKeyChange.java
6,src/main/java/org/jabref/gui/desktop/os/Windows.java
4,src/main/java/org/jabref/logic/importer/fetcher/MathSciNet.java
4,src/main/java/org/jabref/logic/bst/util/BstCaseChanger.java
4,src/test/java/org/jabref/model/groups/GroupTreeNodeTest.java
1,src/main/java/org/jabref/gui/openoffice/OOBibBaseConnect.java
1,src/main/java/org/jabref/logic/shared/DatabaseLocation.java
9,src/main/java/org/jabref/logic/layout/LayoutEntry.java
7,src/main/java/org/jabref/gui/edit/ManageKeywordsViewModel.java
6,src/main/java/org/jabref/logic/util/strings/QuotedStringTokenizer.java
1,src/main/java/org/jabref/logic/cleanup/Formatter.java
5,src/test/java/org/jabref/model/entry/EntryLinkListTest.java
4,src/test/java/org/jabref/logic/integrity/BooktitleCheckerTest.java
6,src/test/java/org/jabref/model/entry/field/BibFieldTest.java
1,src/main/java/org/jabref/logic/openoffice/NoDocumentFoundException.java
6,src/main/java/org/jabref/gui/actions/StandardActions.java
9,src/main/java/org/jabref/logic/openoffice/style/OOPreFormatter.java
12,src/main/java/org/jabref/model/openoffice/ootext/OOText.java
1,src/main/java/org/jabref/logic/cleanup/CleanupJob.java
4,src/test/java/org/jabref/logic/importer/util/JsonReaderTest.java
1,src/test/java/org/jabref/logic/formatter/bibtexfields/RemoveHyphenatedNewlinesFormatterTest.java
6,src/test/java/org/jabref/gui/autocompleter/ContentSelectorSuggestionProviderTest.java
6,src/main/java/org/jabref/logic/openoffice/style/OOFormatBibliography.java
4,src/main/java/org/jabref/model/groups/AllEntriesGroup.java
9,src/test/java/org/jabref/logic/integrity/PersonNamesCheckerTest.java
4,src/main/java/org/jabref/gui/slr/StudyDatabaseItem.java
4,src/main/java/org/jabref/logic/shared/DBMSType.java
6,src/main/java/org/jabref/logic/importer/fetcher/GrobidCitationFetcher.java
5,src/main/java/org/jabref/model/pdf/search/PdfSearchResults.java
12,src/main/java/org/jabref/model/openoffice/rangesort/RangeOverlap.java
1,src/main/java/org/jabref/gui/fieldeditors/FieldEditors.java
4,src/main/java/org/jabref/model/openoffice/uno/UnoBookmark.java
4,src/main/java/org/jabref/logic/importer/fileformat/MedlinePlainImporter.java
4,src/main/java/org/jabref/gui/maintable/MainTable.java
1,src/test/java/org/jabref/logic/importer/fetcher/ZbMATHTest.java
4,src/test/java/org/jabref/logic/shared/DBMSConnectionTest.java
4,src/main/java/org/jabref/logic/importer/fetcher/SpringerFetcher.java
4,src/main/java/org/jabref/logic/importer/fetcher/ApsFetcher.java
6,src/main/java/org/jabref/logic/formatter/bibtexfields/AddBracesFormatter.java
9,src/main/java/org/jabref/model/entry/field/FieldFactory.java
1,src/main/java/org/jabref/logic/pdf/search/indexing/IndexingTaskManager.java
6,src/main/java/org/jabref/logic/exporter/Exporter.java
1,src/main/java/org/jabref/gui/collab/DatabaseChangeMonitor.java
9,src/test/java/org/jabref/logic/importer/fetcher/transformers/GVKQueryTransformerTest.java
1,src/main/java/org/jabref/logic/bibtex/comparator/GroupDiff.java
1,src/main/java/org/jabref/gui/preview/PreviewViewer.java
1,src/test/java/org/jabref/logic/importer/fetcher/isbntobibtex/IsbnFetcherTest.java
1,src/main/java/org/jabref/gui/util/ViewModelTreeTableCellFactory.java
1,src/main/java/org/jabref/gui/slr/ExistingStudySearchAction.java
4,src/main/java/org/jabref/gui/remote/CLIMessageHandler.java
1,src/main/java/org/jabref/model/entry/field/FieldProperty.java
6,src/main/java/org/jabref/logic/importer/fetcher/ACS.java
1,src/main/java/org/jabref/logic/integrity/ISSNChecker.java
4,src/main/java/org/jabref/gui/mergeentries/newmergedialog/cell/ThreeWayMergeCellViewModel.java
9,src/test/java/org/jabref/logic/layout/format/RisKeywordsTest.java
6,src/main/java/org/jabref/model/study/StudyDatabase.java
6,src/main/java/org/jabref/logic/preferences/FetcherApiKey.java
9,src/main/java/org/jabref/logic/importer/fileformat/RepecNepImporter.java
9,src/test/java/org/jabref/logic/integrity/YearCheckerTest.java
6,src/main/java/org/jabref/logic/msbib/PageNumbers.java
7,src/main/java/org/jabref/gui/undo/UndoableStringChange.java
7,src/main/java/org/jabref/gui/preferences/external/ExternalTab.java
9,src/main/java/org/jabref/model/entry/Month.java
1,src/main/java/org/jabref/model/database/event/BibDatabaseContextChangedEvent.java
1,src/test/java/org/jabref/logic/net/ProxyTest.java
1,src/test/java/org/jabref/logic/pdf/EntryAnnotationImporterTest.java
4,src/main/java/org/jabref/logic/l10n/LocalizationKey.java
4,src/main/java/org/jabref/model/entry/field/BiblatexApaField.java
6,src/main/java/org/jabref/model/groups/AllEntriesGroup.java
9,src/main/java/org/jabref/logic/cleanup/Formatter.java
4,src/main/java/org/jabref/model/openoffice/uno/UnoProperties.java
6,src/main/java/org/jabref/logic/util/WebViewStore.java
1,src/main/java/org/jabref/gui/util/uithreadaware/UiThreadListChangeListener.java
6,src/main/java/org/jabref/logic/citationstyle/CitationStyleGenerator.java
6,src/main/java/org/jabref/logic/undo/UndoChangeEvent.java
9,src/main/java/org/jabref/logic/integrity/BibStringChecker.java
7,src/main/java/org/jabref/gui/importer/ImportEntriesDialog.java
2,src/main/java/org/jabref/cli/JabRefCLI.java
4,src/main/java/org/jabref/logic/importer/fetcher/GoogleScholar.java
6,src/main/java/org/jabref/logic/formatter/IdentityFormatter.java
4,src/main/java/org/jabref/logic/importer/fetcher/transformers/MedlineQueryTransformer.java
1,src/main/java/org/jabref/gui/preferences/groups/GroupsTab.java
9,src/main/java/org/jabref/model/entry/EntryLinkList.java
9,src/main/java/org/jabref/model/entry/types/BiblatexAPAEntryTypeDefinitions.java
6,src/main/java/org/jabref/gui/edit/ReplaceStringAction.java
1,src/main/java/org/jabref/gui/util/uithreadaware/UiThreadHelper.java
4,src/test/java/org/jabref/logic/importer/fetcher/LibraryOfCongressTest.java
9,src/main/java/org/jabref/logic/importer/fetcher/CustomizableKeyFetcher.java
9,src/main/java/org/jabref/model/groups/KeywordGroup.java
1,src/test/java/org/jabref/logic/layout/format/AuthorAndsReplacerTest.java
9,src/test/java/org/jabref/logic/importer/fetcher/transformers/SpringerQueryTransformerTest.java
6,src/main/java/org/jabref/logic/integrity/DoiDuplicationChecker.java
6,src/main/java/org/jabref/gui/externalfiles/ExternalFileSorter.java
9,src/test/java/org/jabref/logic/net/MimeTypeDetectorTest.java
4,src/test/java/org/jabref/gui/search/GrammarBasedSearchRuleDescriberTest.java
4,src/main/java/org/jabref/logic/crawler/StudyDatabaseToFetcherConverter.java
9,src/main/java/org/jabref/logic/texparser/LatexParser.java
1,src/main/java/org/jabref/gui/preferences/entry/EntryTab.java
7,src/main/java/org/jabref/gui/fieldeditors/JournalEditorViewModel.java
1,src/main/java/org/jabref/logic/layout/format/AuthorFirstAbbrLastCommas.java
6,src/main/java/org/jabref/logic/importer/WebFetchers.java
4,src/test/java/org/jabref/logic/shared/ConnectorTest.java
6,src/main/java/org/jabref/gui/entryeditor/EntryEditorPreferences.java
6,src/test/java/org/jabref/logic/formatter/bibtexfields/HtmlToLatexFormatterTest.java
6,src/main/java/org/jabref/logic/layout/format/ReplaceWithEscapedDoubleQuotes.java
4,src/test/java/org/jabref/logic/importer/fetcher/OpenAccessDoiTest.java
9,src/main/java/org/jabref/logic/importer/fetcher/LibraryOfCongress.java
6,src/main/java/org/jabref/gui/collab/DatabaseChangeList.java
1,src/main/java/org/jabref/model/openoffice/util/OOVoidResult.java
4,src/main/java/org/jabref/gui/push/PushToVim.java
4,src/main/java/org/jabref/gui/fieldeditors/EditorTextArea.java
6,src/main/java/org/jabref/logic/layout/TextBasedPreviewLayout.java
1,src/test/java/org/jabref/logic/exporter/DocBook5ExporterTest.java
4,src/main/java/org/jabref/model/openoffice/style/CitedKeys.java
9,src/main/java/org/jabref/model/entry/event/FieldAddedOrRemovedEvent.java
4,src/main/java/org/jabref/logic/importer/fetcher/GrobidPreferences.java
6,src/test/java/org/jabref/logic/formatter/bibtexfields/UnitsToLatexFormatterTest.java
4,src/main/java/org/jabref/logic/layout/format/JournalAbbreviator.java
9,src/main/java/org/jabref/logic/util/strings/HTMLUnicodeConversionMaps.java
9,src/main/java/org/jabref/model/entry/types/BibtexEntryTypeDefinitions.java
9,src/test/java/org/jabref/model/search/rules/SentenceAnalyzerTest.java
4,src/test/java/org/jabref/logic/importer/fetcher/AstrophysicsDataSystemTest.java
6,src/main/java/org/jabref/logic/openoffice/frontend/UpdateCitationMarkers.java
9,src/main/java/org/jabref/logic/layout/format/FormatPagesForXML.java
4,src/test/java/org/jabref/logic/bst/BstVMTest.java
4,src/main/java/org/jabref/model/search/rules/SearchRules.java
5,src/main/java/org/jabref/model/groups/GroupHierarchyType.java
9,src/main/java/org/jabref/logic/net/URLDownload.java
1,src/test/java/org/jabref/model/entry/CanonicalBibEntryTest.java
5,src/main/java/org/jabref/model/study/Study.java
4,src/main/java/org/jabref/gui/journals/AbbreviateAction.java
5,src/test/java/org/jabref/model/entry/field/FieldFactoryTest.java
4,src/main/java/org/jabref/gui/libraryproperties/contentselectors/ContentSelectorViewModel.java
5,src/main/java/org/jabref/model/entry/field/UnknownField.java
5,src/test/java/org/jabref/model/entry/EntryTypeFactoryTest.java
4,src/test/java/org/jabref/logic/bibtex/BibEntryAssert.java
7,src/main/java/org/jabref/gui/preferences/PreferencesDialogViewModel.java
1,src/test/java/org/jabref/logic/citationkeypattern/MakeLabelWithoutDatabaseTest.java
6,src/main/java/org/jabref/gui/preferences/network/CustomCertificateViewModel.java
6,src/main/java/org/jabref/gui/preferences/network/NetworkTabViewModel.java
4,src/main/java/org/jabref/model/entry/BibEntryType.java
4,src/test/java/org/jabref/model/entry/KeywordListTest.java
4,src/main/java/org/jabref/gui/edit/ManageKeywordsDialog.java
1,src/main/java/org/jabref/logic/importer/SearchBasedFetcher.java
1,src/main/java/org/jabref/gui/logging/GuiWriter.java
6,src/test/java/org/jabref/model/entry/AuthorListTest.java
12,src/test/java/org/jabref/model/paging/PageTest.java
12,src/test/java/org/jabref/model/search/rules/MockSearchMatcher.java
4,src/main/java/org/jabref/gui/undo/UndoableRemoveString.java
9,src/test/java/org/jabref/logic/formatter/IdentityFormatterTest.java
9,src/main/java/org/jabref/model/entry/field/SpecialField.java
9,src/main/java/org/jabref/model/openoffice/rangesort/RangeOverlapBetween.java
7,src/main/java/org/jabref/gui/texparser/ParseLatexDialogView.java
4,src/main/java/org/jabref/logic/bibtex/comparator/FieldComparator.java
9,src/test/java/org/jabref/logic/layout/format/CompositeFormatTest.java
6,src/main/java/org/jabref/logic/formatter/bibtexfields/RemoveBracesFormatter.java
1,src/test/java/org/jabref/logic/cleanup/EprintCleanupTest.java
6,src/main/java/org/jabref/logic/util/UnknownFileType.java
12,src/main/java/org/jabref/model/openoffice/ootext/OOTextIntoOO.java
12,src/main/java/org/jabref/model/database/KeyCollisionException.java
4,src/test/java/org/jabref/logic/importer/fetcher/TitleFetcherTest.java
6,src/test/java/org/jabref/logic/exporter/HtmlExportFormatTest.java
4,src/test/java/org/jabref/logic/importer/fileformat/ModsImporterFilesTest.java
1,src/main/java/org/jabref/logic/importer/fetcher/transformers/BiodiversityLibraryTransformer.java
6,src/main/java/org/jabref/logic/layout/format/AuthorLastFirstOxfordCommas.java
4,src/main/java/org/jabref/logic/importer/fetcher/BvbFetcher.java
9,src/main/java/org/jabref/logic/exporter/Exporter.java
4,src/test/java/org/jabref/model/entry/AuthorListTest.java
1,src/main/java/org/jabref/logic/util/strings/HTMLUnicodeConversionMaps.java
6,src/test/java/org/jabref/logic/bibtex/comparator/BibStringDiffTest.java
1,src/test/java/org/jabref/gui/maintable/MainTableColumnModelTest.java
6,src/main/java/org/jabref/gui/groups/UndoableChangeEntriesOfGroup.java
6,src/main/java/org/jabref/logic/importer/fetcher/SpringerFetcher.java
9,src/test/java/org/jabref/logic/importer/fetcher/CompositeIdFetcherTest.java
6,src/test/java/org/jabref/logic/exporter/YamlExporterTest.java
9,src/main/java/org/jabref/logic/exporter/ExporterFactory.java
6,src/main/java/org/jabref/logic/layout/format/RisMonth.java
9,src/test/java/org/jabref/model/entry/DateTest.java
4,src/main/java/org/jabref/model/search/rules/ContainsBasedSearchRule.java
1,src/main/java/org/jabref/model/entry/event/EntryChangedEvent.java
4,src/main/java/org/jabref/gui/help/HelpAction.java
12,src/main/java/org/jabref/model/entry/identifier/ARK.java
9,src/main/java/org/jabref/logic/importer/fetcher/OpenAccessDoi.java
5,src/main/java/org/jabref/model/groups/GroupTreeNode.java
4,src/main/java/org/jabref/gui/fieldeditors/contextmenu/EditorMenus.java
1,src/main/java/org/jabref/gui/maintable/MainTablePreferences.java
6,src/test/java/org/jabref/model/strings/StringUtilTest.java
6,src/main/java/org/jabref/logic/util/FileType.java
1,src/main/java/org/jabref/logic/xmp/XmpUtilShared.java
1,src/main/java/org/jabref/gui/preferences/linkedfiles/LinkedFilesTabViewModel.java
1,src/main/java/org/jabref/model/entry/identifier/ArXivIdentifier.java
6,src/test/java/org/jabref/gui/maintable/MainTableColumnModelTest.java
1,src/main/java/org/jabref/logic/cleanup/CleanupWorker.java
1,src/main/java/org/jabref/gui/libraryproperties/saving/SavingPropertiesView.java
1,src/main/java/org/jabref/gui/fieldeditors/DateEditor.java
4,src/main/java/org/jabref/gui/theme/StyleSheetFile.java
4,src/main/java/org/jabref/logic/msbib/MSBibEntry.java
4,src/main/java/org/jabref/logic/undo/UndoChangeEvent.java
7,src/main/java/org/jabref/gui/help/AboutDialogViewModel.java
6,src/main/java/org/jabref/model/entry/identifier/IacrEprint.java
9,src/test/java/org/jabref/logic/citationkeypattern/MakeLabelWithoutDatabaseTest.java
4,src/main/java/org/jabref/model/metadata/ContentSelector.java
4,src/main/java/org/jabref/logic/importer/ImporterPreferences.java
1,src/main/java/org/jabref/model/openoffice/uno/NoDocumentException.java
9,src/main/java/org/jabref/logic/importer/ImportFormatPreferences.java
1,src/main/java/org/jabref/logic/cleanup/FileLinksCleanup.java
4,src/main/java/org/jabref/logic/openoffice/frontend/UpdateCitationMarkers.java
5,src/main/java/org/jabref/model/openoffice/uno/UnoProperties.java
7,src/main/java/org/jabref/gui/preferences/keybindings/presets/NewEntryBindingPreset.java
6,src/test/java/org/jabref/logic/shared/TestManager.java
7,src/main/java/org/jabref/gui/mergeentries/newmergedialog/diffhighlighter/UnifiedDiffHighlighter.java
4,src/main/java/org/jabref/logic/openoffice/NoDocumentFoundException.java
4,src/test/java/org/jabref/model/entry/EntryTypeFactoryTest.java
6,src/test/java/org/jabref/logic/integrity/PagesCheckerBiblatexTest.java
6,src/main/java/org/jabref/logic/importer/fetcher/ComplexSearchQuery.java
4,src/main/java/org/jabref/gui/groups/GroupDialogViewModel.java
6,src/main/java/org/jabref/gui/autocompleter/AutoCompletionInput.java
6,src/main/java/org/jabref/gui/search/rules/describer/SearchDescribers.java
6,src/test/java/org/jabref/logic/layout/format/DOIStripTest.java
4,src/main/java/org/jabref/logic/importer/fetcher/SemanticScholar.java
9,src/main/java/org/jabref/model/openoffice/uno/UnoTextSection.java
9,src/test/java/org/jabref/model/database/KeyChangeListenerTest.java
1,src/main/java/org/jabref/gui/groups/UndoableModifySubtree.java
6,src/main/java/org/jabref/logic/bibtex/comparator/FieldComparator.java
1,src/test/java/org/jabref/logic/integrity/ISBNCheckerTest.java
6,src/main/java/org/jabref/logic/importer/ImportCleanup.java
4,src/test/java/org/jabref/logic/util/io/BackupFileUtilTest.java
7,src/main/java/org/jabref/gui/entryeditor/EntryEditor.java
4,src/main/java/org/jabref/logic/importer/fetcher/JstorFetcher.java
1,src/main/java/org/jabref/model/entry/types/BiblatexEntryTypeDefinitions.java
6,src/main/java/org/jabref/logic/importer/fileformat/CitaviXmlImporter.java
6,src/test/java/org/jabref/gui/util/comparator/RankingFieldComparatorTest.java
4,src/main/java/org/jabref/model/entry/field/SpecialField.java
1,src/main/java/org/jabref/gui/edit/ReplaceStringViewModel.java
4,src/main/java/org/jabref/logic/layout/ParamLayoutFormatter.java
4,src/main/java/org/jabref/gui/mergeentries/MergeEntriesDialog.java
4,src/main/java/org/jabref/gui/entryeditor/OptionalFieldsTab.java
1,src/main/java/org/jabref/model/search/matchers/OrMatcher.java
4,src/main/java/org/jabref/logic/layout/format/AuthorLastFirstAbbrCommas.java
1,src/main/java/org/jabref/logic/auxparser/AuxParser.java
9,src/test/java/org/jabref/logic/exporter/XmpPdfExporterTest.java
6,src/main/java/org/jabref/logic/importer/ParserResult.java
6,src/main/java/org/jabref/gui/fieldeditors/TypeEditorViewModel.java
1,src/main/java/org/jabref/gui/linkedfile/AttachFileAction.java
6,src/test/java/org/jabref/logic/formatter/bibtexfields/RegexFormatterTest.java
7,src/test/java/org/jabref/gui/search/GlobalSearchBarTest.java
4,src/main/java/org/jabref/gui/preferences/entry/EntryTabViewModel.java
6,src/main/java/org/jabref/logic/importer/util/INSPIREBibtexFilterReader.java
6,src/main/java/org/jabref/gui/util/OpenHyperlinksInExternalBrowser.java
1,src/main/java/org/jabref/logic/texparser/TexBibEntriesResolver.java
6,src/main/java/org/jabref/logic/importer/fetcher/transformers/GVKQueryTransformer.java
7,src/main/java/org/jabref/gui/util/DefaultTaskExecutor.java
1,src/main/java/org/jabref/model/entry/field/IEEEField.java
6,src/main/java/org/jabref/gui/libraryproperties/keypattern/KeyPatternPropertiesView.java
1,src/main/java/org/jabref/logic/crawler/StudyYamlParser.java
6,src/main/java/org/jabref/logic/integrity/PersonNamesChecker.java
4,src/main/java/org/jabref/logic/layout/TextBasedPreviewLayout.java
7,src/main/java/org/jabref/gui/exporter/ExportToClipboardAction.java
9,src/main/java/org/jabref/model/schema/DublinCoreSchemaCustom.java
1,src/main/java/org/jabref/logic/importer/ParserResult.java
6,src/main/java/org/jabref/logic/layout/format/CreateDocBook4Authors.java
1,src/main/java/org/jabref/logic/importer/fetcher/RfcFetcher.java
1,src/test/java/org/jabref/logic/importer/fileformat/PdfVerbatimBibTextImporterTest.java
6,src/main/java/org/jabref/gui/mergeentries/newmergedialog/fieldsmerger/FieldMerger.java
6,src/main/java/org/jabref/logic/formatter/casechanger/TitleParser.java
12,src/test/java/org/jabref/model/entry/KeywordTest.java
1,src/main/java/org/jabref/logic/layout/format/Iso690NamesAuthors.java
4,src/main/java/org/jabref/gui/util/CustomLocalDragboard.java
6,src/main/java/org/jabref/gui/autocompleter/AppendPersonNamesStrategy.java
9,src/test/java/org/jabref/logic/importer/ImportFormatReaderParameterlessTest.java
1,src/test/java/org/jabref/logic/formatter/minifier/TruncateFormatterTest.java
4,src/main/java/org/jabref/gui/documentviewer/PageDimension.java
4,src/main/java/org/jabref/logic/importer/fileformat/CitaviXmlImporter.java
6,src/main/java/org/jabref/logic/layout/StringInt.java
4,src/main/java/org/jabref/gui/specialfields/SpecialFieldViewModel.java
9,src/main/java/org/jabref/logic/openoffice/action/ExportCited.java
9,src/test/java/org/jabref/model/entry/IdGeneratorTest.java
9,src/main/java/org/jabref/model/entry/field/BibField.java
6,src/main/java/org/jabref/gui/externalfiles/GitIgnoreFileFilter.java
4,src/main/java/org/jabref/gui/mergeentries/newmergedialog/cell/ThreeWayMergeCell.java
6,src/test/java/org/jabref/logic/util/VersionTest.java
1,src/test/java/org/jabref/logic/integrity/BibStringCheckerTest.java
6,src/main/java/org/jabref/gui/copyfiles/CopyFilesDialogView.java
4,src/main/java/org/jabref/logic/importer/fetcher/LibraryOfCongress.java
1,src/main/java/org/jabref/gui/auximport/FromAuxDialog.java
4,src/main/java/org/jabref/logic/WatchServiceUnavailableException.java
6,src/main/java/org/jabref/logic/cleanup/UpgradePdfPsToFileCleanup.java
6,src/main/java/org/jabref/logic/exporter/SaveConfiguration.java
7,src/main/java/org/jabref/gui/texparser/ParseLatexDialogViewModel.java
1,src/main/java/org/jabref/logic/bst/BstVM.java
6,src/test/java/org/jabref/model/groups/SearchGroupTest.java
4,src/main/java/org/jabref/logic/cleanup/CleanupJob.java
4,src/main/java/org/jabref/logic/layout/format/XMLChars.java
9,src/main/java/org/jabref/logic/integrity/DoiValidityChecker.java
1,src/main/java/org/jabref/gui/keyboard/KeyBinding.java
12,src/main/java/org/jabref/model/openoffice/style/CitationGroup.java
1,src/main/java/org/jabref/logic/layout/format/WrapFileLinks.java
4,src/main/java/org/jabref/logic/openoffice/action/EditSeparate.java
4,src/main/java/org/jabref/logic/shared/exception/SharedEntryNotPresentException.java
4,src/main/java/org/jabref/model/groups/AutomaticGroup.java
9,src/main/java/org/jabref/model/entry/field/BiblatexApaField.java
6,src/main/java/org/jabref/gui/logging/ApplicationInsightsWriter.java
4,src/main/java/org/jabref/logic/util/io/FileUtil.java
6,src/main/java/org/jabref/gui/undo/CountingUndoManager.java
1,src/main/java/org/jabref/gui/maintable/columns/FieldColumn.java
4,src/main/java/org/jabref/gui/collab/entrychange/EntryWithPreviewAndSourceDetailsView.java
6,src/main/java/org/jabref/logic/exporter/OpenOfficeDocumentCreator.java
9,src/test/java/org/jabref/logic/integrity/DateCheckerTest.java
1,src/main/java/org/jabref/logic/layout/format/LatexToUnicodeFormatter.java
1,src/test/java/org/jabref/logic/importer/fileformat/PdfContentImporterFilesTest.java
1,src/main/java/org/jabref/gui/documentviewer/ShowDocumentViewerAction.java
4,src/test/java/org/jabref/model/entry/CrossrefTest.java
1,src/main/java/org/jabref/logic/journals/AbbreviationParser.java
7,src/main/java/org/jabref/gui/autocompleter/AutoCompleteFirstNameMode.java
6,src/test/java/org/jabref/logic/importer/fileformat/InspecImporterTest.java
4,src/test/java/org/jabref/logic/integrity/IntegrityCheckTest.java
4,src/main/java/org/jabref/gui/importer/actions/MergeReviewIntoCommentConfirmationDialog.java
6,src/main/java/org/jabref/logic/exporter/MSBibExporter.java
6,src/main/java/org/jabref/model/openoffice/uno/UnoNameAccess.java
1,src/main/java/org/jabref/logic/formatter/bibtexfields/OrdinalsToSuperscriptFormatter.java
6,src/main/java/org/jabref/gui/duplicationFinder/DuplicateSearch.java
9,src/main/java/org/jabref/logic/layout/format/AuthorLastFirstAbbreviator.java
9,src/main/java/org/jabref/logic/cleanup/RenamePdfCleanup.java
4,src/main/java/org/jabref/gui/preferences/keybindings/presets/KeyBindingPreset.java
1,src/main/java/org/jabref/model/util/FileUpdateMonitor.java
1,src/test/java/org/jabref/logic/pdf/search/indexing/DocumentReaderTest.java
5,src/main/java/org/jabref/model/openoffice/rangesort/RangeSortable.java
4,src/main/java/org/jabref/gui/preferences/customentrytypes/CustomEntryTypeViewModel.java
12,src/main/java/org/jabref/model/openoffice/ootext/OOFormat.java
1,src/main/java/org/jabref/gui/fieldeditors/JournalEditor.java
1,src/main/java/org/jabref/logic/formatter/bibtexfields/EscapeAmpersandsFormatter.java
7,src/main/java/org/jabref/gui/openoffice/StyleSelectDialogViewModel.java
4,src/main/java/org/jabref/gui/autocompleter/FieldValueSuggestionProvider.java
1,src/main/java/org/jabref/logic/remote/client/RemoteClient.java
9,src/test/java/org/jabref/logic/importer/fetcher/transformers/JstorQueryTransformerTest.java
6,src/main/java/org/jabref/logic/remote/server/RemoteListenerServerThread.java
1,src/main/java/org/jabref/logic/journals/AbbreviationWriter.java
6,src/test/java/org/jabref/logic/layout/format/WrapContentTest.java
6,src/main/java/org/jabref/gui/fieldeditors/identifier/EprintIdentifierEditorViewModel.java
1,src/main/java/org/jabref/gui/preferences/entry/EntryTabViewModel.java
7,src/main/java/org/jabref/gui/actions/Action.java
4,src/main/java/org/jabref/logic/importer/fetcher/BiodiversityLibrary.java
1,src/main/java/org/jabref/logic/util/io/AutoLinkPreferences.java
6,src/test/java/org/jabref/logic/importer/fetcher/BvbFetcherTest.java
4,src/main/java/org/jabref/gui/libraryproperties/general/GeneralPropertiesViewModel.java
4,src/test/java/org/jabref/logic/importer/fetcher/MedlineFetcherTest.java
1,src/test/java/org/jabref/logic/importer/fileformat/RepecNepImporterTest.java
9,src/main/java/org/jabref/logic/importer/fetcher/MathSciNet.java
9,src/main/java/org/jabref/logic/importer/SearchBasedFetcher.java
4,src/main/java/org/jabref/model/openoffice/style/CitationType.java
6,src/test/java/org/jabref/logic/cleanup/CleanupWorkerTest.java
9,src/test/java/org/jabref/logic/importer/fetcher/SpringerLinkTest.java
6,src/test/java/org/jabref/logic/importer/fetcher/PagedSearchFetcherTest.java
1,src/main/java/org/jabref/gui/preferences/citationkeypattern/CitationKeyPatternTabViewModel.java
1,src/test/java/org/jabref/logic/integrity/CitationKeyCheckerTest.java
6,src/main/java/org/jabref/gui/SendAsEMailAction.java
9,src/main/java/org/jabref/logic/importer/fetcher/transformers/JstorQueryTransformer.java
6,src/main/java/org/jabref/logic/formatter/casechanger/LowerCaseFormatter.java
9,src/main/java/org/jabref/logic/layout/format/AuthorLF_FFAbbr.java
9,src/test/java/org/jabref/model/entry/EntryTypeFactoryTest.java
9,src/main/java/org/jabref/logic/pdf/search/indexing/IndexingTaskManager.java
6,src/main/java/org/jabref/gui/preferences/protectedterms/NewProtectedTermsFileDialog.java
6,src/main/java/org/jabref/gui/push/PushToApplicationSettings.java
4,src/main/java/org/jabref/logic/util/WebViewStore.java
6,src/main/java/org/jabref/model/entry/types/BiblatexSoftwareEntryType.java
1,src/main/java/org/jabref/logic/exporter/BibtexDatabaseWriter.java
1,src/test/java/org/jabref/logic/importer/fileformat/PdfMergeMetadataImporterTest.java
4,src/main/java/org/jabref/gui/fieldeditors/OptionEditor.java
7,src/main/java/org/jabref/gui/edit/automaticfiededitor/AutomaticFieldEditorDialog.java
4,src/main/java/org/jabref/gui/menus/ChangeEntryTypeMenu.java
6,src/main/java/org/jabref/logic/layout/format/AuthorAbbreviator.java
4,src/main/java/org/jabref/gui/externalfiletype/ExternalFileType.java
4,src/main/java/org/jabref/logic/exporter/Exporter.java
4,src/main/java/org/jabref/logic/pdf/EntryAnnotationImporter.java
6,src/test/java/org/jabref/logic/layout/format/RisMonthTest.java
9,src/test/java/org/jabref/logic/bst/BstPreviewLayoutTest.java
4,src/main/java/org/jabref/gui/preferences/PreferencesFilterDialog.java
1,src/main/java/org/jabref/logic/net/ssl/SSLPreferences.java
9,src/main/java/org/jabref/logic/cleanup/TimeStampToCreationDate.java
6,src/main/java/org/jabref/model/util/ListUtil.java
4,src/main/java/org/jabref/logic/importer/IdParserFetcher.java
1,src/test/java/org/jabref/logic/layout/LayoutHelperTest.java
9,src/test/java/org/jabref/logic/crawler/CrawlerTest.java
4,src/main/java/org/jabref/logic/openoffice/style/OOProcessAuthorYearMarkers.java
1,src/test/java/org/jabref/logic/citationstyle/CitationStyleTest.java
1,src/main/java/org/jabref/logic/importer/fetcher/transformers/IEEEQueryTransformer.java
4,src/main/java/org/jabref/model/entry/types/BibtexEntryTypeDefinitions.java
9,src/main/java/org/jabref/logic/util/TestEntry.java
7,src/main/java/org/jabref/gui/texparser/ParseLatexResultViewModel.java
6,src/main/java/org/jabref/gui/preferences/customentrytypes/CustomEntryTypesTabViewModel.java
6,src/test/java/org/jabref/logic/importer/fetcher/MedlineFetcherTest.java
1,src/main/java/org/jabref/gui/sidepane/SidePaneComponent.java
6,src/test/java/org/jabref/model/entry/IdGeneratorTest.java
4,src/main/java/org/jabref/gui/fieldeditors/identifier/IdentifierEditor.java
6,src/main/java/org/jabref/logic/importer/fetcher/ACMPortalFetcher.java
4,src/main/java/org/jabref/logic/importer/fileformat/OvidImporter.java
9,src/main/java/org/jabref/logic/util/OS.java
1,src/main/java/org/jabref/logic/importer/fileformat/RepecNepImporter.java
7,src/main/java/org/jabref/gui/libraryproperties/keypattern/KeyPatternPropertiesViewModel.java
4,src/main/java/org/jabref/gui/fieldeditors/WriteMetadataToPdfCommand.java
1,src/test/java/org/jabref/logic/layout/format/AuthorNatBibTest.java
9,src/test/java/org/jabref/logic/importer/fetcher/ResearchGateTest.java
4,src/main/java/org/jabref/model/search/matchers/AndMatcher.java
9,src/main/java/org/jabref/logic/importer/fetcher/transformers/BiodiversityLibraryTransformer.java
6,src/main/java/org/jabref/logic/layout/format/ToLowerCase.java
7,src/main/java/org/jabref/gui/openoffice/ManageCitationsDialogViewModel.java
9,src/main/java/org/jabref/logic/integrity/EntryLinkChecker.java
6,src/main/java/org/jabref/gui/JabRefExecutorService.java
6,src/test/java/org/jabref/logic/util/FileNameCleanerTest.java
4,src/test/java/org/jabref/gui/util/TooltipTextUtilTest.java
6,src/test/java/org/jabref/logic/importer/fileformat/IsiImporterTest.java
7,src/main/java/org/jabref/gui/entryeditor/EntryEditorTab.java
1,src/main/java/org/jabref/gui/preferences/entryeditor/EntryEditorTab.java
6,src/test/java/org/jabref/logic/importer/fetcher/CollectionOfComputerScienceBibliographiesFetcherTest.java
4,src/test/java/org/jabref/logic/layout/format/AuthorLastFirstAbbreviatorTest.java
5,src/main/java/org/jabref/model/database/BibDatabaseContext.java
1,src/main/java/org/jabref/gui/groups/GroupDialogViewModel.java
6,src/main/java/org/jabref/gui/preferences/nameformatter/NameFormatterTabViewModel.java
6,src/main/java/org/jabref/model/openoffice/uno/UnoReferenceMark.java
9,src/main/java/org/jabref/model/entry/event/EntriesEvent.java
1,src/main/java/org/jabref/model/openoffice/rangesort/RangeSortEntry.java
6,src/test/java/org/jabref/logic/formatter/bibtexfields/RemoveHyphenatedNewlinesFormatterTest.java
4,src/main/java/org/jabref/logic/integrity/FieldCheckers.java
9,src/main/java/org/jabref/logic/protectedterms/ProtectedTermsParser.java
4,src/main/java/org/jabref/gui/shared/ConnectToSharedDatabaseCommand.java
7,src/main/java/org/jabref/gui/search/rules/describer/SearchDescriber.java
9,src/test/java/org/jabref/logic/integrity/CitationKeyDuplicationCheckerTest.java
7,src/main/java/org/jabref/gui/exporter/SaveAction.java
9,src/main/java/org/jabref/logic/layout/format/CreateDocBook5Editors.java
4,src/test/java/org/jabref/logic/git/GitHandlerTest.java
9,src/main/java/org/jabref/logic/layout/format/CSLType.java
9,src/test/java/org/jabref/logic/importer/fetcher/SemanticScholarTest.java
1,src/main/java/org/jabref/logic/pdf/PdfAnnotationImporter.java
4,src/test/java/org/jabref/logic/importer/fetcher/transformers/GVKQueryTransformerTest.java
9,src/main/java/org/jabref/logic/integrity/ISSNChecker.java
1,src/main/java/org/jabref/logic/util/io/FileUtil.java
4,src/main/java/org/jabref/logic/util/strings/StringSimilarity.java
9,src/main/java/org/jabref/logic/importer/fetcher/transformers/GVKQueryTransformer.java
4,src/main/java/org/jabref/logic/openoffice/action/Update.java
1,src/main/java/org/jabref/logic/layout/format/ToLowerCase.java
1,src/main/java/org/jabref/gui/importer/GenerateEntryFromIdAction.java
9,src/test/java/org/jabref/logic/importer/fetcher/DOAJFetcherTest.java
9,src/test/java/org/jabref/logic/layout/format/ToLowerCaseTest.java
6,src/test/java/org/jabref/model/entry/identifier/IacrEprintTest.java
1,src/main/java/org/jabref/gui/externalfiles/FileFilterUtils.java
4,src/main/java/org/jabref/logic/importer/fetcher/AstrophysicsDataSystem.java
6,src/main/java/org/jabref/model/openoffice/uno/UnoSelection.java
9,src/main/java/org/jabref/logic/importer/util/GrobidService.java
6,src/main/java/org/jabref/gui/importer/fetcher/WebSearchPaneViewModel.java
9,src/main/java/org/jabref/logic/help/HelpFile.java
4,src/main/java/org/jabref/logic/layout/format/DOICheck.java
4,src/test/java/org/jabref/logic/shared/security/PasswordTest.java
4,src/main/java/org/jabref/model/study/Study.java
1,src/main/java/org/jabref/model/metadata/event/MetaDataChangedEvent.java
1,src/main/java/org/jabref/gui/fieldeditors/MapBasedEditorViewModel.java
1,src/main/java/org/jabref/model/groups/AutomaticKeywordGroup.java
7,src/main/java/org/jabref/gui/mergeentries/newmergedialog/ThreeWayMergeViewModel.java
5,src/main/java/org/jabref/model/openoffice/uno/UnoUndo.java
1,src/main/java/org/jabref/gui/mergeentries/newmergedialog/DiffMethod.java
9,src/test/java/org/jabref/logic/importer/fileformat/MedlineImporterTest.java
1,src/main/java/org/jabref/logic/layout/format/LastPage.java
6,src/test/java/org/jabref/logic/openoffice/style/OOBibStyleTest.java
7,src/main/java/org/jabref/gui/util/DroppingMouseLocation.java
6,src/main/java/org/jabref/logic/layout/format/AuthorLastFirstAbbrOxfordCommas.java
1,src/test/java/org/jabref/logic/importer/fileformat/BibtexImporterTest.java
4,src/test/java/org/jabref/logic/msbib/MsBibMappingTest.java
6,src/test/java/org/jabref/logic/importer/fetcher/transformers/ScholarQueryTransformerTest.java
6,src/main/java/org/jabref/gui/groups/GroupNodeViewModel.java
4,src/test/java/org/jabref/logic/auxparser/AuxParserTest.java
7,src/main/java/org/jabref/gui/libraryproperties/saving/SavingPropertiesView.java
7,src/main/java/org/jabref/gui/util/uithreadaware/UiThreadChangeListener.java
9,src/test/java/org/jabref/logic/importer/fileformat/PdfVerbatimBibTextImporterTest.java
7,src/main/java/org/jabref/gui/groups/GroupDialogHeader.java
6,src/main/java/org/jabref/gui/autocompleter/AutoCompleteFirstNameMode.java
4,src/test/java/org/jabref/logic/importer/fileformat/MedlineImporterTest.java
4,src/main/java/org/jabref/logic/layout/format/HTMLChars.java
4,src/main/java/org/jabref/gui/libraryproperties/constants/ConstantsPropertiesViewModel.java
7,src/main/java/org/jabref/gui/search/rules/describer/GrammarBasedSearchRuleDescriber.java
1,src/main/java/org/jabref/gui/AbstractViewModel.java
6,src/test/java/org/jabref/logic/layout/format/AuthorOrgSciTest.java
6,src/main/java/org/jabref/gui/fieldeditors/URLUtil.java
6,src/test/java/org/jabref/gui/autocompleter/SuggestionProvidersTest.java
6,src/main/java/org/jabref/gui/fieldeditors/JournalEditor.java
6,src/main/java/org/jabref/gui/collab/DatabaseChangeListener.java
1,src/test/java/org/jabref/logic/citationkeypattern/BracketedPatternTest.java
6,src/main/java/org/jabref/gui/edit/automaticfiededitor/LastAutomaticFieldEditorEdit.java
6,src/test/java/org/jabref/gui/util/ColorUtilTest.java
7,src/main/java/org/jabref/gui/openoffice/CitationEntryViewModel.java
6,src/main/java/org/jabref/logic/importer/ImporterPreferences.java
1,src/main/java/org/jabref/logic/shared/listener/OracleNotificationListener.java
4,src/main/java/org/jabref/logic/shared/MySQLProcessor.java
4,src/main/java/org/jabref/gui/mergeentries/MultiMergeEntriesView.java
6,src/main/java/org/jabref/logic/layout/format/HTMLChars.java
9,src/test/java/org/jabref/logic/protectedterms/ProtectedTermsLoaderTest.java
6,src/main/java/org/jabref/logic/importer/fetcher/transformers/SpringerQueryTransformer.java
7,src/test/java/org/jabref/gui/edit/CopyOrMoveFieldContentTabViewModelTest.java
6,src/main/java/org/jabref/model/entry/field/StandardField.java
9,src/main/java/org/jabref/logic/layout/format/XMLChars.java
6,src/test/java/org/jabref/gui/edit/CopyOrMoveFieldContentTabViewModelTest.java
4,src/main/java/org/jabref/model/openoffice/rangesort/RangeSortVisual.java
4,src/main/java/org/jabref/gui/importer/GenerateEntryFromIdAction.java
4,src/test/java/org/jabref/logic/exporter/CsvExportFormatTest.java
9,src/main/java/org/jabref/logic/bibtex/comparator/PreambleDiff.java
9,src/main/java/org/jabref/logic/bibtex/comparator/BibStringDiff.java
1,src/main/java/org/jabref/logic/util/io/XMLUtil.java
1,src/main/java/org/jabref/gui/search/SearchTextField.java
1,src/main/java/org/jabref/logic/importer/fetcher/SemanticScholar.java
9,src/test/java/org/jabref/logic/exporter/MSBibExportFormatFilesTest.java
9,src/test/java/org/jabref/logic/xmp/XmpUtilWriterTest.java
1,src/main/java/org/jabref/gui/documentviewer/DocumentViewModel.java
6,src/main/java/org/jabref/model/entry/identifier/EprintIdentifier.java
4,src/main/java/org/jabref/model/entry/types/BiblatexSoftwareEntryTypeDefinitions.java
9,src/main/java/org/jabref/model/strings/LatexToUnicodeAdapter.java
1,src/main/java/org/jabref/logic/autosaveandbackup/BackupManager.java
6,src/main/java/org/jabref/gui/icon/IconTheme.java
9,src/main/java/org/jabref/logic/autosaveandbackup/BackupManager.java
7,src/main/java/org/jabref/gui/fieldeditors/KeywordsEditor.java
9,src/main/java/org/jabref/model/FieldChange.java
9,src/main/java/org/jabref/logic/layout/LayoutFormatter.java
12,src/main/java/org/jabref/model/entry/types/BiblatexAPAEntryTypeDefinitions.java
7,src/main/java/org/jabref/gui/fieldeditors/OwnerEditorViewModel.java
4,src/main/java/org/jabref/gui/bibtexextractor/ExtractBibtexDialog.java
6,src/main/java/org/jabref/gui/preferences/file/FileTabViewModel.java
1,src/test/java/org/jabref/logic/remote/RemoteSetupTest.java
4,src/test/java/org/jabref/logic/importer/fetcher/MedraTest.java
1,src/main/java/org/jabref/gui/fieldeditors/contextmenu/EditorMenus.java
4,src/main/java/org/jabref/gui/push/PushToApplicationSettings.java
9,src/main/java/org/jabref/logic/cleanup/FieldFormatterCleanup.java
1,src/main/java/org/jabref/logic/bibtex/comparator/FieldComparator.java
4,src/test/java/org/jabref/logic/importer/fileformat/InspecImporterTest.java
7,src/main/java/org/jabref/gui/specialfields/SpecialFieldViewModel.java
1,src/main/java/org/jabref/gui/preferences/protectedterms/ProtectedTermsListItemModel.java
4,src/test/java/org/jabref/logic/protectedterms/ProtectedTermsListTest.java
1,src/main/java/org/jabref/logic/importer/fetcher/CiteSeer.java
7,src/main/java/org/jabref/gui/preferences/PreferencesSearchHandler.java
1,src/test/java/org/jabref/logic/importer/fileformat/InspecImporterTest.java
1,src/main/java/org/jabref/gui/edit/automaticfiededitor/MoveFieldValueAction.java
6,src/main/java/org/jabref/gui/autocompleter/StringSuggestionProvider.java
1,src/main/java/org/jabref/gui/util/StreamGobbler.java
6,src/main/java/org/jabref/model/entry/field/SpecialField.java
4,src/main/java/org/jabref/logic/citationkeypattern/GlobalCitationKeyPattern.java
7,src/main/java/org/jabref/gui/search/SearchDisplayMode.java
4,src/main/java/org/jabref/logic/exporter/XmpPdfExporter.java
7,src/main/java/org/jabref/gui/texparser/ParseLatexAction.java
6,src/main/java/org/jabref/logic/l10n/LocalizationKeyParams.java
6,src/main/java/org/jabref/gui/copyfiles/CopyFilesDialogViewModel.java
4,src/main/java/org/jabref/logic/shared/DatabaseNotSupportedException.java
9,src/test/java/org/jabref/logic/cleanup/EprintCleanupTest.java
9,src/main/java/org/jabref/model/entry/SharedBibEntryData.java
6,src/test/java/org/jabref/logic/search/SearchQueryTest.java
4,src/test/java/org/jabref/logic/util/VersionTest.java
1,src/main/java/org/jabref/gui/maintable/columns/LibraryColumn.java
6,src/main/java/org/jabref/logic/layout/format/DocBookAuthorFormatter.java
7,src/main/java/org/jabref/gui/util/ViewModelTreeTableCellFactory.java
4,src/main/java/org/jabref/gui/copyfiles/CopyFilesDialogView.java
1,src/main/java/org/jabref/gui/preferences/preview/PreviewTab.java
1,src/main/java/org/jabref/model/openoffice/rangesort/RangeSortable.java
4,src/main/java/org/jabref/logic/undo/UndoRedoEvent.java
6,src/test/java/org/jabref/logic/layout/LayoutEntryTest.java
6,src/main/java/org/jabref/logic/importer/util/ShortDOIService.java
6,src/main/java/org/jabref/model/entry/field/IEEEField.java
4,src/main/java/org/jabref/logic/importer/fileformat/BiblioscapeImporter.java
9,src/test/java/org/jabref/logic/exporter/HtmlExportFormatTest.java
7,src/main/java/org/jabref/gui/libraryproperties/contentselectors/ContentSelectorView.java
1,src/test/java/org/jabref/logic/formatter/IdentityFormatterTest.java
4,src/main/java/org/jabref/logic/layout/format/IfPlural.java
6,src/main/java/org/jabref/logic/importer/fetcher/transformers/MedlineQueryTransformer.java
6,src/main/java/org/jabref/logic/integrity/AbbreviationChecker.java
6,src/test/java/org/jabref/model/entry/CrossrefTest.java
6,src/main/java/org/jabref/gui/preferences/entryeditor/EntryEditorTabViewModel.java
7,src/main/java/org/jabref/gui/importer/fetcher/WebSearchPaneView.java
6,src/test/java/org/jabref/gui/sidepane/SidePaneViewModelTest.java
5,src/main/java/org/jabref/model/study/StudyDatabase.java
4,src/main/java/org/jabref/model/entry/identifier/ARK.java
6,src/main/java/org/jabref/gui/util/ColorUtil.java
4,src/test/java/org/jabref/gui/externalfiletype/ExternalFileTypesTest.java
12,src/main/java/org/jabref/model/entry/types/EntryTypeFactory.java
6,src/test/java/org/jabref/logic/search/DatabaseSearcherTest.java
7,src/main/java/org/jabref/gui/push/PushToApplicationCommand.java
4,src/test/java/org/jabref/logic/journals/AbbreviationWriterTest.java
4,src/main/java/org/jabref/logic/integrity/DateChecker.java
4,src/test/java/org/jabref/logic/formatter/casechanger/TitleCaseFormatterTest.java
1,src/main/java/org/jabref/logic/integrity/MonthChecker.java
1,src/test/java/org/jabref/logic/formatter/bibtexfields/EscapeUnderscoresFormatterTest.java
6,src/main/java/org/jabref/gui/texparser/ReferenceViewModel.java
6,src/test/java/org/jabref/logic/layout/format/MarkdownFormatterTest.java
7,src/main/java/org/jabref/gui/entryeditor/MathSciNetTab.java
1,src/main/java/org/jabref/gui/util/CurrentThreadTaskExecutor.java
5,src/main/java/org/jabref/model/entry/field/SpecialFieldValue.java
9,src/main/java/org/jabref/logic/importer/fileformat/EndnoteXmlImporter.java
7,src/main/java/org/jabref/gui/edit/ReplaceStringView.java
12,src/main/java/org/jabref/model/study/StudyQuery.java
1,src/test/java/org/jabref/logic/integrity/CitationKeyDeviationCheckerTest.java
9,src/main/java/org/jabref/logic/util/UpdateField.java
5,src/main/java/org/jabref/model/entry/types/SystematicLiteratureReviewStudyEntryType.java
12,src/main/java/org/jabref/model/entry/field/AMSField.java
6,src/test/java/org/jabref/gui/search/GetLastSearchHistoryTest.java
1,src/test/java/org/jabref/logic/l10n/JavaLocalizationEntryParser.java
4,src/main/java/org/jabref/gui/icon/JabRefMaterialDesignIcon.java
4,src/test/java/org/jabref/gui/mergeentries/DiffHighlightingTest.java
7,src/main/java/org/jabref/gui/collab/DatabaseChange.java
9,src/main/java/org/jabref/logic/xmp/XmpUtilReader.java
7,src/test/java/org/jabref/gui/groups/GroupTreeViewModelTest.java
6,src/main/java/org/jabref/gui/documentviewer/PdfDocumentViewModel.java
1,src/main/java/org/jabref/gui/collab/entrychange/EntryChange.java
6,src/main/java/org/jabref/model/openoffice/style/NonUniqueCitationMarker.java
1,src/test/java/org/jabref/logic/integrity/HTMLCharacterCheckerTest.java
9,src/test/java/org/jabref/logic/importer/fetcher/ACMPortalFetcherTest.java
1,src/main/java/org/jabref/gui/shared/PullChangesFromSharedAction.java
9,src/main/java/org/jabref/logic/openoffice/style/OOFormatBibliography.java
4,src/main/java/org/jabref/model/pdf/search/EnglishStemAnalyzer.java
7,src/main/java/org/jabref/gui/util/uithreadaware/UiThreadObservableList.java
4,src/main/java/org/jabref/logic/importer/fetcher/GrobidCitationFetcher.java
6,src/test/java/org/jabref/gui/mergeentries/GroupMergerTest.java
1,src/main/java/org/jabref/logic/importer/fileformat/OvidImporter.java
4,src/main/java/org/jabref/gui/edit/ManageKeywordsDisplayType.java
1,src/main/java/org/jabref/gui/groups/GroupViewMode.java
6,src/main/java/org/jabref/logic/formatter/minifier/MinifyNameListFormatter.java
4,src/test/java/org/jabref/logic/formatter/bibtexfields/UnicodeConverterTest.java
4,src/main/java/org/jabref/gui/FXDialog.java
4,src/test/java/org/jabref/logic/cleanup/CleanupWorkerTest.java
1,src/test/java/org/jabref/logic/integrity/UrlCheckerTest.java
6,src/main/java/org/jabref/logic/integrity/YearChecker.java
6,src/main/java/org/jabref/model/study/FetchResult.java
4,src/test/java/org/jabref/logic/importer/fetcher/DoiFetcherTest.java
4,src/test/java/org/jabref/logic/layout/LayoutHelperTest.java
4,src/main/java/org/jabref/gui/slr/EditExistingStudyAction.java
6,src/main/java/org/jabref/gui/mergeentries/MultiMergeEntriesViewModel.java
9,src/test/java/org/jabref/logic/integrity/PagesCheckerBiblatexTest.java
4,src/main/java/org/jabref/model/database/BibDatabase.java
1,src/main/java/org/jabref/gui/util/component/TagBar.java
6,src/main/java/org/jabref/model/openoffice/uno/UnoStyle.java
6,src/main/java/org/jabref/logic/importer/fileformat/RepecNepImporter.java
9,src/test/java/org/jabref/logic/importer/fetcher/DBLPFetcherTest.java
4,src/main/java/org/jabref/logic/formatter/casechanger/UpperCaseFormatter.java
9,src/test/java/org/jabref/logic/integrity/DoiValidityCheckerTest.java
4,src/main/java/org/jabref/logic/importer/fileformat/ACMPortalParser.java
4,src/main/java/org/jabref/gui/externalfiles/UnlinkedFilesCrawler.java
1,src/main/java/org/jabref/gui/mergeentries/newmergedialog/PersonsNameFieldRowView.java
6,src/main/java/org/jabref/gui/copyfiles/CopyFilesResultItemViewModel.java
9,src/main/java/org/jabref/logic/layout/format/AuthorFirstLastCommas.java
1,src/main/java/org/jabref/gui/importer/ImportCustomEntryTypesDialog.java
6,src/main/java/org/jabref/logic/importer/fetcher/ScienceDirect.java
6,src/main/java/org/jabref/logic/util/strings/XmlCharsMap.java
9,src/main/java/org/jabref/logic/formatter/casechanger/ProtectTermsFormatter.java
1,src/main/java/org/jabref/logic/openoffice/backend/GetContext.java
6,src/main/java/org/jabref/gui/importer/NewDatabaseAction.java
4,src/test/java/org/jabref/logic/l10n/LocalizationTest.java
1,src/main/java/org/jabref/logic/openoffice/backend/Backend52.java
6,src/test/java/org/jabref/logic/formatter/bibtexfields/CleanupUrlFormatterTest.java
7,src/test/java/org/jabref/gui/fieldeditors/LinkedFileViewModelTest.java
4,src/main/java/org/jabref/gui/linkedfile/AttachFileAction.java
4,src/main/java/org/jabref/gui/preferences/nameformatter/NameFormatterTabViewModel.java
9,src/main/java/org/jabref/logic/integrity/TitleChecker.java
6,src/main/java/org/jabref/gui/fieldeditors/CitationKeyEditorViewModel.java
4,src/test/java/org/jabref/testutils/category/GUITest.java
6,src/main/java/org/jabref/logic/git/SlrGitHandler.java
1,src/main/java/org/jabref/gui/preferences/keybindings/KeyBindingsTab.java
1,src/main/java/org/jabref/model/search/rules/FullTextSearchRule.java
9,src/test/java/org/jabref/logic/formatter/bibtexfields/RemoveHyphenatedNewlinesFormatterTest.java
9,src/test/java/org/jabref/logic/shared/TestManager.java
1,src/test/java/org/jabref/logic/bst/util/BstTextPrefixerTest.java
1,src/main/java/org/jabref/logic/importer/fetcher/ScienceDirect.java
1,src/main/java/org/jabref/logic/l10n/LocalizationKey.java
4,src/test/java/org/jabref/gui/slr/ManageStudyDefinitionViewModelTest.java
9,src/main/java/org/jabref/logic/shared/DBMSType.java
9,src/main/java/org/jabref/model/entry/LinkedFile.java
1,src/main/java/org/jabref/gui/util/DirectoryDialogConfiguration.java
9,src/main/java/org/jabref/logic/importer/util/JsonReader.java
4,src/main/java/org/jabref/gui/mergeentries/MergeEntriesAction.java
4,src/main/java/org/jabref/logic/net/ProxyAuthenticator.java
9,src/test/java/org/jabref/logic/layout/format/NoSpaceBetweenAbbreviationsTest.java
6,src/test/java/org/jabref/logic/util/ExternalLinkCreatorTest.java
1,src/test/java/org/jabref/logic/util/BuildInfoTest.java
6,src/main/java/org/jabref/gui/exporter/CreateModifyExporterDialogViewModel.java
9,src/main/java/org/jabref/logic/openoffice/style/OOProcessCitationKeyMarkers.java
1,src/main/java/org/jabref/gui/preferences/AbstractPreferenceTabView.java
7,src/main/java/org/jabref/gui/help/HelpAction.java
9,src/test/java/org/jabref/logic/importer/util/ShortDOIServiceTest.java
4,src/main/java/org/jabref/gui/externalfiles/DateRange.java
4,src/main/java/org/jabref/gui/autocompleter/AutoCompletePreferences.java
4,src/main/java/org/jabref/logic/util/strings/XmlCharsMap.java
1,src/main/java/org/jabref/model/entry/Author.java
9,src/test/java/org/jabref/logic/formatter/casechanger/UnprotectTermsFormatterTest.java
6,src/test/java/org/jabref/logic/importer/fileformat/CustomImporterTest.java
6,src/main/java/org/jabref/gui/search/SearchResultsTable.java
6,src/main/java/org/jabref/gui/preferences/customentrytypes/EntryTypeViewModel.java
4,src/test/java/org/jabref/logic/importer/fetcher/CollectionOfComputerScienceBibliographiesFetcherTest.java
1,src/main/java/org/jabref/gui/util/uithreadaware/UiThreadInvalidationListener.java
4,src/test/java/org/jabref/logic/importer/fetcher/ResearchGateTest.java
6,src/main/java/org/jabref/logic/remote/RemoteUtil.java
7,src/main/java/org/jabref/gui/util/OptionalObjectProperty.java
12,src/main/java/org/jabref/model/entry/identifier/Identifier.java
9,src/main/java/org/jabref/logic/preferences/DOIPreferences.java
4,src/test/java/org/jabref/logic/importer/fileformat/EndnoteImporterTest.java
12,src/main/java/org/jabref/model/entry/event/EntriesEvent.java
4,src/main/java/org/jabref/gui/preferences/preview/PreviewTab.java
4,src/main/java/org/jabref/gui/specialfields/SpecialFieldAction.java
1,src/test/java/org/jabref/logic/importer/fileformat/MrDLibImporterTest.java
6,src/main/java/org/jabref/logic/externalfiles/ExternalFilesContentImporter.java
4,src/main/java/org/jabref/logic/openoffice/backend/Codec52.java
9,src/main/java/org/jabref/logic/exporter/AtomicFileWriter.java
4,src/main/java/org/jabref/logic/importer/SearchBasedParserFetcher.java
9,src/test/java/org/jabref/logic/layout/format/AuthorOrgSciTest.java
4,src/main/java/org/jabref/logic/layout/format/RTFChars.java
4,src/main/java/org/jabref/logic/shared/event/ConnectionLostEvent.java
1,src/main/java/org/jabref/gui/Dialog.java
4,src/main/java/org/jabref/logic/layout/format/AuthorLastFirstAbbreviator.java
6,src/main/java/org/jabref/gui/sidepane/SidePaneViewModel.java
6,src/main/java/org/jabref/logic/pdf/search/retrieval/PdfSearcher.java
4,src/main/java/org/jabref/logic/importer/fileformat/CopacImporter.java
6,src/main/java/org/jabref/logic/layout/format/FormatPagesForXML.java
4,src/main/java/org/jabref/logic/formatter/casechanger/LowerCaseFormatter.java
1,src/main/java/org/jabref/logic/importer/fetcher/transformers/ArXivQueryTransformer.java
1,src/test/java/org/jabref/logic/bst/util/BstPurifierTest.java
7,src/main/java/org/jabref/gui/commonfxcontrols/CitationKeyPatternPanelViewModel.java
5,src/main/java/org/jabref/model/openoffice/uno/UnoRedlines.java
4,src/test/java/org/jabref/logic/integrity/PagesCheckerBiblatexTest.java
4,src/main/java/org/jabref/gui/externalfiles/UnlinkedPDFFileFilter.java
12,src/main/java/org/jabref/model/openoffice/backend/NamedRange.java
9,src/main/java/org/jabref/model/database/BibDatabases.java
7,src/main/java/org/jabref/gui/preferences/entryeditortabs/CustomEditorFieldsTabViewModel.java
1,src/main/java/org/jabref/gui/shared/SharedDatabaseLoginDialogView.java
12,src/main/java/org/jabref/model/openoffice/uno/UnoCast.java
7,src/test/java/org/jabref/gui/edit/EditFieldContentTabViewModelTest.java
1,src/test/java/org/jabref/logic/importer/DatabaseFileLookupTest.java
7,src/main/java/org/jabref/gui/undo/CountingUndoManager.java
6,src/main/java/org/jabref/model/openoffice/uno/UnoProperties.java
1,src/main/java/org/jabref/logic/importer/fileformat/PdfXmpImporter.java
6,src/main/java/org/jabref/gui/importer/GenerateEntryFromIdDialog.java
1,src/main/java/org/jabref/gui/groups/GroupTreeView.java
4,src/main/java/org/jabref/logic/util/strings/HTMLUnicodeConversionMaps.java
6,src/main/java/org/jabref/logic/openoffice/style/StyleLoader.java
4,src/test/java/org/jabref/logic/importer/util/GroupsParserTest.java
6,src/test/java/org/jabref/logic/importer/fetcher/CrossRefTest.java
6,src/main/java/org/jabref/logic/layout/format/AuthorLastFirstAbbrCommas.java
4,src/main/java/org/jabref/model/openoffice/util/OOResult.java
4,src/test/java/org/jabref/gui/util/ColorUtilTest.java
4,src/main/java/org/jabref/logic/layout/format/RemoveWhitespace.java
6,src/main/java/org/jabref/gui/util/ValueTableCellFactory.java
1,src/main/java/org/jabref/model/openoffice/style/CitedKeys.java
9,src/test/java/org/jabref/logic/layout/format/AuthorFirstAbbrLastOxfordCommasTest.java
6,src/main/java/org/jabref/gui/collab/entrychange/PreviewWithSourceTab.java
7,src/main/java/org/jabref/gui/help/SearchForUpdateAction.java
4,src/main/java/org/jabref/gui/theme/ThemeManager.java
6,src/main/java/org/jabref/gui/commonfxcontrols/FieldFormatterCleanupsPanelViewModel.java
6,src/test/java/org/jabref/model/TreeNodeTest.java
1,src/main/java/org/jabref/model/entry/EntryConverter.java
5,src/main/java/org/jabref/model/entry/SharedBibEntryData.java
4,src/main/java/org/jabref/model/openoffice/uno/UnoTextDocument.java
1,src/test/java/org/jabref/logic/shared/DBMSSynchronizerTest.java
1,src/main/java/org/jabref/logic/layout/format/CSLType.java
1,src/main/java/org/jabref/logic/layout/format/DocBookVersion.java
1,src/main/java/org/jabref/gui/mergeentries/newmergedialog/GroupDiffMode.java
1,src/main/java/org/jabref/gui/commonfxcontrols/FieldFormatterCleanupsPanel.java
6,src/main/java/org/jabref/gui/libraryproperties/saving/SavingPropertiesView.java
6,src/main/java/org/jabref/logic/integrity/ISSNChecker.java
4,src/main/java/org/jabref/gui/push/PushToTeXstudio.java
7,src/main/java/org/jabref/gui/fieldeditors/URLUtil.java
4,src/main/java/org/jabref/gui/fieldeditors/identifier/DoiIdentifierEditorViewModel.java
1,src/main/java/org/jabref/gui/commonfxcontrols/SaveOrderConfigPanel.java
6,src/main/java/org/jabref/gui/fieldeditors/PersonsEditorViewModel.java
6,src/main/java/org/jabref/logic/util/strings/RtfCharMap.java
4,src/test/java/org/jabref/logic/importer/fileformat/BiblioscapeImporterTypesTest.java
6,src/test/java/org/jabref/model/event/EventListenerTest.java
7,src/main/java/org/jabref/gui/edit/automaticfiededitor/copyormovecontent/CopyOrMoveFieldContentTabView.java
4,src/test/java/org/jabref/logic/auxparser/DefaultAuxParserTest.java
7,src/main/java/org/jabref/gui/push/PushToApplications.java
1,src/main/java/org/jabref/logic/importer/fileformat/PdfEmbeddedBibFileImporter.java
9,src/main/java/org/jabref/logic/importer/IdBasedFetcher.java
1,src/test/java/org/jabref/model/groups/TexGroupTest.java
7,src/main/java/org/jabref/gui/undo/AbstractUndoableJabRefEdit.java
6,src/test/java/org/jabref/logic/citationkeypattern/MakeLabelWithoutDatabaseTest.java
6,src/main/java/org/jabref/gui/collab/stringchange/BibTexStringChange.java
7,src/main/java/org/jabref/gui/preferences/customexporter/CustomExporterTabViewModel.java
4,src/test/java/org/jabref/logic/net/URLDownloadTest.java
5,src/main/java/org/jabref/model/TreeNode.java
4,src/main/java/org/jabref/logic/integrity/JournalInAbbreviationListChecker.java
6,src/test/java/org/jabref/logic/bibtex/comparator/GroupDiffTest.java
1,src/main/java/org/jabref/gui/util/FileFilterConverter.java
9,src/main/java/org/jabref/logic/exporter/SaveConfiguration.java
7,src/main/java/org/jabref/gui/groups/GroupDialogView.java
4,src/main/java/org/jabref/gui/importer/actions/OpenDatabaseAction.java
9,src/main/java/org/jabref/logic/importer/fileformat/MsBibImporter.java
12,src/main/java/org/jabref/model/openoffice/util/OOTuple3.java
4,src/main/java/org/jabref/logic/layout/format/ReplaceUnicodeLigaturesFormatter.java
4,src/main/java/org/jabref/gui/mergeentries/newmergedialog/diffhighlighter/DiffHighlighter.java
9,src/test/java/org/jabref/logic/importer/fetcher/PicaXmlParserTest.java
1,src/test/java/org/jabref/logic/formatter/FormatterTest.java
7,src/main/java/org/jabref/gui/preferences/customimporter/CustomImporterTabViewModel.java
6,src/main/java/org/jabref/logic/cleanup/TimeStampToCreationDate.java
6,src/test/java/org/jabref/logic/importer/fetcher/transformers/SuffixTransformerTest.java
1,src/main/java/org/jabref/logic/importer/SearchBasedParserFetcher.java
1,src/main/java/org/jabref/logic/importer/fetcher/transformers/JstorQueryTransformer.java
7,src/main/java/org/jabref/gui/AbstractViewModel.java
1,src/main/java/org/jabref/gui/help/AboutDialogView.java
1,src/main/java/org/jabref/gui/util/ViewModelTableRowFactory.java
1,src/main/java/org/jabref/logic/openoffice/action/EditInsert.java
9,src/test/java/org/jabref/logic/layout/format/ShortMonthFormatterTest.java
4,src/main/java/org/jabref/gui/importer/actions/GUIPostOpenAction.java
4,src/main/java/org/jabref/logic/bst/BstVM.java
1,src/main/java/org/jabref/logic/importer/fileformat/mods/Name.java
7,src/main/java/org/jabref/gui/autocompleter/WordSuggestionProvider.java
4,src/test/java/org/jabref/logic/texparser/TexBibEntriesResolverTest.java
12,src/main/java/org/jabref/model/openoffice/rangesort/RangeSort.java
7,src/main/java/org/jabref/gui/autocompleter/StringSuggestionProvider.java
4,src/main/java/org/jabref/logic/importer/fetcher/isbntobibtex/OpenLibraryIsbnFetcher.java
1,src/main/java/org/jabref/gui/preferences/keybindings/presets/NewEntryBindingPreset.java
6,src/main/java/org/jabref/model/database/BibDatabase.java
4,src/main/java/org/jabref/logic/citationkeypattern/AbstractCitationKeyPattern.java
5,src/test/java/org/jabref/model/entry/field/UnknownFieldTest.java
9,src/test/java/org/jabref/model/entry/BibEntryTest.java
4,src/main/java/org/jabref/gui/preview/PreviewPanel.java
4,src/test/java/org/jabref/logic/integrity/BibStringCheckerTest.java
1,src/test/java/org/jabref/model/search/matchers/MatcherSetsTest.java
6,src/test/java/org/jabref/logic/layout/format/AuthorFirstLastOxfordCommasTest.java
1,src/main/java/org/jabref/logic/citationstyle/JabRefItemDataProvider.java
4,src/test/java/org/jabref/logic/importer/fetcher/DOAJFetcherTest.java
7,src/test/java/org/jabref/gui/externalfiletype/ExternalFileTypesTest.java
12,src/main/java/org/jabref/model/entry/Author.java
4,src/main/java/org/jabref/logic/openoffice/backend/NamedRangeManagerReferenceMark.java
1,src/test/java/org/jabref/logic/formatter/bibtexfields/UnitsToLatexFormatterTest.java
5,src/main/java/org/jabref/model/openoffice/util/OOTuple3.java
6,src/test/java/org/jabref/logic/layout/format/AuthorLastFirstAbbreviatorTest.java
4,src/test/java/org/jabref/logic/integrity/DoiValidityCheckerTest.java
9,src/main/java/org/jabref/logic/importer/fetcher/transformers/DBLPQueryTransformer.java
6,src/main/java/org/jabref/logic/cleanup/RenamePdfCleanup.java
6,src/main/java/org/jabref/gui/fieldeditors/WriteMetadataToPdfCommand.java
6,src/main/java/org/jabref/model/openoffice/rangesort/FunctionalTextViewCursor.java
9,src/main/java/org/jabref/logic/exporter/XmpExporter.java
6,src/test/java/org/jabref/logic/formatter/bibtexfields/NormalizeEnDashesFormatterTest.java
1,src/test/java/org/jabref/logic/util/io/FileNameUniquenessTest.java
6,src/main/java/org/jabref/gui/undo/UndoableInsertString.java
6,src/main/java/org/jabref/gui/groups/GroupTreeViewModel.java
6,src/test/java/org/jabref/gui/search/ContainsAndRegexBasedSearchRuleDescriberTest.java
4,src/main/java/org/jabref/logic/importer/fetcher/ACS.java
6,src/main/java/org/jabref/gui/collab/metedatachange/MetadataChangeDetailsView.java
4,src/main/java/org/jabref/logic/bibtex/comparator/MetaDataDiff.java
6,src/main/java/org/jabref/model/entry/identifier/ISBN.java
1,src/main/java/org/jabref/gui/autocompleter/WordSuggestionProvider.java
6,src/main/java/org/jabref/gui/shared/ConnectToSharedDatabaseCommand.java
4,src/main/java/org/jabref/gui/maintable/columns/SpecialFieldColumn.java
6,src/test/java/org/jabref/gui/search/GrammarBasedSearchRuleDescriberTest.java
4,src/main/java/org/jabref/gui/icon/IconTheme.java
7,src/main/java/org/jabref/gui/shared/SharedDatabaseLoginDialogView.java
6,src/main/java/org/jabref/gui/icon/JabRefIconView.java
4,src/main/java/org/jabref/gui/preferences/citationkeypattern/CitationKeyPatternTab.java
6,src/main/java/org/jabref/logic/importer/fileformat/mods/RecordInfo.java
6,src/main/java/org/jabref/logic/util/io/FileNameCleaner.java
4,src/main/java/org/jabref/gui/externalfiles/AutoLinkFilesAction.java
1,src/main/java/org/jabref/gui/collab/stringchange/BibTexStringChangeDetailsView.java
6,src/test/java/org/jabref/logic/cleanup/RenamePdfCleanupTest.java
7,src/main/java/org/jabref/gui/actions/StandardActions.java
6,src/main/java/org/jabref/gui/cleanup/CleanupAction.java
9,src/main/java/org/jabref/logic/bst/BstPreviewLayout.java
7,src/main/java/org/jabref/gui/mergeentries/newmergedialog/cell/ThreeWayMergeCell.java
1,src/main/java/org/jabref/gui/search/rules/describer/SearchDescribers.java
1,src/main/java/org/jabref/gui/UpdateTimestampListener.java
6,src/test/java/org/jabref/logic/TypedBibEntryTest.java
6,src/main/java/org/jabref/gui/mergeentries/newmergedialog/cell/MergedFieldCell.java
6,src/test/java/org/jabref/logic/bst/util/BstTextPrefixerTest.java
6,src/main/java/org/jabref/gui/preferences/PreferencesDialogView.java
12,src/main/java/org/jabref/model/database/event/AutosaveEvent.java
1,src/main/java/org/jabref/model/database/BibDatabase.java
6,src/test/java/org/jabref/gui/theme/ThemeTest.java
9,src/main/java/org/jabref/logic/exporter/OpenDocumentSpreadsheetCreator.java
6,src/main/java/org/jabref/gui/maintable/columns/FileColumn.java
4,src/test/java/org/jabref/logic/formatter/bibtexfields/ReplaceTabsBySpaceFormaterTest.java
9,src/main/java/org/jabref/logic/importer/fileformat/medline/MeshHeading.java
6,src/main/java/org/jabref/model/search/matchers/NotMatcher.java
9,src/main/java/org/jabref/model/entry/types/BiblatexApaEntryType.java
7,src/main/java/org/jabref/gui/openoffice/OpenOfficePanel.java
1,src/main/java/org/jabref/model/entry/identifier/MathSciNetId.java
1,src/main/java/org/jabref/gui/preferences/file/FileTab.java
1,src/main/java/org/jabref/gui/fieldeditors/EditorTextArea.java
6,src/main/java/org/jabref/logic/util/io/DatabaseFileLookup.java
6,src/main/java/org/jabref/logic/util/OS.java
7,src/main/java/org/jabref/gui/util/uithreadaware/UiThreadInvalidationListener.java
1,src/main/java/org/jabref/gui/duplicationFinder/DuplicateResolverDialog.java
4,src/main/java/org/jabref/model/openoffice/style/CitationMarkerEntry.java
9,src/main/java/org/jabref/model/search/rules/SentenceAnalyzer.java
9,src/test/java/org/jabref/logic/journals/AbbreviationsTest.java
1,src/main/java/org/jabref/logic/layout/format/NameFormatter.java
6,src/main/java/org/jabref/gui/externalfiles/ExternalFilesEntryLinker.java
4,src/main/java/org/jabref/logic/shared/exception/InvalidDBMSConnectionPropertiesException.java
4,src/main/java/org/jabref/gui/mergeentries/newmergedialog/fieldsmerger/KeywordMerger.java
4,src/main/java/org/jabref/logic/layout/format/NameFormatter.java
6,src/main/java/org/jabref/logic/shared/exception/InvalidDBMSConnectionPropertiesException.java
12,src/test/java/org/jabref/model/entry/identifier/ISSNTest.java
1,src/main/java/org/jabref/model/entry/BibEntryTypeBuilder.java
6,src/main/java/org/jabref/gui/util/ControlHelper.java
6,src/test/java/org/jabref/logic/formatter/casechanger/ProtectTermsFormatterTest.java
6,src/main/java/org/jabref/gui/DragAndDropHelper.java
6,src/main/java/org/jabref/logic/shared/DBMSProcessor.java
9,src/test/java/org/jabref/logic/formatter/bibtexfields/CleanupUrlFormatterTest.java
9,src/main/java/org/jabref/logic/integrity/BibTeXEntryTypeChecker.java
4,src/test/java/org/jabref/logic/formatter/casechanger/SentenceCaseFormatterTest.java
4,src/main/java/org/jabref/model/entry/types/StandardEntryType.java
1,src/main/java/org/jabref/gui/desktop/os/Linux.java
1,src/main/java/org/jabref/model/pdf/search/PdfSearchResults.java
9,src/test/java/org/jabref/logic/util/DevelopmentStageTest.java
6,src/test/java/org/jabref/logic/util/io/CitationKeyBasedFileFinderTest.java
1,src/test/java/org/jabref/gui/search/TextFlowEqualityHelper.java
6,src/test/java/org/jabref/gui/edit/ReplaceStringViewModelTest.java
4,src/main/java/org/jabref/logic/openoffice/style/OOBibStyleGetNumCitationMarker.java
6,src/main/java/org/jabref/model/openoffice/uno/UnoTextSection.java
4,src/main/java/org/jabref/gui/fieldeditors/identifier/EprintIdentifierEditorViewModel.java
4,src/main/java/org/jabref/logic/importer/fileformat/InspecImporter.java
9,src/main/java/org/jabref/logic/layout/format/MarkdownFormatter.java
9,src/main/java/org/jabref/logic/shared/DatabaseSynchronizer.java
1,src/test/java/org/jabref/gui/externalfiletype/ExternalFileTypesTest.java
6,src/main/java/org/jabref/model/openoffice/uno/UnoUserDefinedProperty.java
9,src/main/java/org/jabref/logic/exporter/OpenDocumentRepresentation.java
9,src/test/java/org/jabref/logic/util/strings/StringSimilarityTest.java
7,src/main/java/org/jabref/gui/preferences/nameformatter/NameFormatterItemModel.java
7,src/test/java/org/jabref/gui/edit/CopyMoreActionTest.java
1,src/main/java/org/jabref/gui/shared/SharedDatabaseLoginDialogViewModel.java
6,src/main/java/org/jabref/gui/push/PushToVim.java
12,src/main/java/org/jabref/model/entry/field/BiblatexApaField.java
4,src/main/java/org/jabref/gui/externalfiletype/StandardExternalFileType.java
9,src/main/java/org/jabref/logic/git/SlrGitHandler.java
12,src/main/java/org/jabref/model/ChainNode.java
4,src/main/java/org/jabref/gui/util/BaseDialog.java
6,src/main/java/org/jabref/logic/formatter/bibtexfields/RemoveRedundantSpacesFormatter.java
1,src/test/java/org/jabref/gui/mergeentries/ThreeWayMergeCellViewModelTest.java
6,src/main/java/org/jabref/gui/shared/SharedDatabaseLoginDialogView.java
1,src/test/java/org/jabref/logic/layout/format/AuthorFirstAbbrLastCommasTest.java
4,src/main/java/org/jabref/logic/formatter/bibtexfields/ReplaceTabsBySpaceFormater.java
9,src/main/java/org/jabref/logic/pdf/EntryAnnotationImporter.java
6,src/main/java/org/jabref/gui/entryeditor/fileannotationtab/FileAnnotationViewModel.java
9,src/main/java/org/jabref/model/openoffice/rangesort/RangeSortable.java
4,src/test/java/org/jabref/logic/openoffice/style/OOPreFormatterTest.java
4,src/main/java/org/jabref/model/pdf/search/PdfSearchResults.java
4,src/main/java/org/jabref/gui/BasePanelMode.java
9,src/test/java/org/jabref/logic/layout/format/RemoveBracketsTest.java
6,src/main/java/org/jabref/logic/exporter/OOCalcDatabase.java
1,src/test/java/org/jabref/logic/importer/fetcher/FulltextFetcherTest.java
1,src/test/java/org/jabref/model/groups/WordKeywordGroupTest.java
6,src/main/java/org/jabref/gui/icon/JabRefIkonHandler.java
9,src/main/java/org/jabref/logic/bibtex/comparator/BibEntryDiff.java
4,src/test/java/org/jabref/logic/cleanup/RenamePdfCleanupTest.java
4,src/main/java/org/jabref/logic/cleanup/RenamePdfCleanup.java
6,src/main/java/org/jabref/model/database/KeyChangeListener.java
6,src/main/java/org/jabref/logic/layout/format/CSLType.java
4,src/main/java/org/jabref/logic/integrity/IntegrityCheck.java
4,src/main/java/org/jabref/gui/dialogs/BackupUIManager.java
6,src/main/java/org/jabref/model/openoffice/style/CitationMarkerNumericEntry.java
6,src/main/java/org/jabref/gui/maintable/OpenUrlAction.java
1,src/main/java/org/jabref/logic/importer/fetcher/SpringerFetcher.java
4,src/main/java/org/jabref/model/openoffice/rangesort/RangeSort.java
4,src/main/java/org/jabref/model/openoffice/uno/UnoReferenceMark.java
12,src/main/java/org/jabref/model/entry/EntryConverter.java
9,src/test/java/org/jabref/logic/importer/BibDatabaseFilesTest.java
7,src/main/java/org/jabref/gui/externalfiletype/CustomExternalFileType.java
1,src/main/java/org/jabref/model/search/rules/SentenceAnalyzer.java
1,src/main/java/org/jabref/logic/importer/fetcher/MathSciNet.java
1,src/main/java/org/jabref/gui/edit/automaticfiededitor/copyormovecontent/CopyOrMoveFieldContentTabViewModel.java
1,src/main/java/org/jabref/logic/importer/AuthorListParser.java
7,src/main/java/org/jabref/gui/specialfields/SpecialFieldValueViewModel.java
6,src/test/java/org/jabref/logic/importer/fetcher/ACMPortalFetcherTest.java
1,src/main/java/org/jabref/logic/importer/fileformat/MrDLibImporter.java
4,src/main/java/org/jabref/gui/slr/SlrStudyAndDirectory.java
4,src/test/java/org/jabref/logic/integrity/TypeCheckerTest.java
6,src/test/java/org/jabref/logic/importer/fetcher/MathSciNetTest.java
1,src/main/java/org/jabref/logic/remote/server/RemoteListenerServerManager.java
9,src/main/java/org/jabref/model/entry/identifier/ISSN.java
6,src/main/java/org/jabref/logic/pdf/EntryAnnotationImporter.java
6,src/main/java/org/jabref/logic/importer/fetcher/DoiFetcher.java
1,src/test/java/org/jabref/logic/formatter/casechanger/CapitalizeFormatterTest.java
4,src/test/java/org/jabref/logic/bibtex/FileFieldWriterTest.java
4,src/main/java/org/jabref/gui/logging/GuiWriter.java
1,src/main/java/org/jabref/model/search/rules/SearchRules.java
6,src/main/java/org/jabref/model/database/BibDatabaseModeDetection.java
6,src/test/java/org/jabref/gui/edit/EditFieldContentTabViewModelTest.java
9,src/main/java/org/jabref/logic/importer/fetcher/DOAJFetcher.java
7,src/main/java/org/jabref/gui/util/ZipFileChooser.java
12,src/main/java/org/jabref/model/openoffice/uno/UnoCursor.java
4,src/main/java/org/jabref/logic/importer/util/GrobidService.java
9,src/main/java/org/jabref/logic/exporter/OpenOfficeDocumentCreator.java
5,src/main/java/org/jabref/model/search/matchers/MatcherSet.java
12,src/main/java/org/jabref/model/groups/event/GroupUpdatedEvent.java
4,src/main/java/org/jabref/logic/crawler/StudyRepository.java
6,src/main/java/org/jabref/gui/push/PushToTexmaker.java
6,src/main/java/org/jabref/gui/autocompleter/AutoCompletionStrategy.java
4,src/main/java/org/jabref/logic/openoffice/OpenOfficeFileSearch.java
6,src/test/java/org/jabref/model/entry/field/UnknownFieldTest.java
1,src/main/java/org/jabref/logic/util/strings/QuotedStringTokenizer.java
1,src/main/java/org/jabref/gui/edit/automaticfiededitor/AutomaticFieldEditorDialog.java
9,src/main/java/org/jabref/logic/util/io/BackupFileUtil.java
6,src/main/java/org/jabref/gui/preferences/xmp/XmpPrivacyTabViewModel.java
6,src/main/java/org/jabref/gui/entryeditor/EntryEditor.java
1,src/main/java/org/jabref/logic/importer/OpenDatabase.java
1,src/main/java/org/jabref/gui/edit/OpenBrowserAction.java
9,src/main/java/org/jabref/model/openoffice/style/CompareCitation.java
7,src/test/java/org/jabref/gui/documentviewer/PdfDocumentViewModelTest.java
4,src/main/java/org/jabref/gui/groups/GroupTreeViewModel.java
4,src/main/java/org/jabref/gui/documentviewer/DocumentPageViewModel.java
1,src/main/java/org/jabref/gui/slr/EditExistingStudyAction.java
9,src/test/java/org/jabref/logic/importer/fileformat/EndnoteXmlImporterFilesTest.java
9,src/main/java/org/jabref/logic/importer/FetcherClientException.java
4,src/main/java/org/jabref/logic/layout/format/CSLType.java
1,src/main/java/org/jabref/logic/importer/IdBasedParserFetcher.java
4,src/test/java/org/jabref/logic/layout/format/DOIStripTest.java
7,src/main/java/org/jabref/gui/fieldeditors/PersonsEditorViewModel.java
1,src/main/java/org/jabref/gui/shared/ConnectToSharedDatabaseCommand.java
4,src/test/java/org/jabref/logic/cleanup/DoiDecodeCleanupTest.java
6,src/main/java/org/jabref/gui/desktop/os/Linux.java
6,src/main/java/org/jabref/model/entry/types/IEEETranEntryTypeDefinitions.java
4,src/test/java/org/jabref/logic/formatter/bibtexfields/NormalizeEnDashesFormatterTest.java
4,src/main/java/org/jabref/logic/pdf/search/retrieval/PdfSearcher.java
6,src/main/java/org/jabref/gui/openoffice/StyleSelectDialogView.java
1,src/main/java/org/jabref/gui/search/SearchResultsTable.java
6,src/main/java/org/jabref/logic/net/ProxyAuthenticator.java
6,src/main/java/org/jabref/gui/importer/ImportEntriesDialog.java
1,src/main/java/org/jabref/gui/help/AboutAction.java
12,src/main/java/org/jabref/model/entry/identifier/ArXivIdentifier.java
9,src/main/java/org/jabref/logic/layout/format/GetOpenOfficeType.java
1,src/main/java/org/jabref/logic/integrity/DoiDuplicationChecker.java
9,src/main/java/org/jabref/model/openoffice/uno/UnoTextRange.java
1,src/test/java/org/jabref/logic/formatter/bibtexfields/RemoveBracesFormatterTest.java
1,src/test/java/org/jabref/logic/l10n/LocalizationParser.java
6,src/main/java/org/jabref/gui/entryeditor/LatexCitationsTab.java
4,src/main/java/org/jabref/logic/protectedterms/ProtectedTermsPreferences.java
4,src/test/java/org/jabref/logic/formatter/bibtexfields/CleanupUrlFormatterTest.java
1,src/main/java/org/jabref/logic/integrity/DateChecker.java
6,src/main/java/org/jabref/logic/integrity/BracesCorrector.java
12,src/main/java/org/jabref/model/entry/SharedBibEntryData.java
4,src/test/java/org/jabref/logic/layout/format/FileLinkTest.java
6,src/main/java/org/jabref/gui/auximport/FromAuxDialog.java
6,src/main/java/org/jabref/logic/pdf/TextExtractor.java
1,src/main/java/org/jabref/gui/openoffice/Bootstrap.java
5,src/main/java/org/jabref/model/groups/AllEntriesGroup.java
6,src/main/java/org/jabref/gui/entryeditor/RelatedArticlesTab.java
6,src/test/java/org/jabref/logic/bibtex/comparator/EntryComparatorTest.java
4,src/test/java/org/jabref/logic/layout/format/AuthorFirstFirstTest.java
12,src/main/java/org/jabref/model/openoffice/rangesort/RangeOverlapWithin.java
6,src/test/java/org/jabref/logic/protectedterms/ProtectedTermsListTest.java
7,src/main/java/org/jabref/gui/commonfxcontrols/CitationKeyPatternPanelItemModel.java
4,src/test/java/org/jabref/logic/importer/OpenDatabaseTest.java
12,src/main/java/org/jabref/model/entry/Keyword.java
7,src/main/java/org/jabref/gui/fieldeditors/identifier/DoiIdentifierEditorViewModel.java
1,src/main/java/org/jabref/logic/layout/format/CurrentDate.java
1,src/main/java/org/jabref/gui/help/HelpAction.java
9,src/main/java/org/jabref/logic/openoffice/style/OOProcessAuthorYearMarkers.java
4,src/main/java/org/jabref/gui/maintable/OpenUrlAction.java
7,src/main/java/org/jabref/gui/fieldeditors/FieldEditors.java
1,src/main/java/org/jabref/gui/entryeditor/fileannotationtab/FileAnnotationTab.java
9,src/test/java/org/jabref/model/TreeNodeTest.java
6,src/main/java/org/jabref/gui/util/comparator/NumericFieldComparator.java
9,src/main/java/org/jabref/logic/importer/fetcher/CollectionOfComputerScienceBibliographiesFetcher.java
9,src/main/java/org/jabref/logic/bst/BstVMException.java
1,src/main/java/org/jabref/logic/layout/format/RemoveTilde.java
6,src/main/java/org/jabref/gui/util/BackgroundTask.java
6,src/test/java/org/jabref/logic/importer/fetcher/DOAJFetcherTest.java
1,src/test/java/org/jabref/logic/util/UpdateFieldTest.java
6,src/main/java/org/jabref/gui/entryeditor/EntryEditorTab.java
6,src/main/java/org/jabref/gui/fieldeditors/identifier/BaseIdentifierEditorViewModel.java
4,src/test/java/org/jabref/model/entry/EntryLinkListTest.java
6,src/main/java/org/jabref/logic/importer/fetcher/transformers/CollectionOfComputerScienceBibliographiesQueryTransformer.java
1,src/test/java/org/jabref/logic/layout/format/RemoveTildeTest.java
1,src/main/java/org/jabref/gui/importer/actions/MergeReviewIntoCommentAction.java
9,src/test/java/org/jabref/logic/layout/format/AuthorAndToSemicolonReplacerTest.java
4,src/main/java/org/jabref/gui/actions/SimpleCommand.java
7,src/main/java/org/jabref/gui/search/SearchResultsTableDataModel.java
4,src/main/java/org/jabref/logic/bst/BstVMContext.java
6,src/main/java/org/jabref/model/openoffice/rangesort/RangeOverlap.java
6,src/test/java/org/jabref/logic/importer/fetcher/IacrEprintFetcherTest.java
4,src/main/java/org/jabref/logic/integrity/FieldChecker.java
1,src/main/java/org/jabref/model/entry/types/SystematicLiteratureReviewStudyEntryType.java
1,src/test/java/org/jabref/logic/importer/fetcher/transformers/CollectionOfComputerScienceBibliographiesQueryTransformerTest.java
4,src/main/java/org/jabref/gui/preferences/PreferenceTabViewModel.java
1,src/main/java/org/jabref/gui/collab/stringdelete/BibTexStringDeleteDetailsView.java
4,src/main/java/org/jabref/model/groups/TexGroup.java
6,src/main/java/org/jabref/logic/formatter/bibtexfields/UnitsToLatexFormatter.java
6,src/main/java/org/jabref/gui/mergeentries/newmergedialog/fieldsmerger/GroupMerger.java
9,buildSrc/src/copied/java/org/jabref/logic/journals/Abbreviation.java
9,src/test/java/org/jabref/logic/util/BuildInfoTest.java
6,src/test/java/org/jabref/model/entry/BibEntryTest.java
1,src/test/java/org/jabref/logic/formatter/bibtexfields/ReplaceTabsBySpaceFormaterTest.java
6,src/test/java/org/jabref/logic/layout/format/ShortMonthFormatterTest.java
1,src/main/java/org/jabref/gui/importer/actions/CheckForNewEntryTypesAction.java
1,src/test/java/org/jabref/logic/l10n/EncodingsTest.java
9,src/main/java/org/jabref/logic/shared/exception/InvalidDBMSConnectionPropertiesException.java
4,src/test/java/org/jabref/logic/autosaveandbackup/BackupManagerTest.java
1,src/main/java/org/jabref/gui/preferences/preview/PreviewTabViewModel.java
4,src/main/java/org/jabref/gui/undo/UndoableRemoveEntries.java
5,src/main/java/org/jabref/model/groups/SearchGroup.java
7,src/main/java/org/jabref/gui/preferences/table/TableTabViewModel.java
9,src/test/java/org/jabref/logic/net/URLDownloadTest.java
1,src/test/java/org/jabref/logic/importer/FulltextFetchersTest.java
4,src/main/java/org/jabref/gui/libraryproperties/keypattern/KeyPatternPropertiesViewModel.java
9,src/test/java/org/jabref/logic/layout/LayoutEntryTest.java
7,src/main/java/org/jabref/gui/errorconsole/ErrorConsoleView.java
6,src/test/java/org/jabref/logic/importer/fetcher/isbntobibtex/DoiToBibtexConverterComIsbnFetcherTest.java
9,src/main/java/org/jabref/logic/importer/fetcher/MedlineFetcher.java
1,src/main/java/org/jabref/gui/JabRefDialogService.java
4,src/main/java/org/jabref/model/openoffice/rangesort/FunctionalTextViewCursor.java
12,src/test/java/org/jabref/model/groups/WordKeywordGroupTest.java
4,src/main/java/org/jabref/model/openoffice/ootext/OOFormat.java
6,src/main/java/org/jabref/model/openoffice/style/CitedKey.java
4,src/test/java/org/jabref/gui/theme/ThemeManagerTest.java
1,src/main/java/org/jabref/model/openoffice/ootext/OOTextIntoOO.java
4,src/main/java/org/jabref/logic/cleanup/MoveFieldCleanup.java
7,src/main/java/org/jabref/gui/documentviewer/PdfDocumentPageViewModel.java
6,src/main/java/org/jabref/logic/layout/format/RemoveBrackets.java
6,src/main/java/org/jabref/gui/fieldeditors/contextmenu/EditorMenus.java
1,src/test/java/org/jabref/model/groups/ExplicitGroupTest.java
1,src/main/java/org/jabref/logic/integrity/JournalInAbbreviationListChecker.java
6,src/main/java/org/jabref/gui/util/TooltipTextUtil.java
6,src/main/java/org/jabref/model/metadata/MetaData.java
4,src/test/java/org/jabref/logic/importer/fileformat/CustomImporterTest.java
1,src/main/java/org/jabref/logic/shared/MySQLProcessor.java
4,src/test/java/org/jabref/logic/importer/fetcher/isbntobibtex/OpenLibraryIsbnFetcherTest.java
7,src/main/java/org/jabref/gui/groups/UndoableModifySubtree.java
1,src/test/java/org/jabref/gui/groups/GroupDialogViewModelTest.java
6,src/main/java/org/jabref/gui/mergeentries/newmergedialog/cell/FieldValueCell.java
4,src/main/java/org/jabref/gui/externalfiles/ImportHandler.java
7,src/main/java/org/jabref/gui/commonfxcontrols/FieldFormatterCleanupsPanel.java
12,src/main/java/org/jabref/model/metadata/event/MetaDataChangedEvent.java
1,src/main/java/org/jabref/logic/layout/format/JournalAbbreviator.java
12,src/main/java/org/jabref/model/texparser/LatexBibEntriesResolverResult.java
1,src/test/java/org/jabref/logic/importer/QueryParserTest.java
4,src/main/java/org/jabref/gui/util/uithreadaware/UiThreadInvalidationListener.java
9,src/test/java/org/jabref/logic/layout/format/AuthorLastFirstAbbreviatorTest.java
1,src/test/java/org/jabref/logic/formatter/bibtexfields/HtmlToLatexFormatterTest.java
1,src/test/java/org/jabref/gui/libraryproperties/contentselectors/ContentSelectorViewModelTest.java
12,src/main/java/org/jabref/model/openoffice/uno/UnoBookmark.java
7,src/main/java/org/jabref/gui/fieldeditors/AbstractEditorViewModel.java
6,src/main/java/org/jabref/gui/collab/entrychange/EntryChangeDetailsView.java
4,src/main/java/org/jabref/logic/importer/FetcherException.java
6,src/test/java/org/jabref/logic/l10n/LocalizationKeyParamsTest.java
4,src/main/java/org/jabref/logic/integrity/BibTeXEntryTypeChecker.java
9,src/test/java/org/jabref/logic/importer/fileformat/IsiImporterTest.java
1,src/main/java/org/jabref/gui/edit/automaticfiededitor/AutomaticFieldEditorViewModel.java
9,src/main/java/org/jabref/logic/msbib/MSBibEntryType.java
6,src/main/java/org/jabref/model/openoffice/uno/UnoTextDocument.java
1,src/test/java/org/jabref/logic/layout/format/RemoveBracketsAddCommaTest.java
12,src/test/java/org/jabref/model/groups/ExplicitGroupTest.java
1,src/main/java/org/jabref/logic/layout/format/ShortMonthFormatter.java
4,src/main/java/org/jabref/logic/layout/format/Iso690NamesAuthors.java
1,src/main/java/org/jabref/gui/collab/stringrename/BibTexStringRenameDetailsView.java
6,src/main/java/org/jabref/model/openoffice/uno/NoDocumentException.java
5,src/main/java/org/jabref/model/openoffice/rangesort/RangeOverlapWithin.java
6,src/main/java/org/jabref/model/entry/field/BiblatexSoftwareField.java
7,src/main/java/org/jabref/gui/externalfiletype/ExternalFileType.java
6,src/main/java/org/jabref/gui/texparser/ParseLatexDialogViewModel.java
4,src/main/java/org/jabref/logic/cleanup/FieldFormatterCleanup.java
1,src/main/java/org/jabref/gui/JabRefFrame.java
6,src/main/java/org/jabref/logic/importer/FulltextFetcher.java
1,src/main/java/org/jabref/gui/collab/entrychange/EntryChangeResolver.java
4,src/main/java/org/jabref/model/groups/GroupHierarchyType.java
9,src/main/java/org/jabref/logic/preferences/FetcherApiKey.java
6,src/main/java/org/jabref/logic/importer/fileformat/SilverPlatterImporter.java
6,src/main/java/org/jabref/logic/citationkeypattern/GlobalCitationKeyPattern.java
1,src/main/java/org/jabref/gui/texparser/ParseLatexResultViewModel.java
4,src/test/java/org/jabref/logic/layout/format/AuthorAbbreviatorTest.java
6,src/test/java/org/jabref/logic/importer/fetcher/PicaXmlParserTest.java
9,src/main/java/org/jabref/logic/formatter/bibtexfields/RemoveHyphenatedNewlinesFormatter.java
1,src/main/java/org/jabref/gui/edit/automaticfiededitor/renamefield/RenameFieldTabView.java
1,src/main/java/org/jabref/model/entry/identifier/ISSN.java
6,src/main/java/org/jabref/gui/edit/automaticfiededitor/AutomaticFieldEditorTab.java
6,src/main/java/org/jabref/logic/integrity/NoBibtexFieldChecker.java
9,src/main/java/org/jabref/logic/importer/WebFetcher.java
9,src/main/java/org/jabref/logic/layout/format/IfPlural.java
9,src/main/java/org/jabref/logic/layout/format/RTFChars.java
1,src/main/java/org/jabref/model/groups/GroupTreeNode.java
4,src/main/java/org/jabref/model/openoffice/rangesort/RangeOverlapKind.java
1,src/main/java/org/jabref/logic/formatter/bibtexfields/NormalizeDateFormatter.java
7,src/main/java/org/jabref/gui/documentviewer/DocumentViewerView.java
12,src/main/java/org/jabref/model/entry/field/Field.java
7,src/main/java/org/jabref/gui/preferences/preview/PreviewTabViewModel.java
1,src/main/java/org/jabref/gui/push/PushToTeXstudio.java
6,src/test/java/org/jabref/logic/formatter/bibtexfields/RemoveRedundantSpacesFormatterTest.java
1,src/test/java/org/jabref/logic/importer/fetcher/INSPIREFetcherTest.java
7,src/test/java/org/jabref/gui/maintable/MainTableColumnModelTest.java
9,src/main/java/org/jabref/logic/xmp/DublinCoreExtractor.java
4,src/main/java/org/jabref/logic/importer/fileformat/CustomImporter.java
1,src/main/java/org/jabref/logic/integrity/CitationKeyDuplicationChecker.java
1,src/main/java/org/jabref/gui/groups/UndoableAddOrRemoveGroup.java
1,src/main/java/org/jabref/gui/edit/EditAction.java
4,src/main/java/org/jabref/logic/util/ExternalLinkCreator.java
5,src/main/java/org/jabref/model/groups/AbstractGroup.java
9,src/main/java/org/jabref/logic/importer/fileformat/medline/Investigator.java
6,src/main/java/org/jabref/logic/integrity/EntryLinkChecker.java
1,src/main/java/org/jabref/logic/exporter/EmbeddedBibFilePdfExporter.java
6,src/test/java/org/jabref/gui/externalfiles/UnlinkedFilesCrawlerTest.java
7,src/main/java/org/jabref/gui/entryeditor/LatexCitationsTabViewModel.java
1,src/main/java/org/jabref/gui/actions/SimpleCommand.java
1,src/test/java/org/jabref/logic/cleanup/MoveFilesCleanupTest.java
4,src/main/java/org/jabref/gui/integrity/IntegrityCheckAction.java
4,src/test/java/org/jabref/logic/exporter/DocBook5ExporterTest.java
1,src/main/java/org/jabref/logic/layout/format/DocBookAuthorFormatter.java
1,src/main/java/org/jabref/model/entry/identifier/Identifier.java
1,src/main/java/org/jabref/gui/util/OnlyIntegerFormatter.java
6,src/test/java/org/jabref/logic/layout/format/AuthorLastFirstTest.java
12,src/main/java/org/jabref/model/groups/SearchGroup.java
12,src/main/java/org/jabref/model/entry/field/BibField.java
4,src/test/java/org/jabref/logic/cleanup/ISSNCleanupTest.java
1,src/main/java/org/jabref/logic/importer/Importer.java
4,src/main/java/org/jabref/gui/externalfiles/FindUnlinkedFilesAction.java
4,src/test/java/org/jabref/logic/util/io/CitationKeyBasedFileFinderTest.java
4,src/main/java/org/jabref/gui/help/ErrorConsoleAction.java
1,src/test/java/org/jabref/logic/citationstyle/CitationStyleCacheTest.java
6,src/main/java/org/jabref/gui/menus/FileHistoryMenu.java
9,src/test/java/org/jabref/logic/importer/OpenDatabaseTest.java
4,src/test/java/org/jabref/logic/integrity/BracketCheckerTest.java
4,src/main/java/org/jabref/model/groups/WordKeywordGroup.java
9,src/main/java/org/jabref/logic/importer/fileformat/PdfVerbatimBibTextImporter.java
1,src/main/java/org/jabref/gui/search/rules/describer/ContainsAndRegexBasedSearchRuleDescriber.java
6,src/main/java/org/jabref/gui/preferences/keybindings/KeyBindingsTabViewModel.java
1,src/main/java/org/jabref/logic/importer/fetcher/DBLPFetcher.java
4,src/main/java/org/jabref/gui/externalfiles/UnlinkedFilesDialogView.java
6,src/main/java/org/jabref/gui/preferences/externalfiletypes/EditExternalFileTypeViewModel.java
4,src/main/java/org/jabref/logic/shared/DBMSProcessor.java
4,src/main/java/org/jabref/gui/desktop/JabRefDesktop.java
1,src/test/java/org/jabref/model/entry/KeywordTest.java
4,src/main/java/org/jabref/gui/util/RadioButtonCell.java
6,src/main/java/org/jabref/logic/net/ssl/TrustStoreManager.java
1,src/test/java/org/jabref/logic/cleanup/ConvertToBibtexCleanupTest.java
7,src/main/java/org/jabref/gui/importer/GrobidOptInDialogHelper.java
6,src/main/java/org/jabref/logic/layout/format/FirstPage.java
1,src/test/java/org/jabref/gui/autocompleter/AppendPersonNamesStrategyTest.java
1,src/main/java/org/jabref/gui/preferences/keybindings/KeyBindingViewModel.java
1,src/main/java/org/jabref/logic/openoffice/style/OOBibStyleGetCitationMarker.java
4,src/main/java/org/jabref/logic/importer/fileformat/EndnoteImporter.java
9,src/main/java/org/jabref/logic/importer/fetcher/GoogleScholar.java
6,src/test/java/org/jabref/gui/mergeentries/DiffHighlightingTest.java
7,src/main/java/org/jabref/gui/collab/stringadd/BibTexStringAddDetailsView.java
5,src/main/java/org/jabref/model/entry/Author.java
1,src/test/java/org/jabref/logic/layout/format/LatexToUnicodeFormatterTest.java
4,src/main/java/org/jabref/logic/importer/fetcher/MrDLibFetcher.java
7,src/test/java/org/jabref/gui/externalfiles/FileFilterUtilsTest.java
4,src/test/java/org/jabref/logic/pdf/search/retrieval/PdfSearcherTest.java
4,src/main/java/org/jabref/gui/collab/entrydelete/EntryDelete.java
6,src/main/java/org/jabref/logic/util/BackupFileType.java
6,src/main/java/org/jabref/logic/openoffice/frontend/RangeForOverlapCheck.java
9,src/main/java/org/jabref/model/study/StudyQuery.java
6,src/main/java/org/jabref/gui/JabRefGUI.java
6,src/test/java/org/jabref/logic/importer/fileformat/RISImporterTest.java
4,src/main/java/org/jabref/logic/search/DatabaseSearcher.java
6,src/test/java/org/jabref/logic/layout/format/OrdinalTest.java
9,src/test/java/org/jabref/logic/util/io/FileNameUniquenessTest.java
1,src/test/java/org/jabref/logic/importer/fileformat/RISImporterFilesTest.java
9,src/test/java/org/jabref/logic/formatter/bibtexfields/EscapeAmpersandsFormatterTest.java
9,src/test/java/org/jabref/logic/importer/fetcher/INSPIREFetcherTest.java
1,src/test/java/org/jabref/logic/exporter/MsBibExportFormatTest.java
1,src/test/java/org/jabref/gui/autocompleter/PersonNameStringConverterTest.java
1,src/main/java/org/jabref/model/entry/types/SystematicLiteratureReviewStudyEntryTypeDefinitions.java
9,src/test/java/org/jabref/logic/formatter/minifier/TruncateFormatterTest.java
4,src/main/java/org/jabref/model/entry/identifier/Identifier.java
9,src/main/java/org/jabref/logic/shared/DatabaseNotSupportedException.java
1,src/test/java/org/jabref/logic/importer/fileformat/PdfEmbeddedBibFileImporterTest.java
1,src/test/java/org/jabref/logic/integrity/IntegrityCheckTest.java
1,src/main/java/org/jabref/model/openoffice/rangesort/RangeSort.java
4,src/main/java/org/jabref/logic/integrity/NoBibtexFieldChecker.java
9,src/test/java/org/jabref/logic/formatter/bibtexfields/HtmlToLatexFormatterTest.java
4,src/main/java/org/jabref/gui/push/PushToVimSettings.java
6,src/main/java/org/jabref/gui/bibtexextractor/ExtractBibtexAction.java
6,src/main/java/org/jabref/logic/importer/fileformat/ModsImporter.java
4,src/main/java/org/jabref/gui/mergeentries/newmergedialog/GroupDiffMode.java
6,src/main/java/org/jabref/gui/texparser/ParseLatexResultViewModel.java
9,src/main/java/org/jabref/logic/exporter/SaveException.java
7,src/main/java/org/jabref/gui/util/ControlHelper.java
6,src/main/java/org/jabref/logic/openoffice/style/OOProcessAuthorYearMarkers.java
1,src/test/java/org/jabref/logic/l10n/LocalizationConsistencyTest.java
4,src/main/java/org/jabref/gui/util/FieldsUtil.java
4,buildSrc/src/copied/java/org/jabref/logic/journals/AbbreviationWriter.java
6,src/main/java/org/jabref/logic/importer/util/GrobidService.java
1,src/main/java/org/jabref/gui/util/TaskExecutor.java
4,src/test/java/org/jabref/logic/layout/format/AuthorAndToSemicolonReplacerTest.java
6,src/main/java/org/jabref/gui/preferences/customexporter/CustomExporterTab.java
6,src/main/java/org/jabref/model/openoffice/util/OOPair.java
9,src/test/java/org/jabref/logic/bibtex/BibEntryWriterTest.java
5,src/main/java/org/jabref/model/util/FileUpdateListener.java
4,src/test/java/org/jabref/logic/formatter/bibtexfields/NormalizeMonthFormatterTest.java
12,src/main/java/org/jabref/model/database/event/EntriesAddedEvent.java
4,src/main/java/org/jabref/gui/logging/ApplicationInsightsLogEvent.java
4,src/test/java/org/jabref/logic/l10n/LocalizationBundleForTest.java
1,src/main/java/org/jabref/gui/maintable/MainTableColumnFactory.java
1,src/main/java/org/jabref/logic/importer/fileformat/medline/ArticleId.java
4,src/main/java/org/jabref/gui/entryeditor/PreviewTab.java
6,src/main/java/org/jabref/gui/preferences/protectedterms/ProtectedTermsTab.java
1,src/main/java/org/jabref/logic/importer/fetcher/GrobidCitationFetcher.java
1,src/main/java/org/jabref/gui/preferences/PreferencesDialogViewModel.java
4,src/test/java/org/jabref/logic/importer/fetcher/IacrEprintFetcherTest.java
12,src/main/java/org/jabref/model/pdf/search/PdfSearchResults.java
4,src/main/java/org/jabref/model/entry/types/IEEETranEntryTypeDefinitions.java
6,src/test/java/org/jabref/logic/layout/format/RemoveBracketsAddCommaTest.java
9,src/main/java/org/jabref/logic/integrity/ValueChecker.java
4,src/main/java/org/jabref/gui/fieldeditors/MapBasedEditorViewModel.java
4,src/main/java/org/jabref/gui/duplicationFinder/DuplicateResolverDialog.java
4,src/main/java/org/jabref/gui/undo/UndoablePreambleChange.java
5,src/main/java/org/jabref/model/entry/BibEntryType.java
6,src/main/java/org/jabref/gui/slr/ManageStudyDefinitionViewModel.java
4,src/main/java/org/jabref/gui/keyboard/TextInputKeyBindings.java
9,src/main/java/org/jabref/logic/integrity/FieldCheckers.java
9,src/main/java/org/jabref/logic/layout/format/FirstPage.java
6,src/main/java/org/jabref/logic/importer/fetcher/isbntobibtex/IsbnFetcher.java
7,src/main/java/org/jabref/gui/externalfiles/ImportFilesResultItemViewModel.java
1,src/test/java/org/jabref/logic/importer/fileformat/MsBibImporterFilesTest.java
6,src/main/java/org/jabref/gui/util/RecursiveTreeItem.java
6,src/main/java/org/jabref/gui/mergeentries/MergeTwoEntriesAction.java
6,src/test/java/org/jabref/logic/layout/format/AuthorLF_FFAbbrTest.java
7,src/main/java/org/jabref/gui/slr/ManageStudyDefinitionViewModel.java
9,src/main/java/org/jabref/model/openoffice/uno/UnoCursor.java
9,src/test/java/org/jabref/logic/layout/format/AuthorFirstLastOxfordCommasTest.java
6,src/test/java/org/jabref/logic/importer/fetcher/CiteSeerTest.java
9,src/test/java/org/jabref/logic/msbib/MsBibAuthorTest.java
12,src/main/java/org/jabref/model/entry/Date.java
6,src/test/java/org/jabref/logic/shared/SynchronizationSimulatorTest.java
1,src/test/java/org/jabref/logic/importer/fileformat/SilverPlatterImporterTest.java
6,src/test/java/org/jabref/logic/exporter/ModsExportFormatFilesTest.java
9,src/main/java/org/jabref/model/groups/GroupHierarchyType.java
6,src/main/java/org/jabref/gui/autocompleter/PersonNameSuggestionProvider.java
9,src/main/java/org/jabref/logic/auxparser/AuxParserResult.java
9,src/main/java/org/jabref/model/util/TreeCollector.java
9,src/test/java/org/jabref/logic/importer/fileformat/MedlineImporterFilesTest.java
4,src/main/java/org/jabref/logic/importer/fileformat/CffImporter.java
9,src/test/java/org/jabref/logic/importer/fetcher/isbntobibtex/IsbnFetcherTest.java
4,src/test/java/org/jabref/logic/bibtex/comparator/FieldComparatorTest.java
1,src/main/java/org/jabref/gui/preferences/appearance/AppearanceTab.java
4,src/main/java/org/jabref/model/paging/Page.java
9,src/test/java/org/jabref/logic/citationkeypattern/AbstractCitationKeyPatternTest.java
4,src/main/java/org/jabref/logic/shared/event/UpdateRefusedEvent.java
9,src/main/java/org/jabref/logic/importer/FetcherResult.java
4,src/main/java/org/jabref/gui/preview/CopyCitationAction.java
6,src/test/java/org/jabref/logic/layout/format/RisKeywordsTest.java
4,src/main/java/org/jabref/gui/documentviewer/DocumentViewerView.java
1,src/main/java/org/jabref/gui/desktop/os/Windows.java
4,src/main/java/org/jabref/gui/util/ZipFileChooser.java
7,src/main/java/org/jabref/gui/preferences/customentrytypes/FieldViewModel.java
4,src/main/java/org/jabref/logic/importer/FetcherClientException.java
4,src/main/java/org/jabref/logic/integrity/EntryChecker.java
1,src/main/java/org/jabref/gui/slr/SlrStudyAndDirectory.java
1,src/main/java/org/jabref/logic/importer/ImportFormatReader.java
1,src/main/java/org/jabref/gui/push/PushToWinEdt.java
4,src/test/java/org/jabref/logic/bibtex/BibEntryWriterTest.java
4,src/main/java/org/jabref/logic/layout/format/FileLink.java
7,src/main/java/org/jabref/gui/mergeentries/newmergedialog/toolbar/ThreeWayMergeToolbar.java
6,src/test/java/org/jabref/model/groups/TexGroupTest.java
6,src/main/java/org/jabref/gui/help/SearchForUpdateAction.java
9,src/main/java/org/jabref/logic/openoffice/style/OOBibStyleGetCitationMarker.java
7,src/main/java/org/jabref/gui/fieldeditors/contextmenu/EditorContextAction.java
9,src/test/java/org/jabref/model/pdf/FileAnnotationTest.java
1,src/main/java/org/jabref/logic/exporter/BlankLineBehaviour.java
4,src/test/java/org/jabref/model/entry/identifier/ISSNTest.java
6,src/main/java/org/jabref/logic/importer/fileformat/mods/Identifier.java
6,src/main/java/org/jabref/model/strings/LatexToUnicodeAdapter.java
1,src/main/java/org/jabref/gui/preferences/external/ExternalTabViewModel.java
4,src/test/java/org/jabref/logic/importer/fetcher/transformers/JstorQueryTransformerTest.java
6,src/main/java/org/jabref/logic/cleanup/CleanupJob.java
9,src/main/java/org/jabref/model/openoffice/backend/NamedRangeManager.java
9,src/main/java/org/jabref/logic/bibtex/FieldWriter.java
1,src/main/java/org/jabref/logic/layout/format/Ordinal.java
7,src/main/java/org/jabref/gui/desktop/os/DefaultDesktop.java
6,src/test/java/org/jabref/logic/crawler/StudyYamlParserTest.java
6,src/main/java/org/jabref/gui/importer/ImportCustomEntryTypesDialog.java
4,src/main/java/org/jabref/logic/layout/format/AuthorFirstAbbrLastOxfordCommas.java
4,src/main/java/org/jabref/model/entry/identifier/IacrEprint.java
4,src/main/java/org/jabref/model/database/BibDatabaseModeDetection.java
1,src/main/java/org/jabref/gui/undo/CountingUndoManager.java
6,src/main/java/org/jabref/model/openoffice/uno/UnoUndo.java
9,src/test/java/org/jabref/logic/importer/fetcher/OpenAccessDoiTest.java
6,src/main/java/org/jabref/gui/libraryproperties/saving/SavingPropertiesViewModel.java
6,src/test/java/org/jabref/logic/integrity/UTF8CheckerTest.java
6,src/main/java/org/jabref/logic/openoffice/OpenOfficePreferences.java
1,src/main/java/org/jabref/gui/openoffice/OOError.java
9,src/main/java/org/jabref/logic/shared/prefs/SharedDatabasePreferences.java
6,src/main/java/org/jabref/gui/preferences/protectedterms/ProtectedTermsTabViewModel.java
4,src/main/java/org/jabref/logic/layout/format/RemoveBrackets.java
4,src/main/java/org/jabref/gui/EntryTypeViewModel.java
6,src/main/java/org/jabref/logic/protectedterms/ProtectedTermsList.java
4,src/test/java/org/jabref/gui/autocompleter/PersonNameStringConverterTest.java
6,src/main/java/org/jabref/logic/importer/fetcher/TitleFetcher.java
9,src/test/java/org/jabref/logic/importer/fileformat/ACMPortalParserTest.java
6,src/main/java/org/jabref/logic/protectedterms/ProtectedTermsPreferences.java
9,buildSrc/src/copied/java/org/jabref/logic/journals/AbbreviationFormat.java
9,src/main/java/org/jabref/logic/texparser/TexBibEntriesResolver.java
9,src/test/java/org/jabref/logic/exporter/ModsExportFormatFilesTest.java
9,src/test/java/org/jabref/logic/bst/BstVMVisitorTest.java
4,src/main/java/org/jabref/logic/importer/IdBasedFetcher.java
4,src/main/java/org/jabref/gui/importer/ImporterViewModel.java
12,src/main/java/org/jabref/model/search/matchers/OrMatcher.java
4,src/test/java/org/jabref/logic/integrity/ASCIICharacterCheckerTest.java
6,src/main/java/org/jabref/model/entry/types/BiblatexApaEntryType.java
6,src/main/java/org/jabref/gui/push/PushToWinEdt.java
4,src/main/java/org/jabref/gui/maintable/CellFactory.java
1,src/main/java/org/jabref/logic/importer/fetcher/isbntobibtex/EbookDeIsbnFetcher.java
4,src/main/java/org/jabref/gui/bibtexextractor/ExtractBibtexAction.java
4,src/main/java/org/jabref/logic/importer/fileformat/CoinsParser.java
9,src/main/java/org/jabref/logic/integrity/DatabaseChecker.java
6,src/test/java/org/jabref/logic/shared/DBMSProcessorTest.java
4,src/main/java/org/jabref/logic/importer/SearchBasedFetcher.java
4,src/main/java/org/jabref/gui/sidepane/TogglePaneAction.java
4,src/main/java/org/jabref/gui/fieldeditors/identifier/ISBNIdentifierEditorViewModel.java
9,src/test/java/org/jabref/logic/search/SearchQueryTest.java
4,src/main/java/org/jabref/gui/errorconsole/ErrorConsoleView.java
4,src/main/java/org/jabref/logic/layout/format/AuthorFirstLastCommas.java
1,src/test/java/org/jabref/model/search/rules/SentenceAnalyzerTest.java
9,src/test/java/org/jabref/logic/msbib/MSBibConverterTest.java
4,src/main/java/org/jabref/gui/auximport/NewSubLibraryAction.java
6,src/main/java/org/jabref/gui/fieldeditors/EditorTextArea.java
6,src/main/java/org/jabref/gui/sidepane/SidePaneComponent.java
7,src/main/java/org/jabref/gui/autocompleter/AutoCompletionInput.java
4,src/main/java/org/jabref/model/openoffice/style/CitationMarkerNumericEntry.java
6,src/main/java/org/jabref/logic/citationkeypattern/AbstractCitationKeyPattern.java
6,src/main/java/org/jabref/model/openoffice/uno/UnoTextRange.java
6,src/main/java/org/jabref/model/metadata/SaveOrder.java
1,src/main/java/org/jabref/gui/importer/actions/OpenDatabaseAction.java
1,src/main/java/org/jabref/gui/mergeentries/newmergedialog/fieldsmerger/FieldMergerFactory.java
6,src/main/java/org/jabref/gui/preferences/keybindings/KeyBindingViewModel.java
1,src/main/java/org/jabref/gui/Globals.java
6,src/main/java/org/jabref/gui/maintable/MainTableColumnModel.java
1,src/main/java/org/jabref/logic/formatter/bibtexfields/NormalizeMonthFormatter.java
9,src/test/java/org/jabref/logic/formatter/bibtexfields/AddBracesFormatterTest.java
4,src/main/java/org/jabref/gui/undo/AbstractUndoableJabRefEdit.java
7,src/main/java/org/jabref/gui/preferences/externalfiletypes/EditExternalFileTypeViewModel.java
6,src/main/java/org/jabref/logic/preview/PreviewLayout.java
1,src/test/java/org/jabref/logic/importer/fetcher/ResearchGateTest.java
6,src/main/java/org/jabref/model/entry/field/OrFields.java
1,src/main/java/org/jabref/logic/shared/DBMSProcessor.java
4,src/test/java/org/jabref/logic/crawler/StudyRepositoryTest.java
6,src/test/java/org/jabref/logic/bst/util/BstPurifierTest.java
6,src/test/java/org/jabref/logic/l10n/JavaLocalizationEntryParserTest.java
4,src/main/java/org/jabref/logic/cleanup/TimeStampToCreationDate.java
4,src/main/java/org/jabref/logic/importer/ParseException.java
7,src/main/java/org/jabref/gui/libraryproperties/constants/ConstantsItemModel.java
4,src/test/java/org/jabref/logic/formatter/bibtexfields/OrdinalsToSuperscriptFormatterTest.java
5,src/main/java/org/jabref/model/entry/KeywordList.java
9,src/test/java/org/jabref/model/texparser/CitationTest.java
4,src/main/java/org/jabref/gui/util/OpenHyperlinksInExternalBrowser.java
6,src/main/java/org/jabref/logic/msbib/MSBibMapping.java
6,src/main/java/org/jabref/logic/cleanup/CleanupWorker.java
6,src/main/java/org/jabref/logic/layout/format/FormatPagesForHTML.java
6,src/main/java/org/jabref/logic/util/io/FileNameUniqueness.java
1,src/main/java/org/jabref/logic/openoffice/backend/Codec52.java
4,src/test/java/org/jabref/logic/layout/format/AuthorFirstFirstCommasTest.java
1,src/test/java/org/jabref/logic/importer/fileformat/ImporterTestEngine.java
6,src/main/java/org/jabref/logic/exporter/OpenDocumentSpreadsheetCreator.java
4,src/main/java/org/jabref/gui/mergeentries/MergeResult.java
1,src/test/java/org/jabref/logic/auxparser/AuxParserTest.java
1,src/test/java/org/jabref/model/entry/EntryLinkListTest.java
1,src/main/java/org/jabref/gui/preferences/customimporter/CustomImporterTabViewModel.java
6,src/test/java/org/jabref/logic/exporter/XmpPdfExporterTest.java
1,src/main/java/org/jabref/gui/undo/NamedCompound.java
6,src/main/java/org/jabref/logic/layout/LayoutEntry.java
9,src/main/java/org/jabref/model/openoffice/uno/UnoUndo.java
4,src/main/java/org/jabref/logic/protectedterms/ProtectedTermsList.java
1,src/main/java/org/jabref/gui/undo/UndoablePreambleChange.java
4,src/main/java/org/jabref/model/pdf/search/SearchResult.java
4,src/main/java/org/jabref/gui/importer/actions/MergeReviewIntoCommentAction.java
1,src/test/java/org/jabref/gui/search/GrammarBasedSearchRuleDescriberTest.java
1,src/test/java/org/jabref/logic/importer/fetcher/TitleFetcherTest.java
5,src/main/java/org/jabref/model/openoffice/style/CitationMarkerNormEntry.java
1,src/test/java/org/jabref/model/entry/field/FieldFactoryTest.java
6,src/test/java/org/jabref/logic/bibtex/comparator/FieldComparatorTest.java
1,src/main/java/org/jabref/logic/formatter/bibtexfields/LatexCleanupFormatter.java
7,src/main/java/org/jabref/gui/fieldeditors/EditorValidator.java
1,src/main/java/org/jabref/model/openoffice/backend/NamedRangeManager.java
6,src/main/java/org/jabref/gui/push/PushToLyx.java
1,src/test/java/org/jabref/logic/layout/format/HTMLCharsTest.java
1,src/main/java/org/jabref/logic/util/io/DatabaseFileLookup.java
6,src/main/java/org/jabref/gui/externalfiles/FindUnlinkedFilesAction.java
12,src/test/java/org/jabref/model/groups/GroupTreeNodeTest.java
9,src/main/java/org/jabref/logic/bibtex/comparator/GroupDiff.java
6,src/main/java/org/jabref/gui/preferences/customimporter/CustomImporterTab.java
6,src/main/java/org/jabref/logic/shared/prefs/SharedDatabasePreferences.java
9,src/test/java/org/jabref/logic/importer/fetcher/transformers/ZbMathQueryTransformerTest.java
6,src/main/java/org/jabref/logic/preferences/DOIPreferences.java
4,src/main/java/org/jabref/gui/fieldeditors/DateEditorViewModel.java
9,src/main/java/org/jabref/model/openoffice/uno/UnoSelection.java
12,src/test/java/org/jabref/model/openoffice/CitationEntryTest.java
9,src/main/java/org/jabref/logic/net/ProxyRegisterer.java
6,src/main/java/org/jabref/gui/groups/UndoableAddOrRemoveGroup.java
4,src/test/java/org/jabref/logic/git/SlrGitHandlerTest.java
4,src/main/java/org/jabref/logic/importer/fetcher/transformers/CollectionOfComputerScienceBibliographiesQueryTransformer.java
9,src/test/java/org/jabref/logic/cleanup/RenamePdfCleanupTest.java
6,src/main/java/org/jabref/logic/cleanup/TimeStampToModificationDate.java
9,src/test/java/org/jabref/logic/layout/format/EntryTypeFormatterTest.java
6,src/main/java/org/jabref/logic/importer/EntryBasedFetcher.java
6,src/main/java/org/jabref/gui/mergeentries/newmergedialog/diffhighlighter/UnifiedDiffHighlighter.java
6,src/main/java/org/jabref/logic/importer/fileformat/MsBibImporter.java
6,src/test/java/org/jabref/logic/shared/DBMSConnectionPropertiesTest.java
4,src/main/java/org/jabref/logic/msbib/BibTeXConverter.java
6,src/test/java/org/jabref/logic/crawler/StudyDatabaseToFetcherConverterTest.java
1,src/main/java/org/jabref/logic/importer/fetcher/BibsonomyScraper.java
7,src/main/java/org/jabref/gui/collab/stringadd/BibTexStringAdd.java
9,src/main/java/org/jabref/model/util/ResultingStringState.java
5,src/main/java/org/jabref/model/search/matchers/MatcherSets.java
6,src/main/java/org/jabref/gui/fieldeditors/FieldEditorFX.java
1,src/main/java/org/jabref/logic/exporter/TemplateExporter.java
6,src/main/java/org/jabref/logic/importer/fetcher/ZbMATH.java
6,src/main/java/org/jabref/gui/mergeentries/MergeResult.java
4,src/main/java/org/jabref/logic/integrity/FileChecker.java
4,src/main/java/org/jabref/logic/crawler/StudyYamlParser.java
1,src/test/java/org/jabref/logic/layout/format/WrapContentTest.java
4,src/main/java/org/jabref/model/openoffice/uno/UnoStyle.java
4,src/main/java/org/jabref/gui/groups/GroupTreeView.java
9,src/main/java/org/jabref/logic/util/StandardFileType.java
4,src/main/java/org/jabref/gui/keyboard/CodeAreaKeyBindings.java
7,src/main/java/org/jabref/gui/util/comparator/NumericFieldComparator.java
1,src/main/java/org/jabref/gui/preferences/table/TableTab.java
4,src/main/java/org/jabref/logic/layout/StringInt.java
4,src/main/java/org/jabref/logic/formatter/bibtexfields/OrdinalsToSuperscriptFormatter.java
6,src/test/java/org/jabref/logic/importer/fetcher/GoogleScholarTest.java
1,src/main/java/org/jabref/gui/preferences/general/GeneralTabViewModel.java
4,src/main/java/org/jabref/logic/layout/format/ReplaceWithEscapedDoubleQuotes.java
1,src/test/java/org/jabref/logic/formatter/bibtexfields/RemoveDigitsFormatterTest.java
1,src/main/java/org/jabref/gui/mergeentries/newmergedialog/FieldRowView.java
6,src/main/java/org/jabref/model/groups/GroupTreeNode.java
1,src/main/java/org/jabref/logic/citationstyle/JabRefLocaleProvider.java
6,src/main/java/org/jabref/model/entry/BibEntry.java
1,src/main/java/org/jabref/logic/importer/fileformat/BibtexParser.java
7,src/main/java/org/jabref/gui/documentviewer/DocumentPageViewModel.java
7,src/main/java/org/jabref/gui/edit/automaticfiededitor/renamefield/RenameFieldTabView.java
5,src/main/java/org/jabref/model/openoffice/backend/NamedRangeManager.java
9,src/main/java/org/jabref/logic/shared/exception/NotASharedDatabaseException.java
6,src/main/java/org/jabref/gui/preferences/file/FileTab.java
6,src/test/java/org/jabref/logic/importer/fileformat/PdfContentImporterFilesTest.java
4,src/test/java/org/jabref/logic/layout/format/HTMLCharsTest.java
6,src/test/java/org/jabref/gui/util/TooltipTextUtilTest.java
1,src/main/java/org/jabref/gui/maintable/SearchShortScienceAction.java
4,src/main/java/org/jabref/gui/importer/ParserResultWarningDialog.java
9,src/test/java/org/jabref/logic/layout/format/FirstPageTest.java
4,src/main/java/org/jabref/model/entry/identifier/MathSciNetId.java
1,src/test/java/org/jabref/logic/bibtex/comparator/CrossRefEntryComparatorTest.java
4,src/main/java/org/jabref/gui/cleanup/CleanupSingleAction.java
4,src/main/java/org/jabref/gui/fieldeditors/DateEditor.java
6,src/test/java/org/jabref/logic/pdf/search/retrieval/PdfSearcherTest.java
1,src/main/java/org/jabref/logic/preferences/OwnerPreferences.java
6,src/main/java/org/jabref/logic/importer/fileformat/PicaXmlParser.java
9,src/main/java/org/jabref/logic/importer/fileformat/BibtexImporter.java
6,src/main/java/org/jabref/logic/shared/DatabaseConnection.java
1,src/main/java/org/jabref/gui/mergeentries/newmergedialog/diffhighlighter/DiffHighlighter.java
6,src/test/java/org/jabref/logic/importer/fetcher/GrobidCitationFetcherTest.java
6,src/main/java/org/jabref/logic/layout/format/XMLChars.java
4,src/main/java/org/jabref/gui/preferences/citationkeypattern/CitationKeyPatternTabViewModel.java
1,src/main/java/org/jabref/gui/edit/ManageKeywordsDialog.java
6,src/main/java/org/jabref/gui/shared/SharedDatabaseUIManager.java
9,src/main/java/org/jabref/logic/msbib/MSBibConverter.java
6,src/test/java/org/jabref/logic/layout/format/AuthorLastFirstOxfordCommasTest.java
4,src/main/java/org/jabref/gui/theme/StyleSheetResource.java
4,src/main/java/org/jabref/gui/importer/NewDatabaseAction.java
9,src/main/java/org/jabref/logic/util/BuildInfo.java
4,src/main/java/org/jabref/gui/edit/automaticfiededitor/AutomaticFieldEditorViewModel.java
12,src/main/java/org/jabref/model/database/KeyChangeListener.java
4,src/test/java/org/jabref/logic/importer/fetcher/CompositeSearchBasedFetcherTest.java
1,src/main/java/org/jabref/model/entry/event/EntriesEvent.java
1,src/main/java/org/jabref/logic/importer/IdParserFetcher.java
9,src/main/java/org/jabref/logic/xmp/XmpPreferences.java
6,src/test/java/org/jabref/logic/exporter/MSBibExportFormatFilesTest.java
1,src/main/java/org/jabref/model/strings/StringUtil.java
6,src/main/java/org/jabref/logic/bst/BstVMVisitor.java
1,src/test/java/org/jabref/logic/journals/AbbreviationWriterTest.java
1,src/test/java/org/jabref/logic/importer/fileformat/CffImporterTest.java
9,src/test/java/org/jabref/logic/bibtex/comparator/BibDatabaseDiffTest.java
7,src/main/java/org/jabref/gui/preferences/customentrytypes/CustomEntryTypeViewModel.java
4,src/main/java/org/jabref/logic/integrity/ValueChecker.java
9,src/main/java/org/jabref/logic/importer/fileformat/CoinsParser.java
6,src/test/java/org/jabref/logic/integrity/CitationKeyDuplicationCheckerTest.java
7,src/main/java/org/jabref/gui/documentviewer/DocumentViewerControl.java
6,src/main/java/org/jabref/model/entry/Keyword.java
5,src/main/java/org/jabref/model/entry/field/SpecialField.java
1,src/main/java/org/jabref/logic/importer/fetcher/GoogleScholar.java
4,src/main/java/org/jabref/gui/undo/CountingUndoManager.java
4,src/main/java/org/jabref/logic/pdf/search/indexing/IndexingTaskManager.java
4,src/main/java/org/jabref/gui/preferences/xmp/XmpPrivacyTab.java
6,src/main/java/org/jabref/logic/formatter/bibtexfields/EscapeDollarSignFormatter.java
4,src/main/java/org/jabref/gui/autocompleter/AutoCompletionStrategy.java
9,src/main/java/org/jabref/logic/openoffice/frontend/OOFrontend.java
9,src/test/java/org/jabref/logic/bibtex/BibEntryAssert.java
1,src/main/java/org/jabref/logic/preferences/DOIPreferences.java
1,src/test/java/org/jabref/logic/importer/fetcher/PagedSearchFetcherTest.java
7,src/main/java/org/jabref/gui/exporter/SaveDatabaseAction.java
4,src/test/java/org/jabref/logic/formatter/bibtexfields/EscapeDollarSignFormatterTest.java
5,src/test/java/org/jabref/model/entry/CrossrefTest.java
4,src/test/java/org/jabref/model/entry/identifier/ArXivIdentifierTest.java
6,src/main/java/org/jabref/gui/icon/JabRefIcon.java
7,src/main/java/org/jabref/gui/theme/StyleSheetResource.java
4,src/main/java/org/jabref/logic/importer/WebFetchers.java
6,src/main/java/org/jabref/gui/preview/CopyCitationAction.java
6,src/main/java/org/jabref/model/entry/identifier/ARK.java
6,src/main/java/org/jabref/gui/linkedfile/LinkedFileEditDialogView.java
6,src/main/java/org/jabref/gui/groups/GroupDialogView.java
4,src/main/java/org/jabref/gui/texparser/ReferenceViewModel.java
9,src/test/java/org/jabref/logic/shared/SynchronizationSimulatorTest.java
6,src/main/java/org/jabref/logic/auxparser/AuxParserResult.java
4,src/main/java/org/jabref/gui/entryeditor/SourceTab.java
1,src/main/java/org/jabref/model/metadata/ContentSelector.java
6,src/main/java/org/jabref/logic/importer/fileformat/MrDLibImporter.java
4,src/test/java/org/jabref/logic/importer/fetcher/DiVATest.java
6,src/main/java/org/jabref/logic/layout/format/Iso690NamesAuthors.java
1,src/main/java/org/jabref/logic/formatter/casechanger/SentenceCaseFormatter.java
4,src/main/java/org/jabref/logic/importer/ImportFormatReader.java
1,src/test/java/org/jabref/logic/importer/fetcher/transformers/GVKQueryTransformerTest.java
6,src/main/java/org/jabref/gui/undo/UndoableRemoveEntries.java
4,src/test/java/org/jabref/logic/bst/util/BstNameFormatterTest.java
7,src/test/java/org/jabref/gui/autocompleter/DefaultAutoCompleterTest.java
6,src/test/java/org/jabref/logic/exporter/EmbeddedBibFilePdfExporterTest.java
6,src/main/java/org/jabref/logic/integrity/IntegrityCheck.java
9,src/main/java/org/jabref/logic/layout/format/HTMLChars.java
6,src/main/java/org/jabref/logic/bst/BstVM.java
6,src/main/java/org/jabref/logic/importer/fetcher/isbntobibtex/DoiToBibtexConverterComIsbnFetcher.java
6,buildSrc/src/copied/java/org/jabref/logic/journals/JournalAbbreviationLoader.java
9,src/main/java/org/jabref/logic/importer/EntryBasedParserFetcher.java
1,src/main/java/org/jabref/logic/formatter/Formatters.java
7,src/main/java/org/jabref/gui/maintable/OpenFolderAction.java
1,src/main/java/org/jabref/gui/preferences/externalfiletypes/EditExternalFileTypeViewModel.java
6,src/main/java/org/jabref/logic/exporter/XmpExporter.java
12,src/main/java/org/jabref/model/openoffice/style/CitationMarkerNormEntry.java
4,src/main/java/org/jabref/gui/help/AboutAction.java
6,src/main/java/org/jabref/logic/bst/BstVMException.java
7,src/main/java/org/jabref/gui/openoffice/OOBibBase.java
4,src/main/java/org/jabref/gui/fieldeditors/LinkedEntriesEditor.java
1,src/main/java/org/jabref/gui/maintable/columns/MainTableColumn.java
4,src/test/java/org/jabref/logic/remote/RemoteUtilTest.java
6,src/main/java/org/jabref/gui/collab/DatabaseChangeDetailsViewFactory.java
9,src/test/java/org/jabref/logic/importer/fetcher/isbntobibtex/DoiToBibtexConverterComIsbnFetcherTest.java
4,src/main/java/org/jabref/gui/mergeentries/newmergedialog/cell/CopyFieldValueCommand.java
4,src/test/java/org/jabref/logic/importer/fetcher/ApsFetcherTest.java
12,src/main/java/org/jabref/model/openoffice/rangesort/FunctionalTextViewCursor.java
6,src/main/java/org/jabref/gui/slr/EditExistingStudyAction.java
4,src/main/java/org/jabref/gui/externalfiles/ExternalFileSorter.java
6,src/main/java/org/jabref/gui/entryeditor/UserDefinedFieldsTab.java
6,src/test/java/org/jabref/logic/l10n/LocalizationEntry.java
9,src/main/java/org/jabref/model/openoffice/style/CitationMarkerNumericBibEntry.java
4,src/main/java/org/jabref/gui/auximport/FromAuxDialog.java
6,src/test/java/org/jabref/logic/integrity/BracesCorrectorTest.java
9,src/main/java/org/jabref/model/search/matchers/NotMatcher.java
6,src/main/java/org/jabref/logic/TypedBibEntry.java
9,src/main/java/org/jabref/logic/importer/fetcher/DoiFetcher.java
4,src/main/java/org/jabref/logic/integrity/DatabaseChecker.java
1,src/test/java/org/jabref/logic/exporter/ModsExportFormatFilesTest.java
4,src/test/java/org/jabref/logic/remote/RemoteSetupTest.java
6,src/test/java/org/jabref/logic/importer/fetcher/ResearchGateTest.java
4,src/main/java/org/jabref/gui/search/rules/describer/SearchDescribers.java
4,src/test/java/org/jabref/logic/importer/fileformat/RepecNepImporterTest.java
4,src/main/java/org/jabref/logic/util/io/FileNameUniqueness.java
4,src/main/java/org/jabref/gui/preferences/network/NetworkTab.java
1,src/test/java/org/jabref/logic/exporter/ModsExportFormatTest.java
9,src/test/java/org/jabref/logic/layout/format/AuthorFirstFirstCommasTest.java
6,src/main/java/org/jabref/gui/mergeentries/newmergedialog/fieldsmerger/CommentMerger.java
4,src/test/java/org/jabref/logic/layout/format/DefaultTest.java
1,src/test/java/org/jabref/logic/formatter/bibtexfields/CleanupUrlFormatterTest.java
9,src/main/java/org/jabref/logic/layout/format/CreateDocBook4Authors.java
5,src/main/java/org/jabref/model/entry/identifier/DOI.java
9,src/test/java/org/jabref/logic/formatter/bibtexfields/TrimWhitespaceFormatterTest.java
4,src/main/java/org/jabref/gui/theme/Theme.java
6,src/main/java/org/jabref/gui/externalfiles/FileExtensionViewModel.java
4,src/main/java/org/jabref/model/openoffice/style/ComparableCitedKey.java
9,src/test/java/org/jabref/logic/bibtex/comparator/MetaDataDiffTest.java
9,src/main/java/org/jabref/logic/util/strings/QuotedStringTokenizer.java
4,src/main/java/org/jabref/gui/preferences/customentrytypes/CustomEntryTypesTab.java
1,src/test/java/org/jabref/logic/integrity/BooktitleCheckerTest.java
4,src/main/java/org/jabref/model/openoffice/rangesort/RangeOverlap.java
6,src/test/java/org/jabref/logic/remote/RemoteUtilTest.java
4,src/main/java/org/jabref/gui/preferences/table/TableTabViewModel.java
4,src/main/java/org/jabref/logic/formatter/bibtexfields/UnicodeToLatexFormatter.java
1,src/test/java/org/jabref/logic/auxparser/DefaultAuxParserTest.java
4,src/main/java/org/jabref/logic/pdf/search/indexing/DocumentReader.java
1,src/main/java/org/jabref/logic/citationkeypattern/BracketedPattern.java
1,src/test/java/org/jabref/logic/shared/DBMSConnectionPropertiesTest.java
1,src/main/java/org/jabref/logic/importer/fetcher/ResearchGate.java
4,src/test/java/org/jabref/model/groups/AutomaticPersonsGroupTest.java
7,src/main/java/org/jabref/gui/openoffice/AdvancedCiteDialogView.java
4,src/main/java/org/jabref/logic/layout/format/ShortMonthFormatter.java
7,src/main/java/org/jabref/gui/collab/ChangeScanner.java
6,src/main/java/org/jabref/logic/bibtex/comparator/BibEntryDiff.java
7,src/main/java/org/jabref/gui/theme/ThemeManager.java
1,src/main/java/org/jabref/logic/xmp/DocumentInformationExtractor.java
1,src/test/java/org/jabref/logic/database/DuplicateCheckTest.java
6,src/test/java/org/jabref/logic/git/SlrGitHandlerTest.java
4,src/test/java/org/jabref/gui/edit/RenameFieldViewModelTest.java
4,src/main/java/org/jabref/logic/formatter/bibtexfields/AddBracesFormatter.java
4,src/test/java/org/jabref/logic/citationkeypattern/AbstractCitationKeyPatternTest.java
4,src/main/java/org/jabref/model/openoffice/ootext/OOText.java
1,src/main/java/org/jabref/model/openoffice/style/CitationGroup.java
1,src/main/java/org/jabref/gui/preferences/keybindings/presets/BashKeyBindingPreset.java
9,src/test/java/org/jabref/logic/bibtex/comparator/FieldComparatorTest.java
1,src/main/java/org/jabref/gui/fieldeditors/PersonsEditorViewModel.java
5,src/main/java/org/jabref/model/study/QueryResult.java
1,src/test/java/org/jabref/logic/openoffice/style/OOBibStyleTest.java
9,src/main/java/org/jabref/logic/importer/fetcher/DOABFetcher.java
4,src/main/java/org/jabref/model/entry/identifier/ArXivIdentifier.java
6,src/test/java/org/jabref/logic/journals/AbbreviationsTest.java
6,src/main/java/org/jabref/logic/bst/BstVMContext.java
6,src/test/java/org/jabref/gui/util/ControlHelperTest.java
6,src/main/java/org/jabref/gui/mergeentries/newmergedialog/cell/ThreeWayMergeCell.java
4,src/main/java/org/jabref/logic/preferences/DOIPreferences.java
1,src/main/java/org/jabref/gui/commonfxcontrols/SaveOrderConfigPanelViewModel.java
5,src/main/java/org/jabref/model/openoffice/rangesort/RangeHolder.java
9,src/test/java/org/jabref/logic/cleanup/MoveFilesCleanupTest.java
4,src/main/java/org/jabref/gui/mergeentries/newmergedialog/ThreeWayMergeView.java
4,src/test/java/org/jabref/logic/cleanup/ConvertToBiblatexCleanupTest.java
6,src/main/java/org/jabref/gui/util/CustomLocalDragboard.java
4,src/test/java/org/jabref/logic/layout/format/NameFormatterTest.java
1,src/test/java/org/jabref/logic/net/MimeTypeDetectorTest.java
1,src/main/java/org/jabref/gui/maintable/columns/SpecialFieldColumn.java
12,src/test/java/org/jabref/model/entry/identifier/ArXivIdentifierTest.java
9,src/main/java/org/jabref/model/entry/event/FieldChangedEvent.java
1,src/test/java/org/jabref/logic/exporter/BibtexDatabaseWriterTest.java
6,src/test/java/org/jabref/logic/cleanup/FieldFormatterCleanupTest.java
6,src/main/java/org/jabref/gui/preferences/importexport/ImportExportTabViewModel.java
9,src/main/java/org/jabref/logic/formatter/bibtexfields/EscapeAmpersandsFormatter.java
7,src/test/java/org/jabref/gui/edit/ReplaceStringViewModelTest.java
6,src/main/java/org/jabref/gui/importer/NewEntryAction.java
7,src/main/java/org/jabref/gui/util/IconValidationDecorator.java
6,src/main/java/org/jabref/logic/integrity/ValueChecker.java
9,src/main/java/org/jabref/logic/layout/format/AuthorFirstFirstCommas.java
9,src/main/java/org/jabref/logic/msbib/PageNumbers.java
9,src/test/java/org/jabref/logic/formatter/bibtexfields/NormalizeEnDashesFormatterTest.java
4,src/main/java/org/jabref/gui/util/StreamGobbler.java
4,src/main/java/org/jabref/gui/maintable/OpenExternalFileAction.java
4,src/main/java/org/jabref/model/openoffice/util/OOPair.java
4,src/main/java/org/jabref/gui/icon/JabrefIconProvider.java
6,src/main/java/org/jabref/model/database/BibDatabases.java
1,src/main/java/org/jabref/model/groups/LastNameGroup.java
1,src/test/java/org/jabref/logic/layout/format/DefaultTest.java
5,src/main/java/org/jabref/model/FieldChange.java
1,src/test/java/org/jabref/logic/layout/format/NameFormatterTest.java
6,src/test/java/org/jabref/logic/formatter/casechanger/SentenceCaseFormatterTest.java
1,src/main/java/org/jabref/gui/fieldeditors/OptionEditorViewModel.java
6,src/test/java/org/jabref/logic/layout/format/ToUpperCaseTest.java
6,src/main/java/org/jabref/model/openoffice/style/CitationMarkerNumericBibEntry.java
1,src/test/java/org/jabref/logic/formatter/bibtexfields/RemoveNewlinesFormatterTest.java
6,src/main/java/org/jabref/logic/openoffice/style/OOBibStyleGetCitationMarker.java
6,src/main/java/org/jabref/logic/importer/fetcher/transformers/ResearchGateQueryTransformer.java
9,src/main/java/org/jabref/logic/journals/JournalAbbreviationPreferences.java
6,src/main/java/org/jabref/logic/importer/fetcher/INSPIREFetcher.java
7,src/main/java/org/jabref/gui/icon/InternalMaterialDesignIcon.java
1,src/main/java/org/jabref/logic/bibtex/comparator/BibEntryDiff.java
6,src/main/java/org/jabref/model/study/Study.java
6,src/main/java/org/jabref/gui/collab/DatabaseChangeResolverFactory.java
4,src/test/java/org/jabref/logic/importer/fileformat/RISImporterTest.java
4,src/main/java/org/jabref/logic/layout/LayoutFormatterPreferences.java
4,src/main/java/org/jabref/model/openoffice/style/CitationMarkerNumericBibEntry.java
1,src/main/java/org/jabref/model/openoffice/style/CitationMarkerNumericBibEntry.java
6,src/main/java/org/jabref/logic/externalfiles/LinkedFileHandler.java
6,src/main/java/org/jabref/gui/edit/automaticfiededitor/AbstractAutomaticFieldEditorTabView.java
4,src/main/java/org/jabref/logic/layout/format/CompositeFormat.java
6,src/test/java/org/jabref/logic/net/ProxyTest.java
6,src/test/java/org/jabref/logic/importer/fetcher/TitleFetcherTest.java
7,src/test/java/org/jabref/gui/exporter/ExportToClipboardActionTest.java
5,src/main/java/org/jabref/model/openoffice/style/CitedKeys.java
4,src/main/java/org/jabref/logic/util/io/XMLUtil.java
9,src/test/java/org/jabref/logic/integrity/BooktitleCheckerTest.java
12,src/main/java/org/jabref/model/entry/field/StandardField.java
9,src/main/java/org/jabref/logic/search/DatabaseSearcher.java
9,src/main/java/org/jabref/logic/util/WebViewStore.java
9,src/main/java/org/jabref/logic/remote/RemotePreferences.java
1,src/main/java/org/jabref/logic/formatter/bibtexfields/UnicodeToLatexFormatter.java
4,src/test/java/org/jabref/logic/integrity/NoteCheckerTest.java
5,src/main/java/org/jabref/model/groups/RegexKeywordGroup.java
1,src/main/java/org/jabref/logic/openoffice/OpenOfficeFileSearch.java
4,src/main/java/org/jabref/logic/l10n/LocalizationLocator.java
4,src/test/java/org/jabref/logic/xmp/XmpUtilReaderTest.java
9,src/main/java/org/jabref/logic/importer/AuthorListParser.java
1,src/main/java/org/jabref/logic/shared/DBMSConnection.java
1,src/main/java/org/jabref/model/openoffice/style/CitationPath.java
4,src/test/java/org/jabref/model/texparser/CitationTest.java
5,src/test/java/org/jabref/model/entry/IdGeneratorTest.java
6,src/test/java/org/jabref/gui/search/TextFlowEqualityHelper.java
5,src/main/java/org/jabref/model/database/KeyChangeListener.java
1,src/test/java/org/jabref/model/database/DuplicationCheckerTest.java
1,src/main/java/org/jabref/gui/fieldeditors/LinkedEntriesEditorViewModel.java
6,src/test/java/org/jabref/logic/bibtex/BibEntryWriterTest.java
12,src/main/java/org/jabref/model/FieldChange.java
1,src/main/java/org/jabref/logic/undo/UndoChangeEvent.java
9,src/main/java/org/jabref/logic/openoffice/OpenOfficePreferences.java
12,src/test/java/org/jabref/model/entry/AuthorTest.java
6,src/main/java/org/jabref/gui/mergeentries/newmergedialog/fieldsmerger/FieldMergerFactory.java
7,src/main/java/org/jabref/gui/DialogService.java
2,src/test/java/org/jabref/cli/JabRefCLITest.java
1,src/main/java/org/jabref/gui/fieldeditors/TypeEditorViewModel.java
7,src/main/java/org/jabref/gui/logging/ApplicationInsightsWriter.java
1,src/main/java/org/jabref/logic/layout/format/AuthorFirstAbbrLastOxfordCommas.java
4,src/main/java/org/jabref/logic/importer/FulltextFetcher.java
9,src/main/java/org/jabref/logic/importer/util/MediaTypes.java
9,src/main/java/org/jabref/logic/bibtex/comparator/IdComparator.java
4,src/main/java/org/jabref/model/groups/GroupEntryChanger.java
5,src/main/java/org/jabref/model/entry/Date.java
9,src/test/java/org/jabref/logic/formatter/bibtexfields/ReplaceWithEscapedDoubleQuotesTest.java
9,src/test/java/org/jabref/logic/layout/format/DateFormatterTest.java
6,src/main/java/org/jabref/logic/citationkeypattern/CitationKeyPatternPreferences.java
12,src/main/java/org/jabref/model/pdf/FileAnnotation.java
6,src/main/java/org/jabref/gui/cleanup/CleanupDialog.java
9,src/test/java/org/jabref/logic/exporter/XmpExporterTest.java
6,src/test/java/org/jabref/model/groups/AutomaticPersonsGroupTest.java
4,src/test/java/org/jabref/logic/openoffice/style/StyleLoaderTest.java
9,src/main/java/org/jabref/logic/importer/fetcher/ResearchGate.java
6,src/main/java/org/jabref/gui/externalfiles/DownloadFullTextAction.java
12,src/main/java/org/jabref/model/util/FileUpdateMonitor.java
6,src/test/java/org/jabref/model/entry/BibtexStringTest.java
9,src/test/java/org/jabref/logic/importer/fetcher/transformers/DBLPQueryTransformerTest.java
4,src/test/java/org/jabref/gui/util/RecursiveTreeItemTest.java
4,src/main/java/org/jabref/logic/layout/format/AuthorLastFirst.java
6,src/test/java/org/jabref/logic/importer/fileformat/MedlineImporterTest.java
7,src/main/java/org/jabref/gui/edit/automaticfiededitor/AutomaticFieldEditorAction.java
4,src/main/java/org/jabref/logic/shared/PostgreSQLProcessor.java
7,src/test/java/org/jabref/gui/externalfiles/AutoSetFileLinksUtilTest.java
4,src/main/java/org/jabref/model/metadata/MetaData.java
4,src/main/java/org/jabref/gui/search/SearchDisplayMode.java
1,src/main/java/org/jabref/gui/copyfiles/CopyFilesResultItemViewModel.java
1,src/main/java/org/jabref/logic/bibtex/FieldPreferences.java
1,src/main/java/org/jabref/model/openoffice/uno/UnoCast.java
4,src/main/java/org/jabref/gui/fieldeditors/ContextMenuAddable.java
9,src/test/java/org/jabref/model/groups/AutomaticPersonsGroupTest.java
4,src/test/java/org/jabref/logic/exporter/ModsExportFormatFilesTest.java
1,src/main/java/org/jabref/gui/openoffice/CitationEntryViewModel.java
6,src/test/java/org/jabref/logic/remote/RemotePreferencesTest.java
1,src/test/java/org/jabref/gui/util/FileDialogConfigurationTest.java
1,src/main/java/org/jabref/model/database/event/EntriesRemovedEvent.java
7,src/main/java/org/jabref/gui/SendAsEMailAction.java
7,src/main/java/org/jabref/gui/collab/DatabaseChangeDetailsView.java
4,src/main/java/org/jabref/logic/exporter/BibWriter.java
1,src/main/java/org/jabref/gui/ClipBoardManager.java
6,src/main/java/org/jabref/model/util/OptionalUtil.java
6,src/main/java/org/jabref/gui/menus/ChangeEntryTypeMenu.java
4,src/test/java/org/jabref/logic/importer/fetcher/PicaXmlParserTest.java
9,src/main/java/org/jabref/logic/cleanup/ConvertToBibtexCleanup.java
1,src/test/java/org/jabref/logic/exporter/HtmlExportFormatTest.java
1,src/main/java/org/jabref/gui/DragAndDropDataFormats.java
9,src/main/java/org/jabref/logic/git/GitHandler.java
6,src/main/java/org/jabref/logic/msbib/BibTeXConverter.java
4,src/test/java/org/jabref/logic/formatter/bibtexfields/AddBracesFormatterTest.java
7,src/main/java/org/jabref/gui/WaitForSaveFinishedDialog.java
9,src/main/java/org/jabref/logic/bibtex/FieldContentFormatter.java
5,src/main/java/org/jabref/model/entry/event/FieldAddedOrRemovedEvent.java
9,src/main/java/org/jabref/logic/importer/fetcher/transformers/ScholarQueryTransformer.java
4,src/main/java/org/jabref/gui/preferences/nameformatter/NameFormatterItemModel.java
7,src/test/java/org/jabref/gui/commonfxcontrols/SaveOrderPanelViewModelTest.java
1,src/main/java/org/jabref/gui/collab/DatabaseChangeResolverFactory.java
5,src/main/java/org/jabref/model/openoffice/uno/UnoTextDocument.java
7,src/main/java/org/jabref/gui/entryeditor/RequiredFieldsTab.java
4,src/main/java/org/jabref/gui/collab/DatabaseChangeResolver.java
7,src/main/java/org/jabref/gui/mergeentries/newmergedialog/FieldRowView.java
9,src/test/java/org/jabref/logic/formatter/bibtexfields/UnicodeToLatexFormatterTest.java
6,src/test/java/org/jabref/logic/importer/WebFetchersTest.java
4,src/test/java/org/jabref/logic/layout/format/WrapFileLinksTest.java
9,src/test/java/org/jabref/logic/exporter/AtomicFileOutputStreamTest.java
1,src/main/java/org/jabref/gui/preferences/externalfiletypes/ExternalFileTypeItemViewModel.java
4,src/main/java/org/jabref/model/entry/identifier/ISBN.java
9,src/main/java/org/jabref/logic/layout/format/AuthorLastFirstAbbrOxfordCommas.java
1,src/main/java/org/jabref/logic/util/OS.java
6,src/main/java/org/jabref/gui/mergeentries/newmergedialog/DiffMethod.java
1,src/main/java/org/jabref/gui/preferences/PreferencesSearchHandler.java
4,src/test/java/org/jabref/model/entry/MonthTest.java
4,src/main/java/org/jabref/logic/integrity/ASCIICharacterChecker.java
6,src/main/java/org/jabref/gui/UpdateTimestampListener.java
7,src/main/java/org/jabref/gui/preferences/file/FileTabViewModel.java
4,src/main/java/org/jabref/gui/StateManager.java
5,src/main/java/org/jabref/model/entry/EntryConverter.java
4,src/main/java/org/jabref/logic/importer/Importer.java
9,src/main/java/org/jabref/model/openoffice/style/CitationGroup.java
1,src/main/java/org/jabref/logic/exporter/ModsExporter.java
12,src/test/java/org/jabref/model/entry/IdGeneratorTest.java
7,src/main/java/org/jabref/gui/preferences/PreferencesTab.java
1,src/main/java/org/jabref/logic/citationstyle/CSLAdapter.java
1,src/main/java/org/jabref/gui/preferences/general/GeneralTab.java
4,src/main/java/org/jabref/logic/cleanup/RelativePathsCleanup.java
6,src/main/java/org/jabref/gui/documentviewer/DocumentViewerView.java
6,buildSrc/src/copied/java/org/jabref/logic/journals/AbbreviationParser.java
6,src/main/java/org/jabref/model/groups/AbstractGroup.java
4,src/main/java/org/jabref/gui/externalfiles/FileExtensionViewModel.java
6,src/test/java/org/jabref/logic/bibtex/comparator/BibDatabaseDiffTest.java
7,src/main/java/org/jabref/gui/externalfiles/UnlinkedFilesDialogView.java
7,src/main/java/org/jabref/gui/entryeditor/FieldsEditorTab.java
1,src/main/java/org/jabref/gui/linkedfile/DeleteFileAction.java
1,src/main/java/org/jabref/model/openoffice/uno/UnoUndo.java
1,src/main/java/org/jabref/logic/openoffice/frontend/UpdateBibliography.java
4,src/main/java/org/jabref/gui/bibtexextractor/BibtexExtractor.java
6,src/test/java/org/jabref/logic/importer/fetcher/SpringerLinkTest.java
6,src/main/java/org/jabref/gui/edit/CopyDoiUrlAction.java
7,src/test/java/org/jabref/gui/mergeentries/ThreeWayMergeViewModelTest.java
4,src/main/java/org/jabref/gui/mergeentries/DiffHighlightingEllipsingTextFlow.java
7,src/main/java/org/jabref/gui/cleanup/CleanupAction.java
4,src/main/java/org/jabref/model/entry/types/BiblatexAPAEntryTypeDefinitions.java
1,src/main/java/org/jabref/logic/importer/fileformat/mods/package-info.java
9,src/main/java/org/jabref/logic/layout/format/AuthorAbbreviator.java
9,src/main/java/org/jabref/logic/preview/PreviewLayout.java
4,src/main/java/org/jabref/logic/integrity/IntegrityMessage.java
4,src/main/java/org/jabref/logic/importer/fetcher/isbntobibtex/EbookDeIsbnFetcher.java
6,src/main/java/org/jabref/gui/util/OnlyIntegerFormatter.java
9,src/main/java/org/jabref/logic/layout/format/AuthorAndsCommaReplacer.java
6,src/main/java/org/jabref/logic/integrity/EditionChecker.java
6,src/main/java/org/jabref/logic/openoffice/action/EditMerge.java
4,src/main/java/org/jabref/logic/layout/format/DateFormatter.java
1,src/test/java/org/jabref/logic/msbib/MsBibAuthorTest.java
4,src/main/java/org/jabref/gui/openoffice/AdvancedCiteDialogViewModel.java
12,src/main/java/org/jabref/model/entry/CanonicalBibEntry.java
1,src/main/java/org/jabref/gui/exporter/SaveDatabaseAction.java
6,src/main/java/org/jabref/logic/layout/format/ToUpperCase.java
4,src/main/java/org/jabref/gui/autocompleter/StringSuggestionProvider.java
1,src/main/java/org/jabref/logic/layout/TextBasedPreviewLayout.java
6,src/main/java/org/jabref/gui/shared/PullChangesFromSharedAction.java
6,src/test/java/org/jabref/logic/importer/fileformat/ACMPortalParserTest.java
6,src/test/java/org/jabref/gui/util/FileDialogConfigurationTest.java
4,src/test/java/org/jabref/logic/util/UpdateFieldTest.java
6,src/main/java/org/jabref/logic/texparser/LatexParser.java
7,src/main/java/org/jabref/gui/fieldeditors/LinkedEntriesEditor.java
4,src/main/java/org/jabref/gui/help/SearchForUpdateAction.java
9,src/main/java/org/jabref/model/entry/types/EntryTypeFactory.java
5,src/main/java/org/jabref/model/entry/field/FieldPriority.java
1,src/main/java/org/jabref/gui/openoffice/OOBibBase.java
6,src/main/java/org/jabref/model/groups/WordKeywordGroup.java
6,src/main/java/org/jabref/logic/shared/MySQLProcessor.java
9,src/main/java/org/jabref/model/search/rules/ContainsBasedSearchRule.java
1,src/test/java/org/jabref/logic/crawler/StudyRepositoryTest.java
4,src/main/java/org/jabref/logic/importer/fetcher/DBLPFetcher.java
9,src/main/java/org/jabref/logic/importer/fileformat/ACMPortalParser.java
6,src/main/java/org/jabref/gui/edit/ManageKeywordsDisplayType.java
6,src/main/java/org/jabref/logic/importer/fileformat/CffImporter.java
1,src/main/java/org/jabref/logic/importer/ImportCleanup.java
6,src/main/java/org/jabref/gui/fieldeditors/MonthEditorViewModel.java
1,src/test/java/org/jabref/logic/integrity/EditionCheckerTest.java
12,src/main/java/org/jabref/model/openoffice/util/OOVoidResult.java
1,src/test/java/org/jabref/logic/l10n/LocalizationKeyTest.java
6,src/main/java/org/jabref/gui/entryeditor/fileannotationtab/FileAnnotationTabViewModel.java
7,src/main/java/org/jabref/gui/sidepane/SidePane.java
6,src/main/java/org/jabref/gui/menus/ChangeEntryTypeAction.java
9,src/main/java/org/jabref/logic/util/FileType.java
6,src/main/java/org/jabref/gui/util/OptionalValueTableCellFactory.java
6,src/main/java/org/jabref/gui/maintable/columns/FieldColumn.java
9,src/test/java/org/jabref/model/entry/field/StandardFieldTest.java
7,src/test/java/org/jabref/gui/preferences/journals/JournalAbbreviationsViewModelTabTest.java
1,src/main/java/org/jabref/gui/StateManager.java
9,src/main/java/org/jabref/logic/bibtex/FileFieldWriter.java
4,src/main/java/org/jabref/gui/fieldeditors/LinkedFilesEditor.java
1,src/main/java/org/jabref/gui/edit/automaticfiededitor/AbstractAutomaticFieldEditorTabView.java
7,src/main/java/org/jabref/gui/maintable/SmartConstrainedResizePolicy.java
1,src/main/java/org/jabref/logic/importer/fetcher/IacrEprintFetcher.java
4,src/main/java/org/jabref/logic/bst/util/BstPurifier.java
4,src/main/java/org/jabref/gui/preferences/network/NetworkTabViewModel.java
6,src/main/java/org/jabref/gui/fieldeditors/OptionEditorViewModel.java
9,src/test/java/org/jabref/logic/layout/format/WrapContentTest.java
1,src/main/java/org/jabref/gui/externalfiles/AutoSetFileLinksUtil.java
6,src/main/java/org/jabref/logic/shared/PostgreSQLProcessor.java
6,src/main/java/org/jabref/gui/util/NoSelectionModel.java
4,src/main/java/org/jabref/logic/citationstyle/JabRefItemDataProvider.java
1,src/main/java/org/jabref/model/openoffice/uno/UnoProperties.java
6,src/test/java/org/jabref/logic/msbib/MSBibConverterTest.java
6,src/main/java/org/jabref/logic/openoffice/action/ExportCited.java
7,src/main/java/org/jabref/gui/util/UiThreadList.java
4,src/main/java/org/jabref/logic/layout/format/Replace.java
1,src/main/java/org/jabref/gui/icon/JabRefIcon.java
6,src/main/java/org/jabref/logic/net/ProxyRegisterer.java
9,src/test/java/org/jabref/model/entry/identifier/DOITest.java
4,src/test/java/org/jabref/logic/pdf/EntryAnnotationImporterTest.java
4,src/test/java/org/jabref/logic/importer/fetcher/ACSTest.java
4,src/test/java/org/jabref/model/entry/DateTest.java
1,src/test/java/org/jabref/logic/bibtex/comparator/GroupDiffTest.java
9,src/test/java/org/jabref/logic/cleanup/CleanupWorkerTest.java
6,src/main/java/org/jabref/gui/maintable/ColumnPreferences.java
4,src/main/java/org/jabref/gui/preferences/external/ExternalTabViewModel.java
1,src/main/java/org/jabref/gui/theme/StyleSheet.java
1,src/main/java/org/jabref/logic/exporter/BibDatabaseWriter.java
7,src/main/java/org/jabref/gui/undo/UndoableRemoveString.java
4,src/main/java/org/jabref/gui/Globals.java
9,src/test/java/org/jabref/logic/bibtex/comparator/EntryComparatorTest.java
9,src/main/java/org/jabref/model/search/rules/SearchRules.java
6,src/main/java/org/jabref/gui/libraryproperties/PropertiesTabViewModel.java
1,src/test/java/org/jabref/logic/bibtex/comparator/BibtexStringComparatorTest.java
1,src/main/java/org/jabref/gui/undo/UndoableInsertEntries.java
7,src/main/java/org/jabref/gui/edit/automaticfiededitor/AbstractAutomaticFieldEditorTabViewModel.java
1,src/main/java/org/jabref/logic/util/ExternalLinkCreator.java
9,src/main/java/org/jabref/logic/citationstyle/CSLAdapter.java
4,src/test/java/org/jabref/logic/importer/fetcher/DOABFetcherTest.java
1,src/main/java/org/jabref/gui/errorconsole/LogEventViewModel.java
9,buildSrc/src/copied/java/org/jabref/logic/journals/AbbreviationParser.java
4,src/main/java/org/jabref/gui/collab/DatabaseChangesResolverDialog.java
1,src/main/java/org/jabref/gui/collab/preamblechange/PreambleChangeDetailsView.java
4,src/main/java/org/jabref/logic/formatter/bibtexfields/RemoveNewlinesFormatter.java
4,src/test/java/org/jabref/logic/exporter/HtmlExportFormatTest.java
1,src/main/java/org/jabref/logic/formatter/IdentityFormatter.java
6,src/main/java/org/jabref/logic/layout/format/LastPage.java
7,src/main/java/org/jabref/gui/util/ValueTableCellFactory.java
4,src/main/java/org/jabref/logic/formatter/bibtexfields/ShortenDOIFormatter.java
4,src/test/java/org/jabref/logic/integrity/ISSNCheckerTest.java
4,src/main/java/org/jabref/gui/preferences/customexporter/CustomExporterTabViewModel.java
1,src/main/java/org/jabref/gui/fieldeditors/contextmenu/EditorContextAction.java
7,src/main/java/org/jabref/gui/mergeentries/newmergedialog/cell/sidebuttons/InfoButton.java
4,src/main/java/org/jabref/gui/shared/SharedDatabaseUIManager.java
6,src/main/java/org/jabref/gui/preview/PreviewPanel.java
7,src/main/java/org/jabref/gui/keyboard/CodeAreaKeyBindings.java
9,src/main/java/org/jabref/model/strings/StringUtil.java
4,src/main/java/org/jabref/model/entry/types/IEEETranEntryType.java
12,src/main/java/org/jabref/model/strings/StringUtil.java
4,src/main/java/org/jabref/gui/externalfiles/DownloadFullTextAction.java
9,src/main/java/org/jabref/model/metadata/ContentSelectors.java
6,src/main/java/org/jabref/model/openoffice/style/CitationLookupResult.java
4,src/main/java/org/jabref/logic/auxparser/AuxParser.java
9,src/main/java/org/jabref/logic/TypedBibEntry.java
1,src/main/java/org/jabref/model/openoffice/util/OOResult.java
1,src/main/java/org/jabref/gui/mergeentries/newmergedialog/fieldsmerger/GroupMerger.java
4,src/test/java/org/jabref/logic/shared/DBMSTypeTest.java
1,src/main/java/org/jabref/model/openoffice/style/CitedKey.java
9,src/main/java/org/jabref/model/groups/SearchGroup.java
1,src/main/java/org/jabref/logic/exporter/MetaDataSerializer.java
1,src/main/java/org/jabref/gui/preferences/externalfiletypes/EditExternalFileTypeEntryDialog.java
1,src/main/java/org/jabref/logic/formatter/bibtexfields/CleanupUrlFormatter.java
1,src/test/java/org/jabref/model/entry/DateTest.java
1,src/main/java/org/jabref/gui/util/RecursiveTreeItem.java
4,src/main/java/org/jabref/logic/externalfiles/ExternalFilesContentImporter.java
4,src/test/java/org/jabref/gui/maintable/MainTableColumnModelTest.java
6,src/main/java/org/jabref/logic/importer/ParseException.java
1,src/main/java/org/jabref/gui/preferences/externalfiletypes/ExternalFileTypesTab.java
6,src/main/java/org/jabref/logic/remote/server/RemoteListenerServer.java
4,src/main/java/org/jabref/logic/cleanup/DoiCleanup.java
6,src/main/java/org/jabref/logic/importer/fetcher/BiodiversityLibrary.java
12,src/main/java/org/jabref/model/openoffice/style/CitationLookupResult.java
7,src/main/java/org/jabref/gui/mergeentries/MergeEntriesDialog.java
4,src/main/java/org/jabref/logic/importer/fetcher/Medra.java
1,src/main/java/org/jabref/model/openoffice/style/CitationMarkerNumericEntry.java
9,src/main/java/org/jabref/logic/importer/fetcher/AbstractIsbnFetcher.java
12,src/test/java/org/jabref/model/entry/BibtexStringTest.java
1,src/main/java/org/jabref/gui/fieldeditors/UrlEditorViewModel.java
4,src/test/java/org/jabref/logic/formatter/bibtexfields/NormalizeNamesFormatterTest.java
4,src/test/java/org/jabref/gui/preview/CopyCitationActionTest.java
6,src/main/java/org/jabref/gui/collab/metedatachange/MetadataChange.java
6,src/main/java/org/jabref/gui/errorconsole/LogEventViewModel.java
9,src/test/java/org/jabref/logic/remote/RemoteCommunicationTest.java
1,src/test/java/org/jabref/logic/crawler/StudyDatabaseToFetcherConverterTest.java
4,src/main/java/org/jabref/logic/importer/PagedSearchBasedFetcher.java
6,src/main/java/org/jabref/model/openoffice/style/PageInfo.java
6,src/test/java/org/jabref/logic/net/URLDownloadTest.java
1,src/test/java/org/jabref/logic/l10n/JavaLocalizationEntryParserTest.java
9,src/main/java/org/jabref/logic/importer/fetcher/TrustLevel.java
7,src/main/java/org/jabref/gui/importer/ParserResultWarningDialog.java
7,src/main/java/org/jabref/gui/mergeentries/newmergedialog/cell/FieldValueCell.java
5,src/main/java/org/jabref/model/openoffice/rangesort/RangeOverlapBetween.java
9,src/main/java/org/jabref/logic/formatter/minifier/TruncateFormatter.java
6,src/main/java/org/jabref/gui/icon/InternalMaterialDesignIcon.java
7,src/main/java/org/jabref/gui/integrity/IntegrityCheckAction.java
4,src/main/java/org/jabref/gui/journals/AbbreviationType.java
7,src/test/java/org/jabref/testutils/category/GUITest.java
7,src/test/java/org/jabref/gui/edit/RenameFieldViewModelTest.java
9,src/test/java/org/jabref/logic/bibtex/comparator/BibStringDiffTest.java
4,src/main/java/org/jabref/model/entry/ParsedEntryLink.java
6,src/main/java/org/jabref/model/groups/SearchGroup.java
9,src/main/java/org/jabref/logic/importer/util/INSPIREBibtexFilterReader.java
1,src/test/java/org/jabref/logic/importer/BibDatabaseFilesTest.java
9,src/test/java/org/jabref/logic/importer/util/GrobidServiceTest.java
9,src/test/java/org/jabref/logic/pdf/search/indexing/DocumentReaderTest.java
9,src/main/java/org/jabref/logic/openoffice/action/EditMerge.java
6,src/main/java/org/jabref/logic/importer/fetcher/MedlineFetcher.java
6,src/test/java/org/jabref/logic/layout/format/EntryTypeFormatterTest.java
4,src/main/java/org/jabref/gui/fieldeditors/UrlEditor.java
9,src/main/java/org/jabref/logic/cleanup/MoveFieldCleanup.java
7,src/main/java/org/jabref/gui/importer/NewDatabaseAction.java
1,src/test/java/org/jabref/logic/util/strings/StringLengthComparatorTest.java
4,src/main/java/org/jabref/logic/formatter/bibtexfields/EscapeDollarSignFormatter.java
4,src/main/java/org/jabref/gui/mergeentries/newmergedialog/cell/HeaderCell.java
4,src/main/java/org/jabref/gui/menus/ChangeEntryTypeAction.java
9,src/test/java/org/jabref/logic/layout/format/DOIStripTest.java
1,src/main/java/org/jabref/gui/fieldeditors/EditorTextField.java
9,src/main/java/org/jabref/logic/shared/DatabaseConnection.java
4,src/test/java/org/jabref/gui/util/FileDialogConfigurationTest.java
1,src/main/java/org/jabref/gui/cleanup/CleanupDialog.java
5,src/main/java/org/jabref/model/entry/event/EntriesEvent.java
6,src/test/java/org/jabref/logic/layout/format/RemoveLatexCommandsFormatterTest.java
6,src/main/java/org/jabref/logic/integrity/DoiValidityChecker.java
1,src/test/java/org/jabref/gui/mergeentries/FieldRowViewModelTest.java
4,src/test/java/org/jabref/model/entry/identifier/IacrEprintTest.java
4,src/test/java/org/jabref/model/entry/field/BibFieldTest.java
1,src/main/java/org/jabref/gui/actions/StandardActions.java
4,src/main/java/org/jabref/logic/pdf/FileAnnotationCache.java
9,src/test/java/org/jabref/logic/importer/fetcher/ApsFetcherTest.java
1,src/main/java/org/jabref/gui/preferences/customentrytypes/EntryTypeViewModel.java
9,src/main/java/org/jabref/logic/integrity/ValidCitationKeyChecker.java
6,src/main/java/org/jabref/gui/theme/StyleSheet.java
1,src/main/java/org/jabref/gui/slr/StartNewStudyAction.java
7,src/main/java/org/jabref/gui/bibtexextractor/BibtexExtractorViewModel.java
5,src/main/java/org/jabref/model/database/BibDatabaseMode.java
4,src/main/java/org/jabref/gui/exporter/WriteMetadataToPdfAction.java
4,src/main/java/org/jabref/logic/xmp/XmpUtilShared.java
9,src/main/java/org/jabref/model/entry/BibEntryTypesManager.java
9,src/main/java/org/jabref/model/entry/field/BiblatexSoftwareField.java
1,src/main/java/org/jabref/logic/l10n/LocalizationKeyParams.java
9,src/main/java/org/jabref/logic/importer/fetcher/AstrophysicsDataSystem.java
7,src/main/java/org/jabref/gui/autocompleter/AutoCompletionStrategy.java
6,src/main/java/org/jabref/gui/util/StreamGobbler.java
6,src/main/java/org/jabref/gui/util/component/TagBar.java
7,src/main/java/org/jabref/gui/entryeditor/PreviewSwitchAction.java
4,src/main/java/org/jabref/logic/xmp/XmpUtilWriter.java
9,src/main/java/org/jabref/logic/undo/AddUndoableActionEvent.java
1,src/main/java/org/jabref/logic/importer/PagedSearchBasedFetcher.java
7,src/main/java/org/jabref/gui/edit/CopyMoreAction.java
6,src/main/java/org/jabref/gui/libraryproperties/keypattern/KeyPatternPropertiesViewModel.java
1,src/main/java/org/jabref/gui/integrity/IntegrityCheckDialogViewModel.java
9,src/main/java/org/jabref/logic/xmp/XmpUtilShared.java
4,src/main/java/org/jabref/gui/journals/UndoableAbbreviator.java
4,src/main/java/org/jabref/gui/fieldeditors/identifier/BaseIdentifierEditorViewModel.java
4,src/main/java/org/jabref/logic/formatter/bibtexfields/EscapeAmpersandsFormatter.java
1,src/main/java/org/jabref/gui/util/component/DiffHighlightingTextPane.java
1,src/main/java/org/jabref/logic/net/URLDownload.java
1,src/main/java/org/jabref/gui/bibtexextractor/BibtexExtractorViewModel.java
6,src/test/java/org/jabref/logic/importer/fileformat/BiblioscapeImporterFilesTest.java
1,src/test/java/org/jabref/logic/texparser/LatexParserTest.java
6,src/test/java/org/jabref/logic/importer/fetcher/ApsFetcherTest.java
1,src/main/java/org/jabref/logic/importer/fetcher/DoiResolution.java
4,src/main/java/org/jabref/gui/texparser/ParseLatexResultViewModel.java
4,src/test/java/org/jabref/logic/exporter/EmbeddedBibFilePdfExporterTest.java
4,src/main/java/org/jabref/gui/copyfiles/CopyFilesAction.java
6,src/test/java/org/jabref/logic/exporter/CsvExportFormatTest.java
6,src/test/java/org/jabref/logic/importer/fetcher/CompositeSearchBasedFetcherTest.java
6,src/main/java/org/jabref/gui/slr/ManageStudyDefinitionView.java
1,src/main/java/org/jabref/gui/fieldeditors/EditorTypeEditorViewModel.java
1,src/main/java/org/jabref/logic/citationstyle/CitationStyleCache.java
9,src/main/java/org/jabref/logic/shared/exception/OfflineLockException.java
6,src/test/java/org/jabref/logic/importer/fileformat/CffImporterTest.java
1,src/main/java/org/jabref/model/openoffice/style/CitationLookupResult.java
9,src/main/java/org/jabref/logic/layout/AbstractParamLayoutFormatter.java
1,src/test/java/org/jabref/logic/importer/fileformat/ModsImporterFilesTest.java
6,src/main/java/org/jabref/logic/importer/fetcher/MathSciNet.java
1,src/main/java/org/jabref/logic/bst/util/BstCaseChanger.java
7,src/main/java/org/jabref/gui/preferences/xmp/XmpPrivacyTabViewModel.java
4,src/test/java/org/jabref/model/search/rules/SentenceAnalyzerTest.java
1,src/main/java/org/jabref/logic/layout/format/ToUpperCase.java
1,src/test/java/org/jabref/logic/formatter/bibtexfields/NormalizeNamesFormatterTest.java
4,src/main/java/org/jabref/gui/fieldeditors/EditorValidator.java
9,src/main/java/org/jabref/logic/layout/LayoutFormatterBasedFormatter.java
4,src/main/java/org/jabref/logic/integrity/YearChecker.java
1,src/test/java/org/jabref/logic/importer/fetcher/SearchBasedFetcherCapabilityTest.java
9,src/main/java/org/jabref/logic/openoffice/style/OOBibStyleGetNumCitationMarker.java
7,src/main/java/org/jabref/gui/keyboard/KeyBinding.java
6,src/main/java/org/jabref/logic/formatter/bibtexfields/RegexFormatter.java
1,src/main/java/org/jabref/model/openoffice/util/OOTuple3.java
6,src/test/java/org/jabref/logic/importer/fileformat/PdfGrobidImporterTest.java
5,src/main/java/org/jabref/model/entry/identifier/MathSciNetId.java
1,src/main/java/org/jabref/logic/journals/JournalAbbreviationRepository.java
7,src/main/java/org/jabref/gui/icon/IconTheme.java
1,src/main/java/org/jabref/logic/importer/fetcher/INSPIREFetcher.java
6,src/main/java/org/jabref/model/groups/TexGroup.java
7,src/main/java/org/jabref/gui/util/comparator/SpecialFieldComparator.java
1,src/test/java/org/jabref/gui/edit/ReplaceStringViewModelTest.java
7,src/main/java/org/jabref/gui/preferences/protectedterms/NewProtectedTermsFileDialog.java
1,src/main/java/org/jabref/logic/importer/WebFetchers.java
1,src/test/java/org/jabref/logic/importer/fileformat/BiblioscapeImporterTest.java
4,src/main/java/org/jabref/logic/bst/BstVMException.java
9,src/main/java/org/jabref/logic/importer/util/MetaDataParser.java
1,src/test/java/org/jabref/model/entry/BibtexStringTest.java
6,src/main/java/org/jabref/logic/integrity/DatabaseChecker.java
6,src/main/java/org/jabref/model/entry/Month.java
6,src/main/java/org/jabref/gui/util/OptionalObjectProperty.java
1,src/test/java/org/jabref/model/groups/GroupTreeNodeTest.java
1,src/main/java/org/jabref/logic/bibtex/comparator/EntryComparator.java
6,src/main/java/org/jabref/logic/pdf/search/indexing/DocumentReader.java
6,src/main/java/org/jabref/logic/xmp/DocumentInformationExtractor.java
9,src/main/java/org/jabref/model/entry/types/UnknownEntryType.java
4,src/test/java/org/jabref/gui/UpdateTimestampListenerTest.java
6,src/main/java/org/jabref/logic/integrity/BracketChecker.java
4,src/main/java/org/jabref/gui/edit/automaticfiededitor/copyormovecontent/CopyOrMoveFieldContentTabView.java
9,src/main/java/org/jabref/logic/layout/format/CompositeFormat.java
6,src/main/java/org/jabref/gui/util/comparator/RankingFieldComparator.java
9,src/main/java/org/jabref/logic/layout/format/ToLowerCase.java
6,src/main/java/org/jabref/logic/net/ssl/SSLCertificate.java
1,src/main/java/org/jabref/logic/importer/fetcher/GrobidPreferences.java
9,src/test/java/org/jabref/logic/importer/ParserResultTest.java
9,src/main/java/org/jabref/model/openoffice/uno/UnoNameAccess.java
7,src/main/java/org/jabref/gui/util/uithreadaware/UiThreadHelper.java
4,src/main/java/org/jabref/logic/importer/fileformat/medline/Investigator.java
7,src/main/java/org/jabref/gui/preferences/keybindings/presets/KeyBindingPreset.java
4,src/test/java/org/jabref/logic/bibtex/comparator/BibDatabaseDiffTest.java
4,src/main/java/org/jabref/gui/preferences/file/FileTab.java
4,src/main/java/org/jabref/gui/collab/DatabaseChangeDetailsViewFactory.java
7,src/main/java/org/jabref/gui/maintable/columns/FieldColumn.java
6,src/main/java/org/jabref/logic/importer/fetcher/transformers/DefaultLuceneQueryTransformer.java
4,src/main/java/org/jabref/model/util/ListUtil.java
7,src/main/java/org/jabref/gui/util/FieldsUtil.java
9,src/test/java/org/jabref/logic/util/ExternalLinkCreatorTest.java
9,src/main/java/org/jabref/logic/shared/DBMSProcessor.java
4,src/test/java/org/jabref/model/entry/BibEntryTest.java
1,src/main/java/org/jabref/model/TreeNode.java
1,src/main/java/org/jabref/gui/util/OptionalValueTableCellFactory.java
7,src/main/java/org/jabref/gui/undo/UndoableInsertString.java
7,src/main/java/org/jabref/gui/citationkeypattern/GenerateCitationKeyAction.java
9,src/main/java/org/jabref/logic/journals/Abbreviation.java
9,src/test/java/org/jabref/logic/layout/format/ToUpperCaseTest.java
1,src/main/java/org/jabref/logic/layout/format/AuthorNatBib.java
6,src/main/java/org/jabref/logic/net/ProgressInputStream.java
4,src/main/java/org/jabref/gui/preferences/entryeditor/EntryEditorTab.java
6,src/test/java/org/jabref/logic/layout/format/AuthorAndsCommaReplacerTest.java
9,src/test/java/org/jabref/logic/integrity/BracesCorrectorTest.java
1,src/main/java/org/jabref/gui/util/CustomTitledPaneSkin.java
9,src/test/java/org/jabref/logic/l10n/LocalizationKeyParamsTest.java
9,src/main/java/org/jabref/logic/importer/fileformat/IsiImporter.java
6,src/main/java/org/jabref/gui/fieldeditors/YesNoEditorViewModel.java
4,src/test/java/org/jabref/logic/exporter/BibtexDatabaseWriterTest.java
9,src/main/java/org/jabref/logic/layout/format/AuthorLastFirstOxfordCommas.java
12,src/main/java/org/jabref/model/texparser/LatexParserResult.java
6,src/test/java/org/jabref/logic/util/io/FileHistoryTest.java
1,src/main/java/org/jabref/gui/maintable/MainTableFieldValueFormatter.java
1,src/main/java/org/jabref/gui/edit/ReplaceStringAction.java
1,src/test/java/org/jabref/gui/commonfxcontrols/SaveOrderPanelViewModelTest.java
4,src/main/java/org/jabref/gui/mergeentries/newmergedialog/cell/sidebuttons/InfoButton.java
4,src/main/java/org/jabref/gui/undo/UndoRedoAction.java
12,src/main/java/org/jabref/model/openoffice/uno/UnoTextRange.java
4,src/main/java/org/jabref/logic/importer/fetcher/TitleFetcher.java
6,src/main/java/org/jabref/logic/bibtex/comparator/IdComparator.java
6,src/main/java/org/jabref/gui/search/GlobalSearchBar.java
4,src/test/java/org/jabref/logic/importer/fetcher/BiodiversityLibraryTest.java
9,src/test/java/org/jabref/logic/importer/fileformat/CustomImporterTest.java
1,src/main/java/org/jabref/gui/edit/ManageKeywordsDisplayType.java
4,src/main/java/org/jabref/logic/externalfiles/LinkedFileHandler.java
6,src/main/java/org/jabref/logic/bibtex/comparator/FieldComparatorStack.java
4,src/test/java/org/jabref/logic/pdf/search/indexing/DocumentReaderTest.java
7,src/main/java/org/jabref/gui/groups/UndoableAddOrRemoveGroup.java
6,src/test/java/org/jabref/logic/pdf/EntryAnnotationImporterTest.java
4,src/test/java/org/jabref/logic/importer/fileformat/CopacImporterFilesTest.java
4,src/test/java/org/jabref/model/groups/SearchGroupTest.java
4,src/main/java/org/jabref/model/strings/StringUtil.java
1,src/main/java/org/jabref/logic/exporter/XmpExporter.java
12,src/test/java/org/jabref/model/search/rules/ContainsBasedSearchRuleTest.java
4,src/main/java/org/jabref/logic/importer/fileformat/PdfXmpImporter.java
4,src/main/java/org/jabref/gui/documentviewer/PdfDocumentPageViewModel.java
4,src/main/java/org/jabref/logic/layout/format/ToLowerCase.java
9,src/main/java/org/jabref/model/util/OptionalUtil.java
1,src/main/java/org/jabref/model/entry/EntryLinkList.java
4,src/main/java/org/jabref/gui/actions/ActionFactory.java
9,src/main/java/org/jabref/logic/importer/util/ShortDOIService.java
1,src/test/java/org/jabref/gui/util/RecursiveTreeItemTest.java
1,src/main/java/org/jabref/gui/libraryproperties/contentselectors/ContentSelectorView.java
1,src/main/java/org/jabref/logic/openoffice/backend/NamedRangeManagerReferenceMark.java
4,src/main/java/org/jabref/logic/texparser/DefaultLatexParser.java
1,src/main/java/org/jabref/gui/edit/automaticfiededitor/copyormovecontent/CopyOrMoveFieldContentTabView.java
6,src/main/java/org/jabref/logic/util/TestEntry.java
1,src/main/java/org/jabref/gui/groups/GroupDescriptions.java
6,src/main/java/org/jabref/logic/openoffice/style/OOProcessNumericMarkers.java
1,src/main/java/org/jabref/gui/exporter/CreateModifyExporterDialogViewModel.java
1,src/test/java/org/jabref/logic/util/io/FileUtilTest.java
4,src/main/java/org/jabref/gui/importer/NewEntryAction.java
7,src/main/java/org/jabref/gui/search/SearchTextField.java
1,src/main/java/org/jabref/gui/undo/UndoableChangeType.java
6,src/main/java/org/jabref/logic/shared/DBMSType.java
7,src/main/java/org/jabref/gui/collab/entrychange/EntryChange.java
9,src/test/java/org/jabref/logic/formatter/casechanger/CapitalizeFormatterTest.java
4,src/test/java/org/jabref/logic/layout/format/WrapContentTest.java
9,src/main/java/org/jabref/model/openoffice/uno/NoDocumentException.java
4,src/main/java/org/jabref/logic/exporter/ModsExporter.java
1,src/test/java/org/jabref/gui/autocompleter/AutoCompleterUtil.java
4,src/main/java/org/jabref/gui/entryeditor/fileannotationtab/FileAnnotationTabView.java
9,src/main/java/org/jabref/logic/exporter/OOCalcDatabase.java
4,src/main/java/org/jabref/logic/formatter/bibtexfields/RemoveDigitsFormatter.java
1,src/main/java/org/jabref/logic/logging/LogMessages.java
1,src/main/java/org/jabref/logic/bibtex/comparator/MetaDataDiff.java
5,src/main/java/org/jabref/model/openoffice/uno/UnoNameAccess.java
5,src/main/java/org/jabref/model/entry/types/BiblatexAPAEntryTypeDefinitions.java
6,src/main/java/org/jabref/logic/layout/format/MarkdownFormatter.java
1,src/main/java/org/jabref/logic/exporter/GroupSerializer.java
6,src/main/java/org/jabref/logic/layout/format/EntryTypeFormatter.java
6,src/main/java/org/jabref/logic/importer/fetcher/DOABFetcher.java
4,src/test/java/org/jabref/logic/integrity/EditionCheckerTest.java
4,src/main/java/org/jabref/logic/importer/util/JsonReader.java
1,src/main/java/org/jabref/model/util/FileUpdateListener.java
9,src/test/java/org/jabref/logic/importer/fetcher/GoogleScholarTest.java
6,src/main/java/org/jabref/logic/bibtex/comparator/PreambleDiff.java
12,src/main/java/org/jabref/model/groups/AllEntriesGroup.java
4,src/main/java/org/jabref/model/entry/field/InternalField.java
1,src/test/java/org/jabref/logic/pdf/search/indexing/PdfIndexerTest.java
6,src/main/java/org/jabref/gui/openoffice/DetectOpenOfficeInstallation.java
7,src/main/java/org/jabref/gui/shared/PullChangesFromSharedAction.java
1,src/main/java/org/jabref/gui/libraryproperties/constants/ConstantsItemModel.java
4,src/main/java/org/jabref/model/metadata/ContentSelectors.java
6,src/test/java/org/jabref/logic/citationkeypattern/MakeLabelWithDatabaseTest.java
4,src/main/java/org/jabref/gui/backup/BackupResolverDialog.java
6,src/main/java/org/jabref/gui/commonfxcontrols/SortCriterionViewModel.java
4,src/main/java/org/jabref/model/openoffice/uno/CreationException.java
4,src/main/java/org/jabref/model/ChainNode.java
4,src/main/java/org/jabref/gui/libraryproperties/constants/ConstantsItemModel.java
6,src/main/java/org/jabref/model/database/event/AutosaveEvent.java
9,src/main/java/org/jabref/model/texparser/LatexBibEntriesResolverResult.java
1,src/test/java/org/jabref/gui/importer/fetcher/WebSearchPaneViewModelTest.java
4,src/test/java/org/jabref/logic/importer/fetcher/isbntobibtex/DoiToBibtexConverterComIsbnFetcherTest.java
7,src/main/java/org/jabref/gui/mergeentries/MergeEntriesAction.java
9,src/main/java/org/jabref/model/openoffice/uno/UnoStyle.java
9,src/test/java/org/jabref/logic/protectedterms/ProtectedTermsListTest.java
6,src/main/java/org/jabref/logic/bst/util/BstCaseChanger.java
1,src/main/java/org/jabref/logic/importer/fetcher/CustomizableKeyFetcher.java
4,src/test/java/org/jabref/gui/commonfxcontrols/SaveOrderPanelViewModelTest.java
9,src/main/java/org/jabref/model/search/rules/FullTextSearchRule.java
6,src/main/java/org/jabref/gui/edit/automaticfiededitor/MoveFieldValueAction.java
1,src/main/java/org/jabref/logic/openoffice/style/OOProcessAuthorYearMarkers.java
1,src/main/java/org/jabref/gui/duplicationFinder/DuplicateSearch.java
1,src/main/java/org/jabref/logic/bibtex/InvalidFieldValueException.java
6,src/main/java/org/jabref/model/openoffice/ootext/OOText.java
6,src/main/java/org/jabref/gui/openoffice/OOBibBase.java
7,src/main/java/org/jabref/gui/maintable/MainTableColumnModel.java
1,src/test/java/org/jabref/logic/importer/fetcher/MedraTest.java
6,src/main/java/org/jabref/logic/cleanup/ConvertToBiblatexCleanup.java
12,src/main/java/org/jabref/model/openoffice/rangesort/RangeHolder.java
6,src/main/java/org/jabref/logic/layout/format/RTFChars.java
9,src/test/java/org/jabref/model/strings/StringUtilTest.java
4,src/main/java/org/jabref/gui/entryeditor/MathSciNetTab.java
4,src/test/java/org/jabref/logic/autosaveandbackup/BackupManagerDiscardedTest.java
9,src/main/java/org/jabref/logic/externalfiles/ExternalFilesContentImporter.java
1,src/test/java/org/jabref/logic/formatter/bibtexfields/OrdinalsToSuperscriptFormatterTest.java
1,src/main/java/org/jabref/logic/layout/format/CreateDocBook5Authors.java
7,src/test/java/org/jabref/gui/util/ColorUtilTest.java
4,src/test/java/org/jabref/logic/util/io/FileNameUniquenessTest.java
4,src/test/java/org/jabref/logic/remote/RemotePreferencesTest.java
6,src/test/java/org/jabref/logic/integrity/AmpersandCheckerTest.java
6,src/test/java/org/jabref/logic/integrity/BooktitleCheckerTest.java
4,src/test/java/org/jabref/logic/cleanup/FieldFormatterCleanupTest.java
5,src/test/java/org/jabref/model/entry/identifier/ISSNTest.java
6,src/main/java/org/jabref/gui/preferences/customexporter/CustomExporterTabViewModel.java
7,src/main/java/org/jabref/gui/StateManager.java
9,src/test/java/org/jabref/logic/bst/util/BstCaseChangersTest.java
5,src/test/java/org/jabref/model/entry/identifier/ISBNTest.java
1,src/test/java/org/jabref/logic/layout/LayoutEntryTest.java
6,src/main/java/org/jabref/logic/msbib/MSBibConverter.java
4,src/main/java/org/jabref/model/entry/types/SystematicLiteratureReviewStudyEntryTypeDefinitions.java
12,src/main/java/org/jabref/model/entry/AuthorList.java
6,src/main/java/org/jabref/model/groups/RegexKeywordGroup.java
4,src/main/java/org/jabref/gui/util/OptionalObjectProperty.java
1,src/test/java/org/jabref/logic/net/URLDownloadTest.java
4,src/main/java/org/jabref/logic/pdf/AnnotationImporter.java
6,src/main/java/org/jabref/logic/groups/DefaultGroupsFactory.java
5,src/main/java/org/jabref/model/openoffice/style/CompareCitedKey.java
9,src/main/java/org/jabref/logic/journals/JournalAbbreviationLoader.java
4,src/main/java/org/jabref/gui/util/DialogWindowState.java
4,src/main/java/org/jabref/gui/groups/GroupTreeNodeViewModel.java
7,src/main/java/org/jabref/gui/collab/metedatachange/MetadataChangeDetailsView.java
9,src/main/java/org/jabref/model/entry/Date.java
4,src/test/java/org/jabref/gui/edit/ReplaceStringViewModelTest.java
6,src/main/java/org/jabref/gui/maintable/NameDisplayPreferences.java
4,src/main/java/org/jabref/logic/formatter/bibtexfields/NormalizeDateFormatter.java
6,src/main/java/org/jabref/gui/externalfiles/AutoLinkFilesAction.java
7,src/test/java/org/jabref/gui/util/FileDialogConfigurationTest.java
6,src/main/java/org/jabref/logic/integrity/BooktitleChecker.java
4,src/main/java/org/jabref/model/entry/identifier/EprintIdentifier.java
12,src/main/java/org/jabref/model/entry/types/IEEETranEntryTypeDefinitions.java
12,src/main/java/org/jabref/model/pdf/search/SearchFieldConstants.java
7,src/main/java/org/jabref/gui/icon/JabRefIconView.java
4,src/test/java/org/jabref/gui/edit/EditFieldContentTabViewModelTest.java
6,src/main/java/org/jabref/gui/importer/fetcher/LookupIdentifierAction.java
1,src/test/java/org/jabref/logic/help/HelpFileTest.java
4,src/main/java/org/jabref/logic/bibtex/FileFieldWriter.java
1,src/main/java/org/jabref/logic/layout/format/AuthorAndsReplacer.java
1,src/main/java/org/jabref/model/openoffice/uno/UnoNameAccess.java
1,src/main/java/org/jabref/model/entry/ParsedEntryLink.java
1,src/main/java/org/jabref/model/groups/ExplicitGroup.java
12,src/main/java/org/jabref/model/entry/types/BiblatexSoftwareEntryType.java
4,src/main/java/org/jabref/gui/preferences/customimporter/CustomImporterTab.java
7,src/main/java/org/jabref/gui/externalfiles/UnlinkedFilesDialogViewModel.java
9,src/test/java/org/jabref/logic/importer/fileformat/MedlinePlainImporterTest.java
1,src/main/java/org/jabref/model/openoffice/rangesort/RangeOverlapBetween.java
6,src/main/java/org/jabref/gui/preferences/appearance/AppearanceTabViewModel.java
6,src/main/java/org/jabref/gui/actions/Sources.java
1,src/main/java/org/jabref/logic/bst/util/BstTextPrefixer.java
1,src/main/java/org/jabref/model/pdf/FileAnnotationType.java
4,src/main/java/org/jabref/logic/util/TestEntry.java
6,src/test/java/org/jabref/logic/layout/format/WrapFileLinksTest.java
9,src/test/java/org/jabref/logic/importer/fileformat/ImporterTestEngine.java
9,src/test/java/org/jabref/logic/importer/fetcher/IacrEprintFetcherTest.java
1,src/test/java/org/jabref/model/search/rules/MockSearchMatcher.java
6,src/main/java/org/jabref/model/database/BibDatabaseMode.java
6,src/main/java/org/jabref/logic/importer/fileformat/ACMPortalParser.java
6,src/main/java/org/jabref/gui/groups/GroupDialogViewModel.java
12,src/test/java/org/jabref/model/groups/AutomaticKeywordGroupTest.java
1,src/main/java/org/jabref/model/entry/BibEntryTypesManager.java
4,src/main/java/org/jabref/gui/util/IconValidationDecorator.java
6,src/main/java/org/jabref/gui/fieldeditors/OptionEditor.java
4,src/main/java/org/jabref/logic/formatter/bibtexfields/HtmlToLatexFormatter.java
1,src/main/java/org/jabref/model/openoffice/backend/NamedRange.java
9,src/test/java/org/jabref/logic/cleanup/BibtexBiblatexRoundtripTest.java
6,src/main/java/org/jabref/gui/fieldeditors/CitationKeyEditor.java
9,src/main/java/org/jabref/logic/importer/fetcher/transformers/MedlineQueryTransformer.java
1,src/test/java/org/jabref/logic/importer/fetcher/transformers/YearAndYearRangeByFilteringQueryTransformerTest.java
6,src/main/java/org/jabref/logic/importer/ImportFormatPreferences.java
6,src/test/java/org/jabref/logic/pdf/search/indexing/PdfIndexerTest.java
1,src/main/java/org/jabref/logic/importer/fileformat/medline/MeshHeading.java
6,src/main/java/org/jabref/gui/slr/StartNewStudyAction.java
4,src/main/java/org/jabref/gui/fieldeditors/FieldNameLabel.java
4,src/main/java/org/jabref/logic/pdf/search/indexing/PdfIndexer.java
4,src/test/java/org/jabref/logic/importer/fetcher/ScienceDirectTest.java
6,src/test/java/org/jabref/logic/texparser/LatexParserTest.java
6,src/test/java/org/jabref/gui/search/GlobalSearchBarTest.java
4,src/main/java/org/jabref/model/groups/ExplicitGroup.java
9,src/test/java/org/jabref/logic/exporter/FieldFormatterCleanupsTest.java
7,src/main/java/org/jabref/gui/collab/DatabaseChangeListener.java
9,src/main/java/org/jabref/logic/importer/OutputPrinter.java
7,src/main/java/org/jabref/gui/collab/entrychange/EntryChangeResolver.java
1,src/main/java/org/jabref/model/entry/event/FieldAddedOrRemovedEvent.java
9,src/test/java/org/jabref/model/openoffice/CitationEntryTest.java
9,src/main/java/org/jabref/logic/util/UnknownFileType.java
1,src/test/java/org/jabref/logic/importer/fetcher/MathSciNetTest.java
6,src/main/java/org/jabref/gui/push/PushToLyxSettings.java
1,src/test/java/org/jabref/gui/mergeentries/GroupMergerTest.java
6,src/main/java/org/jabref/model/TreeNode.java
5,src/test/java/org/jabref/model/groups/AutomaticKeywordGroupTest.java
4,src/main/java/org/jabref/gui/preferences/appearance/AppearanceTabViewModel.java
7,src/main/java/org/jabref/gui/util/FileDialogConfiguration.java
1,src/test/java/org/jabref/gui/theme/ThemeManagerTest.java
7,src/main/java/org/jabref/gui/maintable/MainTable.java
1,src/main/java/org/jabref/gui/fieldeditors/PersonsEditor.java
4,src/main/java/org/jabref/gui/groups/UndoableMoveGroup.java
6,src/test/java/org/jabref/logic/formatter/bibtexfields/RemoveDigitsFormatterTest.java
1,src/test/java/org/jabref/logic/importer/fetcher/GvkFetcherTest.java
4,src/main/java/org/jabref/gui/preferences/importexport/ImportExportTab.java
1,src/main/java/org/jabref/gui/actions/Action.java
7,src/main/java/org/jabref/gui/linkedfile/AttachFileAction.java
4,src/main/java/org/jabref/logic/layout/format/AuthorAndsReplacer.java
6,src/main/java/org/jabref/logic/formatter/casechanger/TitleCaseFormatter.java
1,src/test/java/org/jabref/logic/layout/format/WrapFileLinksTest.java
4,src/main/java/org/jabref/logic/importer/OutputPrinter.java
1,src/test/java/org/jabref/logic/importer/ImportDataTest.java
9,src/test/java/org/jabref/logic/shared/DBMSConnectionPropertiesTest.java
1,src/main/java/org/jabref/logic/integrity/IntegrityCheck.java
1,src/main/java/org/jabref/logic/importer/fetcher/isbntobibtex/DoiToBibtexConverterComIsbnFetcher.java
4,src/test/java/org/jabref/model/entry/field/FieldFactoryTest.java
4,src/main/java/org/jabref/logic/formatter/casechanger/ProtectTermsFormatter.java
1,src/test/java/org/jabref/logic/bst/util/BstNameFormatterTest.java
9,src/main/java/org/jabref/logic/openoffice/action/EditInsert.java
9,src/test/java/org/jabref/logic/importer/fetcher/PagedSearchFetcherTest.java
6,src/test/java/org/jabref/logic/importer/fetcher/transformers/CollectionOfComputerScienceBibliographiesQueryTransformerTest.java
6,src/main/java/org/jabref/logic/importer/fileformat/PdfGrobidImporter.java
7,src/main/java/org/jabref/gui/mergeentries/EntriesMergeResult.java
1,src/test/java/org/jabref/gui/search/GlobalSearchBarTest.java
7,src/main/java/org/jabref/gui/bibtexextractor/BibtexExtractor.java
6,src/test/java/org/jabref/logic/bibtex/FieldContentFormatterTest.java
9,src/main/java/org/jabref/logic/util/io/FileUtil.java
4,src/test/java/org/jabref/gui/autocompleter/FieldValueSuggestionProviderTest.java
1,src/main/java/org/jabref/gui/sidepane/TogglePaneAction.java
1,src/main/java/org/jabref/gui/collab/entryadd/EntryAdd.java
6,src/test/java/org/jabref/logic/importer/fetcher/ScienceDirectTest.java
5,src/main/java/org/jabref/model/groups/AutomaticKeywordGroup.java
6,src/main/java/org/jabref/logic/importer/IdParserFetcher.java
9,src/main/java/org/jabref/logic/importer/fetcher/ComplexSearchQuery.java
4,src/main/java/org/jabref/logic/importer/fileformat/SilverPlatterImporter.java
4,src/main/java/org/jabref/gui/preferences/importexport/ImportExportTabViewModel.java
4,src/test/java/org/jabref/logic/protectedterms/ProtectedTermsLoaderTest.java
1,src/main/java/org/jabref/gui/importer/ImportAction.java
6,src/main/java/org/jabref/model/schema/DublinCoreSchemaCustom.java
1,src/main/java/org/jabref/logic/importer/fetcher/JstorFetcher.java
4,src/test/java/org/jabref/logic/formatter/minifier/MinifyNameListFormatterTest.java
4,src/main/java/org/jabref/logic/layout/format/AuthorOrgSci.java
7,src/main/java/org/jabref/gui/entryeditor/LatexCitationsTab.java
6,src/test/java/org/jabref/logic/importer/DatabaseFileLookupTest.java
1,src/main/java/org/jabref/gui/preferences/customexporter/CustomExporterTabViewModel.java
6,src/main/java/org/jabref/gui/preferences/entryeditortabs/CustomEditorFieldsTab.java
1,src/main/java/org/jabref/gui/libraryproperties/saving/SavingPropertiesViewModel.java
9,src/test/java/org/jabref/logic/shared/DBMSTypeTest.java
6,src/main/java/org/jabref/gui/preferences/linkedfiles/LinkedFilesTabViewModel.java
9,src/test/java/org/jabref/logic/importer/fetcher/ZbMATHTest.java
6,src/test/java/org/jabref/gui/externalfiles/AutoSetFileLinksUtilTest.java
1,src/test/java/org/jabref/gui/util/comparator/NumericFieldComparatorTest.java
6,src/main/java/org/jabref/logic/integrity/ISBNChecker.java
4,src/main/java/org/jabref/model/openoffice/style/CitationGroup.java
6,src/test/java/org/jabref/logic/layout/format/ReplaceUnicodeLigaturesFormatterTest.java
9,src/main/java/org/jabref/model/search/rules/SearchRule.java
6,src/main/java/org/jabref/model/paging/Page.java
9,src/main/java/org/jabref/model/openoffice/util/OOListUtil.java
1,src/test/java/org/jabref/logic/importer/fetcher/SpringerFetcherTest.java
4,src/test/java/org/jabref/gui/groups/GroupNodeViewModelTest.java
7,src/main/java/org/jabref/gui/edit/automaticfiededitor/copyormovecontent/CopyOrMoveFieldContentTabViewModel.java
9,src/main/java/org/jabref/logic/preferences/TimestampPreferences.java
4,src/main/java/org/jabref/model/strings/LatexToUnicodeAdapter.java
9,src/main/java/org/jabref/logic/formatter/bibtexfields/HtmlToUnicodeFormatter.java
1,src/test/java/org/jabref/logic/exporter/OpenOfficeDocumentCreatorTest.java
4,src/test/java/org/jabref/logic/exporter/FieldFormatterCleanupsTest.java
6,src/main/java/org/jabref/gui/edit/ManageKeywordsViewModel.java
9,src/test/java/org/jabref/logic/net/URLUtilTest.java
7,src/main/java/org/jabref/gui/JabRefExecutorService.java
6,src/main/java/org/jabref/logic/bibtex/comparator/EntryComparator.java
4,src/main/java/org/jabref/logic/importer/fileformat/RepecNepImporter.java
5,src/main/java/org/jabref/model/entry/field/OrFields.java
4,src/main/java/org/jabref/model/search/SearchMatcher.java
4,src/main/java/org/jabref/model/entry/CanonicalBibEntry.java
6,src/test/java/org/jabref/logic/layout/format/AuthorFirstAbbrLastOxfordCommasTest.java
6,src/main/java/org/jabref/logic/citationkeypattern/DatabaseCitationKeyPattern.java
1,src/main/java/org/jabref/gui/preferences/external/ExternalTab.java
6,src/test/java/org/jabref/logic/net/URLUtilTest.java
6,src/test/java/org/jabref/logic/importer/fileformat/PdfXmpImporterTest.java
7,src/main/java/org/jabref/gui/edit/automaticfiededitor/renamefield/RenameFieldViewModel.java
1,src/main/java/org/jabref/logic/layout/format/CompositeFormat.java
4,src/test/java/org/jabref/model/groups/AutomaticKeywordGroupTest.java
9,src/main/java/org/jabref/logic/importer/EntryBasedFetcher.java
1,src/test/java/org/jabref/logic/crawler/StudyYamlParserTest.java
9,src/test/java/org/jabref/logic/importer/fetcher/MrDLibFetcherTest.java
4,src/main/java/org/jabref/logic/msbib/MSBibDatabase.java
6,src/test/java/org/jabref/gui/preferences/journals/AbbreviationViewModelTest.java
4,src/main/java/org/jabref/model/entry/field/BibField.java
1,src/main/java/org/jabref/gui/externalfiles/UnlinkedFilesDialogView.java
1,src/main/java/org/jabref/logic/bst/util/BstNameFormatter.java
6,src/main/java/org/jabref/model/openoffice/rangesort/RangeOverlapKind.java
6,src/main/java/org/jabref/logic/formatter/bibtexfields/ReplaceTabsBySpaceFormater.java
6,src/main/java/org/jabref/gui/maintable/CellFactory.java
6,src/main/java/org/jabref/logic/layout/format/CreateDocBook5Authors.java
1,src/main/java/org/jabref/logic/auxparser/AuxParserResult.java
1,src/main/java/org/jabref/logic/texparser/LatexParser.java
6,src/test/java/org/jabref/logic/importer/fetcher/JstorFetcherTest.java
9,src/main/java/org/jabref/logic/layout/format/FormatPagesForHTML.java
1,src/test/java/org/jabref/logic/importer/fileformat/CopacImporterFilesTest.java
5,src/main/java/org/jabref/model/groups/KeywordGroup.java
9,src/main/java/org/jabref/logic/importer/fileformat/mods/package-info.java
4,src/main/java/org/jabref/gui/shared/SharedDatabaseLoginDialogView.java
4,src/main/java/org/jabref/logic/shared/DatabaseConnectionProperties.java
9,src/main/java/org/jabref/logic/bst/BstVMContext.java
1,src/test/java/org/jabref/logic/integrity/TypeCheckerTest.java
6,src/main/java/org/jabref/gui/fieldeditors/EditorTextField.java
9,src/main/java/org/jabref/logic/importer/IdFetcher.java
9,src/main/java/org/jabref/logic/formatter/casechanger/CapitalizeFormatter.java
4,src/main/java/org/jabref/gui/collab/ChangeScanner.java
6,src/main/java/org/jabref/gui/maintable/columns/LibraryColumn.java
1,src/main/java/org/jabref/logic/citationstyle/CitationStyle.java
4,src/main/java/org/jabref/logic/bibtex/FieldWriter.java
4,src/main/java/org/jabref/model/openoffice/uno/UnoScreenRefresh.java
6,src/test/java/org/jabref/logic/formatter/bibtexfields/UnicodeConverterTest.java
1,src/main/java/org/jabref/model/openoffice/uno/CreationException.java
6,src/test/java/org/jabref/logic/shared/SynchronizationEventListenerTest.java
6,src/main/java/org/jabref/gui/fieldeditors/OwnerEditor.java
4,src/main/java/org/jabref/logic/integrity/DoiDuplicationChecker.java
4,src/test/java/org/jabref/logic/pdf/PdfAnnotationImporterTest.java
9,src/main/java/org/jabref/logic/integrity/CitationKeyDeviationChecker.java
6,src/main/java/org/jabref/model/openoffice/uno/UnoBookmark.java
6,src/test/java/org/jabref/logic/importer/util/ShortDOIServiceTest.java
6,src/main/java/org/jabref/logic/formatter/bibtexfields/NormalizeDateFormatter.java
5,src/main/java/org/jabref/model/entry/event/EntriesEventSource.java
7,src/main/java/org/jabref/gui/preferences/customexporter/CustomExporterTab.java
7,src/main/java/org/jabref/gui/autocompleter/SuggestionProvider.java
4,src/main/java/org/jabref/logic/database/DuplicateCheck.java
5,src/test/java/org/jabref/model/groups/GroupTreeNodeTest.java
7,src/main/java/org/jabref/gui/externalfiles/ExternalFilesEntryLinker.java
1,src/main/java/org/jabref/gui/dialogs/AutosaveUiManager.java
1,src/main/java/org/jabref/gui/externalfiletype/CustomExternalFileType.java
6,src/main/java/org/jabref/logic/importer/fetcher/transformers/DefaultQueryTransformer.java
9,src/main/java/org/jabref/logic/importer/fileformat/SilverPlatterImporter.java
12,src/test/java/org/jabref/model/FieldChangeTest.java
4,src/main/java/org/jabref/gui/preferences/keybindings/presets/BashKeyBindingPreset.java
1,src/main/java/org/jabref/gui/autocompleter/ContentSelectorSuggestionProvider.java
6,src/main/java/org/jabref/logic/shared/OracleProcessor.java
12,src/main/java/org/jabref/model/openoffice/uno/UnoProperties.java
1,src/main/java/org/jabref/logic/shared/DBMSConnectionProperties.java
6,src/main/java/org/jabref/logic/exporter/BibtexDatabaseWriter.java
7,src/main/java/org/jabref/gui/fieldeditors/contextmenu/DefaultMenu.java
4,src/main/java/org/jabref/logic/crawler/StudyFetcher.java
7,src/main/java/org/jabref/gui/entryeditor/DeprecatedFieldsTab.java
4,src/test/java/org/jabref/logic/exporter/GroupSerializerTest.java
6,src/main/java/org/jabref/model/entry/BibtexString.java
1,src/main/java/org/jabref/logic/integrity/AmpersandChecker.java
9,src/test/java/org/jabref/logic/importer/fileformat/PdfGrobidImporterTest.java
1,src/main/java/org/jabref/logic/exporter/AtomicFileOutputStream.java
9,src/test/java/org/jabref/logic/layout/format/WrapFileLinksTest.java
5,src/main/java/org/jabref/model/entry/Month.java
9,src/main/java/org/jabref/model/openoffice/style/CitedKey.java
4,src/main/java/org/jabref/logic/importer/fetcher/ScienceDirect.java
1,src/test/java/org/jabref/logic/formatter/bibtexfields/ReplaceWithEscapedDoubleQuotesTest.java
4,src/main/java/org/jabref/gui/commonfxcontrols/SortCriterionViewModel.java
4,src/test/java/org/jabref/logic/exporter/XmpExporterTest.java
6,src/test/java/org/jabref/logic/formatter/bibtexfields/ClearFormatterTest.java
6,src/test/java/org/jabref/gui/externalfiles/ImportHandlerTest.java
7,src/main/java/org/jabref/gui/copyfiles/CopyFilesDialogViewModel.java
5,src/main/java/org/jabref/model/entry/identifier/Identifier.java
2,src/main/java/org/jabref/cli/Launcher.java
1,src/main/java/org/jabref/model/entry/identifier/ISBN.java
12,src/main/java/org/jabref/model/entry/types/IEEETranEntryType.java
12,src/main/java/org/jabref/model/openoffice/uno/UnoUndo.java
1,src/main/java/org/jabref/gui/collab/metedatachange/MetadataChange.java
6,src/test/java/org/jabref/logic/formatter/bibtexfields/EscapeUnderscoresFormatterTest.java
6,src/main/java/org/jabref/gui/actions/JabRefAction.java
4,src/main/java/org/jabref/logic/bibtex/comparator/FieldComparatorStack.java
6,src/main/java/org/jabref/gui/collab/stringrename/BibTexStringRename.java
5,src/main/java/org/jabref/model/pdf/FileAnnotationType.java
9,src/main/java/org/jabref/model/entry/BibEntryTypeBuilder.java
6,src/test/java/org/jabref/logic/integrity/CitationKeyDeviationCheckerTest.java
4,src/main/java/org/jabref/logic/texparser/TexBibEntriesResolver.java
7,src/main/java/org/jabref/gui/entryeditor/RelatedArticlesTab.java
1,src/main/java/org/jabref/logic/bibtex/BibEntryWriter.java
7,src/main/java/org/jabref/gui/openoffice/OOError.java
1,src/main/java/org/jabref/gui/util/ColorUtil.java
4,src/main/java/org/jabref/gui/collab/entrychange/EntryChange.java
6,src/main/java/org/jabref/logic/importer/fetcher/CrossRef.java
6,src/main/java/org/jabref/gui/openoffice/AdvancedCiteDialogViewModel.java
9,src/main/java/org/jabref/logic/remote/server/RemoteMessageHandler.java
6,src/main/java/org/jabref/logic/importer/fileformat/medline/OtherId.java
7,src/main/java/org/jabref/gui/edit/OpenBrowserAction.java
1,src/main/java/org/jabref/gui/importer/fetcher/WebSearchPaneViewModel.java
9,src/main/java/org/jabref/logic/formatter/bibtexfields/EscapeDollarSignFormatter.java
6,src/main/java/org/jabref/logic/layout/format/RisAuthors.java
12,src/test/java/org/jabref/model/entry/field/BibFieldTest.java
6,src/main/java/org/jabref/logic/formatter/casechanger/UnprotectTermsFormatter.java
6,src/main/java/org/jabref/gui/preferences/external/ExternalTabViewModel.java
7,src/test/java/org/jabref/gui/importer/NewEntryActionTest.java
4,src/test/java/org/jabref/logic/shared/DBMSProcessorTest.java
6,src/test/java/org/jabref/logic/bst/BstVMVisitorTest.java
6,src/main/java/org/jabref/logic/importer/fileformat/MarcXmlParser.java
4,src/main/java/org/jabref/logic/importer/fileformat/mods/package-info.java
4,src/main/java/org/jabref/gui/actions/Action.java
1,src/main/java/org/jabref/gui/libraryproperties/PropertiesTabViewModel.java
4,src/main/java/org/jabref/gui/openoffice/StyleSelectDialogView.java
4,src/main/java/org/jabref/gui/preferences/entryeditor/EntryEditorTabViewModel.java
4,src/main/java/org/jabref/model/entry/identifier/DOI.java
4,src/test/java/org/jabref/logic/cleanup/TimeStampToCreationDateTest.java
6,src/main/java/org/jabref/gui/push/PushToApplication.java
1,src/test/java/org/jabref/model/strings/StringUtilTest.java
4,src/main/java/org/jabref/logic/layout/LayoutFormatter.java
9,src/main/java/org/jabref/logic/remote/RemoteMessage.java
6,src/test/java/org/jabref/logic/importer/fetcher/isbntobibtex/EbookDeIsbnFetcherTest.java
4,src/main/java/org/jabref/gui/actions/Sources.java
12,src/main/java/org/jabref/model/database/BibDatabaseModeDetection.java
9,src/test/java/org/jabref/logic/layout/format/ReplaceUnicodeLigaturesFormatterTest.java
5,src/main/java/org/jabref/model/openoffice/uno/UnoCast.java
1,src/test/java/org/jabref/logic/formatter/casechanger/SentenceCaseFormatterTest.java
9,src/main/java/org/jabref/logic/formatter/casechanger/LowerCaseFormatter.java
12,src/test/java/org/jabref/model/texparser/CitationTest.java
4,src/main/java/org/jabref/logic/importer/fetcher/MedlineFetcher.java
6,src/test/java/org/jabref/model/groups/AutomaticKeywordGroupTest.java
1,src/main/java/org/jabref/model/entry/field/FieldPriority.java
4,src/main/java/org/jabref/gui/fieldeditors/PatentTypeEditorViewModel.java
9,src/test/java/org/jabref/logic/citationkeypattern/BracketedPatternTest.java
9,src/main/java/org/jabref/model/groups/WordKeywordGroup.java
1,src/main/java/org/jabref/gui/fieldeditors/PatentTypeEditorViewModel.java
12,src/main/java/org/jabref/model/entry/event/FieldAddedOrRemovedEvent.java
1,src/main/java/org/jabref/logic/WatchServiceUnavailableException.java
4,src/main/java/org/jabref/logic/formatter/casechanger/CapitalizeFormatter.java
6,src/test/java/org/jabref/logic/database/DatabaseMergerTest.java
6,src/test/java/org/jabref/logic/openoffice/style/OOPreFormatterTest.java
7,src/main/java/org/jabref/gui/openoffice/OOBibBaseConnect.java
4,src/main/java/org/jabref/logic/net/ProxyPreferences.java
1,src/main/java/org/jabref/logic/importer/fetcher/isbntobibtex/OpenLibraryIsbnFetcher.java
6,src/main/java/org/jabref/logic/bst/util/BstWidthCalculator.java
9,src/test/java/org/jabref/logic/exporter/MetaDataSerializerTest.java
6,src/test/java/org/jabref/logic/importer/fetcher/transformers/DBLPQueryTransformerTest.java
4,src/test/java/org/jabref/logic/bst/BstFunctionsTest.java
9,src/test/java/org/jabref/logic/formatter/casechanger/ProtectTermsFormatterTest.java
7,src/main/java/org/jabref/gui/slr/ManageStudyDefinitionView.java
1,src/main/java/org/jabref/gui/libraryproperties/LibraryPropertiesViewModel.java
4,src/test/java/org/jabref/logic/importer/fetcher/IEEETest.java
1,src/main/java/org/jabref/logic/texparser/DefaultLatexParser.java
9,src/test/java/org/jabref/logic/layout/format/AuthorsTest.java
6,src/main/java/org/jabref/logic/git/GitHandler.java
1,src/main/java/org/jabref/logic/shared/exception/SharedEntryNotPresentException.java
4,src/main/java/org/jabref/model/database/event/EntriesAddedEvent.java
7,src/main/java/org/jabref/gui/preferences/groups/GroupsTabViewModel.java
4,src/main/java/org/jabref/gui/integrity/IntegrityCheckDialogViewModel.java
7,src/main/java/org/jabref/gui/openoffice/ManageCitationsDialogView.java
6,src/main/java/org/jabref/logic/layout/format/RisKeywords.java
1,src/main/java/org/jabref/model/groups/AutomaticPersonsGroup.java
7,src/main/java/org/jabref/gui/collab/DatabaseChangeList.java
4,src/test/java/org/jabref/model/groups/TexGroupTest.java
4,src/main/java/org/jabref/gui/keyboard/KeyBinding.java
6,src/main/java/org/jabref/gui/fieldeditors/identifier/DoiIdentifierEditorViewModel.java
6,src/test/java/org/jabref/logic/exporter/MsBibExportFormatTest.java
1,src/main/java/org/jabref/gui/util/BackgroundTask.java
6,src/main/java/org/jabref/gui/desktop/os/NativeDesktop.java
1,src/main/java/org/jabref/logic/importer/fetcher/DOABFetcher.java
1,src/main/java/org/jabref/gui/importer/GrobidOptInDialogHelper.java
6,buildSrc/src/copied/java/org/jabref/logic/journals/JournalAbbreviationRepository.java
6,src/test/java/org/jabref/model/TreeNodeTestData.java
5,src/test/java/org/jabref/model/entry/field/BibFieldTest.java
9,src/main/java/org/jabref/logic/formatter/bibtexfields/CleanupUrlFormatter.java
1,src/main/java/org/jabref/logic/importer/fetcher/transformers/ZbMathQueryTransformer.java
1,src/test/java/org/jabref/logic/importer/fetcher/GrobidCitationFetcherTest.java
6,src/main/java/org/jabref/logic/importer/fetcher/CustomizableKeyFetcher.java
6,src/main/java/org/jabref/gui/autocompleter/EmptySuggestionProvider.java
4,src/main/java/org/jabref/logic/layout/format/AuthorFirstFirstCommas.java
4,src/main/java/org/jabref/gui/preferences/keybindings/KeyBindingViewModel.java
9,src/main/java/org/jabref/model/search/SearchMatcher.java
1,src/test/java/org/jabref/model/entry/field/UnknownFieldTest.java
9,src/test/java/org/jabref/logic/help/HelpFileTest.java
1,src/main/java/org/jabref/gui/mergeentries/newmergedialog/cell/FieldValueCellViewModel.java
9,src/main/java/org/jabref/logic/auxparser/DefaultAuxParser.java
9,src/test/java/org/jabref/logic/importer/fileformat/CffImporterTest.java
6,src/main/java/org/jabref/logic/integrity/CitationKeyDeviationChecker.java
1,src/main/java/org/jabref/gui/mergeentries/DiffHighlightingEllipsingTextFlow.java
4,src/test/java/org/jabref/logic/importer/fetcher/JstorFetcherTest.java
9,src/test/java/org/jabref/model/metadata/MetaDataTest.java
1,src/main/java/org/jabref/gui/openoffice/StyleSelectItemViewModel.java
7,src/main/java/org/jabref/gui/mergeentries/newmergedialog/cell/MergedFieldCell.java
1,src/test/java/org/jabref/gui/groups/GroupNodeViewModelTest.java
9,src/main/java/org/jabref/logic/formatter/bibtexfields/HtmlToLatexFormatter.java
9,src/main/java/org/jabref/model/study/Study.java
1,src/main/java/org/jabref/logic/formatter/bibtexfields/AddBracesFormatter.java
4,src/test/java/org/jabref/logic/layout/format/ToLowerCaseTest.java
4,src/main/java/org/jabref/model/entry/types/BiblatexSoftwareEntryType.java
4,src/test/java/org/jabref/model/search/rules/GrammarBasedSearchRuleTest.java
9,src/main/java/org/jabref/logic/remote/server/RemoteListenerServerThread.java
4,src/main/java/org/jabref/gui/fieldeditors/EditorTypeEditorViewModel.java
9,src/test/java/org/jabref/logic/layout/format/AuthorFirstLastCommasTest.java
6,src/main/java/org/jabref/logic/util/io/CitationKeyBasedFileFinder.java
1,src/main/java/org/jabref/logic/integrity/DatabaseChecker.java
6,src/main/java/org/jabref/gui/groups/GroupTreeView.java
4,src/main/java/org/jabref/gui/mergeentries/EntriesMergeResult.java
1,src/main/java/org/jabref/gui/fieldeditors/FieldNameLabel.java
6,src/main/java/org/jabref/logic/integrity/AmpersandChecker.java
1,src/main/java/org/jabref/gui/mergeentries/DiffHighlighting.java
9,src/main/java/org/jabref/logic/importer/fileformat/PdfMergeMetadataImporter.java
6,src/main/java/org/jabref/gui/errorconsole/ErrorConsoleView.java
6,src/main/java/org/jabref/logic/importer/fileformat/InspecImporter.java
7,src/main/java/org/jabref/gui/mergeentries/newmergedialog/cell/sidebuttons/ToggleMergeUnmergeButton.java
4,src/main/java/org/jabref/logic/net/ssl/SSLCertificate.java
1,src/main/java/org/jabref/logic/formatter/bibtexfields/RemoveNewlinesFormatter.java
12,src/main/java/org/jabref/model/openoffice/uno/UnoCrossRef.java
7,src/main/java/org/jabref/gui/undo/UndoableFieldChange.java
1,src/main/java/org/jabref/logic/importer/fileformat/EndnoteImporter.java
1,src/main/java/org/jabref/model/openoffice/util/OOListUtil.java
4,src/main/java/org/jabref/gui/autocompleter/AutoCompletionTextInputBinding.java
4,src/test/java/org/jabref/logic/importer/fileformat/BiblioscapeImporterFilesTest.java
1,src/main/java/org/jabref/gui/mergeentries/newmergedialog/fieldsmerger/CommentMerger.java
6,src/main/java/org/jabref/model/ChainNode.java
6,src/main/java/org/jabref/gui/importer/ImporterViewModel.java
6,src/main/java/org/jabref/model/entry/IdGenerator.java
1,src/test/java/org/jabref/logic/importer/fetcher/transformers/ZbMathQueryTransformerTest.java
1,src/main/java/org/jabref/gui/preferences/protectedterms/ProtectedTermsTabViewModel.java
9,src/main/java/org/jabref/logic/importer/fileformat/OvidImporter.java
9,src/main/java/org/jabref/logic/shared/security/Password.java
6,src/main/java/org/jabref/logic/formatter/bibtexfields/LatexCleanupFormatter.java
1,src/test/java/org/jabref/logic/importer/fileformat/EndnoteImporterTest.java
9,src/main/java/org/jabref/logic/layout/format/AuthorLF_FF.java
6,src/main/java/org/jabref/gui/util/ZipFileChooser.java
9,src/main/java/org/jabref/model/ChainNode.java
1,src/main/java/org/jabref/model/entry/types/EntryType.java
1,src/test/java/org/jabref/logic/layout/format/AuthorAndToSemicolonReplacerTest.java
6,src/main/java/org/jabref/gui/preferences/keybindings/presets/BashKeyBindingPreset.java
5,src/test/java/org/jabref/model/event/EventListenerTest.java
6,src/main/java/org/jabref/gui/exporter/ExportCommand.java
4,src/main/java/org/jabref/logic/importer/FetcherServerException.java
4,src/test/java/org/jabref/logic/formatter/bibtexfields/EscapeAmpersandsFormatterTest.java
1,src/main/java/org/jabref/gui/importer/ImporterViewModel.java
1,src/main/java/org/jabref/gui/preferences/nameformatter/NameFormatterTab.java
6,src/main/java/org/jabref/logic/openoffice/OpenOfficeFileSearch.java
6,src/main/java/org/jabref/logic/exporter/OpenDocumentRepresentation.java
1,src/main/java/org/jabref/gui/maintable/BibEntryTableViewModel.java
1,src/test/java/org/jabref/logic/util/strings/StringSimilarityTest.java
6,src/main/java/org/jabref/model/FieldChange.java
6,src/main/java/org/jabref/logic/search/SearchQuery.java
6,src/main/java/org/jabref/gui/maintable/MainTableHeaderContextMenu.java
7,src/main/java/org/jabref/gui/preferences/network/CustomCertificateViewModel.java
9,src/main/java/org/jabref/logic/util/io/FileNameUniqueness.java
4,src/test/java/org/jabref/logic/layout/format/AuthorLF_FFTest.java
6,src/main/java/org/jabref/gui/preferences/externalfiletypes/ExternalFileTypesTab.java
6,src/test/java/org/jabref/logic/autosaveandbackup/BackupManagerDiscardedTest.java
9,src/test/java/org/jabref/logic/layout/format/AuthorLF_FFTest.java
6,src/main/java/org/jabref/gui/search/rules/describer/ContainsAndRegexBasedSearchRuleDescriber.java
9,src/test/java/org/jabref/model/entry/EntryLinkListTest.java
1,src/main/java/org/jabref/logic/layout/format/RemoveBracketsAddComma.java
9,src/main/java/org/jabref/model/pdf/search/EnglishStemAnalyzer.java
4,src/main/java/org/jabref/gui/desktop/os/Windows.java
1,src/test/java/org/jabref/logic/bibtex/comparator/PreambleDiffTest.java
4,src/main/java/org/jabref/logic/integrity/TitleChecker.java
9,src/main/java/org/jabref/logic/formatter/Formatters.java
12,src/main/java/org/jabref/model/openoffice/util/OOPair.java
1,src/main/java/org/jabref/gui/MainApplication.java
4,src/main/java/org/jabref/gui/maintable/NameDisplayPreferences.java
4,src/main/java/org/jabref/gui/linkedfile/AttachFileFromURLAction.java
7,src/main/java/org/jabref/gui/edit/automaticfiededitor/MoveFieldValueAction.java
7,src/main/java/org/jabref/gui/icon/JabRefIcon.java
6,src/test/java/org/jabref/logic/layout/format/DateFormatterTest.java
5,src/main/java/org/jabref/model/entry/EntryLinkList.java
6,src/main/java/org/jabref/model/openoffice/util/OOTuple3.java
7,src/main/java/org/jabref/gui/linkedfile/DeleteFileAction.java
9,src/test/java/org/jabref/logic/database/DatabaseMergerTest.java
1,src/main/java/org/jabref/gui/entryeditor/fileannotationtab/FileAnnotationTabView.java
4,src/main/java/org/jabref/logic/util/MetadataSerializationConfiguration.java
9,src/test/java/org/jabref/logic/importer/fetcher/transformers/ScholarQueryTransformerTest.java
4,src/test/java/org/jabref/logic/journals/AbbreviationTest.java
6,src/main/java/org/jabref/gui/search/SearchTextField.java
6,src/main/java/org/jabref/model/entry/Author.java
4,src/main/java/org/jabref/gui/collab/stringrename/BibTexStringRename.java
6,src/main/java/org/jabref/logic/openoffice/action/EditSeparate.java
7,src/main/java/org/jabref/gui/slr/EditExistingStudyAction.java
4,src/test/java/org/jabref/logic/shared/SynchronizationSimulatorTest.java
4,src/main/java/org/jabref/gui/util/comparator/RankingFieldComparator.java
6,src/main/java/org/jabref/gui/fieldeditors/ContextMenuAddable.java
6,src/test/java/org/jabref/logic/crawler/StudyRepositoryTest.java
1,src/test/java/org/jabref/logic/formatter/bibtexfields/AddBracesFormatterTest.java
4,src/test/java/org/jabref/gui/search/ContainsAndRegexBasedSearchRuleDescriberTest.java
5,src/main/java/org/jabref/model/entry/types/SystematicLiteratureReviewStudyEntryTypeDefinitions.java
4,src/main/java/org/jabref/model/openoffice/style/CitationLookupResult.java
4,src/main/java/org/jabref/gui/maintable/MainTableFieldValueFormatter.java
5,src/test/java/org/jabref/model/entry/KeywordTest.java
6,src/test/java/org/jabref/logic/integrity/JournalInAbbreviationListCheckerTest.java
7,src/main/java/org/jabref/gui/documentviewer/ShowDocumentViewerAction.java
1,src/test/java/org/jabref/logic/integrity/HowPublishedCheckerTest.java
4,src/main/java/org/jabref/model/entry/types/EntryType.java
5,src/test/java/org/jabref/model/entry/AuthorListTest.java
6,src/main/java/org/jabref/model/metadata/event/MetaDataChangedEvent.java
1,src/main/java/org/jabref/logic/preferences/FetcherApiKey.java
5,src/main/java/org/jabref/model/strings/LatexToUnicodeAdapter.java
7,src/main/java/org/jabref/gui/duplicationFinder/DuplicateSearch.java
1,src/main/java/org/jabref/gui/fieldeditors/YesNoEditorViewModel.java
4,src/test/java/org/jabref/logic/layout/LayoutEntryTest.java
6,src/test/java/org/jabref/model/groups/WordKeywordGroupTest.java
1,src/main/java/org/jabref/logic/importer/fileformat/MsBibImporter.java
6,src/main/java/org/jabref/gui/importer/actions/CheckForNewEntryTypesAction.java
7,src/main/java/org/jabref/gui/preferences/PreferenceTabViewModel.java
5,src/main/java/org/jabref/model/openoffice/uno/UnoTextSection.java
1,src/test/java/org/jabref/logic/pdf/search/retrieval/PdfSearcherTest.java
4,src/test/java/org/jabref/logic/layout/format/DateFormatterTest.java
9,src/main/java/org/jabref/model/openoffice/util/OOResult.java
6,src/main/java/org/jabref/logic/bibtex/comparator/BibStringDiff.java
6,src/main/java/org/jabref/logic/importer/fileformat/mods/Name.java
1,src/test/java/org/jabref/logic/importer/fileformat/EndnoteXmlImporterFilesTest.java
4,src/main/java/org/jabref/logic/openoffice/style/OOFormatBibliography.java
4,src/main/java/org/jabref/gui/mergeentries/newmergedialog/cell/MergedFieldCell.java
4,src/main/java/org/jabref/gui/mergeentries/newmergedialog/fieldsmerger/FieldMerger.java
1,src/test/java/org/jabref/logic/importer/fileformat/ACMPortalParserTest.java
5,src/main/java/org/jabref/model/openoffice/uno/NoDocumentException.java
5,src/main/java/org/jabref/model/openoffice/style/CitationGroup.java
9,src/main/java/org/jabref/logic/importer/fetcher/CollectionOfComputerScienceBibliographiesParser.java
6,src/main/java/org/jabref/gui/collab/preamblechange/PreambleChange.java
6,src/main/java/org/jabref/model/entry/types/SystematicLiteratureReviewStudyEntryTypeDefinitions.java
1,src/main/java/org/jabref/logic/remote/RemoteMessage.java
7,src/main/java/org/jabref/gui/util/FileFilterConverter.java
9,src/test/java/org/jabref/logic/importer/fileformat/RISImporterFilesTest.java
12,src/main/java/org/jabref/model/openoffice/style/CitationMarkerEntry.java
9,src/main/java/org/jabref/logic/importer/fetcher/IacrEprintFetcher.java
1,src/test/java/org/jabref/logic/importer/fileformat/CitaviXmlImporterFilesTest.java
4,src/main/java/org/jabref/gui/libraryproperties/LibraryPropertiesViewModel.java
6,src/main/java/org/jabref/logic/importer/util/MetaDataParser.java
6,src/main/java/org/jabref/gui/edit/automaticfiededitor/renamefield/RenameFieldViewModel.java
4,src/main/java/org/jabref/logic/layout/format/FormatPagesForHTML.java
1,src/test/java/org/jabref/model/entry/identifier/ArXivIdentifierTest.java
4,src/main/java/org/jabref/gui/preferences/journals/JournalAbbreviationsTabViewModel.java
12,src/test/java/org/jabref/model/entry/field/FieldFactoryTest.java
9,src/main/java/org/jabref/model/groups/AutomaticGroup.java
1,src/main/java/org/jabref/gui/fieldeditors/OwnerEditor.java
1,src/test/java/org/jabref/logic/importer/fetcher/AbstractIsbnFetcherTest.java
1,src/main/java/org/jabref/gui/maintable/RightClickMenu.java
1,src/test/java/org/jabref/logic/layout/format/AuthorLF_FFAbbrTest.java
10,src/main/java/org/jabref/cli/SystemOutputPrinter.java
9,src/main/java/org/jabref/logic/exporter/TemplateExporter.java
4,src/main/java/org/jabref/gui/collab/metedatachange/MetadataChangeDetailsView.java
6,src/main/java/org/jabref/gui/ClipBoardManager.java
9,src/main/java/org/jabref/logic/importer/fetcher/transformers/YearAndYearRangeByFilteringQueryTransformer.java
4,src/test/java/org/jabref/model/TreeNodeTestData.java
1,src/test/java/org/jabref/logic/integrity/JournalInAbbreviationListCheckerTest.java
5,src/test/java/org/jabref/model/entry/BibtexStringTest.java
1,src/test/java/org/jabref/logic/formatter/bibtexfields/TrimWhitespaceFormatterTest.java
6,src/main/java/org/jabref/gui/fieldeditors/LinkedFilesEditor.java
1,src/main/java/org/jabref/gui/autocompleter/SuggestionProviders.java
1,src/test/java/org/jabref/model/entry/identifier/IacrEprintTest.java
4,src/main/java/org/jabref/gui/groups/UndoableAddOrRemoveGroup.java
6,src/test/java/org/jabref/logic/layout/format/FirstPageTest.java
7,src/main/java/org/jabref/gui/maintable/CellFactory.java
7,src/main/java/org/jabref/gui/autocompleter/AppendPersonNamesStrategy.java
6,src/main/java/org/jabref/model/entry/types/EntryType.java
12,src/main/java/org/jabref/model/pdf/search/EnglishStemAnalyzer.java
12,src/test/java/org/jabref/model/event/EventListenerTest.java
4,src/main/java/org/jabref/logic/layout/format/Default.java
1,src/main/java/org/jabref/logic/integrity/TypeChecker.java
4,src/test/java/org/jabref/logic/bst/util/BstPurifierTest.java
1,src/test/java/org/jabref/logic/importer/AuthorListParserTest.java
6,src/test/java/org/jabref/gui/libraryproperties/contentselectors/ContentSelectorViewModelTest.java
6,src/test/java/org/jabref/logic/layout/format/DefaultTest.java
4,src/main/java/org/jabref/logic/importer/fetcher/CollectionOfComputerScienceBibliographiesFetcher.java
1,src/main/java/org/jabref/gui/fieldeditors/LinkedEntriesEditor.java
7,src/main/java/org/jabref/gui/fieldeditors/YesNoEditorViewModel.java
6,src/main/java/org/jabref/gui/util/RadioButtonCell.java
6,src/main/java/org/jabref/logic/importer/WebFetcher.java
12,src/main/java/org/jabref/model/search/rules/RegexBasedSearchRule.java
1,src/test/java/org/jabref/logic/TypedBibEntryTest.java
6,src/test/java/org/jabref/gui/groups/GroupNodeViewModelTest.java
6,src/test/java/org/jabref/logic/importer/fetcher/DiVATest.java
6,src/main/java/org/jabref/gui/openoffice/ManageCitationsDialogView.java
6,src/main/java/org/jabref/gui/maintable/SmartConstrainedResizePolicy.java
4,src/test/java/org/jabref/logic/importer/fetcher/transformers/CollectionOfComputerScienceBibliographiesQueryTransformerTest.java
1,src/test/java/org/jabref/logic/importer/fetcher/GoogleScholarTest.java
9,src/main/java/org/jabref/logic/importer/fileformat/MarcXmlParser.java
7,src/main/java/org/jabref/gui/exporter/WriteMetadataToPdfAction.java
4,src/main/java/org/jabref/logic/importer/CompositeIdFetcher.java
1,src/test/java/org/jabref/logic/cleanup/ISSNCleanupTest.java
4,src/test/java/org/jabref/logic/layout/format/RemoveBracketsTest.java
1,src/test/java/org/jabref/gui/externalfiles/UnlinkedFilesCrawlerTest.java
6,src/test/java/org/jabref/logic/importer/util/FileFieldParserTest.java
9,src/test/java/org/jabref/logic/importer/ImporterTest.java
9,src/test/java/org/jabref/logic/layout/format/OrdinalTest.java
6,src/main/java/org/jabref/logic/layout/format/WrapFileLinks.java
9,src/main/java/org/jabref/logic/formatter/bibtexfields/TrimWhitespaceFormatter.java
1,src/test/java/org/jabref/gui/fieldeditors/LinkedFilesEditorViewModelTest.java
9,src/main/java/org/jabref/logic/citationstyle/CitationStyleCache.java
1,src/main/java/org/jabref/gui/collab/groupchange/GroupChangeDetailsView.java
6,src/main/java/org/jabref/gui/fieldeditors/identifier/ISBNIdentifierEditorViewModel.java
7,src/main/java/org/jabref/gui/importer/actions/CheckForNewEntryTypesAction.java
1,src/main/java/org/jabref/gui/preferences/entryeditor/EntryEditorTabViewModel.java
9,src/test/java/org/jabref/logic/texparser/LatexParserTest.java
6,src/main/java/org/jabref/logic/integrity/IntegrityMessage.java
4,src/main/java/org/jabref/logic/bst/BstVMVisitor.java
5,src/main/java/org/jabref/model/search/matchers/AndMatcher.java
6,src/main/java/org/jabref/logic/shared/DatabaseSynchronizer.java
4,src/test/java/org/jabref/gui/fieldeditors/LinkedFilesEditorViewModelTest.java
9,src/main/java/org/jabref/logic/cleanup/FileLinksCleanup.java
4,src/main/java/org/jabref/logic/importer/fetcher/DOAJFetcher.java
4,src/main/java/org/jabref/gui/util/component/Tag.java
6,src/main/java/org/jabref/gui/util/DefaultTaskExecutor.java
4,src/test/java/org/jabref/logic/importer/fetcher/MathSciNetTest.java
1,src/main/java/org/jabref/logic/importer/fetcher/AstrophysicsDataSystem.java
1,src/test/java/org/jabref/logic/importer/ImportFormatReaderIntegrationTest.java
7,src/main/java/org/jabref/gui/preferences/network/NetworkTab.java
1,src/main/java/org/jabref/gui/preferences/PreferenceTabViewModel.java
6,src/main/java/org/jabref/gui/openoffice/StyleSelectDialogViewModel.java
6,src/main/java/org/jabref/logic/importer/fileformat/PdfEmbeddedBibFileImporter.java
1,src/test/java/org/jabref/logic/cleanup/DoiCleanupTest.java
7,src/main/java/org/jabref/gui/externalfiles/GitIgnoreFileFilter.java
1,src/test/java/org/jabref/logic/layout/format/AuthorAbbreviatorTest.java
7,src/main/java/org/jabref/gui/preferences/externalfiletypes/ExternalFileTypesTabViewModel.java
9,src/main/java/org/jabref/model/openoffice/style/ComparableCitation.java
9,src/main/java/org/jabref/logic/importer/Parser.java
6,src/main/java/org/jabref/gui/JabRefDialogService.java
6,src/main/java/org/jabref/gui/entryeditor/OtherFieldsTab.java
4,src/main/java/org/jabref/logic/integrity/TypeChecker.java
6,src/main/java/org/jabref/logic/formatter/casechanger/UpperCaseFormatter.java
4,src/main/java/org/jabref/model/database/event/EntriesRemovedEvent.java
12,src/main/java/org/jabref/model/openoffice/CitationEntry.java
1,src/main/java/org/jabref/gui/copyfiles/CopyFilesAction.java
5,src/main/java/org/jabref/model/entry/ParsedEntryLink.java
4,src/main/java/org/jabref/logic/exporter/XmpExporter.java
7,src/main/java/org/jabref/gui/search/rules/describer/ContainsAndRegexBasedSearchRuleDescriber.java
1,src/main/java/org/jabref/gui/libraryproperties/general/GeneralPropertiesView.java
1,src/main/java/org/jabref/gui/commonfxcontrols/CitationKeyPatternPanel.java
9,src/test/java/org/jabref/logic/formatter/bibtexfields/RemoveBracesFormatterTest.java
9,src/test/java/org/jabref/logic/integrity/EntryLinkCheckerTest.java
4,src/main/java/org/jabref/gui/documentviewer/DocumentViewerControl.java
9,src/main/java/org/jabref/logic/formatter/bibtexfields/ClearFormatter.java
6,src/test/java/org/jabref/logic/layout/format/RemoveBracketsTest.java
1,src/main/java/org/jabref/logic/pdf/search/indexing/PdfIndexer.java
4,src/test/java/org/jabref/logic/importer/fileformat/CitaviXmlImporterTest.java
1,src/main/java/org/jabref/gui/fieldeditors/OwnerEditorViewModel.java
6,src/main/java/org/jabref/gui/groups/UndoableModifySubtree.java
6,src/test/java/org/jabref/logic/cleanup/DoiDecodeCleanupTest.java
7,src/main/java/org/jabref/gui/preferences/preview/PreviewTab.java
9,src/main/java/org/jabref/logic/layout/format/AuthorFirstAbbrLastCommas.java
9,src/test/java/org/jabref/logic/importer/fetcher/SpringerFetcherTest.java
1,src/test/java/org/jabref/logic/layout/format/AuthorsTest.java
9,src/main/java/org/jabref/logic/formatter/casechanger/TitleParser.java
6,src/main/java/org/jabref/logic/importer/fileformat/EndnoteImporter.java
12,src/main/java/org/jabref/model/search/matchers/NotMatcher.java
1,src/main/java/org/jabref/logic/citationkeypattern/CitationKeyGenerator.java
1,src/main/java/org/jabref/gui/util/ValueTableCellFactory.java
9,src/test/java/org/jabref/logic/formatter/casechanger/UpperCaseFormatterTest.java
9,src/main/java/org/jabref/model/metadata/ContentSelector.java
6,src/main/java/org/jabref/gui/push/PushToEmacsSettings.java
1,src/main/java/org/jabref/gui/collab/DatabaseChangeList.java
9,src/main/java/org/jabref/logic/importer/FulltextFetchers.java
1,src/main/java/org/jabref/gui/autocompleter/AppendWordsStrategy.java
12,src/main/java/org/jabref/model/openoffice/style/ComparableCitedKey.java
1,src/main/java/org/jabref/logic/openoffice/style/OOBibStyleGetNumCitationMarker.java
6,src/main/java/org/jabref/gui/entryeditor/MathSciNetTab.java
12,src/test/java/org/jabref/model/database/BibDatabaseTest.java
9,src/test/java/org/jabref/model/database/BibDatabaseTest.java
4,src/test/java/org/jabref/gui/search/GlobalSearchBarTest.java
4,src/main/java/org/jabref/gui/JabRefExecutorService.java
4,src/main/java/org/jabref/logic/shared/DatabaseConnection.java
4,src/main/java/org/jabref/logic/layout/format/RisAuthors.java
12,src/main/java/org/jabref/model/entry/BibtexString.java
9,src/test/java/org/jabref/logic/util/strings/StringLengthComparatorTest.java
6,src/test/java/org/jabref/logic/formatter/bibtexfields/HtmlToUnicodeFormatterTest.java
9,src/main/java/org/jabref/logic/importer/fileformat/BiblioscapeImporter.java
1,src/main/java/org/jabref/logic/protectedterms/ProtectedTermsPreferences.java
6,src/test/java/org/jabref/model/pdf/FileAnnotationTest.java
1,src/test/java/org/jabref/logic/bibtex/comparator/FieldComparatorTest.java
7,src/test/java/org/jabref/gui/preview/CopyCitationActionTest.java
4,src/main/java/org/jabref/logic/exporter/SaveConfiguration.java
4,src/main/java/org/jabref/model/openoffice/rangesort/RangeHolder.java
6,src/test/java/org/jabref/logic/importer/fileformat/BibtexImporterTest.java
1,src/main/java/org/jabref/logic/cleanup/MoveFieldCleanup.java
1,src/main/java/org/jabref/gui/edit/automaticfiededitor/renamefield/RenameFieldViewModel.java
4,src/main/java/org/jabref/gui/entryeditor/fileannotationtab/FileAnnotationViewModel.java
4,src/main/java/org/jabref/gui/maintable/PersistenceVisualStateTable.java
6,src/main/java/org/jabref/logic/citationstyle/CitationStyleOutputFormat.java
4,src/test/java/org/jabref/logic/citationkeypattern/MakeLabelWithoutDatabaseTest.java
1,src/main/java/org/jabref/logic/importer/fileformat/medline/PersonalNameSubject.java
7,src/main/java/org/jabref/gui/fieldeditors/GenderEditorViewModel.java
5,src/main/java/org/jabref/model/entry/identifier/EprintIdentifier.java
9,src/main/java/org/jabref/logic/pdf/search/indexing/PdfIndexer.java
6,src/test/java/org/jabref/model/entry/identifier/DOITest.java
1,src/main/java/org/jabref/gui/desktop/os/NativeDesktop.java
6,src/main/java/org/jabref/gui/fieldeditors/MapBasedEditorViewModel.java
1,src/main/java/org/jabref/logic/integrity/ValidCitationKeyChecker.java
6,src/main/java/org/jabref/gui/fieldeditors/DateEditor.java
4,src/main/java/org/jabref/logic/layout/format/AuthorFirstAbbrLastCommas.java
4,src/main/java/org/jabref/model/entry/SharedBibEntryData.java
1,src/test/java/org/jabref/logic/importer/ImporterTest.java
9,src/test/java/org/jabref/logic/openoffice/style/OOBibStyleTest.java
4,src/test/java/org/jabref/model/strings/StringUtilTest.java
1,src/test/java/org/jabref/logic/exporter/XmpExporterTest.java
9,src/main/java/org/jabref/logic/layout/format/DocBookAuthorFormatter.java
4,src/test/java/org/jabref/logic/layout/format/AuthorLastFirstCommasTest.java
6,src/main/java/org/jabref/gui/collab/DatabaseChangeDetailsView.java
9,src/main/java/org/jabref/logic/exporter/GroupSerializer.java
1,src/main/java/org/jabref/logic/util/BuildInfo.java
4,src/test/java/org/jabref/logic/importer/util/ShortDOIServiceTest.java
4,src/main/java/org/jabref/logic/layout/format/LastPage.java
4,src/main/java/org/jabref/gui/entryeditor/EntryEditorTab.java
1,src/test/java/org/jabref/logic/cleanup/TimeStampToModificationDateTest.java
4,src/main/java/org/jabref/gui/preferences/keybindings/presets/NewEntryBindingPreset.java
4,src/main/java/org/jabref/gui/icon/InternalMaterialDesignIcon.java
4,src/main/java/org/jabref/logic/integrity/ISBNChecker.java
1,src/main/java/org/jabref/model/entry/field/Field.java
9,src/test/java/org/jabref/logic/shared/ConnectorTest.java
6,src/main/java/org/jabref/gui/mergeentries/newmergedialog/ShowDiffConfig.java
1,src/main/java/org/jabref/model/entry/KeywordList.java
6,src/main/java/org/jabref/model/openoffice/rangesort/RangeSortable.java
9,src/test/java/org/jabref/logic/formatter/minifier/MinifyNameListFormatterTest.java
9,src/main/java/org/jabref/model/study/StudyDatabase.java
6,src/test/java/org/jabref/logic/formatter/minifier/TruncateFormatterTest.java
6,src/main/java/org/jabref/gui/preferences/journals/AbbreviationViewModel.java
6,src/main/java/org/jabref/logic/layout/format/ShortMonthFormatter.java
4,src/test/java/org/jabref/gui/util/comparator/SpecialFieldComparatorTest.java
1,src/test/java/org/jabref/gui/keyboard/KeyBindingsTabModelTest.java
4,src/main/java/org/jabref/gui/icon/JabRefIkonHandler.java
7,src/main/java/org/jabref/gui/preferences/externalfiletypes/ExternalFileTypesTab.java
4,src/main/java/org/jabref/gui/preferences/customexporter/CustomExporterTab.java
1,src/main/java/org/jabref/gui/documentviewer/DocumentViewerViewModel.java
4,src/main/java/org/jabref/gui/preferences/linkedfiles/LinkedFilesTab.java
1,src/test/java/org/jabref/logic/formatter/bibtexfields/NormalizeMonthFormatterTest.java
9,src/test/java/org/jabref/model/groups/TexGroupTest.java
9,src/main/java/org/jabref/logic/pdf/search/indexing/DocumentReader.java
6,src/main/java/org/jabref/gui/preferences/keybindings/presets/KeyBindingPreset.java
5,src/main/java/org/jabref/model/openoffice/rangesort/RangeSortEntry.java
1,src/main/java/org/jabref/gui/keyboard/KeyBindingCategory.java
4,src/main/java/org/jabref/gui/preferences/customentrytypes/EntryTypeViewModel.java
4,src/main/java/org/jabref/gui/util/ViewModelTreeTableRowFactory.java
1,src/test/java/org/jabref/logic/integrity/TitleCheckerTest.java
7,src/main/java/org/jabref/gui/importer/GenerateEntryFromIdAction.java
6,src/main/java/org/jabref/logic/database/DatabaseMerger.java
4,src/main/java/org/jabref/gui/preferences/entryeditortabs/CustomEditorFieldsTab.java
1,src/main/java/org/jabref/logic/layout/format/HTMLParagraphs.java
1,src/main/java/org/jabref/gui/mergeentries/newmergedialog/cell/MergedFieldCell.java
7,src/main/java/org/jabref/gui/preferences/customentrytypes/CustomEntryTypesTabViewModel.java
1,src/test/java/org/jabref/logic/formatter/bibtexfields/NormalizePagesFormatterTest.java
9,src/main/java/org/jabref/logic/integrity/TypeChecker.java
12,src/test/java/org/jabref/model/entry/EntryTypeFactoryTest.java
6,src/main/java/org/jabref/logic/bst/util/BstPurifier.java
4,src/main/java/org/jabref/gui/preferences/PreferencesDialogView.java
4,src/main/java/org/jabref/gui/preferences/protectedterms/ProtectedTermsListItemModel.java
6,src/main/java/org/jabref/gui/undo/UndoableFieldChange.java
4,src/test/java/org/jabref/logic/importer/fetcher/FulltextFetcherTest.java
4,src/test/java/org/jabref/logic/util/BuildInfoTest.java
6,src/main/java/org/jabref/model/entry/identifier/MathSciNetId.java
4,src/main/java/org/jabref/gui/push/PushToEmacs.java
4,src/main/java/org/jabref/gui/ClipBoardManager.java
4,src/test/java/org/jabref/logic/layout/format/AuthorFirstAbbrLastOxfordCommasTest.java
1,src/main/java/org/jabref/model/util/ListUtil.java
6,src/main/java/org/jabref/model/entry/EntryLinkList.java
9,src/main/java/org/jabref/logic/importer/fetcher/isbntobibtex/OpenLibraryIsbnFetcher.java
6,src/main/java/org/jabref/gui/actions/ActionHelper.java
4,src/test/java/org/jabref/logic/formatter/casechanger/CapitalizeFormatterTest.java
9,src/test/java/org/jabref/logic/l10n/LocalizationTest.java
1,src/main/java/org/jabref/logic/integrity/IntegrityMessage.java
4,src/test/java/org/jabref/logic/formatter/bibtexfields/UnicodeToLatexFormatterTest.java
9,src/test/java/org/jabref/logic/layout/format/DOICheckTest.java
9,src/main/java/org/jabref/model/pdf/FileAnnotation.java
5,src/main/java/org/jabref/model/openoffice/style/CitationMarkerNumericEntry.java
7,src/test/java/org/jabref/gui/mergeentries/ThreeWayMergeCellViewModelTest.java
4,src/main/java/org/jabref/model/texparser/LatexBibEntriesResolverResult.java
6,src/main/java/org/jabref/gui/sidepane/GroupsSidePaneComponent.java
9,src/main/java/org/jabref/logic/util/strings/StringSimilarity.java
4,src/main/java/org/jabref/gui/mergeentries/newmergedialog/cell/FieldValueCell.java
1,src/main/java/org/jabref/gui/exporter/SaveAction.java
4,src/main/java/org/jabref/logic/importer/util/ShortDOIService.java
1,src/main/java/org/jabref/gui/preferences/protectedterms/ProtectedTermsTab.java
4,src/main/java/org/jabref/logic/preview/PreviewLayout.java
4,src/test/java/org/jabref/logic/importer/util/GrobidServiceTest.java
9,src/main/java/org/jabref/logic/formatter/bibtexfields/OrdinalsToSuperscriptFormatter.java
1,src/test/java/org/jabref/model/entry/field/BibFieldTest.java
4,src/test/java/org/jabref/logic/net/URLUtilTest.java
6,src/test/java/org/jabref/logic/formatter/bibtexfields/NormalizeMonthFormatterTest.java
4,src/test/java/org/jabref/logic/integrity/HTMLCharacterCheckerTest.java
4,src/main/java/org/jabref/logic/citationstyle/CitationStyleOutputFormat.java
9,src/test/java/org/jabref/logic/exporter/ExporterTest.java
4,src/main/java/org/jabref/model/openoffice/rangesort/RangeOverlapBetween.java
9,src/main/java/org/jabref/logic/formatter/casechanger/UnprotectTermsFormatter.java
4,src/main/java/org/jabref/gui/util/ViewModelTableRowFactory.java
6,src/main/java/org/jabref/logic/util/io/XMLUtil.java
4,src/main/java/org/jabref/logic/util/strings/QuotedStringTokenizer.java
9,src/main/java/org/jabref/logic/integrity/UrlChecker.java
12,src/main/java/org/jabref/model/search/rules/SearchRule.java
6,src/main/java/org/jabref/gui/fieldeditors/EditorTypeEditorViewModel.java
6,src/main/java/org/jabref/logic/bibtex/FileFieldWriter.java
7,src/main/java/org/jabref/gui/fieldeditors/contextmenu/EditorMenus.java
6,src/main/java/org/jabref/logic/layout/format/NameFormatterPreferences.java
1,src/main/java/org/jabref/logic/importer/fetcher/transformers/ResearchGateQueryTransformer.java
6,src/test/java/org/jabref/gui/preview/CopyCitationActionTest.java
1,src/test/java/org/jabref/gui/groups/GroupTreeViewModelTest.java
6,src/main/java/org/jabref/logic/openoffice/style/OOBibStyle.java
4,src/main/java/org/jabref/logic/database/DatabaseMerger.java
1,src/main/java/org/jabref/logic/net/ProxyAuthenticator.java
7,src/main/java/org/jabref/gui/undo/UndoableKeyChange.java
6,src/main/java/org/jabref/model/entry/CanonicalBibEntry.java
2,src/test/java/org/jabref/cli/AuxCommandLineTest.java
4,src/main/java/org/jabref/model/groups/GroupTreeNode.java
1,src/main/java/org/jabref/logic/cleanup/FieldFormatterCleanups.java
1,src/main/java/org/jabref/logic/importer/fetcher/ComplexSearchQuery.java
4,src/main/java/org/jabref/gui/libraryproperties/keypattern/KeyPatternPropertiesView.java
4,src/main/java/org/jabref/logic/layout/format/Number.java
1,src/test/java/org/jabref/logic/importer/fileformat/MedlineImporterTest.java
2,src/main/java/org/jabref/cli/SystemOutputPrinter.java
1,src/main/java/org/jabref/gui/autocompleter/AutoCompletionStrategy.java
9,src/main/java/org/jabref/logic/cleanup/FieldFormatterCleanups.java
4,src/main/java/org/jabref/model/openoffice/style/CitationMarkerNormEntry.java
7,src/main/java/org/jabref/gui/documentviewer/PdfDocumentViewModel.java
4,src/test/java/org/jabref/logic/importer/fetcher/CollectionOfComputerScienceBibliographiesParserTest.java
1,src/main/java/org/jabref/gui/edit/ManageKeywordsAction.java
6,src/main/java/org/jabref/logic/integrity/EntryChecker.java
4,src/main/java/org/jabref/logic/util/io/CitationKeyBasedFileFinder.java
9,src/test/java/org/jabref/logic/l10n/LanguageTest.java
12,src/test/java/org/jabref/model/entry/BibEntryTypesManagerTest.java
4,src/main/java/org/jabref/logic/integrity/BracesCorrector.java
5,src/main/java/org/jabref/model/database/event/EntriesAddedEvent.java
6,src/main/java/org/jabref/gui/entryeditor/OptionalFieldsTabBase.java
1,src/main/java/org/jabref/logic/formatter/bibtexfields/TrimWhitespaceFormatter.java
4,src/main/java/org/jabref/gui/edit/automaticfiededitor/AbstractAutomaticFieldEditorTabViewModel.java
1,src/main/java/org/jabref/logic/util/CoarseChangeFilter.java
1,src/main/java/org/jabref/gui/preferences/PreferencesFilterDialog.java
1,src/main/java/org/jabref/logic/layout/ParamLayoutFormatter.java
6,src/main/java/org/jabref/gui/groups/GroupModeViewModel.java
4,src/main/java/org/jabref/logic/formatter/casechanger/Word.java
1,src/main/java/org/jabref/logic/layout/format/RemoveLatexCommandsFormatter.java
9,src/main/java/org/jabref/logic/layout/format/AuthorOrgSci.java
1,src/main/java/org/jabref/gui/documentviewer/DocumentViewerControl.java
9,src/test/java/org/jabref/logic/layout/LayoutTest.java
4,src/test/java/org/jabref/logic/layout/format/ReplaceTest.java
6,src/main/java/org/jabref/logic/formatter/bibtexfields/ClearFormatter.java
4,src/main/java/org/jabref/gui/edit/automaticfiededitor/editfieldcontent/EditFieldContentTabView.java
7,src/main/java/org/jabref/gui/groups/GroupModeViewModel.java
7,src/main/java/org/jabref/gui/fieldeditors/MapBasedEditorViewModel.java
7,src/main/java/org/jabref/gui/search/GlobalSearchResultDialogViewModel.java
1,src/main/java/org/jabref/logic/layout/format/RemoveBrackets.java
1,src/test/java/org/jabref/logic/importer/fetcher/SemanticScholarTest.java
4,src/main/java/org/jabref/logic/importer/fetcher/transformers/BiodiversityLibraryTransformer.java
1,src/main/java/org/jabref/logic/importer/fileformat/BiblioscapeImporter.java
4,src/main/java/org/jabref/gui/autocompleter/BibEntrySuggestionProvider.java
9,src/main/java/org/jabref/model/search/rules/RegexBasedSearchRule.java
1,src/test/java/org/jabref/logic/journals/AbbreviationsTest.java
6,src/test/java/org/jabref/logic/importer/ImportFormatReaderParameterlessTest.java
4,src/main/java/org/jabref/logic/formatter/bibtexfields/NormalizeMonthFormatter.java
1,src/main/java/org/jabref/gui/openoffice/ManageCitationsDialogViewModel.java
4,src/main/java/org/jabref/gui/commonfxcontrols/CitationKeyPatternPanelItemModel.java
1,src/main/java/org/jabref/gui/push/PushToApplicationSettings.java
9,src/main/java/org/jabref/model/entry/identifier/EprintIdentifier.java
7,src/main/java/org/jabref/gui/fieldeditors/PatentTypeEditorViewModel.java
9,src/main/java/org/jabref/logic/importer/fetcher/transformers/ZbMathQueryTransformer.java
7,src/test/java/org/jabref/gui/util/ControlHelperTest.java
1,src/main/java/org/jabref/gui/bibtexextractor/ExtractBibtexAction.java
6,src/test/java/org/jabref/model/openoffice/CitationEntryTest.java
1,src/main/java/org/jabref/model/openoffice/rangesort/FunctionalTextViewCursor.java
4,src/main/java/org/jabref/logic/layout/format/ToUpperCase.java
6,src/main/java/org/jabref/logic/integrity/FieldChecker.java
1,src/test/java/org/jabref/logic/formatter/bibtexfields/HtmlToUnicodeFormatterTest.java
5,src/main/java/org/jabref/model/openoffice/util/OOResult.java
4,src/test/java/org/jabref/logic/layout/format/RemoveTildeTest.java
9,src/main/java/org/jabref/logic/importer/OpenDatabase.java
1,src/test/java/org/jabref/logic/layout/format/ShortMonthFormatterTest.java
6,src/main/java/org/jabref/logic/layout/format/ReplaceUnicodeLigaturesFormatter.java
9,src/main/java/org/jabref/model/openoffice/util/OOTuple3.java
6,src/main/java/org/jabref/model/openoffice/style/ComparableCitedKey.java
1,src/main/java/org/jabref/gui/autocompleter/FieldValueSuggestionProvider.java
1,src/test/java/org/jabref/logic/util/FileNameCleanerTest.java
7,src/main/java/org/jabref/gui/maintable/columns/SpecialFieldColumn.java
7,src/main/java/org/jabref/gui/edit/EditAction.java
6,src/test/java/org/jabref/model/entry/EntryTypeFactoryTest.java
4,src/main/java/org/jabref/gui/collab/stringchange/BibTexStringChangeDetailsView.java
6,src/test/java/org/jabref/logic/importer/fileformat/MedlinePlainImporterTest.java
9,src/test/java/org/jabref/logic/util/VersionTest.java
6,src/test/java/org/jabref/logic/database/DuplicateCheckTest.java
4,src/test/java/org/jabref/model/entry/field/UnknownFieldTest.java
9,src/main/java/org/jabref/logic/util/ExternalLinkCreator.java
1,src/main/java/org/jabref/model/entry/field/SpecialField.java
4,src/main/java/org/jabref/gui/preferences/general/GeneralTabViewModel.java
1,src/main/java/org/jabref/logic/exporter/XmpPdfExporter.java
4,src/main/java/org/jabref/logic/openoffice/style/StyleLoader.java
5,src/test/java/org/jabref/model/strings/StringUtilTest.java
4,src/main/java/org/jabref/gui/preferences/file/FileTabViewModel.java
4,src/main/java/org/jabref/logic/exporter/OOCalcDatabase.java
4,src/test/java/org/jabref/gui/externalfiles/UnlinkedFilesCrawlerTest.java
6,src/main/java/org/jabref/gui/libraryproperties/LibraryPropertiesView.java
6,src/main/java/org/jabref/gui/documentviewer/DocumentViewModel.java
5,src/main/java/org/jabref/model/database/event/AutosaveEvent.java
1,src/main/java/org/jabref/logic/importer/fileformat/PdfVerbatimBibTextImporter.java
6,src/test/java/org/jabref/gui/groups/GroupTreeViewModelTest.java
6,src/main/java/org/jabref/gui/maintable/MainTable.java
1,src/main/java/org/jabref/logic/importer/fileformat/ACMPortalParser.java
6,buildSrc/src/copied/java/org/jabref/logic/journals/JournalAbbreviationPreferences.java
1,src/main/java/org/jabref/logic/importer/fetcher/transformers/DefaultLuceneQueryTransformer.java
6,src/main/java/org/jabref/gui/externalfiletype/ExternalFileType.java
1,src/test/java/org/jabref/logic/layout/format/RemoveLatexCommandsFormatterTest.java
1,src/main/java/org/jabref/model/openoffice/ootext/OOText.java
6,src/test/java/org/jabref/logic/layout/format/AuthorFirstFirstTest.java
6,src/main/java/org/jabref/gui/edit/ReplaceStringViewModel.java
1,src/main/java/org/jabref/logic/importer/fetcher/transformers/CollectionOfComputerScienceBibliographiesQueryTransformer.java
9,src/main/java/org/jabref/logic/integrity/NoteChecker.java
1,src/main/java/org/jabref/logic/importer/fetcher/transformers/AbstractQueryTransformer.java
6,src/main/java/org/jabref/logic/exporter/AtomicFileWriter.java
7,src/main/java/org/jabref/gui/entryeditor/OptionalFieldsTab.java
6,src/main/java/org/jabref/logic/importer/SearchBasedParserFetcher.java
7,src/main/java/org/jabref/gui/preferences/protectedterms/ProtectedTermsTab.java
6,src/test/java/org/jabref/logic/importer/fileformat/PdfContentImporterTest.java
12,src/main/java/org/jabref/model/pdf/FileAnnotationType.java
6,src/main/java/org/jabref/gui/util/CurrentThreadTaskExecutor.java
7,src/main/java/org/jabref/gui/sidepane/TogglePaneAction.java
7,src/main/java/org/jabref/gui/undo/UndoableRemoveEntries.java
4,src/main/java/org/jabref/gui/fieldeditors/PaginationEditorViewModel.java
1,src/main/java/org/jabref/logic/journals/JournalAbbreviationPreferences.java
1,src/main/java/org/jabref/gui/autocompleter/AutoCompletionInput.java
4,src/main/java/org/jabref/gui/preferences/nameformatter/NameFormatterTab.java
9,src/main/java/org/jabref/logic/importer/fileformat/EndnoteImporter.java
1,src/main/java/org/jabref/gui/openoffice/AdvancedCiteDialogViewModel.java
9,src/test/java/org/jabref/model/event/EventListenerTest.java
1,src/test/java/org/jabref/logic/importer/fileformat/RISImporterTest.java
1,src/main/java/org/jabref/logic/util/io/FileNameUniqueness.java
6,src/main/java/org/jabref/logic/journals/AbbreviationParser.java
4,src/main/java/org/jabref/logic/formatter/bibtexfields/RemoveRedundantSpacesFormatter.java
5,src/main/java/org/jabref/model/util/DummyFileUpdateMonitor.java
1,src/main/java/org/jabref/gui/util/ControlHelper.java
6,src/main/java/org/jabref/model/openoffice/uno/CreationException.java
12,src/main/java/org/jabref/model/entry/field/InternalField.java
1,src/test/java/org/jabref/logic/importer/fetcher/IacrEprintFetcherTest.java
1,src/main/java/org/jabref/gui/edit/automaticfiededitor/editfieldcontent/EditFieldContentViewModel.java
6,src/test/java/org/jabref/logic/bibtex/BibEntryAssert.java
4,src/test/java/org/jabref/logic/importer/fetcher/INSPIREFetcherTest.java
1,src/main/java/org/jabref/model/strings/UnicodeToReadableCharMap.java
9,src/test/java/org/jabref/logic/importer/fileformat/PdfMergeMetadataImporterTest.java
1,src/test/java/org/jabref/gui/search/GetLastSearchHistoryTest.java
1,src/main/java/org/jabref/model/entry/identifier/ARK.java
4,src/main/java/org/jabref/logic/importer/fetcher/RfcFetcher.java
1,src/main/java/org/jabref/model/groups/TexGroup.java
9,src/test/java/org/jabref/logic/net/ProxyTest.java
1,src/main/java/org/jabref/logic/protectedterms/ProtectedTermsLoader.java
1,src/main/java/org/jabref/logic/shared/exception/NotASharedDatabaseException.java
1,src/main/java/org/jabref/logic/importer/fileformat/MarcXmlParser.java
7,src/main/java/org/jabref/gui/entryeditor/UserDefinedFieldsTab.java
1,src/main/java/org/jabref/gui/shared/SharedDatabaseUIManager.java
4,src/main/java/org/jabref/model/openoffice/util/OOVoidResult.java
4,src/test/java/org/jabref/gui/util/comparator/RankingFieldComparatorTest.java
6,src/main/java/org/jabref/gui/maintable/MainTablePreferences.java
1,src/main/java/org/jabref/logic/layout/format/HTMLChars.java
6,src/main/java/org/jabref/gui/fieldeditors/DateEditorViewModel.java
1,src/main/java/org/jabref/model/openoffice/style/CitationGroupId.java
1,src/main/java/org/jabref/logic/l10n/LocalizationLocator.java
9,src/test/java/org/jabref/logic/util/io/FileUtilTest.java
4,src/main/java/org/jabref/model/study/QueryResult.java
6,src/main/java/org/jabref/gui/icon/JabrefIconProvider.java
7,src/main/java/org/jabref/gui/util/ViewModelListCellFactory.java
9,src/main/java/org/jabref/logic/formatter/bibtexfields/NormalizeMonthFormatter.java
9,src/main/java/org/jabref/logic/l10n/LocalizationKeyParams.java
9,src/main/java/org/jabref/model/pdf/search/PdfSearchResults.java
7,src/test/java/org/jabref/gui/importer/fetcher/WebSearchPaneViewModelTest.java
1,src/main/java/org/jabref/gui/entryeditor/LatexCitationsTabViewModel.java
1,src/main/java/org/jabref/gui/maintable/OpenFolderAction.java
4,src/main/java/org/jabref/gui/copyfiles/CopyFilesTask.java
4,src/main/java/org/jabref/logic/importer/fileformat/PdfVerbatimBibTextImporter.java
4,src/main/java/org/jabref/model/search/matchers/MatcherSet.java
7,src/main/java/org/jabref/gui/duplicationFinder/DuplicateResolverDialog.java
1,src/test/java/org/jabref/logic/layout/format/DateFormatterTest.java
6,src/main/java/org/jabref/gui/externalfiletype/UnknownExternalFileType.java
1,src/main/java/org/jabref/model/entry/event/FieldChangedEvent.java
6,src/main/java/org/jabref/gui/util/UiThreadList.java
4,src/test/java/org/jabref/logic/crawler/StudyDatabaseToFetcherConverterTest.java
4,src/main/java/org/jabref/gui/exporter/ExportCommand.java
4,src/main/java/org/jabref/logic/layout/format/FirstPage.java
1,src/test/java/org/jabref/logic/importer/fetcher/RfcFetcherTest.java
9,src/main/java/org/jabref/logic/layout/LayoutFormatterPreferences.java
4,src/main/java/org/jabref/logic/exporter/AtomicFileWriter.java
7,src/main/java/org/jabref/gui/theme/StyleSheet.java
1,src/main/java/org/jabref/gui/texparser/ReferenceViewModel.java
6,src/main/java/org/jabref/gui/importer/ImportCustomEntryTypesDialogViewModel.java
1,src/main/java/org/jabref/gui/actions/Sources.java
7,src/main/java/org/jabref/gui/importer/NewEntryAction.java
4,src/main/java/org/jabref/logic/formatter/minifier/MinifyNameListFormatter.java
5,src/test/java/org/jabref/model/FieldChangeTest.java
1,src/main/java/org/jabref/gui/push/PushToApplications.java
9,src/main/java/org/jabref/logic/importer/fetcher/BvbFetcher.java
9,src/main/java/org/jabref/logic/importer/fileformat/medline/ArticleId.java
4,src/main/java/org/jabref/logic/crawler/Crawler.java
1,src/main/java/org/jabref/logic/importer/fetcher/MrDLibFetcher.java
6,src/main/java/org/jabref/gui/preferences/xmp/XmpPrivacyTab.java
1,src/main/java/org/jabref/model/openoffice/rangesort/RangeOverlapKind.java
6,src/test/java/org/jabref/model/entry/DateTest.java
6,src/main/java/org/jabref/logic/l10n/LocalizationKey.java
6,src/main/java/org/jabref/model/pdf/FileAnnotationType.java
1,src/main/java/org/jabref/logic/util/StandardFileType.java
4,src/main/java/org/jabref/gui/fieldeditors/YesNoEditorViewModel.java
4,src/main/java/org/jabref/logic/layout/format/WrapFileLinks.java
5,src/test/java/org/jabref/model/database/BibDatabaseModeDetectionTest.java
9,src/test/java/org/jabref/logic/formatter/bibtexfields/ClearFormatterTest.java
6,src/main/java/org/jabref/logic/integrity/CitationKeyChecker.java
12,src/main/java/org/jabref/model/groups/LastNameGroup.java
1,src/main/java/org/jabref/logic/layout/LayoutFormatter.java
9,src/test/java/org/jabref/logic/formatter/bibtexfields/NormalizeDateFormatterTest.java
7,src/main/java/org/jabref/gui/DefaultInjector.java
6,src/test/java/org/jabref/gui/externalfiles/GitIgnoreFileFilterTest.java
4,src/main/java/org/jabref/logic/util/io/DatabaseFileLookup.java
1,src/test/java/org/jabref/gui/search/ContainsAndRegexBasedSearchRuleDescriberTest.java
6,src/main/java/org/jabref/gui/mergeentries/MergeWithFetchedEntryAction.java
4,src/test/java/org/jabref/logic/importer/ImportFormatReaderIntegrationTest.java
7,src/main/java/org/jabref/gui/mergeentries/newmergedialog/FieldRowViewModel.java
1,src/test/java/org/jabref/logic/l10n/LocalizationBundleForTest.java
4,src/test/java/org/jabref/logic/integrity/CitationKeyCheckerTest.java
9,src/main/java/org/jabref/logic/exporter/BlankLineBehaviour.java
1,src/main/java/org/jabref/logic/msbib/MSBibMapping.java
1,src/main/java/org/jabref/gui/util/DialogWindowState.java
4,src/test/java/org/jabref/logic/l10n/LocalizationConsistencyTest.java
9,src/main/java/org/jabref/logic/citationstyle/JabRefLocaleProvider.java
1,src/main/java/org/jabref/logic/cleanup/TimeStampToCreationDate.java
7,src/main/java/org/jabref/gui/fieldeditors/identifier/ISBNIdentifierEditorViewModel.java
4,src/test/java/org/jabref/logic/integrity/CitationKeyDuplicationCheckerTest.java
1,src/main/java/org/jabref/logic/importer/util/FileFieldParser.java
7,src/main/java/org/jabref/gui/fieldeditors/EditorTextField.java
4,src/main/java/org/jabref/logic/remote/server/RemoteListenerServer.java
4,src/main/java/org/jabref/model/openoffice/uno/UnoTextRange.java
4,src/main/java/org/jabref/logic/importer/fileformat/medline/OtherId.java
9,src/main/java/org/jabref/logic/texparser/DefaultLatexParser.java
9,src/test/java/org/jabref/logic/formatter/bibtexfields/RemoveNewlinesFormatterTest.java
6,src/main/java/org/jabref/logic/integrity/JournalInAbbreviationListChecker.java
6,src/main/java/org/jabref/gui/libraryproperties/constants/ConstantsItemModel.java
6,src/main/java/org/jabref/gui/bibtexextractor/BibtexExtractorViewModel.java
1,src/main/java/org/jabref/gui/collab/DatabaseChangeDetailsViewFactory.java
1,src/main/java/org/jabref/gui/libraryproperties/LibraryPropertiesAction.java
7,src/main/java/org/jabref/gui/libraryproperties/PropertiesTab.java
1,src/main/java/org/jabref/gui/WaitForSaveFinishedDialog.java
1,src/test/java/org/jabref/logic/integrity/AbbreviationCheckerTest.java
4,src/main/java/org/jabref/gui/edit/automaticfiededitor/renamefield/RenameFieldViewModel.java
4,src/main/java/org/jabref/gui/cleanup/CleanupAction.java
7,src/main/java/org/jabref/gui/preferences/table/TableTab.java
6,src/main/java/org/jabref/logic/auxparser/AuxParser.java
1,src/test/java/org/jabref/logic/layout/format/AuthorAndsCommaReplacerTest.java
6,src/main/java/org/jabref/gui/util/FileDialogConfiguration.java
9,src/main/java/org/jabref/model/openoffice/style/CitationGroupId.java
7,src/main/java/org/jabref/gui/DragAndDropDataFormats.java
4,src/main/java/org/jabref/model/study/FetchResult.java
6,src/test/java/org/jabref/logic/cleanup/EprintCleanupTest.java
7,src/main/java/org/jabref/gui/mergeentries/newmergedialog/fieldsmerger/FileMerger.java
1,src/test/java/org/jabref/model/event/EventListenerTest.java
7,src/main/java/org/jabref/gui/exporter/ExporterViewModel.java
1,src/main/java/org/jabref/logic/layout/format/RemoveWhitespace.java
6,src/main/java/org/jabref/model/openoffice/rangesort/RangeHolder.java
4,src/test/java/org/jabref/logic/importer/fetcher/transformers/DefaultQueryTransformerTest.java
4,src/main/java/org/jabref/logic/openoffice/style/OOProcess.java
1,src/main/java/org/jabref/logic/importer/fileformat/mods/RecordInfo.java
9,src/test/java/org/jabref/logic/importer/fetcher/CollectionOfComputerScienceBibliographiesParserTest.java
6,src/main/java/org/jabref/logic/xmp/XmpUtilWriter.java
1,src/main/java/org/jabref/logic/importer/util/GrobidService.java
6,src/main/java/org/jabref/gui/theme/ThemeManager.java
7,src/main/java/org/jabref/gui/edit/ManageKeywordsDialog.java
7,src/main/java/org/jabref/gui/EntryTypeViewModel.java
7,src/main/java/org/jabref/gui/fieldeditors/WriteMetadataToPdfCommand.java
1,src/main/java/org/jabref/logic/openoffice/action/Update.java
1,src/test/java/org/jabref/logic/bibtex/comparator/BibStringDiffTest.java
9,src/main/java/org/jabref/logic/importer/FetcherException.java
6,src/test/java/org/jabref/logic/importer/fetcher/CompositeIdFetcherTest.java
9,src/main/java/org/jabref/logic/cleanup/ISSNCleanup.java
6,src/test/java/org/jabref/model/entry/CanonicalBibEntryTest.java
1,src/main/java/org/jabref/logic/layout/format/RTFChars.java
9,src/main/java/org/jabref/model/entry/Keyword.java
6,src/main/java/org/jabref/gui/mergeentries/newmergedialog/fieldsmerger/FileMerger.java
6,src/main/java/org/jabref/gui/fieldeditors/contextmenu/ProtectedTermsMenu.java
4,src/main/java/org/jabref/logic/importer/fetcher/ComplexSearchQuery.java
4,src/main/java/org/jabref/model/openoffice/util/OOTuple3.java
6,src/test/java/org/jabref/logic/bst/util/BstNameFormatterTest.java
7,src/main/java/org/jabref/gui/maintable/columns/FileColumn.java
9,src/main/java/org/jabref/logic/importer/fetcher/transformers/YearRangeByFilteringQueryTransformer.java
7,src/main/java/org/jabref/gui/importer/actions/MergeReviewIntoCommentConfirmationDialog.java
4,src/main/java/org/jabref/logic/shared/exception/NotASharedDatabaseException.java
6,src/main/java/org/jabref/logic/importer/fetcher/ResearchGate.java
9,src/test/java/org/jabref/logic/importer/fetcher/ArXivFetcherTest.java
5,src/test/java/org/jabref/model/groups/SearchGroupTest.java
6,src/main/java/org/jabref/logic/importer/fetcher/Medra.java
1,src/main/java/org/jabref/gui/autocompleter/StringSuggestionProvider.java
1,src/main/java/org/jabref/logic/pdf/FileAnnotationCache.java
1,src/test/java/org/jabref/logic/importer/fileformat/MsBibImporterTest.java
4,src/main/java/org/jabref/logic/remote/RemoteMessage.java
6,src/main/java/org/jabref/gui/mergeentries/newmergedialog/cell/CopyFieldValueCommand.java
1,src/main/java/org/jabref/gui/help/VersionWorker.java
6,src/main/java/org/jabref/gui/DefaultInjector.java
6,src/main/java/org/jabref/gui/copyfiles/CopySingleFileAction.java
7,src/main/java/org/jabref/gui/fieldeditors/LinkedFilesEditorViewModel.java
1,src/main/java/org/jabref/model/pdf/search/SearchFieldConstants.java
1,src/main/java/org/jabref/logic/l10n/Language.java
6,src/main/java/org/jabref/gui/search/SearchDisplayMode.java
6,src/main/java/org/jabref/model/pdf/search/SearchFieldConstants.java
9,src/main/java/org/jabref/model/search/matchers/MatcherSets.java
9,src/test/java/org/jabref/model/search/rules/ContainsBasedSearchRuleTest.java
4,src/test/java/org/jabref/logic/importer/fetcher/SearchBasedFetcherCapabilityTest.java
4,src/main/java/org/jabref/logic/layout/format/AuthorLF_FFAbbr.java
1,src/test/java/org/jabref/logic/formatter/bibtexfields/RemoveRedundantSpacesFormatterTest.java
7,src/main/java/org/jabref/gui/exporter/ExportCommand.java
4,src/main/java/org/jabref/gui/push/PushToLyx.java
6,src/test/java/org/jabref/logic/importer/fileformat/ImporterTestEngine.java
1,src/main/java/org/jabref/gui/remote/CLIMessageHandler.java
1,src/main/java/org/jabref/gui/fieldeditors/EditorValidator.java
1,src/main/java/org/jabref/logic/importer/IdBasedFetcher.java
9,src/test/java/org/jabref/logic/importer/fetcher/TitleFetcherTest.java
4,src/main/java/org/jabref/model/search/rules/GrammarBasedSearchRule.java
9,src/main/java/org/jabref/logic/bst/BstEntry.java
4,src/main/java/org/jabref/gui/libraryproperties/PropertiesTab.java
6,src/main/java/org/jabref/model/entry/field/BiblatexApaField.java
6,src/test/java/org/jabref/logic/importer/fetcher/ZbMATHTest.java
1,src/main/java/org/jabref/logic/layout/AbstractParamLayoutFormatter.java
1,src/main/java/org/jabref/gui/openoffice/ManageCitationsDialogView.java
9,buildSrc/src/copied/java/org/jabref/logic/journals/JournalAbbreviationPreferences.java
1,src/test/java/org/jabref/logic/formatter/bibtexfields/LatexCleanupFormatterTest.java
1,src/test/java/org/jabref/gui/externalfiles/FileFilterUtilsTest.java
9,src/main/java/org/jabref/logic/util/strings/UnicodeLigaturesMap.java
4,src/main/java/org/jabref/logic/importer/fetcher/CrossRef.java
6,src/main/java/org/jabref/logic/layout/format/AuthorFirstLastOxfordCommas.java
4,src/test/java/org/jabref/logic/bibtex/FieldContentFormatterTest.java
1,src/test/java/org/jabref/logic/importer/fileformat/CustomImporterTest.java
7,src/main/java/org/jabref/gui/sidepane/SidePaneContentFactory.java
1,src/main/java/org/jabref/gui/preferences/protectedterms/NewProtectedTermsFileDialog.java
9,src/main/java/org/jabref/logic/layout/format/DOICheck.java
7,src/main/java/org/jabref/gui/libraryproperties/general/GeneralPropertiesView.java
4,src/test/java/org/jabref/gui/mergeentries/ThreeWayMergeViewModelTest.java
9,src/main/java/org/jabref/logic/importer/fetcher/IEEE.java
7,src/main/java/org/jabref/gui/mergeentries/newmergedialog/cell/ThreeWayMergeCellViewModel.java
6,src/main/java/org/jabref/logic/layout/format/AuthorFirstAbbrLastCommas.java
6,src/main/java/org/jabref/gui/duplicationFinder/DuplicateResolverDialog.java
1,src/main/java/org/jabref/logic/formatter/bibtexfields/NormalizeEnDashesFormatter.java
1,src/test/java/org/jabref/logic/layout/format/EntryTypeFormatterTest.java
6,src/test/java/org/jabref/logic/importer/fetcher/INSPIREFetcherTest.java
4,src/main/java/org/jabref/gui/collab/DatabaseChangeList.java
1,src/main/java/org/jabref/logic/search/DatabaseSearcher.java
4,src/main/java/org/jabref/gui/entryeditor/OtherFieldsTab.java
6,src/main/java/org/jabref/logic/bst/util/BstNameFormatter.java
6,src/main/java/org/jabref/logic/shared/DatabaseConnectionProperties.java
4,src/main/java/org/jabref/gui/collab/groupchange/GroupChangeDetailsView.java
1,src/main/java/org/jabref/gui/fieldeditors/DateEditorViewModel.java
1,src/main/java/org/jabref/gui/texparser/ParseLatexDialogViewModel.java
1,src/test/java/org/jabref/logic/integrity/PagesCheckerBibtexTest.java
4,src/main/java/org/jabref/gui/collab/stringdelete/BibTexStringDelete.java
7,src/main/java/org/jabref/gui/remote/CLIMessageHandler.java
5,src/main/java/org/jabref/model/database/BibDatabaseModeDetection.java
6,src/test/java/org/jabref/logic/importer/fileformat/RepecNepImporterTest.java
9,src/main/java/org/jabref/logic/openoffice/style/OOBibStyle.java
4,src/test/java/org/jabref/gui/preferences/keybindings/KeyBindingViewModelTest.java
6,src/main/java/org/jabref/gui/util/component/Tag.java
1,src/main/java/org/jabref/model/openoffice/uno/UnoTextSection.java
6,src/test/java/org/jabref/logic/integrity/DoiValidityCheckerTest.java
1,src/main/java/org/jabref/logic/openoffice/action/ManageCitations.java
7,src/main/java/org/jabref/gui/util/OptionalValueTableCellFactory.java
4,src/test/java/org/jabref/logic/msbib/MSBibConverterTest.java
6,src/main/java/org/jabref/logic/bibtex/FieldContentFormatter.java
4,src/test/java/org/jabref/gui/groups/GroupTreeViewModelTest.java
6,src/test/java/org/jabref/logic/texparser/TexBibEntriesResolverTest.java
6,src/main/java/org/jabref/gui/edit/EditAction.java
1,src/main/java/org/jabref/gui/mergeentries/FetchAndMergeEntry.java
1,src/main/java/org/jabref/model/openoffice/rangesort/RangeSortVisual.java
4,src/main/java/org/jabref/logic/openoffice/action/ManageCitations.java
4,src/test/java/org/jabref/logic/l10n/LocalizationParser.java
6,src/test/java/org/jabref/logic/cleanup/ConvertToBiblatexCleanupTest.java
6,src/main/java/org/jabref/logic/layout/format/Ordinal.java
1,src/main/java/org/jabref/logic/importer/util/MediaTypes.java
1,src/main/java/org/jabref/model/openoffice/style/CitationMarkerNormEntry.java
6,src/test/java/org/jabref/logic/l10n/LocalizationBundleForTest.java
6,src/main/java/org/jabref/logic/formatter/bibtexfields/NormalizeNamesFormatter.java
1,src/main/java/org/jabref/gui/actions/ActionHelper.java
4,src/main/java/org/jabref/logic/preferences/FetcherApiKey.java
6,src/main/java/org/jabref/logic/importer/fetcher/GvkFetcher.java
7,src/main/java/org/jabref/gui/autocompleter/FieldValueSuggestionProvider.java
9,src/main/java/org/jabref/logic/util/io/AutoLinkPreferences.java
6,src/main/java/org/jabref/gui/preferences/appearance/AppearanceTab.java
1,src/test/java/org/jabref/gui/entryeditor/fileannotationtab/FileAnnotationViewModelTest.java
7,src/main/java/org/jabref/gui/documentviewer/PageDimension.java
6,src/main/java/org/jabref/gui/collab/DatabaseChangeMonitor.java
1,src/main/java/org/jabref/logic/util/io/BackupFileUtil.java
1,src/main/java/org/jabref/gui/fieldeditors/CitationKeyEditor.java
4,src/main/java/org/jabref/model/entry/event/EntriesEvent.java
4,src/main/java/org/jabref/gui/edit/ManageKeywordsViewModel.java
6,src/main/java/org/jabref/logic/exporter/EmbeddedBibFilePdfExporter.java
1,src/main/java/org/jabref/logic/importer/fetcher/ACS.java
6,src/test/java/org/jabref/logic/util/io/FileUtilTest.java
1,src/main/java/org/jabref/logic/importer/FetcherServerException.java
4,src/main/java/org/jabref/gui/autocompleter/EmptySuggestionProvider.java
12,src/main/java/org/jabref/model/metadata/MetaData.java
1,src/test/java/org/jabref/logic/exporter/EmbeddedBibFilePdfExporterTest.java
6,src/main/java/org/jabref/gui/auximport/NewSubLibraryAction.java
7,src/main/java/org/jabref/gui/fieldeditors/PaginationEditorViewModel.java
4,src/main/java/org/jabref/model/pdf/FileAnnotation.java
6,src/main/java/org/jabref/model/search/rules/RegexBasedSearchRule.java
6,src/main/java/org/jabref/logic/shared/DBMSConnection.java
4,src/main/java/org/jabref/gui/openoffice/ManageCitationsDialogViewModel.java
9,src/main/java/org/jabref/model/openoffice/uno/UnoScreenRefresh.java
9,src/test/java/org/jabref/logic/importer/fetcher/CrossRefTest.java
12,src/main/java/org/jabref/model/search/rules/SentenceAnalyzer.java
9,src/main/java/org/jabref/model/pdf/FileAnnotationType.java
4,src/test/java/org/jabref/gui/groups/GroupDialogViewModelTest.java
4,src/main/java/org/jabref/gui/collab/groupchange/GroupChange.java
4,src/main/java/org/jabref/gui/auximport/AuxParserResultViewModel.java
6,src/test/java/org/jabref/logic/integrity/YearCheckerTest.java
1,src/test/java/org/jabref/logic/bibtex/comparator/MetaDataDiffTest.java
1,src/main/java/org/jabref/model/paging/Page.java
9,src/test/java/org/jabref/model/entry/MonthTest.java
4,src/main/java/org/jabref/gui/undo/UndoableInsertString.java
6,src/main/java/org/jabref/gui/autocompleter/JournalsSuggestionProvider.java
6,src/main/java/org/jabref/logic/importer/fetcher/SemanticScholar.java
1,src/main/java/org/jabref/gui/texparser/ParseLatexDialogView.java
9,src/main/java/org/jabref/logic/importer/fetcher/DiVA.java
6,src/main/java/org/jabref/model/entry/field/FieldPriority.java
6,src/test/java/org/jabref/model/search/matchers/MatcherSetsTest.java
9,src/main/java/org/jabref/logic/integrity/DoiDuplicationChecker.java
1,src/main/java/org/jabref/logic/importer/fetcher/OpenAccessDoi.java
6,src/main/java/org/jabref/logic/importer/fetcher/CollectionOfComputerScienceBibliographiesFetcher.java
6,src/test/java/org/jabref/logic/importer/fileformat/BibtexParserTest.java
9,src/main/java/org/jabref/model/database/BibDatabaseMode.java
4,src/main/java/org/jabref/logic/importer/fetcher/DOABFetcher.java
12,src/test/java/org/jabref/model/entry/AuthorListTest.java
7,src/main/java/org/jabref/gui/util/component/TemporalAccessorPicker.java
6,src/test/java/org/jabref/logic/importer/fileformat/PdfMergeMetadataImporterTest.java
6,src/test/java/org/jabref/logic/layout/format/RemoveTildeTest.java
6,src/test/java/org/jabref/logic/bibtex/comparator/CrossRefEntryComparatorTest.java
9,src/main/java/org/jabref/model/database/event/BibDatabaseContextChangedEvent.java
4,src/test/java/org/jabref/logic/importer/fileformat/PdfContentImporterTest.java
4,src/main/java/org/jabref/model/openoffice/style/NonUniqueCitationMarker.java
4,src/main/java/org/jabref/gui/mergeentries/MergeWithFetchedEntryAction.java
9,src/main/java/org/jabref/logic/importer/fetcher/transformers/ArXivQueryTransformer.java
9,src/main/java/org/jabref/logic/layout/format/RisKeywords.java
9,src/main/java/org/jabref/logic/importer/ParserResult.java
6,src/main/java/org/jabref/logic/integrity/ASCIICharacterChecker.java
1,src/main/java/org/jabref/gui/mergeentries/newmergedialog/ThreeWayMergeViewModel.java
6,src/test/java/org/jabref/logic/journals/AbbreviationWriterTest.java
4,src/main/java/org/jabref/model/openoffice/uno/UnoSelection.java
4,src/main/java/org/jabref/model/entry/EntryConverter.java
6,src/main/java/org/jabref/logic/crawler/Crawler.java
1,src/test/java/org/jabref/gui/autocompleter/SuggestionProvidersTest.java
4,src/test/java/org/jabref/logic/integrity/BracesCorrectorTest.java
6,src/main/java/org/jabref/gui/preferences/PreferencesFilterDialog.java
1,src/test/java/org/jabref/gui/edit/CopyMoreActionTest.java
12,src/main/java/org/jabref/model/openoffice/uno/UnoSelection.java
1,src/main/java/org/jabref/logic/exporter/MSBibExporter.java
1,src/main/java/org/jabref/gui/autocompleter/AutoCompletionTextInputBinding.java
9,src/main/java/org/jabref/model/openoffice/style/CitationLookupResult.java
6,src/main/java/org/jabref/gui/theme/Theme.java
4,src/main/java/org/jabref/gui/collab/entrychange/PreviewWithSourceTab.java
6,src/main/java/org/jabref/gui/sidepane/TogglePaneAction.java
9,src/main/java/org/jabref/logic/layout/format/NotFoundFormatter.java
9,src/main/java/org/jabref/model/entry/BibtexString.java
4,src/test/java/org/jabref/gui/entryeditor/SourceTabTest.java
4,src/main/java/org/jabref/logic/cleanup/Formatter.java
1,src/main/java/org/jabref/gui/icon/JabRefIconView.java
6,src/test/java/org/jabref/logic/l10n/LocalizationTest.java
4,src/test/java/org/jabref/logic/importer/fetcher/CompositeIdFetcherTest.java
1,src/main/java/org/jabref/logic/remote/Protocol.java
1,src/main/java/org/jabref/logic/importer/fetcher/ZbMATH.java
4,src/test/java/org/jabref/logic/integrity/HowPublishedCheckerTest.java
1,src/main/java/org/jabref/gui/mergeentries/MergeTwoEntriesAction.java
4,src/main/java/org/jabref/logic/preferences/OwnerPreferences.java
1,src/test/java/org/jabref/model/texparser/CitationTest.java
4,src/test/java/org/jabref/logic/cleanup/EprintCleanupTest.java
1,src/main/java/org/jabref/gui/fieldeditors/identifier/DoiIdentifierEditorViewModel.java
4,src/main/java/org/jabref/logic/importer/util/MetaDataParser.java
4,src/test/java/org/jabref/logic/layout/LayoutTest.java
7,src/main/java/org/jabref/gui/collab/stringchange/BibTexStringChangeDetailsView.java
4,src/main/java/org/jabref/gui/fieldeditors/JournalEditorViewModel.java
7,src/main/java/org/jabref/gui/collab/ExternalChangesResolverViewModel.java
9,src/test/java/org/jabref/logic/importer/fileformat/SilverPlatterImporterTest.java
1,src/main/java/org/jabref/gui/util/TextFlowLimited.java
1,src/test/java/org/jabref/logic/importer/fetcher/transformers/YearRangeByFilteringQueryTransformerTest.java
4,src/main/java/org/jabref/gui/preferences/customimporter/CustomImporterTabViewModel.java
6,src/main/java/org/jabref/gui/exporter/CreateModifyExporterDialogView.java
1,src/main/java/org/jabref/gui/util/ViewModelTreeCellFactory.java
1,src/main/java/org/jabref/model/openoffice/uno/UnoUserDefinedProperty.java
1,src/test/java/org/jabref/logic/importer/fetcher/CompositeIdFetcherTest.java
9,src/test/java/org/jabref/logic/importer/fileformat/CitaviXmlImporterTest.java
1,src/main/java/org/jabref/gui/autocompleter/AutoCompletePreferences.java
4,src/main/java/org/jabref/logic/util/DelayTaskThrottler.java
1,src/main/java/org/jabref/logic/util/strings/RtfCharMap.java
1,src/main/java/org/jabref/logic/autosaveandbackup/AutosaveManager.java
4,src/main/java/org/jabref/logic/xmp/XmpPreferences.java
7,src/main/java/org/jabref/gui/externalfiles/ImportHandler.java
5,src/main/java/org/jabref/model/openoffice/CitationEntry.java
6,src/test/java/org/jabref/logic/integrity/DateCheckerTest.java
1,src/main/java/org/jabref/logic/importer/FulltextFetcher.java
6,src/main/java/org/jabref/gui/importer/actions/OpenDatabaseAction.java
7,src/main/java/org/jabref/gui/push/PushToVimSettings.java
9,src/main/java/org/jabref/logic/search/SearchQuery.java
7,src/main/java/org/jabref/gui/UpdateTimestampListener.java
4,src/main/java/org/jabref/logic/shared/DBMSSynchronizer.java
4,src/test/java/org/jabref/logic/integrity/PagesCheckerBibtexTest.java
7,src/test/java/org/jabref/gui/fieldeditors/LinkedFilesEditorViewModelTest.java
4,src/main/java/org/jabref/model/util/MultiKeyMap.java
1,src/main/java/org/jabref/model/openoffice/uno/UnoStyle.java
6,src/main/java/org/jabref/gui/collab/preamblechange/PreambleChangeDetailsView.java
7,src/main/java/org/jabref/gui/copyfiles/CopyFilesDialogView.java
1,src/main/java/org/jabref/gui/search/SearchFieldRightClickMenu.java
1,src/test/java/org/jabref/logic/importer/fetcher/ScienceDirectTest.java
4,src/main/java/org/jabref/gui/fieldeditors/contextmenu/ProtectedTermsMenu.java
1,src/main/java/org/jabref/gui/importer/ImportEntriesDialog.java
4,src/test/java/org/jabref/logic/bibtex/comparator/EntryComparatorTest.java
1,src/main/java/org/jabref/logic/formatter/bibtexfields/RemoveHyphenatedNewlinesFormatter.java
6,src/main/java/org/jabref/logic/cleanup/FileLinksCleanup.java
4,src/main/java/org/jabref/logic/importer/fetcher/TrustLevel.java
9,src/main/java/org/jabref/logic/undo/UndoRedoEvent.java
4,src/main/java/org/jabref/gui/fieldeditors/SimpleEditorViewModel.java
1,src/main/java/org/jabref/logic/openoffice/frontend/UpdateCitationMarkers.java
4,src/main/java/org/jabref/logic/formatter/bibtexfields/NormalizePagesFormatter.java
1,src/main/java/org/jabref/logic/layout/LayoutFormatterPreferences.java
4,src/main/java/org/jabref/logic/importer/fetcher/ResearchGate.java
1,src/main/java/org/jabref/logic/importer/fileformat/CffImporter.java
1,src/main/java/org/jabref/logic/formatter/bibtexfields/RemoveRedundantSpacesFormatter.java
4,src/main/java/org/jabref/logic/exporter/OpenDocumentSpreadsheetCreator.java
4,src/test/java/org/jabref/logic/layout/format/CompositeFormatTest.java
1,src/test/java/org/jabref/logic/openoffice/style/StyleLoaderTest.java
4,src/main/java/org/jabref/logic/journals/Abbreviation.java
6,src/test/java/org/jabref/model/entry/KeywordListTest.java
6,src/main/java/org/jabref/logic/util/DelayTaskThrottler.java
7,src/main/java/org/jabref/gui/util/uithreadaware/UiThreadStringProperty.java
7,src/main/java/org/jabref/gui/mergeentries/newmergedialog/PersonsNameFieldRowView.java
9,src/test/java/org/jabref/logic/git/GitHandlerTest.java
7,src/main/java/org/jabref/gui/preview/PreviewPanel.java
4,src/main/java/org/jabref/gui/util/OnlyIntegerFormatter.java
6,src/main/java/org/jabref/gui/copyfiles/CopyFilesAction.java
1,src/main/java/org/jabref/model/entry/field/BibField.java
4,src/main/java/org/jabref/logic/importer/fileformat/MrDLibImporter.java
7,src/main/java/org/jabref/gui/fieldeditors/LinkedEntriesEditorViewModel.java
7,src/test/java/org/jabref/gui/externalfiles/GitIgnoreFileFilterTest.java
9,src/main/java/org/jabref/logic/protectedterms/ProtectedTermsList.java
6,src/main/java/org/jabref/logic/bst/util/BstTextPrefixer.java
9,src/main/java/org/jabref/logic/importer/util/ShortDOIServiceException.java
6,src/test/java/org/jabref/logic/util/io/RegExpBasedFileFinderTest.java
7,src/main/java/org/jabref/gui/util/TextFlowLimited.java
1,src/main/java/org/jabref/model/groups/event/GroupUpdatedEvent.java
6,src/main/java/org/jabref/logic/remote/server/RemoteListenerServerManager.java
6,src/main/java/org/jabref/logic/l10n/Language.java
9,src/main/java/org/jabref/logic/importer/FetcherServerException.java
1,src/test/java/org/jabref/logic/layout/format/AuthorFirstFirstCommasTest.java
7,src/main/java/org/jabref/gui/FXDialog.java
6,src/main/java/org/jabref/gui/mergeentries/newmergedialog/cell/sidebuttons/ToggleMergeUnmergeButton.java
4,src/main/java/org/jabref/gui/maintable/MainTablePreferences.java
6,src/main/java/org/jabref/logic/exporter/BibWriter.java
6,src/main/java/org/jabref/model/pdf/search/SearchResult.java
12,src/main/java/org/jabref/model/entry/field/SpecialFieldValue.java
5,src/test/java/org/jabref/model/database/BibDatabaseTest.java
9,src/test/java/org/jabref/logic/exporter/GroupSerializerTest.java
4,src/main/java/org/jabref/logic/layout/format/DOIStrip.java
6,src/main/java/org/jabref/logic/citationstyle/JabRefLocaleProvider.java
1,src/main/java/org/jabref/gui/collab/entrychange/EntryWithPreviewAndSourceDetailsView.java
1,src/test/java/org/jabref/logic/msbib/MsBibMappingTest.java
7,src/main/java/org/jabref/gui/util/RadioButtonCell.java
6,src/test/java/org/jabref/logic/bst/BstFunctionsTest.java
1,src/main/java/org/jabref/logic/msbib/MSBibConverter.java
9,src/test/java/org/jabref/logic/database/DuplicateCheckTest.java
6,src/main/java/org/jabref/gui/openoffice/CitationEntryViewModel.java
6,src/main/java/org/jabref/logic/layout/format/AuthorFirstFirst.java
7,src/main/java/org/jabref/gui/entryeditor/fileannotationtab/FileAnnotationTab.java
6,src/main/java/org/jabref/logic/importer/fileformat/RisImporter.java
7,src/main/java/org/jabref/gui/entryeditor/OptionalFieldsTabBase.java
6,src/test/java/org/jabref/logic/importer/fetcher/FulltextFetcherTest.java
6,src/test/java/org/jabref/logic/layout/format/HTMLParagraphsTest.java
1,src/main/java/org/jabref/logic/l10n/Encodings.java
4,src/main/java/org/jabref/logic/importer/fetcher/isbntobibtex/IsbnFetcher.java
6,src/test/java/org/jabref/logic/importer/ParserResultTest.java
7,src/main/java/org/jabref/gui/sidepane/SidePaneComponent.java
1,src/main/java/org/jabref/gui/SendAsEMailAction.java
6,src/main/java/org/jabref/gui/util/FieldsUtil.java
4,src/main/java/org/jabref/gui/externalfiles/FileFilterUtils.java
1,src/main/java/org/jabref/logic/bibtex/comparator/FieldComparatorStack.java
1,src/main/java/org/jabref/logic/layout/format/EntryTypeFormatter.java
4,src/main/java/org/jabref/gui/mergeentries/newmergedialog/FieldRowView.java
1,src/test/java/org/jabref/model/entry/identifier/ISSNTest.java
4,src/main/java/org/jabref/gui/edit/automaticfiededitor/NotificationPaneAdapter.java
9,src/test/java/org/jabref/logic/integrity/TypeCheckerTest.java
6,src/main/java/org/jabref/logic/shared/DatabaseNotSupportedException.java
4,src/main/java/org/jabref/gui/linkedfile/LinkedFilesEditDialogViewModel.java
1,src/main/java/org/jabref/gui/texparser/ParseLatexResultView.java
6,src/test/java/org/jabref/logic/importer/fetcher/LibraryOfCongressTest.java
7,src/test/java/org/jabref/gui/sidepane/SidePaneViewModelTest.java
1,src/test/java/org/jabref/testutils/category/GUITest.java
4,src/main/java/org/jabref/model/openoffice/uno/UnoUserDefinedProperty.java
1,src/test/java/org/jabref/logic/layout/format/AuthorLastFirstAbbrOxfordCommasTest.java
1,src/main/java/org/jabref/gui/mergeentries/newmergedialog/toolbar/ThreeWayMergeToolbar.java
9,src/main/java/org/jabref/logic/importer/fetcher/SemanticScholar.java
4,src/main/java/org/jabref/logic/help/HelpFile.java
4,src/main/java/org/jabref/logic/journals/AbbreviationWriter.java
4,src/main/java/org/jabref/gui/autocompleter/AppendWordsStrategy.java
4,src/main/java/org/jabref/gui/preferences/externalfiletypes/ExternalFileTypesTab.java
1,src/main/java/org/jabref/logic/openoffice/style/OOFormatBibliography.java
4,src/main/java/org/jabref/gui/edit/automaticfiededitor/LastAutomaticFieldEditorEdit.java
6,src/test/java/org/jabref/logic/layout/LayoutTest.java
1,src/main/java/org/jabref/gui/copyfiles/CopyFilesResultListDependency.java
9,src/test/java/org/jabref/logic/pdf/search/indexing/PdfIndexerTest.java
6,src/main/java/org/jabref/logic/layout/format/AuthorAndsCommaReplacer.java
12,src/main/java/org/jabref/model/entry/field/FieldFactory.java
7,src/main/java/org/jabref/gui/ClipBoardManager.java
4,src/main/java/org/jabref/logic/importer/fetcher/transformers/JstorQueryTransformer.java
1,src/main/java/org/jabref/gui/journals/AbbreviateAction.java
9,src/main/java/org/jabref/logic/importer/fetcher/Medra.java
6,src/main/java/org/jabref/model/entry/KeywordList.java
9,src/test/java/org/jabref/logic/util/UpdateFieldTest.java
12,src/test/java/org/jabref/model/entry/field/UnknownFieldTest.java
9,src/test/java/org/jabref/logic/integrity/HTMLCharacterCheckerTest.java
1,src/main/java/org/jabref/gui/actions/ActionFactory.java
1,src/test/java/org/jabref/logic/exporter/ExporterTest.java
5,src/main/java/org/jabref/model/search/rules/SearchRule.java
5,src/main/java/org/jabref/model/openoffice/util/OOListUtil.java
6,src/test/java/org/jabref/logic/integrity/DoiDuplicationCheckerTest.java
6,src/test/java/org/jabref/logic/pdf/search/indexing/DocumentReaderTest.java
1,src/main/java/org/jabref/model/search/matchers/MatcherSet.java
1,src/main/java/org/jabref/model/ChainNode.java
4,src/main/java/org/jabref/logic/importer/fetcher/ArXivFetcher.java
1,buildSrc/src/copied/java/org/jabref/logic/journals/Abbreviation.java
1,src/main/java/org/jabref/gui/groups/UndoableChangeEntriesOfGroup.java
4,src/main/java/org/jabref/gui/preferences/externalfiletypes/EditExternalFileTypeViewModel.java
1,src/main/java/org/jabref/logic/layout/format/Default.java
7,src/main/java/org/jabref/gui/preferences/general/GeneralTab.java
6,src/main/java/org/jabref/gui/entryeditor/PreviewTab.java
1,src/main/java/org/jabref/gui/mergeentries/newmergedialog/fieldsmerger/FileMerger.java
1,src/main/java/org/jabref/logic/importer/util/GroupsParser.java
4,src/main/java/org/jabref/gui/autocompleter/AutoCompleteFirstNameMode.java
4,src/test/java/org/jabref/logic/integrity/MonthCheckerTest.java
1,src/main/java/org/jabref/logic/cleanup/FieldFormatterCleanup.java
6,src/main/java/org/jabref/model/entry/types/SystematicLiteratureReviewStudyEntryType.java
6,src/main/java/org/jabref/gui/autocompleter/AutoCompletePreferences.java
1,src/main/java/org/jabref/model/entry/field/SpecialFieldValue.java
6,src/main/java/org/jabref/gui/keyboard/TextInputKeyBindings.java
1,src/test/java/org/jabref/gui/preferences/journals/AbbreviationViewModelTest.java
7,src/main/java/org/jabref/gui/libraryproperties/saving/SavingPropertiesViewModel.java
5,src/main/java/org/jabref/model/pdf/FileAnnotation.java
4,src/main/java/org/jabref/gui/desktop/os/OSX.java
7,src/main/java/org/jabref/gui/slr/StartNewStudyAction.java
6,src/main/java/org/jabref/logic/crawler/StudyDatabaseToFetcherConverter.java
6,src/test/java/org/jabref/logic/formatter/casechanger/LowerCaseFormatterTest.java
9,src/test/java/org/jabref/logic/bibtex/FileFieldWriterTest.java
1,src/main/java/org/jabref/logic/groups/DefaultGroupsFactory.java
6,src/main/java/org/jabref/gui/linkedfile/DeleteFileAction.java
9,src/main/java/org/jabref/model/entry/EntryConverter.java
1,src/main/java/org/jabref/gui/errorconsole/ErrorConsoleViewModel.java
4,src/test/java/org/jabref/gui/importer/NewEntryActionTest.java
4,src/main/java/org/jabref/gui/mergeentries/newmergedialog/DiffMethod.java
6,src/test/java/org/jabref/logic/integrity/BracketCheckerTest.java
6,src/main/java/org/jabref/logic/help/HelpFile.java
1,src/main/java/org/jabref/gui/preferences/importexport/ImportExportTabViewModel.java
4,src/main/java/org/jabref/gui/citationkeypattern/GenerateCitationKeyAction.java
6,src/main/java/org/jabref/logic/shared/listener/PostgresSQLNotificationListener.java
1,src/main/java/org/jabref/model/openoffice/style/CompareCitation.java
1,src/main/java/org/jabref/logic/importer/fileformat/PicaXmlParser.java
6,src/test/java/org/jabref/logic/importer/fileformat/MsBibImporterFilesTest.java
4,src/main/java/org/jabref/logic/citationkeypattern/CitationKeyPatternPreferences.java
4,src/test/java/org/jabref/logic/importer/fetcher/transformers/SpringerQueryTransformerTest.java
9,src/test/java/org/jabref/logic/importer/fetcher/SearchBasedFetcherCapabilityTest.java
12,src/main/java/org/jabref/model/openoffice/rangesort/RangeOverlapBetween.java
6,src/test/java/org/jabref/logic/integrity/ASCIICharacterCheckerTest.java
4,src/main/java/org/jabref/gui/maintable/BibEntryTableViewModel.java
4,src/main/java/org/jabref/gui/util/TooltipTextUtil.java
6,src/main/java/org/jabref/logic/importer/SearchBasedFetcher.java
9,src/main/java/org/jabref/logic/importer/fetcher/CompositeSearchBasedFetcher.java
9,src/test/java/org/jabref/logic/pdf/PdfAnnotationImporterTest.java
6,src/main/java/org/jabref/logic/WatchServiceUnavailableException.java
9,src/test/java/org/jabref/model/entry/AuthorTest.java
4,src/main/java/org/jabref/model/schema/DublinCoreSchemaCustom.java
6,src/test/java/org/jabref/logic/shared/security/PasswordTest.java
1,src/main/java/org/jabref/logic/cleanup/MoveFilesCleanup.java
6,src/test/java/org/jabref/logic/citationstyle/CitationStyleGeneratorTest.java
6,src/main/java/org/jabref/model/entry/identifier/ISSN.java
12,src/main/java/org/jabref/model/metadata/ContentSelector.java
1,src/main/java/org/jabref/gui/sidepane/GroupsSidePaneComponent.java
9,src/test/java/org/jabref/logic/integrity/MonthCheckerTest.java
6,src/main/java/org/jabref/logic/importer/fileformat/CustomImporter.java
6,src/main/java/org/jabref/logic/l10n/Encodings.java
12,src/main/java/org/jabref/model/openoffice/backend/NamedRangeManager.java
9,src/test/java/org/jabref/logic/l10n/LocalizationConsistencyTest.java
4,src/main/java/org/jabref/logic/formatter/bibtexfields/RegexFormatter.java
9,src/main/java/org/jabref/logic/integrity/FileChecker.java
1,src/test/java/org/jabref/logic/integrity/DateCheckerTest.java
4,src/test/java/org/jabref/logic/importer/fetcher/ACMPortalFetcherTest.java
4,src/main/java/org/jabref/logic/shared/DatabaseSynchronizer.java
4,src/main/java/org/jabref/gui/texparser/ParseLatexDialogView.java
9,src/main/java/org/jabref/logic/msbib/MsBibAuthor.java
4,src/test/java/org/jabref/logic/msbib/MsBibAuthorTest.java
4,src/main/java/org/jabref/logic/exporter/EmbeddedBibFilePdfExporter.java
6,src/main/java/org/jabref/logic/importer/fetcher/isbntobibtex/EbookDeIsbnFetcher.java
6,src/main/java/org/jabref/gui/fieldeditors/JournalEditorViewModel.java
6,src/test/java/org/jabref/logic/importer/fileformat/CopacImporterTest.java
1,src/main/java/org/jabref/logic/importer/fetcher/ApsFetcher.java
1,src/test/java/org/jabref/logic/formatter/bibtexfields/UnicodeConverterTest.java
6,src/main/java/org/jabref/gui/collab/groupchange/GroupChangeDetailsView.java
9,src/main/java/org/jabref/logic/shared/listener/OracleNotificationListener.java
9,src/main/java/org/jabref/logic/formatter/minifier/MinifyNameListFormatter.java
6,src/test/java/org/jabref/logic/importer/fetcher/transformers/IEEEQueryTransformerTest.java
7,src/test/java/org/jabref/gui/preferences/journals/AbbreviationViewModelTest.java
4,src/main/java/org/jabref/model/entry/AuthorList.java
1,src/main/java/org/jabref/logic/exporter/OpenOfficeDocumentCreator.java
6,src/main/java/org/jabref/model/openoffice/style/ComparableCitation.java
1,src/main/java/org/jabref/logic/integrity/ASCIICharacterChecker.java
6,src/test/java/org/jabref/gui/util/OpenConsoleActionTest.java
6,src/main/java/org/jabref/gui/util/DroppingMouseLocation.java
7,src/test/java/org/jabref/gui/entryeditor/fileannotationtab/FileAnnotationViewModelTest.java
1,src/main/java/org/jabref/logic/search/SearchQuery.java
9,src/main/java/org/jabref/logic/importer/SearchBasedParserFetcher.java
7,src/test/java/org/jabref/gui/autocompleter/AutoCompleterUtil.java
9,src/test/java/org/jabref/logic/importer/fileformat/BiblioscapeImporterTypesTest.java
1,src/test/java/org/jabref/logic/integrity/PagesCheckerBiblatexTest.java
6,src/main/java/org/jabref/logic/integrity/TypeChecker.java
7,src/main/java/org/jabref/gui/search/SearchResultsTable.java
12,src/main/java/org/jabref/model/metadata/SaveOrder.java
6,src/main/java/org/jabref/model/entry/identifier/ArXivIdentifier.java
4,src/main/java/org/jabref/model/openoffice/backend/NamedRange.java
6,src/test/java/org/jabref/model/entry/identifier/ISSNTest.java
6,src/main/java/org/jabref/gui/maintable/columns/MainTableColumn.java
7,src/test/java/org/jabref/gui/externalfiles/UnlinkedFilesCrawlerTest.java
4,src/main/java/org/jabref/gui/collab/stringdelete/BibTexStringDeleteDetailsView.java
7,src/main/java/org/jabref/gui/entryeditor/OptionalFields2Tab.java
1,src/main/java/org/jabref/gui/edit/automaticfiededitor/AutomaticFieldEditorTab.java
1,src/main/java/org/jabref/model/entry/types/BiblatexSoftwareEntryType.java
6,src/main/java/org/jabref/logic/layout/format/CreateBibORDFAuthors.java
6,src/main/java/org/jabref/model/texparser/Citation.java
1,src/main/java/org/jabref/logic/xmp/XmpUtilReader.java
4,src/main/java/org/jabref/model/openoffice/uno/UnoCast.java
6,src/test/java/org/jabref/model/entry/field/StandardFieldTest.java
1,src/main/java/org/jabref/logic/layout/format/NotFoundFormatter.java
1,src/test/java/org/jabref/logic/importer/fetcher/SpringerLinkTest.java
5,src/main/java/org/jabref/model/openoffice/ootext/OOFormat.java
1,src/main/java/org/jabref/model/search/matchers/AndMatcher.java
9,src/main/java/org/jabref/logic/remote/client/RemoteClient.java
4,src/test/java/org/jabref/gui/importer/fetcher/WebSearchPaneViewModelTest.java
6,src/main/java/org/jabref/gui/texparser/ParseLatexAction.java
4,src/main/java/org/jabref/logic/protectedterms/ProtectedTermsLoader.java
6,src/main/java/org/jabref/gui/AbstractViewModel.java
12,src/main/java/org/jabref/model/entry/field/FieldProperty.java
9,src/main/java/org/jabref/logic/layout/LayoutHelper.java
5,src/main/java/org/jabref/model/pdf/search/SearchFieldConstants.java
7,src/main/java/org/jabref/gui/externalfiles/DownloadFullTextAction.java
1,src/main/java/org/jabref/logic/crawler/Crawler.java
6,src/test/java/org/jabref/logic/layout/format/LastPageTest.java
6,src/main/java/org/jabref/logic/importer/Importer.java
1,src/test/java/org/jabref/logic/integrity/BracesCorrectorTest.java
9,src/main/java/org/jabref/logic/importer/fetcher/ApsFetcher.java
1,src/main/java/org/jabref/logic/layout/format/FormatPagesForXML.java
4,src/main/java/org/jabref/logic/remote/Protocol.java
7,src/main/java/org/jabref/gui/util/StreamGobbler.java
1,src/main/java/org/jabref/logic/integrity/FieldCheckers.java
9,src/test/java/org/jabref/logic/cleanup/TimeStampToCreationDateTest.java
10,src/test/java/org/jabref/cli/JabRefCLITest.java
1,src/test/java/org/jabref/model/TreeNodeTestData.java
6,src/main/java/org/jabref/logic/layout/format/AuthorFirstAbbrLastOxfordCommas.java
1,src/main/java/org/jabref/gui/preferences/PreferencesTab.java
4,src/main/java/org/jabref/gui/util/uithreadaware/UiThreadStringProperty.java
1,src/main/java/org/jabref/gui/openoffice/StyleSelectDialogView.java
7,src/main/java/org/jabref/gui/slr/StudyDatabaseItem.java
6,src/main/java/org/jabref/logic/bibtex/comparator/CrossRefEntryComparator.java
1,src/main/java/org/jabref/model/entry/event/EntriesEventSource.java
6,src/main/java/org/jabref/logic/cleanup/DoiCleanup.java
9,src/test/java/org/jabref/logic/importer/fetcher/transformers/IEEEQueryTransformerTest.java
1,src/main/java/org/jabref/logic/bst/BstFunctions.java
1,src/test/java/org/jabref/logic/formatter/casechanger/UnprotectTermsFormatterTest.java
4,buildSrc/src/copied/java/org/jabref/logic/journals/JournalAbbreviationPreferences.java
4,src/main/java/org/jabref/logic/bibtex/comparator/BibStringDiff.java
1,src/test/java/org/jabref/logic/layout/format/AuthorFirstLastOxfordCommasTest.java
4,src/main/java/org/jabref/logic/importer/fetcher/DoiFetcher.java
1,src/main/java/org/jabref/gui/externalfiles/UnlinkedPDFFileFilter.java
1,src/main/java/org/jabref/gui/groups/GroupDialogHeader.java
4,src/main/java/org/jabref/logic/remote/RemotePreferences.java
1,src/main/java/org/jabref/logic/externalfiles/LinkedFileHandler.java
1,src/test/java/org/jabref/logic/integrity/ValidCitationKeyCheckerTest.java
6,src/test/java/org/jabref/gui/slr/ManageStudyDefinitionViewModelTest.java
7,src/main/java/org/jabref/gui/autocompleter/JournalsSuggestionProvider.java
6,src/main/java/org/jabref/logic/formatter/bibtexfields/ShortenDOIFormatter.java
5,src/main/java/org/jabref/model/openoffice/uno/UnoStyle.java
1,src/main/java/org/jabref/logic/importer/fileformat/IsiImporter.java
6,src/test/java/org/jabref/gui/entryeditor/fileannotationtab/FileAnnotationViewModelTest.java
1,src/test/java/org/jabref/logic/layout/format/NoSpaceBetweenAbbreviationsTest.java
1,src/test/java/org/jabref/logic/formatter/casechanger/LowerCaseFormatterTest.java
4,src/main/java/org/jabref/logic/integrity/MonthChecker.java
4,src/main/java/org/jabref/logic/layout/format/CreateDocBook5Authors.java
6,src/main/java/org/jabref/logic/shared/DatabaseLocation.java
7,src/main/java/org/jabref/gui/fieldeditors/OptionEditorViewModel.java
5,src/main/java/org/jabref/model/database/BibDatabase.java
12,src/main/java/org/jabref/model/entry/types/BiblatexSoftwareEntryTypeDefinitions.java
9,src/main/java/org/jabref/logic/exporter/BibWriter.java
1,src/main/java/org/jabref/gui/externalfiles/UnlinkedFilesCrawler.java
5,src/main/java/org/jabref/model/pdf/search/EnglishStemAnalyzer.java
1,src/main/java/org/jabref/gui/fieldeditors/OptionEditor.java
9,src/main/java/org/jabref/logic/importer/fileformat/CopacImporter.java
6,src/main/java/org/jabref/logic/openoffice/NoDocumentFoundException.java
6,src/main/java/org/jabref/gui/entryeditor/OptionalFieldsTab.java
5,src/test/java/org/jabref/model/database/DuplicationCheckerTest.java
1,src/main/java/org/jabref/logic/importer/fileformat/BibtexImporter.java
4,src/test/java/org/jabref/logic/importer/fetcher/CiteSeerTest.java
1,src/main/java/org/jabref/gui/preferences/externalfiletypes/ExternalFileTypesTabViewModel.java
4,src/main/java/org/jabref/logic/layout/format/DocBookAuthorFormatter.java
4,src/main/java/org/jabref/logic/importer/fetcher/AbstractIsbnFetcher.java
6,src/main/java/org/jabref/logic/importer/fetcher/BibsonomyScraper.java
4,src/test/java/org/jabref/logic/importer/fileformat/CopacImporterTest.java
9,src/main/java/org/jabref/logic/openoffice/frontend/UpdateCitationMarkers.java
1,src/main/java/org/jabref/logic/importer/util/IdentifierParser.java
9,src/main/java/org/jabref/logic/importer/fetcher/transformers/ResearchGateQueryTransformer.java
6,src/main/java/org/jabref/gui/autocompleter/PersonNameStringConverter.java
1,src/main/java/org/jabref/gui/DialogService.java
6,src/main/java/org/jabref/model/entry/event/EntriesEventSource.java
9,src/main/java/org/jabref/model/entry/types/BiblatexSoftwareEntryTypeDefinitions.java
7,src/main/java/org/jabref/gui/keyboard/TextInputKeyBindings.java
12,src/test/java/org/jabref/model/entry/CanonicalBibEntryTest.java
6,src/main/java/org/jabref/logic/importer/fetcher/CiteSeer.java
7,src/main/java/org/jabref/gui/errorconsole/ErrorConsoleViewModel.java
4,src/test/java/org/jabref/logic/util/DevelopmentStageTest.java
12,src/main/java/org/jabref/model/util/ListUtil.java
1,src/main/java/org/jabref/logic/formatter/bibtexfields/NormalizePagesFormatter.java
7,src/main/java/org/jabref/gui/util/CustomTitledPaneSkin.java
4,src/main/java/org/jabref/model/groups/event/GroupUpdatedEvent.java
6,src/main/java/org/jabref/gui/dialogs/AutosaveUiManager.java
4,src/main/java/org/jabref/logic/importer/fetcher/transformers/YearAndYearRangeByFilteringQueryTransformer.java
9,src/test/java/org/jabref/logic/importer/fetcher/isbntobibtex/EbookDeIsbnFetcherTest.java
6,src/main/java/org/jabref/logic/importer/Parser.java
7,src/main/java/org/jabref/gui/preferences/keybindings/KeyBindingsTabViewModel.java
9,src/test/java/org/jabref/logic/bst/util/BstWidthCalculatorTest.java
1,src/main/java/org/jabref/model/entry/field/BiblatexApaField.java
9,src/test/java/org/jabref/logic/integrity/BibStringCheckerTest.java
1,src/main/java/org/jabref/gui/FXDialog.java
6,src/main/java/org/jabref/gui/collab/entrychange/EntryWithPreviewAndSourceDetailsView.java
9,src/main/java/org/jabref/logic/layout/format/Replace.java
9,src/main/java/org/jabref/logic/layout/format/AuthorLastFirstAbbrCommas.java
4,src/main/java/org/jabref/gui/fieldeditors/PersonsEditor.java
1,src/main/java/org/jabref/gui/maintable/MainTableHeaderContextMenu.java
4,src/main/java/org/jabref/model/entry/field/Field.java
4,src/test/java/org/jabref/logic/bst/BstVMVisitorTest.java
4,src/main/java/org/jabref/gui/fieldeditors/TextInputControlBehavior.java
6,src/main/java/org/jabref/gui/edit/automaticfiededitor/AutomaticFieldEditorDialog.java
6,src/main/java/org/jabref/logic/shared/exception/SharedEntryNotPresentException.java
4,src/main/java/org/jabref/gui/edit/ReplaceStringView.java
9,src/main/java/org/jabref/logic/importer/fetcher/SpringerFetcher.java
7,src/main/java/org/jabref/gui/collab/preamblechange/PreambleChange.java
9,src/test/java/org/jabref/logic/msbib/MsBibMappingTest.java
6,src/main/java/org/jabref/gui/preferences/customentrytypes/FieldViewModel.java
1,src/main/java/org/jabref/gui/preview/CopyCitationAction.java
4,src/main/java/org/jabref/gui/util/TaskExecutor.java
6,src/main/java/org/jabref/logic/layout/format/IfPlural.java
4,src/test/java/org/jabref/logic/l10n/LocalizationKeyParamsTest.java
6,src/test/java/org/jabref/logic/layout/format/LatexToUnicodeFormatterTest.java
4,src/main/java/org/jabref/logic/util/io/FileFinder.java
7,src/main/java/org/jabref/gui/fieldeditors/PersonsEditor.java
7,src/main/java/org/jabref/gui/importer/ImportEntriesViewModel.java
1,src/test/java/org/jabref/logic/autosaveandbackup/BackupManagerDiscardedTest.java
6,src/main/java/org/jabref/gui/undo/AbstractUndoableJabRefEdit.java
1,src/test/java/org/jabref/logic/journals/JournalAbbreviationRepositoryTest.java
6,src/test/java/org/jabref/logic/xmp/XmpUtilReaderTest.java
6,src/main/java/org/jabref/gui/util/TextFlowLimited.java
4,src/test/java/org/jabref/gui/util/ControlHelperTest.java
7,src/main/java/org/jabref/gui/preferences/entry/EntryTab.java
4,src/test/java/org/jabref/logic/shared/SynchronizationEventListenerTest.java
9,src/test/java/org/jabref/logic/exporter/CsvExportFormatTest.java
4,src/main/java/org/jabref/model/entry/event/FieldChangedEvent.java
6,src/test/java/org/jabref/logic/bibtex/FieldWriterTest.java
6,src/test/java/org/jabref/logic/exporter/XmpExporterTest.java
12,src/main/java/org/jabref/model/openoffice/style/OODataModel.java
6,src/main/java/org/jabref/gui/maintable/PersistenceVisualStateTable.java
4,src/test/java/org/jabref/model/entry/identifier/ISBNTest.java
4,src/main/java/org/jabref/gui/importer/fetcher/WebSearchPaneViewModel.java
7,src/main/java/org/jabref/gui/integrity/IntegrityCheckDialog.java
4,src/main/java/org/jabref/gui/fieldeditors/GenderEditorViewModel.java
9,src/main/java/org/jabref/logic/citationstyle/JabRefItemDataProvider.java
6,src/test/java/org/jabref/logic/integrity/ValidCitationKeyCheckerTest.java
4,src/main/java/org/jabref/gui/util/comparator/SpecialFieldComparator.java
5,src/test/java/org/jabref/model/openoffice/CitationEntryTest.java
6,src/test/java/org/jabref/logic/importer/util/JsonReaderTest.java
7,src/main/java/org/jabref/gui/sidepane/SidePaneViewModel.java
4,src/main/java/org/jabref/logic/importer/fetcher/CiteSeer.java
12,src/main/java/org/jabref/model/util/MultiKeyMap.java
4,src/main/java/org/jabref/logic/importer/fetcher/CustomizableKeyFetcher.java
4,src/main/java/org/jabref/logic/layout/format/DocBookVersion.java
5,src/main/java/org/jabref/model/entry/types/EntryTypeFactory.java
9,src/main/java/org/jabref/logic/exporter/EmbeddedBibFilePdfExporter.java
12,src/test/java/org/jabref/model/search/rules/GrammarBasedSearchRuleTest.java
6,src/test/java/org/jabref/logic/shared/DBMSTypeTest.java
4,src/main/java/org/jabref/gui/entryeditor/fileannotationtab/FulltextSearchResultsTab.java
1,src/test/java/org/jabref/gui/sidepane/SidePaneViewModelTest.java
1,src/test/java/org/jabref/logic/bst/BstPreviewLayoutTest.java
6,src/test/java/org/jabref/logic/importer/fetcher/RfcFetcherTest.java
7,src/main/java/org/jabref/gui/preferences/citationkeypattern/CitationKeyPatternTab.java
1,src/main/java/org/jabref/gui/entryeditor/fileannotationtab/FulltextSearchResultsTab.java
6,src/main/java/org/jabref/gui/importer/actions/MergeReviewIntoCommentAction.java
7,src/main/java/org/jabref/gui/util/component/DiffHighlightingTextPane.java
6,src/main/java/org/jabref/model/entry/LinkedFile.java
1,src/main/java/org/jabref/gui/journals/UndoableUnabbreviator.java
6,src/main/java/org/jabref/gui/externalfiles/UnlinkedPDFFileFilter.java
4,src/main/java/org/jabref/gui/edit/ReplaceStringViewModel.java
1,src/main/java/org/jabref/logic/importer/CompositeIdFetcher.java
1,src/main/java/org/jabref/gui/help/SearchForUpdateAction.java
6,src/test/java/org/jabref/logic/integrity/BibStringCheckerTest.java
4,src/main/java/org/jabref/gui/keyboard/KeyBindingCategory.java
9,src/test/java/org/jabref/logic/formatter/bibtexfields/ReplaceTabsBySpaceFormaterTest.java
7,src/main/java/org/jabref/gui/fieldeditors/SimpleEditorViewModel.java
4,src/main/java/org/jabref/gui/search/rules/describer/SearchDescriber.java
1,src/main/java/org/jabref/gui/help/ErrorConsoleAction.java
6,src/main/java/org/jabref/model/entry/BibEntryTypesManager.java
4,src/test/java/org/jabref/logic/integrity/ISBNCheckerTest.java
6,src/main/java/org/jabref/logic/importer/fetcher/JstorFetcher.java
1,src/test/java/org/jabref/logic/layout/format/CompositeFormatTest.java
4,src/main/java/org/jabref/model/openoffice/uno/NoDocumentException.java
1,src/main/java/org/jabref/logic/importer/fetcher/DoiFetcher.java
7,src/main/java/org/jabref/gui/journals/AbbreviationType.java
6,src/main/java/org/jabref/logic/importer/fetcher/CompositeSearchBasedFetcher.java
9,src/main/java/org/jabref/logic/bibtex/comparator/FieldComparator.java
9,src/test/java/org/jabref/logic/citationstyle/CitationStyleCacheTest.java
1,src/main/java/org/jabref/logic/util/MetadataSerializationConfiguration.java
6,src/main/java/org/jabref/model/openoffice/CitationEntry.java
9,src/main/java/org/jabref/model/database/event/EntriesRemovedEvent.java
6,src/main/java/org/jabref/gui/undo/NamedCompound.java
6,src/main/java/org/jabref/gui/entryeditor/fileannotationtab/FileAnnotationTabView.java
9,src/main/java/org/jabref/logic/layout/format/RisAuthors.java
1,src/main/java/org/jabref/logic/undo/UndoRedoEvent.java
4,src/main/java/org/jabref/logic/importer/util/GroupsParser.java
9,src/test/java/org/jabref/logic/exporter/EmbeddedBibFilePdfExporterTest.java
1,src/test/java/org/jabref/logic/git/GitHandlerTest.java
7,src/main/java/org/jabref/gui/preferences/externalfiletypes/ExternalFileTypeItemViewModel.java
7,src/main/java/org/jabref/gui/mergeentries/MergeWithFetchedEntryAction.java
6,src/test/java/org/jabref/gui/autocompleter/PersonNameSuggestionProviderTest.java
9,src/main/java/org/jabref/logic/importer/fetcher/TitleFetcher.java
6,src/main/java/org/jabref/gui/search/rules/describer/GrammarBasedSearchRuleDescriber.java
1,src/main/java/org/jabref/logic/importer/fileformat/ModsImporter.java
5,src/main/java/org/jabref/model/search/rules/ContainsBasedSearchRule.java
12,src/main/java/org/jabref/model/search/SearchMatcher.java
1,buildSrc/src/copied/java/org/jabref/logic/journals/JournalAbbreviationLoader.java
4,src/main/java/org/jabref/logic/autosaveandbackup/BackupManager.java
9,src/test/java/org/jabref/model/entry/AuthorListTest.java
6,src/main/java/org/jabref/gui/entryeditor/LatexCitationsTabViewModel.java
1,src/test/java/org/jabref/logic/citationstyle/CitationStyleGeneratorTest.java
6,src/main/java/org/jabref/gui/maintable/OpenFolderAction.java
9,src/test/java/org/jabref/logic/openoffice/style/OOBibStyleTestHelper.java
1,src/main/java/org/jabref/logic/importer/fetcher/TrustLevel.java
1,src/test/java/org/jabref/logic/util/DevelopmentStageTest.java
4,src/test/java/org/jabref/gui/search/TextFlowEqualityHelper.java
4,src/main/java/org/jabref/model/database/BibDatabaseMode.java
7,src/test/java/org/jabref/gui/slr/ManageStudyDefinitionViewModelTest.java
4,src/test/java/org/jabref/logic/citationkeypattern/CitationKeyGeneratorTest.java
4,src/test/java/org/jabref/logic/bst/BstPreviewLayoutTest.java
6,src/main/java/org/jabref/gui/logging/ApplicationInsightsLogEvent.java
7,src/main/java/org/jabref/gui/collab/DatabaseChangeResolverFactory.java
6,src/main/java/org/jabref/logic/importer/fetcher/IacrEprintFetcher.java
6,src/main/java/org/jabref/logic/importer/FetcherResult.java
1,src/test/java/org/jabref/logic/integrity/UTF8CheckerTest.java
1,src/main/java/org/jabref/model/entry/types/StandardEntryType.java
1,src/main/java/org/jabref/logic/shared/OracleProcessor.java
9,src/main/java/org/jabref/logic/integrity/ISBNChecker.java
7,src/main/java/org/jabref/gui/push/PushToLyxSettings.java
9,src/main/java/org/jabref/logic/cleanup/EprintCleanup.java
6,src/main/java/org/jabref/logic/layout/format/RemoveWhitespace.java
4,src/test/java/org/jabref/logic/layout/format/ToUpperCaseTest.java
6,src/test/java/org/jabref/logic/integrity/HowPublishedCheckerTest.java
9,src/main/java/org/jabref/logic/util/io/FileFinders.java
1,src/test/java/org/jabref/logic/layout/format/FileLinkTest.java
6,src/test/java/org/jabref/logic/journals/JournalAbbreviationRepositoryTest.java
7,src/main/java/org/jabref/gui/util/ViewModelTreeTableRowFactory.java
6,src/main/java/org/jabref/gui/importer/ParserResultWarningDialog.java
5,src/test/java/org/jabref/model/database/BibDatabaseContextTest.java
9,src/test/java/org/jabref/model/FieldChangeTest.java
4,src/main/java/org/jabref/gui/entryeditor/OpenEntryEditorAction.java
1,src/main/java/org/jabref/model/groups/AutomaticGroup.java
6,src/main/java/org/jabref/logic/remote/client/RemoteClient.java
4,src/main/java/org/jabref/logic/cleanup/ConvertToBibtexCleanup.java
9,src/main/java/org/jabref/logic/importer/IdBasedParserFetcher.java
4,src/main/java/org/jabref/gui/collab/stringrename/BibTexStringRenameDetailsView.java
7,src/main/java/org/jabref/gui/undo/UndoableInsertEntries.java
4,src/main/java/org/jabref/logic/integrity/ISSNChecker.java
9,src/main/java/org/jabref/logic/bst/util/BstTextPrefixer.java
9,src/main/java/org/jabref/logic/importer/fetcher/isbntobibtex/DoiToBibtexConverterComIsbnFetcher.java
6,src/test/java/org/jabref/logic/citationkeypattern/BracketedPatternTest.java
6,src/test/java/org/jabref/logic/importer/fetcher/transformers/InfixTransformerTest.java
6,src/main/java/org/jabref/gui/util/FileFilterConverter.java
6,src/main/java/org/jabref/gui/exporter/SaveAllAction.java
9,src/main/java/org/jabref/logic/citationkeypattern/DatabaseCitationKeyPattern.java
9,src/main/java/org/jabref/logic/util/strings/XmlCharsMap.java
6,src/main/java/org/jabref/gui/libraryproperties/constants/ConstantsPropertiesView.java
4,src/test/java/org/jabref/logic/importer/fetcher/PagedSearchFetcherTest.java
7,src/main/java/org/jabref/gui/preferences/journals/JournalAbbreviationsTabViewModel.java
5,src/main/java/org/jabref/model/openoffice/util/OOPair.java
9,src/main/java/org/jabref/logic/util/CoarseChangeFilter.java
4,src/test/java/org/jabref/model/pdf/FileAnnotationTest.java
12,src/main/java/org/jabref/model/entry/identifier/MathSciNetId.java
1,src/test/java/org/jabref/logic/search/SearchQueryTest.java
1,src/main/java/org/jabref/logic/integrity/DoiValidityChecker.java
6,src/test/java/org/jabref/gui/entryeditor/SourceTabTest.java
6,src/main/java/org/jabref/model/search/rules/SentenceAnalyzer.java
6,src/main/java/org/jabref/logic/net/ssl/SSLPreferences.java
1,src/main/java/org/jabref/gui/undo/UndoRedoAction.java
4,src/test/java/org/jabref/logic/importer/fileformat/OvidImporterTest.java
6,src/test/java/org/jabref/logic/importer/fetcher/transformers/YearRangeByFilteringQueryTransformerTest.java
6,src/main/java/org/jabref/model/openoffice/style/CitationMarkerNormEntry.java
9,src/main/java/org/jabref/logic/shared/OracleProcessor.java
1,src/main/java/org/jabref/logic/util/io/FileNameCleaner.java
4,src/test/java/org/jabref/logic/journals/JournalAbbreviationRepositoryTest.java
4,src/main/java/org/jabref/gui/entryeditor/fileannotationtab/FileAnnotationTabViewModel.java
9,src/main/java/org/jabref/logic/bibtex/BibEntryWriter.java
9,src/main/java/org/jabref/logic/remote/RemoteUtil.java
9,src/test/java/org/jabref/logic/integrity/CitationKeyCheckerTest.java
7,src/main/java/org/jabref/gui/maintable/BibEntryTableViewModel.java
1,src/main/java/org/jabref/gui/integrity/IntegrityCheckDialog.java
9,src/main/java/org/jabref/logic/citationkeypattern/AbstractCitationKeyPattern.java
1,src/test/java/org/jabref/model/database/BibDatabaseContextTest.java
6,src/main/java/org/jabref/logic/util/io/RegExpBasedFileFinder.java
4,src/test/java/org/jabref/logic/layout/format/RemoveLatexCommandsFormatterTest.java
1,src/main/java/org/jabref/gui/preferences/entryeditortabs/CustomEditorFieldsTabViewModel.java
6,src/main/java/org/jabref/logic/layout/format/AuthorOrgSci.java
1,src/main/java/org/jabref/gui/mergeentries/MultiMergeEntriesViewModel.java
4,src/main/java/org/jabref/logic/importer/fetcher/CollectionOfComputerScienceBibliographiesParser.java
5,src/main/java/org/jabref/model/search/matchers/OrMatcher.java
6,src/main/java/org/jabref/model/openoffice/style/CitationGroups.java
6,src/main/java/org/jabref/model/pdf/search/PdfSearchResults.java
1,src/main/java/org/jabref/model/pdf/search/EnglishStemAnalyzer.java
6,src/main/java/org/jabref/gui/preferences/nameformatter/NameFormatterTab.java
6,src/main/java/org/jabref/gui/util/DialogWindowState.java
9,src/test/java/org/jabref/model/entry/identifier/ArXivIdentifierTest.java
9,src/main/java/org/jabref/logic/layout/format/DateFormatter.java
1,src/main/java/org/jabref/logic/layout/format/IfPlural.java
4,src/main/java/org/jabref/gui/preferences/groups/GroupsTabViewModel.java
7,src/main/java/org/jabref/gui/commonfxcontrols/SaveOrderConfigPanelViewModel.java
6,src/main/java/org/jabref/logic/integrity/UTF8Checker.java
4,src/main/java/org/jabref/model/search/rules/SearchRule.java
9,src/test/java/org/jabref/logic/integrity/UrlCheckerTest.java
1,src/main/java/org/jabref/logic/importer/FetcherException.java
1,buildSrc/src/copied/java/org/jabref/logic/journals/JournalAbbreviationRepository.java
6,src/main/java/org/jabref/gui/entryeditor/RequiredFieldsTab.java
6,src/main/java/org/jabref/logic/importer/fetcher/transformers/YearAndYearRangeByFilteringQueryTransformer.java
4,src/test/java/org/jabref/logic/importer/ParserResultTest.java
9,src/test/java/org/jabref/logic/formatter/bibtexfields/UnicodeConverterTest.java
6,src/main/java/org/jabref/gui/Dialog.java
1,src/main/java/org/jabref/gui/preferences/keybindings/presets/KeyBindingPreset.java
6,src/main/java/org/jabref/model/groups/AutomaticKeywordGroup.java
4,src/main/java/org/jabref/gui/entryeditor/RelatedArticlesTab.java
6,src/main/java/org/jabref/gui/preferences/network/NetworkTab.java
4,src/main/java/org/jabref/logic/exporter/OpenOfficeDocumentCreator.java
6,src/main/java/org/jabref/gui/autocompleter/ReplaceStrategy.java
1,src/main/java/org/jabref/gui/preferences/table/TableTabViewModel.java
6,src/main/java/org/jabref/model/entry/field/Field.java
9,src/test/java/org/jabref/model/entry/field/UnknownFieldTest.java
6,src/main/java/org/jabref/gui/maintable/SearchShortScienceAction.java
4,src/main/java/org/jabref/gui/preferences/PreferencesSearchHandler.java
1,src/main/java/org/jabref/gui/entryeditor/EntryEditorPreferences.java
1,src/main/java/org/jabref/gui/EntryTypeView.java
7,src/main/java/org/jabref/gui/preferences/journals/JournalAbbreviationsTab.java
6,src/test/java/org/jabref/logic/formatter/casechanger/TitleCaseFormatterTest.java
1,src/main/java/org/jabref/gui/preferences/nameformatter/NameFormatterItemModel.java
1,src/main/java/org/jabref/gui/entryeditor/RelatedArticlesTab.java
4,src/main/java/org/jabref/gui/util/FileNodeViewModel.java
6,src/main/java/org/jabref/logic/journals/JournalAbbreviationLoader.java
6,src/test/java/org/jabref/logic/importer/FulltextFetchersTest.java
1,src/test/java/org/jabref/logic/util/io/CitationKeyBasedFileFinderTest.java
6,src/main/java/org/jabref/gui/texparser/ParseLatexDialogView.java
1,src/main/java/org/jabref/logic/layout/format/MarkdownFormatter.java
9,src/main/java/org/jabref/model/search/matchers/AndMatcher.java
1,src/main/java/org/jabref/logic/formatter/bibtexfields/ShortenDOIFormatter.java
6,src/main/java/org/jabref/logic/importer/IdBasedParserFetcher.java
1,src/test/java/org/jabref/logic/git/SlrGitHandlerTest.java
1,src/main/java/org/jabref/logic/msbib/MSBibDatabase.java
6,src/test/java/org/jabref/testutils/category/GUITest.java
6,src/test/java/org/jabref/logic/importer/fetcher/DoiFetcherTest.java
6,src/test/java/org/jabref/logic/importer/fetcher/transformers/DefaultQueryTransformerTest.java
1,src/main/java/org/jabref/gui/groups/GroupTreeNodeViewModel.java
6,src/main/java/org/jabref/logic/util/io/FileFinder.java
9,src/main/java/org/jabref/logic/integrity/UTF8Checker.java
1,src/main/java/org/jabref/logic/xmp/DublinCoreExtractor.java
4,src/main/java/org/jabref/logic/xmp/XmpUtilReader.java
9,src/main/java/org/jabref/logic/openoffice/NoDocumentFoundException.java
5,src/main/java/org/jabref/model/entry/field/BibField.java
4,src/main/java/org/jabref/logic/bst/util/BstNameFormatter.java
1,src/test/java/org/jabref/model/entry/KeywordListTest.java
6,src/main/java/org/jabref/logic/formatter/bibtexfields/NormalizeEnDashesFormatter.java
1,src/main/java/org/jabref/gui/libraryproperties/keypattern/KeyPatternPropertiesView.java
4,src/test/java/org/jabref/logic/search/SearchQueryTest.java
1,src/test/java/org/jabref/logic/importer/fetcher/transformers/JstorQueryTransformerTest.java
1,src/main/java/org/jabref/logic/xmp/XmpUtilWriter.java
9,src/test/java/org/jabref/logic/layout/format/RisMonthTest.java
4,src/main/java/org/jabref/gui/preferences/appearance/AppearanceTab.java
4,src/test/java/org/jabref/gui/externalfiles/AutoSetFileLinksUtilTest.java
6,src/main/java/org/jabref/gui/slr/SlrStudyAndDirectory.java
9,src/main/java/org/jabref/logic/layout/format/CreateBibORDFAuthors.java
6,src/main/java/org/jabref/gui/commonfxcontrols/CitationKeyPatternPanel.java
9,src/main/java/org/jabref/logic/layout/format/Authors.java
4,src/main/java/org/jabref/gui/push/AbstractPushToApplication.java
5,src/main/java/org/jabref/model/groups/AutomaticGroup.java
4,src/main/java/org/jabref/logic/cleanup/UpgradePdfPsToFileCleanup.java
6,src/main/java/org/jabref/model/util/TreeCollector.java
9,src/main/java/org/jabref/logic/layout/format/CreateDocBook4Editors.java
6,src/test/java/org/jabref/gui/autocompleter/DefaultAutoCompleterTest.java
6,src/test/java/org/jabref/logic/importer/fetcher/DOABFetcherTest.java
9,src/main/java/org/jabref/logic/remote/server/RemoteListenerServerManager.java
6,src/main/java/org/jabref/logic/layout/format/NoSpaceBetweenAbbreviations.java
12,src/main/java/org/jabref/model/study/StudyDatabase.java
12,src/main/java/org/jabref/model/openoffice/rangesort/RangeSortable.java
1,src/main/java/org/jabref/logic/shared/event/ConnectionLostEvent.java
7,src/main/java/org/jabref/gui/maintable/columns/LibraryColumn.java
9,src/test/java/org/jabref/model/TreeNodeTestData.java
1,src/test/java/org/jabref/logic/integrity/AmpersandCheckerTest.java
12,src/main/java/org/jabref/model/openoffice/uno/CreationException.java
4,src/main/java/org/jabref/logic/layout/format/NameFormatterPreferences.java
1,src/main/java/org/jabref/model/FieldChange.java
9,src/main/java/org/jabref/model/entry/field/FieldProperty.java
4,src/main/java/org/jabref/logic/integrity/CitationKeyDuplicationChecker.java
4,src/main/java/org/jabref/gui/collab/preamblechange/PreambleChangeDetailsView.java
4,src/main/java/org/jabref/logic/integrity/HowPublishedChecker.java
1,src/test/java/org/jabref/model/database/BibDatabaseTest.java
1,src/test/java/org/jabref/logic/shared/ConnectorTest.java
4,src/main/java/org/jabref/logic/importer/fileformat/MedlineImporter.java
4,src/test/java/org/jabref/logic/shared/DBMSConnectionPropertiesTest.java
6,src/main/java/org/jabref/logic/cleanup/ISSNCleanup.java
1,src/main/java/org/jabref/logic/shared/exception/OfflineLockException.java
1,src/main/java/org/jabref/gui/importer/fetcher/LookupIdentifierAction.java
4,src/test/java/org/jabref/logic/texparser/DefaultTexParserTest.java
4,src/main/java/org/jabref/logic/importer/fetcher/IEEE.java
6,src/main/java/org/jabref/model/entry/field/UnknownField.java
4,src/test/java/org/jabref/model/groups/ExplicitGroupTest.java
9,src/main/java/org/jabref/logic/integrity/HowPublishedChecker.java
4,src/main/java/org/jabref/logic/layout/format/AuthorLastFirstOxfordCommas.java
6,src/main/java/org/jabref/model/entry/identifier/DOI.java
9,src/test/java/org/jabref/logic/pdf/search/retrieval/PdfSearcherTest.java
6,src/main/java/org/jabref/gui/openoffice/OpenOfficePanel.java
1,src/test/java/org/jabref/logic/util/io/BackupFileUtilTest.java
6,src/main/java/org/jabref/model/texparser/LatexParserResult.java
7,src/main/java/org/jabref/gui/collab/entrychange/EntryChangeDetailsView.java
1,src/main/java/org/jabref/model/entry/types/IEEETranEntryTypeDefinitions.java
4,src/main/java/org/jabref/logic/util/UnknownFileType.java
7,src/main/java/org/jabref/gui/fieldeditors/UrlEditorViewModel.java
4,src/main/java/org/jabref/gui/edit/ReplaceStringAction.java
4,src/test/java/org/jabref/logic/formatter/bibtexfields/ReplaceWithEscapedDoubleQuotesTest.java
6,src/main/java/org/jabref/gui/mergeentries/newmergedialog/cell/OpenExternalLinkAction.java
4,src/test/java/org/jabref/logic/importer/fileformat/BibtexImporterTest.java
6,src/test/java/org/jabref/logic/importer/fileformat/BiblioscapeImporterTest.java
1,src/main/java/org/jabref/gui/linkedfile/LinkedFileEditDialogView.java
9,src/test/java/org/jabref/logic/importer/fetcher/CiteSeerTest.java
4,src/main/java/org/jabref/logic/importer/fileformat/mods/Name.java
4,src/main/java/org/jabref/gui/mergeentries/MultiMergeEntriesViewModel.java
9,src/main/java/org/jabref/logic/bibtex/comparator/EntryComparator.java
9,src/test/java/org/jabref/model/entry/field/FieldFactoryTest.java
7,src/main/java/org/jabref/gui/preferences/PreferencesFilterDialog.java
4,src/main/java/org/jabref/gui/preferences/protectedterms/NewProtectedTermsFileDialog.java
9,src/test/java/org/jabref/logic/layout/format/HTMLParagraphsTest.java
1,src/main/java/org/jabref/logic/layout/format/AuthorLastFirstAbbrOxfordCommas.java
7,src/main/java/org/jabref/gui/desktop/os/Linux.java
6,src/main/java/org/jabref/logic/importer/fetcher/GoogleScholar.java
1,src/main/java/org/jabref/logic/integrity/PagesChecker.java
4,src/main/java/org/jabref/gui/cleanup/CleanupDialog.java
4,src/main/java/org/jabref/logic/importer/fileformat/BibtexParser.java
4,src/main/java/org/jabref/logic/net/ssl/SSLPreferences.java
9,src/main/java/org/jabref/logic/importer/fileformat/InspecImporter.java
6,src/test/java/org/jabref/logic/formatter/bibtexfields/LatexCleanupFormatterTest.java
1,src/test/java/org/jabref/logic/formatter/bibtexfields/EscapeDollarSignFormatterTest.java
1,src/test/java/org/jabref/logic/openoffice/style/OOPreFormatterTest.java
9,src/test/java/org/jabref/logic/xmp/XmpUtilReaderTest.java
6,src/test/java/org/jabref/logic/help/HelpFileTest.java
6,src/main/java/org/jabref/logic/bibtex/BibEntryWriter.java
5,src/main/java/org/jabref/model/openoffice/style/CitationMarkerNumericBibEntry.java
4,src/test/java/org/jabref/model/entry/KeywordTest.java
7,src/main/java/org/jabref/gui/util/BaseDialog.java
1,src/main/java/org/jabref/model/entry/types/BiblatexAPAEntryTypeDefinitions.java
1,src/main/java/org/jabref/logic/openoffice/style/OOPreFormatter.java
1,src/main/java/org/jabref/model/openoffice/rangesort/RangeOverlap.java
4,src/test/java/org/jabref/logic/formatter/bibtexfields/HtmlToLatexFormatterTest.java
7,src/main/java/org/jabref/gui/desktop/os/OSX.java
1,src/main/java/org/jabref/gui/preferences/customentrytypes/CustomEntryTypeViewModel.java
1,src/main/java/org/jabref/gui/preferences/customentrytypes/CustomEntryTypesTabViewModel.java
4,src/test/java/org/jabref/logic/net/ProxyTest.java
5,src/main/java/org/jabref/model/openoffice/rangesort/FunctionalTextViewCursor.java
9,src/test/java/org/jabref/logic/layout/format/MarkdownFormatterTest.java
6,src/main/java/org/jabref/logic/crawler/StudyFetcher.java
6,src/main/java/org/jabref/logic/bibtex/comparator/BibDatabaseDiff.java
1,src/main/java/org/jabref/logic/importer/FetcherClientException.java
1,src/main/java/org/jabref/gui/collab/stringdelete/BibTexStringDelete.java
1,src/main/java/org/jabref/logic/exporter/AtomicFileWriter.java
9,src/main/java/org/jabref/logic/layout/format/NameFormatterPreferences.java
1,src/main/java/org/jabref/gui/externalfiles/ExternalFileSorter.java
1,src/main/java/org/jabref/gui/mergeentries/newmergedialog/cell/CopyFieldValueCommand.java
4,src/main/java/org/jabref/logic/importer/PagedSearchBasedParserFetcher.java
1,src/main/java/org/jabref/gui/integrity/IntegrityCheckAction.java
1,src/main/java/org/jabref/gui/util/ZipFileChooser.java
9,src/main/java/org/jabref/logic/citationstyle/CitationStyleOutputFormat.java
6,src/main/java/org/jabref/logic/importer/fileformat/MedlineImporter.java
4,src/main/java/org/jabref/logic/importer/fetcher/BibsonomyScraper.java
7,src/main/java/org/jabref/gui/undo/UndoableChangeType.java
6,src/main/java/org/jabref/gui/maintable/columns/SpecialFieldColumn.java
5,src/main/java/org/jabref/model/strings/StringUtil.java
5,src/main/java/org/jabref/model/entry/BibEntry.java
6,src/main/java/org/jabref/gui/util/component/TemporalAccessorPicker.java
6,src/main/java/org/jabref/gui/edit/automaticfiededitor/NotificationPaneAdapter.java
5,src/main/java/org/jabref/model/entry/field/AMSField.java
9,src/main/java/org/jabref/model/util/FileUpdateListener.java
4,src/main/java/org/jabref/logic/openoffice/style/OOProcessNumericMarkers.java
6,src/test/java/org/jabref/logic/importer/fetcher/CollectionOfComputerScienceBibliographiesParserTest.java
1,src/test/java/org/jabref/logic/importer/fileformat/OvidImporterTest.java
4,src/main/java/org/jabref/logic/openoffice/backend/NamedRangeReferenceMark.java
1,src/main/java/org/jabref/gui/theme/Theme.java
4,src/main/java/org/jabref/model/openoffice/uno/UnoUndo.java
4,src/main/java/org/jabref/gui/entryeditor/LatexCitationsTabViewModel.java
9,src/main/java/org/jabref/logic/cleanup/DoiCleanup.java
9,src/main/java/org/jabref/model/entry/field/OrFields.java
6,src/main/java/org/jabref/model/openoffice/uno/UnoCursor.java
6,src/test/java/org/jabref/logic/formatter/bibtexfields/NormalizeNamesFormatterTest.java
5,src/main/java/org/jabref/model/util/TreeCollector.java
1,src/main/java/org/jabref/logic/integrity/HTMLCharacterChecker.java
4,src/main/java/org/jabref/logic/msbib/MSBibMapping.java
1,src/test/java/org/jabref/gui/fieldeditors/LinkedFileViewModelTest.java
1,src/main/java/org/jabref/gui/entryeditor/fileannotationtab/FileAnnotationTabViewModel.java
4,src/main/java/org/jabref/logic/openoffice/frontend/UpdateBibliography.java
4,src/test/java/org/jabref/logic/importer/fetcher/transformers/DBLPQueryTransformerTest.java
4,src/main/java/org/jabref/gui/util/CurrentThreadTaskExecutor.java
6,src/main/java/org/jabref/gui/slr/StudyDatabaseItem.java
4,src/main/java/org/jabref/logic/cleanup/FileLinksCleanup.java
1,src/main/java/org/jabref/gui/entryeditor/EntryEditor.java
7,src/main/java/org/jabref/gui/bibtexextractor/ExtractBibtexAction.java
6,src/test/java/org/jabref/model/paging/PageTest.java
6,src/main/java/org/jabref/logic/importer/fetcher/DoiResolution.java
4,src/main/java/org/jabref/gui/externalfiletype/UnknownExternalFileType.java
6,src/main/java/org/jabref/logic/importer/fetcher/transformers/JstorQueryTransformer.java
4,src/main/java/org/jabref/gui/groups/GroupViewMode.java
4,src/main/java/org/jabref/gui/autocompleter/ContentSelectorSuggestionProvider.java
7,src/main/java/org/jabref/gui/entryeditor/OpenEntryEditorAction.java
12,src/test/java/org/jabref/model/entry/identifier/IacrEprintTest.java
4,src/main/java/org/jabref/logic/shared/DatabaseLocation.java
4,src/main/java/org/jabref/gui/libraryproperties/saving/SavingPropertiesViewModel.java
1,src/test/java/org/jabref/gui/edit/ManageKeywordsViewModelTest.java
4,src/main/java/org/jabref/model/openoffice/backend/NamedRangeManager.java
4,src/test/java/org/jabref/gui/externalfiles/ImportHandlerTest.java
9,src/test/java/org/jabref/logic/exporter/DocBook5ExporterTest.java
6,src/main/java/org/jabref/logic/importer/fileformat/EndnoteXmlImporter.java
4,src/test/java/org/jabref/logic/importer/ImportDataTest.java
1,src/main/java/org/jabref/gui/specialfields/SpecialFieldsPreferences.java
1,src/test/java/org/jabref/logic/shared/DBMSConnectionTest.java
7,src/test/java/org/jabref/gui/externalfiles/ImportHandlerTest.java
4,src/main/java/org/jabref/gui/search/GlobalSearchResultDialog.java
9,src/test/java/org/jabref/logic/shared/DBMSSynchronizerTest.java
4,src/main/java/org/jabref/gui/preferences/entryeditortabs/CustomEditorFieldsTabViewModel.java
9,src/test/java/org/jabref/logic/bibtex/comparator/CrossRefEntryComparatorTest.java
7,src/main/java/org/jabref/gui/commonfxcontrols/SortCriterionViewModel.java
9,src/main/java/org/jabref/logic/layout/format/RemoveBracketsAddComma.java
9,src/main/java/org/jabref/model/entry/identifier/ArXivIdentifier.java
7,src/main/java/org/jabref/gui/texparser/ParseLatexResultView.java
4,src/main/java/org/jabref/logic/bibtex/comparator/CrossRefEntryComparator.java
4,src/main/java/org/jabref/logic/remote/server/RemoteListenerServerManager.java
4,src/test/java/org/jabref/logic/search/DatabaseSearcherTest.java
6,src/main/java/org/jabref/gui/mergeentries/DiffHighlightingEllipsingTextFlow.java
9,src/main/java/org/jabref/logic/l10n/LocalizationKey.java
12,src/main/java/org/jabref/model/entry/field/OrFields.java
4,src/main/java/org/jabref/gui/edit/automaticfiededitor/editfieldcontent/EditFieldContentViewModel.java
4,src/main/java/org/jabref/gui/sidepane/SidePaneContentFactory.java
6,src/test/java/org/jabref/gui/edit/ManageKeywordsViewModelTest.java
4,src/main/java/org/jabref/gui/fieldeditors/LinkedFilesEditorViewModel.java
1,src/test/java/org/jabref/logic/shared/TestManager.java
6,src/test/java/org/jabref/model/groups/ExplicitGroupTest.java
6,src/test/java/org/jabref/logic/l10n/JavaLocalizationEntryParser.java
1,src/main/java/org/jabref/logic/layout/format/AuthorAndToSemicolonReplacer.java
4,src/main/java/org/jabref/logic/importer/fetcher/INSPIREFetcher.java
6,src/main/java/org/jabref/gui/fieldeditors/SimpleEditorViewModel.java
6,src/main/java/org/jabref/gui/StateManager.java
4,src/main/java/org/jabref/logic/importer/ImportFormatPreferences.java
7,src/main/java/org/jabref/gui/search/rules/describer/SearchDescribers.java
6,src/main/java/org/jabref/logic/formatter/casechanger/SentenceCaseFormatter.java
1,src/test/java/org/jabref/logic/cleanup/DoiDecodeCleanupTest.java
1,src/main/java/org/jabref/gui/importer/GenerateEntryFromIdDialog.java
1,src/main/java/org/jabref/gui/entryeditor/DeprecatedFieldsTab.java
7,src/main/java/org/jabref/gui/importer/fetcher/LookupIdentifierAction.java
4,src/main/java/org/jabref/logic/git/SlrGitHandler.java
1,src/test/java/org/jabref/logic/protectedterms/ProtectedTermsLoaderTest.java
4,src/test/java/org/jabref/logic/importer/fetcher/transformers/ArXivQueryTransformerTest.java
6,src/main/java/org/jabref/gui/preferences/external/ExternalTab.java
7,src/main/java/org/jabref/gui/citationkeypattern/GenerateCitationKeySingleAction.java
4,src/main/java/org/jabref/logic/util/io/BackupFileUtil.java
6,src/main/java/org/jabref/gui/mergeentries/newmergedialog/ThreeWayMergeView.java
6,src/main/java/org/jabref/gui/mergeentries/newmergedialog/FieldRowViewModel.java
6,src/main/java/org/jabref/gui/help/AboutDialogView.java
12,src/main/java/org/jabref/model/groups/TexGroup.java
4,src/main/java/org/jabref/gui/preferences/keybindings/KeyBindingsTabViewModel.java
7,src/main/java/org/jabref/gui/mergeentries/DiffHighlighting.java
1,src/main/java/org/jabref/logic/importer/fetcher/IEEE.java
6,src/main/java/org/jabref/logic/importer/fileformat/OvidImporter.java
9,src/main/java/org/jabref/model/database/event/ChangePropagation.java
4,src/main/java/org/jabref/gui/documentviewer/DocumentViewModel.java
1,src/main/java/org/jabref/gui/mergeentries/DiffMode.java
9,src/main/java/org/jabref/logic/importer/IdParserFetcher.java
9,src/test/java/org/jabref/logic/shared/SynchronizationEventListenerTest.java
7,src/test/java/org/jabref/gui/groups/GroupNodeViewModelTest.java
4,src/main/java/org/jabref/gui/openoffice/OOBibBaseConnect.java
1,src/main/java/org/jabref/model/entry/field/UnknownField.java
6,src/main/java/org/jabref/gui/util/uithreadaware/UiThreadBinding.java
1,src/main/java/org/jabref/logic/layout/format/AuthorLastFirstCommas.java
7,src/main/java/org/jabref/gui/collab/groupchange/GroupChange.java
7,src/main/java/org/jabref/gui/groups/GroupViewMode.java
9,src/main/java/org/jabref/logic/importer/fetcher/transformers/DefaultQueryTransformer.java
4,src/main/java/org/jabref/model/entry/field/IEEEField.java
4,src/main/java/org/jabref/gui/specialfields/SpecialFieldMenuItemFactory.java
9,src/main/java/org/jabref/logic/net/ssl/SSLPreferences.java
9,src/main/java/org/jabref/logic/shared/PostgreSQLProcessor.java
1,src/test/java/org/jabref/logic/importer/fetcher/DiVATest.java
1,src/main/java/org/jabref/model/database/BibDatabases.java
9,src/main/java/org/jabref/logic/importer/fileformat/medline/OtherId.java
1,src/main/java/org/jabref/gui/auximport/NewSubLibraryAction.java
4,src/main/java/org/jabref/gui/edit/EditAction.java
5,src/main/java/org/jabref/model/study/StudyQuery.java
1,src/main/java/org/jabref/model/search/matchers/MatcherSets.java
4,src/main/java/org/jabref/model/groups/KeywordGroup.java
7,src/main/java/org/jabref/gui/copyfiles/CopyFilesResultItemViewModel.java
4,src/main/java/org/jabref/gui/mergeentries/newmergedialog/PersonsNameFieldRowView.java
6,src/main/java/org/jabref/gui/externalfiletype/ExternalFileTypes.java
7,src/main/java/org/jabref/gui/mergeentries/MergeResult.java
9,src/main/java/org/jabref/logic/autosaveandbackup/AutosaveManager.java
12,src/main/java/org/jabref/model/openoffice/style/NonUniqueCitationMarker.java
7,src/main/java/org/jabref/gui/Dialog.java
6,src/main/java/org/jabref/logic/exporter/ModsExporter.java
12,src/main/java/org/jabref/model/openoffice/style/CitationMarkerNumericEntry.java
9,src/test/java/org/jabref/logic/util/strings/StringManipulatorTest.java
9,src/test/java/org/jabref/logic/formatter/bibtexfields/HtmlToUnicodeFormatterTest.java
6,src/main/java/org/jabref/logic/remote/server/RemoteMessageHandler.java
7,src/main/java/org/jabref/gui/libraryproperties/keypattern/KeyPatternPropertiesView.java
9,src/test/java/org/jabref/logic/layout/format/LatexToUnicodeFormatterTest.java
7,src/main/java/org/jabref/gui/util/RecursiveTreeItem.java
7,src/main/java/org/jabref/gui/openoffice/AdvancedCiteDialogViewModel.java
1,src/main/java/org/jabref/gui/util/ViewModelTreeTableRowFactory.java
1,src/test/java/org/jabref/gui/slr/ManageStudyDefinitionViewModelTest.java
4,src/main/java/org/jabref/gui/autocompleter/AutoCompletionInput.java
1,src/main/java/org/jabref/gui/slr/ManageStudyDefinitionViewModel.java
7,src/main/java/org/jabref/gui/EntryTypeView.java
1,src/main/java/org/jabref/gui/keyboard/CodeAreaKeyBindings.java
6,src/main/java/org/jabref/logic/formatter/Formatters.java
9,src/test/java/org/jabref/logic/importer/fetcher/RfcFetcherTest.java
12,src/test/java/org/jabref/model/database/DuplicationCheckerTest.java
7,src/main/java/org/jabref/gui/collab/entryadd/EntryAdd.java
9,src/test/java/org/jabref/logic/formatter/bibtexfields/LatexCleanupFormatterTest.java
6,src/main/java/org/jabref/logic/bst/BstPreviewLayout.java
1,src/main/java/org/jabref/logic/util/WebViewStore.java
1,src/test/java/org/jabref/logic/exporter/MSBibExportFormatFilesTest.java
6,src/test/java/org/jabref/logic/bibtex/comparator/PreambleDiffTest.java
1,src/test/java/org/jabref/logic/layout/format/MarkdownFormatterTest.java
1,src/main/java/org/jabref/gui/externalfiletype/StandardExternalFileType.java
7,src/main/java/org/jabref/gui/openoffice/Bootstrap.java
9,src/test/java/org/jabref/logic/importer/util/JsonReaderTest.java
1,src/main/java/org/jabref/gui/mergeentries/MergeWithFetchedEntryAction.java
4,src/main/java/org/jabref/logic/search/SearchQuery.java
6,src/main/java/org/jabref/gui/mergeentries/newmergedialog/GroupDiffMode.java
9,src/main/java/org/jabref/model/pdf/search/SearchResult.java
6,src/main/java/org/jabref/gui/fieldeditors/identifier/IdentifierEditor.java
4,src/main/java/org/jabref/gui/theme/StyleSheet.java
1,src/main/java/org/jabref/logic/openoffice/style/OOBibStyle.java
7,src/main/java/org/jabref/gui/fieldeditors/contextmenu/ProtectedTermsMenu.java
6,src/test/java/org/jabref/logic/importer/fileformat/PdfVerbatimBibTextImporterTest.java
6,src/main/java/org/jabref/gui/util/uithreadaware/UiThreadListChangeListener.java
6,src/test/java/org/jabref/gui/mergeentries/ThreeWayMergeCellViewModelTest.java
12,src/test/java/org/jabref/model/database/BibDatabaseContextTest.java
1,src/main/java/org/jabref/gui/mergeentries/EntriesMergeResult.java
7,src/main/java/org/jabref/gui/entryeditor/fileannotationtab/FileAnnotationTabViewModel.java
4,src/main/java/org/jabref/gui/groups/GroupsPreferences.java
7,src/main/java/org/jabref/gui/util/JabRefResourceLocator.java
4,src/main/java/org/jabref/model/openoffice/style/ComparableCitation.java
4,src/test/java/org/jabref/logic/formatter/casechanger/UpperCaseFormatterTest.java
9,src/main/java/org/jabref/model/database/BibDatabaseModeDetection.java
7,src/main/java/org/jabref/gui/libraryproperties/constants/ConstantsPropertiesViewModel.java
7,src/main/java/org/jabref/gui/edit/automaticfiededitor/LastAutomaticFieldEditorEdit.java
4,src/main/java/org/jabref/gui/copyfiles/CopyFilesResultItemViewModel.java
7,src/main/java/org/jabref/gui/util/DefaultFileUpdateMonitor.java
4,src/main/java/org/jabref/gui/groups/UndoableModifySubtree.java
1,src/main/java/org/jabref/logic/util/strings/XmlCharsMap.java
1,src/main/java/org/jabref/logic/importer/fileformat/EndnoteXmlImporter.java
1,src/main/java/org/jabref/logic/layout/format/CreateDocBook5Editors.java
4,src/test/java/org/jabref/gui/util/comparator/NumericFieldComparatorTest.java
1,src/test/java/org/jabref/logic/bibtex/FieldContentFormatterTest.java
6,src/main/java/org/jabref/gui/util/CustomRatingSkin.java
4,src/main/java/org/jabref/logic/integrity/EditionChecker.java
6,src/main/java/org/jabref/gui/undo/UndoableRemoveString.java
4,src/test/java/org/jabref/logic/util/FileNameCleanerTest.java
1,src/main/java/org/jabref/gui/maintable/MainTable.java
6,src/test/java/org/jabref/logic/util/DevelopmentStageTest.java
4,src/main/java/org/jabref/gui/UpdateTimestampListener.java
9,src/test/java/org/jabref/model/search/matchers/MatcherSetsTest.java
1,src/main/java/org/jabref/logic/importer/fileformat/CoinsParser.java
9,src/main/java/org/jabref/logic/net/ProxyPreferences.java
6,src/main/java/org/jabref/logic/layout/format/DateFormatter.java
1,src/main/java/org/jabref/gui/push/PushToEmacsSettings.java
4,src/main/java/org/jabref/logic/remote/server/RemoteMessageHandler.java
1,src/main/java/org/jabref/logic/layout/format/Replace.java
7,src/main/java/org/jabref/gui/maintable/SearchShortScienceAction.java
4,src/main/java/org/jabref/logic/pdf/PdfAnnotationImporter.java
1,src/main/java/org/jabref/model/entry/types/BibtexEntryTypeDefinitions.java
1,src/test/java/org/jabref/logic/layout/format/ToUpperCaseTest.java
6,src/main/java/org/jabref/model/search/GroupSearchQuery.java
4,src/main/java/org/jabref/model/openoffice/uno/UnoNamed.java
6,src/main/java/org/jabref/gui/mergeentries/newmergedialog/cell/FieldValueCellViewModel.java
5,src/test/java/org/jabref/model/entry/MonthTest.java
1,src/main/java/org/jabref/gui/push/PushToLyx.java
5,src/main/java/org/jabref/model/entry/event/FieldChangedEvent.java
12,src/main/java/org/jabref/model/groups/GroupEntryChanger.java
4,src/test/java/org/jabref/logic/importer/fetcher/SpringerLinkTest.java
4,src/main/java/org/jabref/model/entry/Keyword.java
4,src/main/java/org/jabref/model/database/event/ChangePropagation.java
4,src/test/java/org/jabref/model/metadata/MetaDataTest.java
1,src/main/java/org/jabref/logic/exporter/SaveConfiguration.java
4,src/main/java/org/jabref/gui/search/SearchResultsTableDataModel.java
6,src/test/java/org/jabref/logic/util/io/FileNameUniquenessTest.java
6,src/main/java/org/jabref/gui/libraryproperties/general/GeneralPropertiesView.java
9,src/main/java/org/jabref/logic/layout/format/FileLink.java
6,src/main/java/org/jabref/gui/preferences/general/GeneralTab.java
9,src/main/java/org/jabref/model/openoffice/style/CitationMarkerNumericEntry.java
7,src/main/java/org/jabref/gui/fieldeditors/identifier/EprintIdentifierEditorViewModel.java
4,src/main/java/org/jabref/logic/formatter/IdentityFormatter.java
9,src/test/java/org/jabref/logic/integrity/NoBibTexFieldCheckerTest.java
6,src/main/java/org/jabref/logic/cleanup/EprintCleanup.java
9,src/main/java/org/jabref/logic/importer/fetcher/BibsonomyScraper.java
9,src/test/java/org/jabref/model/entry/CrossrefTest.java
1,src/test/java/org/jabref/logic/exporter/CsvExportFormatTest.java
6,src/main/java/org/jabref/logic/openoffice/frontend/UpdateBibliography.java
4,src/main/java/org/jabref/gui/util/TextFlowLimited.java
1,src/main/java/org/jabref/logic/net/ProgressInputStream.java
9,src/test/java/org/jabref/logic/importer/fetcher/transformers/ArXivQueryTransformerTest.java
7,src/main/java/org/jabref/gui/logging/ApplicationInsightsLogEvent.java
7,src/main/java/org/jabref/gui/preferences/general/GeneralTabViewModel.java
2,src/test/java/org/jabref/cli/ArgumentProcessorTest.java
7,src/main/java/org/jabref/gui/mergeentries/FetchAndMergeEntry.java
9,src/test/java/org/jabref/logic/importer/fetcher/transformers/CollectionOfComputerScienceBibliographiesQueryTransformerTest.java
4,src/main/java/org/jabref/gui/externalfiles/ChainedFilters.java
4,src/test/java/org/jabref/gui/autocompleter/PersonNameSuggestionProviderTest.java
6,src/test/java/org/jabref/model/entry/MonthTest.java
1,src/main/java/org/jabref/model/groups/AbstractGroup.java
6,src/main/java/org/jabref/gui/groups/GroupDescriptions.java
9,src/main/java/org/jabref/logic/layout/format/Number.java
4,src/main/java/org/jabref/logic/importer/QueryParser.java
7,src/main/java/org/jabref/gui/preferences/citationkeypattern/CitationKeyPatternTabViewModel.java
9,src/test/java/org/jabref/logic/autosaveandbackup/BackupManagerDiscardedTest.java
4,src/main/java/org/jabref/logic/layout/format/NoSpaceBetweenAbbreviations.java
12,src/main/java/org/jabref/model/entry/types/StandardEntryType.java
7,src/main/java/org/jabref/gui/edit/ReplaceStringViewModel.java
9,src/test/java/org/jabref/logic/l10n/JavaLocalizationEntryParser.java
7,src/main/java/org/jabref/gui/journals/UndoableAbbreviator.java
1,src/main/java/org/jabref/logic/integrity/HowPublishedChecker.java
6,src/main/java/org/jabref/model/search/matchers/AndMatcher.java
9,src/test/java/org/jabref/logic/layout/format/AuthorFirstAbbrLastCommasTest.java
4,src/main/java/org/jabref/gui/openoffice/OpenOfficePanel.java
5,src/main/java/org/jabref/model/metadata/ContentSelector.java
4,src/main/java/org/jabref/logic/exporter/MSBibExporter.java
9,src/main/java/org/jabref/model/openoffice/rangesort/FunctionalTextViewCursor.java
1,src/main/java/org/jabref/gui/fieldeditors/GenderEditorViewModel.java
1,src/main/java/org/jabref/gui/entryeditor/FieldsEditorTab.java
6,src/main/java/org/jabref/gui/edit/automaticfiededitor/editfieldcontent/EditFieldContentTabView.java
6,src/main/java/org/jabref/gui/util/uithreadaware/UiThreadStringProperty.java
6,src/main/java/org/jabref/logic/importer/util/IdentifierParser.java
4,src/main/java/org/jabref/gui/exporter/ExporterViewModel.java
1,src/test/java/org/jabref/logic/exporter/XmpPdfExporterTest.java
5,src/main/java/org/jabref/model/entry/identifier/IacrEprint.java
9,src/main/java/org/jabref/logic/pdf/FileAnnotationCache.java
4,src/main/java/org/jabref/logic/layout/format/AuthorAbbreviator.java
9,src/main/java/org/jabref/logic/formatter/bibtexfields/NormalizeEnDashesFormatter.java
4,src/main/java/org/jabref/gui/errorconsole/ErrorConsoleViewModel.java
7,src/main/java/org/jabref/gui/preferences/network/NetworkTabViewModel.java
1,src/main/java/org/jabref/gui/push/PushToEmacs.java
1,src/test/java/org/jabref/model/entry/MonthTest.java
1,src/test/java/org/jabref/logic/integrity/EntryLinkCheckerTest.java
4,src/main/java/org/jabref/logic/integrity/NoteChecker.java
7,src/main/java/org/jabref/gui/collab/groupchange/GroupChangeDetailsView.java
4,src/test/java/org/jabref/logic/formatter/bibtexfields/RemoveDigitsFormatterTest.java
9,src/main/java/org/jabref/logic/exporter/MSBibExporter.java
9,src/test/java/org/jabref/logic/importer/fileformat/CopacImporterFilesTest.java
6,src/test/java/org/jabref/gui/autocompleter/FieldValueSuggestionProviderTest.java
7,src/main/java/org/jabref/gui/linkedfile/AttachFileFromURLAction.java
7,src/main/java/org/jabref/gui/preferences/keybindings/KeyBindingsTab.java
9,src/main/java/org/jabref/logic/importer/fileformat/PdfXmpImporter.java
4,src/main/java/org/jabref/logic/autosaveandbackup/AutosaveManager.java
6,src/main/java/org/jabref/logic/formatter/bibtexfields/EscapeUnderscoresFormatter.java
1,src/main/java/org/jabref/gui/collab/DatabaseChange.java
6,src/test/java/org/jabref/logic/importer/fetcher/SearchBasedFetcherCapabilityTest.java
1,src/main/java/org/jabref/logic/integrity/BracketChecker.java
6,src/main/java/org/jabref/gui/push/PushToApplications.java
4,src/test/java/org/jabref/logic/importer/util/FileFieldParserTest.java
9,src/main/java/org/jabref/logic/journals/AbbreviationWriter.java
7,src/main/java/org/jabref/gui/util/component/Tag.java
4,src/test/java/org/jabref/gui/libraryproperties/contentselectors/ContentSelectorViewModelTest.java
4,src/main/java/org/jabref/logic/integrity/DoiValidityChecker.java
9,src/main/java/org/jabref/model/search/matchers/OrMatcher.java
1,src/main/java/org/jabref/model/metadata/ContentSelectors.java
7,src/main/java/org/jabref/gui/importer/ImportCustomEntryTypesDialog.java
1,src/main/java/org/jabref/gui/autocompleter/ReplaceStrategy.java
6,src/main/java/org/jabref/model/openoffice/backend/NamedRangeManager.java
9,src/main/java/org/jabref/model/util/FileUpdateMonitor.java
4,src/main/java/org/jabref/logic/layout/AbstractParamLayoutFormatter.java
6,src/main/java/org/jabref/logic/importer/fetcher/CollectionOfComputerScienceBibliographiesParser.java
6,src/main/java/org/jabref/gui/preferences/protectedterms/ProtectedTermsListItemModel.java
5,src/test/java/org/jabref/model/metadata/MetaDataTest.java
1,src/main/java/org/jabref/logic/layout/format/FileLink.java
9,src/test/java/org/jabref/logic/util/io/CitationKeyBasedFileFinderTest.java
6,src/main/java/org/jabref/logic/importer/fileformat/BibtexParser.java
1,src/main/java/org/jabref/gui/fieldeditors/PaginationEditorViewModel.java
12,src/main/java/org/jabref/model/strings/LatexToUnicodeAdapter.java
9,src/main/java/org/jabref/logic/crawler/StudyYamlParser.java
9,src/main/java/org/jabref/logic/layout/format/NameFormatter.java
12,src/main/java/org/jabref/model/openoffice/rangesort/RangeOverlapKind.java
7,src/main/java/org/jabref/gui/search/GlobalSearchResultDialog.java
1,src/main/java/org/jabref/gui/collab/DatabaseChangesResolverDialog.java
6,src/main/java/org/jabref/gui/util/BaseDialog.java
7,src/main/java/org/jabref/gui/keyboard/KeyBindingRepository.java
7,src/main/java/org/jabref/gui/preview/PreviewViewer.java
7,src/main/java/org/jabref/gui/exporter/CreateModifyExporterDialogView.java
4,src/test/java/org/jabref/logic/importer/fetcher/transformers/YearAndYearRangeByFilteringQueryTransformerTest.java
9,src/main/java/org/jabref/logic/importer/fetcher/JstorFetcher.java
6,src/test/java/org/jabref/logic/formatter/bibtexfields/ReplaceTabsBySpaceFormaterTest.java
4,src/test/java/org/jabref/logic/help/HelpFileTest.java
4,src/main/java/org/jabref/gui/importer/GenerateEntryFromIdDialog.java
7,src/main/java/org/jabref/gui/MainApplication.java
1,src/main/java/org/jabref/gui/documentviewer/DocumentPageViewModel.java
4,src/test/java/org/jabref/logic/crawler/StudyYamlParserTest.java
7,src/main/java/org/jabref/gui/specialfields/SpecialFieldAction.java
4,src/test/java/org/jabref/logic/formatter/bibtexfields/NormalizePagesFormatterTest.java
4,src/main/java/org/jabref/logic/shared/DBMSConnectionProperties.java
7,src/main/java/org/jabref/gui/preferences/entry/EntryTabViewModel.java
7,src/test/java/org/jabref/gui/search/GrammarBasedSearchRuleDescriberTest.java
4,src/test/java/org/jabref/logic/layout/format/RTFCharsTest.java
7,src/main/java/org/jabref/gui/mergeentries/newmergedialog/cell/OpenExternalLinkAction.java
4,src/main/java/org/jabref/logic/net/ProxyRegisterer.java
1,src/main/java/org/jabref/gui/libraryproperties/constants/ConstantsPropertiesViewModel.java
9,src/test/java/org/jabref/logic/integrity/ValidCitationKeyCheckerTest.java
1,src/test/java/org/jabref/logic/exporter/FieldFormatterCleanupsTest.java
5,src/main/java/org/jabref/model/openoffice/uno/UnoUserDefinedProperty.java
12,src/main/java/org/jabref/model/entry/field/UnknownField.java
6,src/main/java/org/jabref/gui/desktop/os/DefaultDesktop.java
7,src/main/java/org/jabref/gui/documentviewer/DocumentViewModel.java
6,src/main/java/org/jabref/logic/integrity/ValidCitationKeyChecker.java
9,src/test/java/org/jabref/logic/integrity/TitleCheckerTest.java
6,src/test/java/org/jabref/logic/bst/BstVMTest.java
4,src/test/java/org/jabref/logic/importer/fetcher/SpringerFetcherTest.java
1,src/main/java/org/jabref/gui/externalfiletype/ExternalFileType.java
7,src/main/java/org/jabref/gui/mergeentries/newmergedialog/cell/FieldNameCell.java
4,src/main/java/org/jabref/gui/preferences/journals/JournalAbbreviationsTab.java
6,src/main/java/org/jabref/gui/preferences/table/TableTab.java
9,src/main/java/org/jabref/logic/importer/fetcher/transformers/IEEEQueryTransformer.java
4,src/main/java/org/jabref/logic/importer/WebFetcher.java
4,src/main/java/org/jabref/gui/search/SearchFieldRightClickMenu.java
1,src/main/java/org/jabref/logic/layout/format/ReplaceWithEscapedDoubleQuotes.java
4,src/main/java/org/jabref/gui/importer/ImportEntriesViewModel.java
1,src/main/java/org/jabref/logic/importer/util/INSPIREBibtexFilterReader.java
7,src/main/java/org/jabref/gui/entryeditor/fileannotationtab/FulltextSearchResultsTab.java
6,src/main/java/org/jabref/gui/fieldeditors/PatentTypeEditorViewModel.java
9,src/main/java/org/jabref/logic/formatter/casechanger/Word.java
6,src/main/java/org/jabref/model/openoffice/style/CitationMarkerEntry.java
1,src/main/java/org/jabref/model/entry/AuthorList.java
1,src/test/java/org/jabref/logic/importer/fetcher/DoiResolutionTest.java
4,src/test/java/org/jabref/model/groups/WordKeywordGroupTest.java
5,src/main/java/org/jabref/model/entry/IdGenerator.java
9,src/main/java/org/jabref/model/entry/ParsedEntryLink.java
12,src/main/java/org/jabref/model/groups/AutomaticKeywordGroup.java
1,src/test/java/org/jabref/logic/bst/util/BstCaseChangersTest.java
9,src/test/java/org/jabref/logic/remote/RemoteSetupTest.java
12,src/main/java/org/jabref/model/entry/identifier/ISBN.java
4,src/main/java/org/jabref/gui/help/VersionWorker.java
5,src/main/java/org/jabref/model/util/OptionalUtil.java
6,src/main/java/org/jabref/logic/importer/fileformat/mods/package-info.java
4,src/main/java/org/jabref/logic/integrity/BibStringChecker.java
6,src/main/java/org/jabref/gui/openoffice/Bootstrap.java
1,src/main/java/org/jabref/gui/externalfiles/ChainedFilters.java
6,src/main/java/org/jabref/gui/FXDialog.java
1,src/main/java/org/jabref/model/openoffice/style/OODataModel.java
4,src/test/java/org/jabref/logic/exporter/ModsExportFormatTest.java
4,src/main/java/org/jabref/logic/layout/format/AuthorNatBib.java
7,src/main/java/org/jabref/gui/search/GlobalSearchBar.java
1,src/main/java/org/jabref/logic/layout/format/AuthorFirstFirst.java
4,src/test/java/org/jabref/logic/pdf/search/indexing/PdfIndexerTest.java
7,src/main/java/org/jabref/gui/shared/SharedDatabaseUIManager.java
9,src/main/java/org/jabref/logic/importer/fileformat/CffImporter.java
1,src/main/java/org/jabref/gui/util/UiThreadList.java
5,src/main/java/org/jabref/model/openoffice/uno/UnoReferenceMark.java
4,src/main/java/org/jabref/gui/preferences/xmp/XmpPrivacyTabViewModel.java
7,src/main/java/org/jabref/gui/entryeditor/fileannotationtab/FileAnnotationTabView.java
9,src/main/java/org/jabref/logic/l10n/Encodings.java
4,src/main/java/org/jabref/gui/preferences/entry/EntryTab.java
4,src/main/java/org/jabref/logic/formatter/bibtexfields/NormalizeEnDashesFormatter.java
4,src/main/java/org/jabref/gui/mergeentries/MergeTwoEntriesAction.java
1,src/main/java/org/jabref/gui/mergeentries/newmergedialog/cell/FieldNameCell.java
4,src/main/java/org/jabref/gui/AbstractViewModel.java
7,src/main/java/org/jabref/gui/collab/DatabaseChangeMonitor.java
4,src/main/java/org/jabref/model/openoffice/style/CompareCitation.java
5,src/main/java/org/jabref/model/database/event/EntriesRemovedEvent.java
6,src/test/java/org/jabref/logic/shared/ConnectorTest.java
4,src/main/java/org/jabref/gui/undo/UndoableKeyChange.java
4,src/main/java/org/jabref/logic/cleanup/ConvertToBiblatexCleanup.java
4,src/test/java/org/jabref/logic/importer/fetcher/ZbMATHTest.java
1,src/main/java/org/jabref/logic/cleanup/EprintCleanup.java
4,src/main/java/org/jabref/gui/collab/stringadd/BibTexStringAddDetailsView.java
1,src/main/java/org/jabref/logic/importer/fetcher/transformers/MedlineQueryTransformer.java
9,src/main/java/org/jabref/model/database/event/EntriesAddedEvent.java
6,src/main/java/org/jabref/gui/documentviewer/PageDimension.java
6,src/main/java/org/jabref/gui/util/uithreadaware/UiThreadHelper.java
4,src/main/java/org/jabref/gui/importer/GrobidOptInDialogHelper.java
4,src/main/java/org/jabref/model/util/FileUpdateMonitor.java
4,src/test/java/org/jabref/logic/openoffice/style/OOBibStyleTestHelper.java
9,src/main/java/org/jabref/logic/importer/fetcher/DoiResolution.java
1,src/main/java/org/jabref/logic/importer/QueryParser.java
1,src/main/java/org/jabref/gui/help/AboutDialogViewModel.java
1,src/main/java/org/jabref/gui/search/GlobalSearchResultDialogViewModel.java
1,src/main/java/org/jabref/gui/help/NewVersionDialog.java
6,src/main/java/org/jabref/logic/openoffice/backend/NamedRangeReferenceMark.java
12,src/main/java/org/jabref/model/texparser/Citation.java
4,src/test/java/org/jabref/logic/layout/format/RemoveBracketsAddCommaTest.java
9,src/main/java/org/jabref/logic/importer/fileformat/PdfGrobidImporter.java
6,src/main/java/org/jabref/logic/citationstyle/JabRefItemDataProvider.java
9,src/main/java/org/jabref/logic/citationkeypattern/CitationKeyPatternPreferences.java
9,src/main/java/org/jabref/logic/layout/format/Ordinal.java
6,src/main/java/org/jabref/gui/openoffice/OOError.java
6,src/test/java/org/jabref/logic/layout/format/AuthorNatBibTest.java
4,src/main/java/org/jabref/gui/libraryproperties/general/GeneralPropertiesView.java
6,src/main/java/org/jabref/gui/remote/CLIMessageHandler.java
9,src/main/java/org/jabref/logic/layout/format/NoSpaceBetweenAbbreviations.java
4,src/main/java/org/jabref/gui/util/component/TagBar.java
9,src/main/java/org/jabref/logic/integrity/AbbreviationChecker.java
4,src/main/java/org/jabref/model/entry/types/BiblatexEntryTypeDefinitions.java
7,src/main/java/org/jabref/gui/actions/JabRefAction.java
7,src/main/java/org/jabref/gui/linkedfile/LinkedFileEditDialogView.java
6,src/main/java/org/jabref/logic/formatter/bibtexfields/RemoveHyphenatedNewlinesFormatter.java
4,src/main/java/org/jabref/gui/OpenConsoleAction.java
1,src/test/java/org/jabref/logic/bst/BstVMTest.java
4,src/test/java/org/jabref/gui/externalfiles/FileFilterUtilsTest.java
9,src/main/java/org/jabref/logic/database/DatabaseMerger.java
6,src/test/java/org/jabref/logic/formatter/minifier/MinifyNameListFormatterTest.java
6,src/test/java/org/jabref/logic/formatter/bibtexfields/NormalizeDateFormatterTest.java
1,src/main/java/org/jabref/logic/util/UnknownFileType.java
9,src/main/java/org/jabref/logic/layout/format/AuthorNatBib.java
6,src/main/java/org/jabref/logic/openoffice/action/EditInsert.java
12,src/main/java/org/jabref/model/entry/identifier/ISSN.java
4,src/main/java/org/jabref/logic/integrity/UrlChecker.java
1,src/main/java/org/jabref/logic/integrity/UTF8Checker.java
7,src/main/java/org/jabref/gui/undo/UndoRedoAction.java
4,src/test/java/org/jabref/logic/formatter/bibtexfields/RemoveNewlinesFormatterTest.java
9,src/test/java/org/jabref/logic/formatter/bibtexfields/NormalizeMonthFormatterTest.java
9,buildSrc/src/copied/java/org/jabref/logic/journals/JournalAbbreviationRepository.java
9,src/main/java/org/jabref/logic/xmp/XmpUtilWriter.java
5,src/main/java/org/jabref/model/entry/types/StandardEntryType.java
1,src/main/java/org/jabref/logic/remote/server/RemoteMessageHandler.java
6,src/main/java/org/jabref/gui/importer/GenerateEntryFromIdAction.java
7,src/test/java/org/jabref/gui/search/GetLastSearchHistoryTest.java
7,src/main/java/org/jabref/gui/JabRefGUI.java
4,src/main/java/org/jabref/model/entry/IdGenerator.java
1,src/main/java/org/jabref/logic/importer/PagedSearchBasedParserFetcher.java
9,src/main/java/org/jabref/logic/importer/QueryParser.java
1,src/test/java/org/jabref/logic/integrity/YearCheckerTest.java
4,src/test/java/org/jabref/logic/shared/DBMSSynchronizerTest.java
6,src/main/java/org/jabref/gui/openoffice/AdvancedCiteDialogView.java
6,src/test/java/org/jabref/logic/importer/fileformat/EndnoteXmlImporterFilesTest.java
9,src/test/java/org/jabref/logic/importer/fetcher/DiVATest.java
6,src/test/java/org/jabref/logic/integrity/NoteCheckerTest.java
1,src/test/java/org/jabref/logic/importer/fetcher/AstrophysicsDataSystemTest.java
1,src/main/java/org/jabref/model/openoffice/style/CitationType.java
9,src/main/java/org/jabref/logic/importer/fileformat/ModsImporter.java
9,src/main/java/org/jabref/model/database/event/AutosaveEvent.java
4,src/test/java/org/jabref/logic/openoffice/style/OOBibStyleTest.java
1,src/main/java/org/jabref/logic/importer/fileformat/mods/Identifier.java
6,src/main/java/org/jabref/logic/bst/BstFunctions.java
1,src/main/java/org/jabref/gui/FallbackExceptionHandler.java
6,src/test/java/org/jabref/gui/commonfxcontrols/SaveOrderPanelViewModelTest.java
6,src/test/java/org/jabref/logic/shared/DBMSConnectionTest.java
1,src/main/java/org/jabref/gui/commonfxcontrols/FieldFormatterCleanupsPanelViewModel.java
1,src/test/java/org/jabref/model/entry/BibEntryTest.java
4,src/main/java/org/jabref/model/openoffice/style/CitationGroupId.java
6,src/main/java/org/jabref/logic/integrity/UrlChecker.java
9,src/main/java/org/jabref/model/openoffice/rangesort/RangeOverlap.java
4,src/main/java/org/jabref/logic/formatter/casechanger/SentenceCaseFormatter.java
6,src/main/java/org/jabref/logic/layout/format/CreateDocBook4Editors.java
4,src/main/java/org/jabref/logic/msbib/MsBibAuthor.java
5,src/test/java/org/jabref/model/texparser/CitationTest.java
4,src/main/java/org/jabref/logic/importer/fileformat/medline/PersonalNameSubject.java
9,src/main/java/org/jabref/logic/importer/fetcher/transformers/DefaultLuceneQueryTransformer.java
6,src/test/java/org/jabref/logic/citationkeypattern/CitationKeyGeneratorTest.java
1,src/main/java/org/jabref/gui/util/comparator/SpecialFieldComparator.java
4,src/main/java/org/jabref/logic/importer/fileformat/BibtexImporter.java
4,src/main/java/org/jabref/gui/groups/GroupDialogView.java
4,src/main/java/org/jabref/logic/shared/prefs/SharedDatabasePreferences.java
4,src/main/java/org/jabref/model/FieldChange.java
1,src/main/java/org/jabref/logic/formatter/casechanger/Title.java
6,src/main/java/org/jabref/logic/integrity/PagesChecker.java
12,src/test/java/org/jabref/model/groups/TexGroupTest.java
6,src/main/java/org/jabref/model/search/rules/FullTextSearchRule.java
1,src/main/java/org/jabref/gui/maintable/PersistenceVisualStateTable.java
1,src/main/java/org/jabref/gui/entryeditor/UserDefinedFieldsTab.java
6,src/main/java/org/jabref/logic/importer/OpenDatabase.java
5,src/main/java/org/jabref/model/search/rules/SearchRules.java
1,src/main/java/org/jabref/logic/formatter/casechanger/Word.java
4,src/main/java/org/jabref/logic/pdf/TextExtractor.java
4,src/main/java/org/jabref/gui/search/GlobalSearchBar.java
1,src/main/java/org/jabref/gui/externalfiletype/ExternalFileTypes.java
6,src/test/java/org/jabref/logic/integrity/AbbreviationCheckerTest.java
4,src/main/java/org/jabref/logic/formatter/bibtexfields/CleanupUrlFormatter.java
6,src/main/java/org/jabref/gui/desktop/JabRefDesktop.java
1,src/main/java/org/jabref/gui/collab/DatabaseChangeDetailsView.java
4,src/main/java/org/jabref/model/entry/field/BiblatexSoftwareField.java
9,src/main/java/org/jabref/logic/layout/format/DocBookVersion.java
9,src/main/java/org/jabref/model/TreeNode.java
4,src/test/java/org/jabref/logic/formatter/bibtexfields/ClearFormatterTest.java
4,src/main/java/org/jabref/gui/exporter/CreateModifyExporterDialogViewModel.java
12,src/main/java/org/jabref/model/openoffice/style/ComparableCitation.java
1,src/main/java/org/jabref/logic/citationkeypattern/CitationKeyPatternPreferences.java
9,src/main/java/org/jabref/logic/layout/format/AuthorLastFirstCommas.java
4,src/main/java/org/jabref/gui/collab/DatabaseChangeResolverFactory.java
9,src/main/java/org/jabref/model/openoffice/CitationEntry.java
1,src/main/java/org/jabref/gui/linkedfile/AttachFileFromURLAction.java
4,src/main/java/org/jabref/gui/commonfxcontrols/CitationKeyPatternPanelViewModel.java
6,src/main/java/org/jabref/gui/sidepane/SidePaneContentFactory.java
1,src/main/java/org/jabref/gui/preferences/network/CustomCertificateViewModel.java
1,src/main/java/org/jabref/gui/mergeentries/newmergedialog/ThreeWayMergeHeaderView.java
1,src/test/java/org/jabref/logic/layout/format/AuthorOrgSciTest.java
1,src/test/java/org/jabref/gui/mergeentries/DiffHighlightingTest.java
6,src/main/java/org/jabref/model/openoffice/rangesort/RangeSortVisual.java
9,src/main/java/org/jabref/model/search/matchers/MatcherSet.java
6,src/main/java/org/jabref/model/entry/AuthorList.java
1,src/main/java/org/jabref/model/util/MultiKeyMap.java
9,src/main/java/org/jabref/logic/bibtex/FieldPreferences.java
9,src/main/java/org/jabref/logic/layout/format/ShortMonthFormatter.java
1,src/main/java/org/jabref/logic/importer/fileformat/CopacImporter.java
1,src/main/java/org/jabref/logic/shared/DBMSConnectionPropertiesBuilder.java
4,src/main/java/org/jabref/gui/JabRefFrame.java
12,src/main/java/org/jabref/model/entry/types/SystematicLiteratureReviewStudyEntryTypeDefinitions.java
1,src/main/java/org/jabref/gui/preferences/journals/JournalAbbreviationsTabViewModel.java
5,src/test/java/org/jabref/model/pdf/FileAnnotationTest.java
4,src/main/java/org/jabref/logic/integrity/AmpersandChecker.java
4,src/main/java/org/jabref/gui/fieldeditors/AbstractEditorViewModel.java
6,src/main/java/org/jabref/logic/util/CoarseChangeFilter.java
4,src/main/java/org/jabref/gui/commonfxcontrols/FieldFormatterCleanupsPanel.java
4,src/main/java/org/jabref/gui/fieldeditors/FieldEditorFX.java
4,src/main/java/org/jabref/logic/shared/OracleProcessor.java
1,src/main/java/org/jabref/gui/JabRefGUI.java
1,src/test/java/org/jabref/logic/integrity/DoiValidityCheckerTest.java
6,src/test/java/org/jabref/logic/layout/format/AuthorLastFirstCommasTest.java
4,src/main/java/org/jabref/gui/fieldeditors/OwnerEditor.java
6,src/main/java/org/jabref/logic/msbib/MSBibEntryType.java
4,src/main/java/org/jabref/model/entry/LinkedFile.java
6,src/test/java/org/jabref/logic/layout/format/RTFCharsTest.java
4,src/main/java/org/jabref/logic/integrity/CitationKeyChecker.java
4,src/main/java/org/jabref/model/entry/field/StandardField.java
4,src/main/java/org/jabref/logic/exporter/OpenDocumentRepresentation.java
4,src/test/java/org/jabref/logic/citationstyle/CitationStyleTest.java
4,src/main/java/org/jabref/gui/bibtexextractor/BibtexExtractorViewModel.java
6,src/main/java/org/jabref/gui/mergeentries/EntriesMergeResult.java
1,src/main/java/org/jabref/gui/copyfiles/CopyFilesTask.java
12,src/main/java/org/jabref/model/entry/BibEntryTypesManager.java
7,src/main/java/org/jabref/gui/copyfiles/CopyFilesResultListDependency.java
9,src/main/java/org/jabref/logic/importer/CompositeIdFetcher.java
9,src/main/java/org/jabref/logic/remote/Protocol.java
1,src/main/java/org/jabref/logic/database/DatabaseMerger.java
1,src/main/java/org/jabref/gui/collab/metedatachange/MetadataChangeDetailsView.java
1,src/main/java/org/jabref/logic/integrity/TitleChecker.java
4,src/test/java/org/jabref/logic/citationstyle/CitationStyleGeneratorTest.java
7,src/main/java/org/jabref/gui/mergeentries/newmergedialog/ShowDiffConfig.java
6,src/main/java/org/jabref/gui/preferences/PreferencesDialogViewModel.java
6,src/main/java/org/jabref/gui/fieldeditors/EditorValidator.java
4,src/main/java/org/jabref/logic/auxparser/AuxParserResult.java
6,src/main/java/org/jabref/logic/util/strings/StringSimilarity.java
4,src/main/java/org/jabref/gui/preferences/ShowPreferencesAction.java
7,src/main/java/org/jabref/gui/actions/ActionFactory.java
9,src/test/java/org/jabref/logic/integrity/PagesCheckerBibtexTest.java
7,src/main/java/org/jabref/gui/FallbackExceptionHandler.java
9,src/main/java/org/jabref/logic/formatter/casechanger/UpperCaseFormatter.java
9,src/main/java/org/jabref/logic/importer/fileformat/PdfEmbeddedBibFileImporter.java
1,src/test/java/org/jabref/logic/cleanup/TimeStampToCreationDateTest.java
1,src/main/java/org/jabref/logic/util/FileType.java
6,src/main/java/org/jabref/logic/pdf/FileAnnotationCache.java
1,src/main/java/org/jabref/gui/edit/automaticfiededitor/LastAutomaticFieldEditorEdit.java
6,src/test/java/org/jabref/logic/exporter/AtomicFileOutputStreamTest.java
6,src/main/java/org/jabref/logic/exporter/BibDatabaseWriter.java
7,src/main/java/org/jabref/gui/mergeentries/MultiMergeEntriesViewModel.java
1,src/main/java/org/jabref/gui/importer/NewDatabaseAction.java
6,src/main/java/org/jabref/logic/layout/format/FileLink.java
1,src/main/java/org/jabref/gui/groups/UndoableMoveGroup.java
4,src/main/java/org/jabref/gui/SendAsEMailAction.java
4,src/test/java/org/jabref/logic/layout/format/MarkdownFormatterTest.java
9,src/main/java/org/jabref/logic/formatter/bibtexfields/RemoveBracesFormatter.java
1,src/main/java/org/jabref/gui/collab/DatabaseChangeListener.java
4,src/main/java/org/jabref/gui/icon/JabRefIcon.java
4,src/test/java/org/jabref/logic/util/strings/StringManipulatorTest.java
9,src/main/java/org/jabref/model/entry/field/InternalField.java
6,src/test/java/org/jabref/gui/mergeentries/ThreeWayMergeViewModelTest.java
6,src/test/java/org/jabref/logic/importer/fileformat/SilverPlatterImporterTest.java
1,src/main/java/org/jabref/gui/importer/ImportCommand.java
4,src/main/java/org/jabref/gui/entryeditor/UserDefinedFieldsTab.java
4,src/test/java/org/jabref/logic/exporter/YamlExporterTest.java
9,src/test/java/org/jabref/logic/importer/fetcher/DoiFetcherTest.java
7,src/main/java/org/jabref/gui/autocompleter/ReplaceStrategy.java
1,src/main/java/org/jabref/logic/cleanup/TimeStampToModificationDate.java
6,src/test/java/org/jabref/logic/exporter/DocBook5ExporterTest.java
6,src/test/java/org/jabref/logic/pdf/PdfAnnotationImporterTest.java
4,src/main/java/org/jabref/logic/bibtex/BibEntryWriter.java
4,src/main/java/org/jabref/gui/maintable/columns/FileColumn.java
9,src/main/java/org/jabref/logic/exporter/MetaDataSerializer.java
1,src/main/java/org/jabref/model/openoffice/uno/UnoTextRange.java
1,src/main/java/org/jabref/gui/fieldeditors/JournalEditorViewModel.java
6,src/main/java/org/jabref/logic/layout/LayoutFormatterBasedFormatter.java
9,src/test/java/org/jabref/logic/importer/fileformat/BibtexParserTest.java
7,src/test/java/org/jabref/gui/autocompleter/SuggestionProvidersTest.java
9,src/main/java/org/jabref/model/openoffice/style/CitationType.java
6,src/main/java/org/jabref/model/openoffice/uno/UnoCast.java
9,src/main/java/org/jabref/logic/shared/DBMSConnectionProperties.java
4,src/main/java/org/jabref/logic/openoffice/frontend/OOFrontend.java
1,src/test/java/org/jabref/gui/entryeditor/SourceTabTest.java
1,src/main/java/org/jabref/gui/preferences/PreferencesDialogView.java
6,src/test/java/org/jabref/logic/importer/fetcher/isbntobibtex/IsbnFetcherTest.java
4,src/main/java/org/jabref/gui/libraryproperties/contentselectors/ContentSelectorView.java
9,src/test/java/org/jabref/logic/importer/fileformat/EndnoteImporterTest.java
6,src/main/java/org/jabref/gui/maintable/MainTableDataModel.java
7,src/main/java/org/jabref/gui/externalfiles/DateRange.java
4,src/test/java/org/jabref/logic/integrity/AmpersandCheckerTest.java
6,src/test/java/org/jabref/logic/exporter/DocbookExporterTest.java
9,src/main/java/org/jabref/logic/layout/format/DOIStrip.java
4,src/main/java/org/jabref/gui/search/RebuildFulltextSearchIndexAction.java
6,src/main/java/org/jabref/gui/journals/AbbreviateAction.java
4,src/main/java/org/jabref/gui/groups/MoveGroupChange.java
6,src/main/java/org/jabref/logic/cleanup/MoveFilesCleanup.java
4,src/main/java/org/jabref/model/openoffice/rangesort/RangeOverlapWithin.java
1,src/main/java/org/jabref/gui/edit/automaticfiededitor/editfieldcontent/EditFieldContentTabView.java
4,src/main/java/org/jabref/logic/importer/fileformat/MsBibImporter.java
9,src/test/java/org/jabref/logic/importer/fileformat/MrDLibImporterTest.java
4,src/main/java/org/jabref/gui/search/rules/describer/GrammarBasedSearchRuleDescriber.java
9,src/test/java/org/jabref/logic/integrity/EditionCheckerTest.java
4,src/main/java/org/jabref/gui/externalfiles/FileDownloadTask.java
9,src/main/java/org/jabref/model/openoffice/util/OOPair.java
4,src/test/java/org/jabref/logic/importer/AuthorListParserTest.java
1,src/test/java/org/jabref/logic/importer/fetcher/DBLPFetcherTest.java
6,src/test/java/org/jabref/logic/importer/fetcher/SpringerFetcherTest.java
9,src/test/java/org/jabref/logic/importer/fileformat/BiblioscapeImporterFilesTest.java
9,src/test/java/org/jabref/logic/importer/fileformat/CopacImporterTest.java
9,src/main/java/org/jabref/logic/bst/BstVM.java
7,src/main/java/org/jabref/gui/help/VersionWorker.java
4,src/main/java/org/jabref/logic/util/strings/RtfCharMap.java
9,src/main/java/org/jabref/logic/undo/UndoChangeEvent.java
9,src/test/java/org/jabref/logic/integrity/CitationKeyDeviationCheckerTest.java
1,src/main/java/org/jabref/gui/JabRefExecutorService.java
4,src/main/java/org/jabref/logic/formatter/bibtexfields/UnitsToLatexFormatter.java
1,src/main/java/org/jabref/gui/preferences/citationkeypattern/CitationKeyPatternTab.java
1,src/test/java/org/jabref/gui/importer/NewEntryActionTest.java
4,src/main/java/org/jabref/gui/copyfiles/CopyFilesDialogViewModel.java
4,src/main/java/org/jabref/logic/msbib/MSBibConverter.java
9,src/test/java/org/jabref/model/search/rules/MockSearchMatcher.java
4,src/main/java/org/jabref/logic/journals/AbbreviationFormat.java
6,src/main/java/org/jabref/logic/util/io/FileFinders.java
9,src/test/java/org/jabref/logic/layout/format/AuthorAbbreviatorTest.java
1,src/test/java/org/jabref/logic/database/DatabaseMergerTest.java
1,src/test/java/org/jabref/gui/util/comparator/RankingFieldComparatorTest.java
1,src/test/java/org/jabref/logic/shared/SynchronizationEventListenerTest.java
1,src/main/java/org/jabref/logic/importer/fetcher/ArXivFetcher.java
1,src/main/java/org/jabref/gui/autocompleter/BibEntrySuggestionProvider.java
1,src/test/java/org/jabref/logic/importer/fetcher/transformers/DefaultQueryTransformerTest.java
1,src/main/java/org/jabref/gui/groups/MoveGroupChange.java
1,src/test/java/org/jabref/logic/remote/RemoteUtilTest.java
1,src/main/java/org/jabref/logic/bst/BstPreviewLayout.java
4,src/test/java/org/jabref/logic/formatter/bibtexfields/NormalizeDateFormatterTest.java
12,src/main/java/org/jabref/model/database/BibDatabaseMode.java
9,src/main/java/org/jabref/logic/shared/MySQLProcessor.java
4,src/main/java/org/jabref/logic/importer/fetcher/SpringerLink.java
1,src/main/java/org/jabref/model/entry/LinkedFile.java
1,src/main/java/org/jabref/logic/importer/util/JsonReader.java
1,src/test/java/org/jabref/logic/importer/fetcher/CompositeSearchBasedFetcherTest.java
9,src/main/java/org/jabref/logic/formatter/bibtexfields/NormalizeDateFormatter.java
6,src/main/java/org/jabref/gui/preferences/externalfiletypes/ExternalFileTypeItemViewModel.java
6,src/main/java/org/jabref/gui/importer/GrobidOptInDialogHelper.java
6,src/main/java/org/jabref/logic/shared/listener/OracleNotificationListener.java
4,src/test/java/org/jabref/logic/cleanup/ConvertToBibtexCleanupTest.java
4,src/main/java/org/jabref/gui/WaitForSaveFinishedDialog.java
7,src/main/java/org/jabref/gui/actions/Sources.java
7,src/test/java/org/jabref/gui/exporter/SaveDatabaseActionTest.java
4,src/main/java/org/jabref/logic/remote/server/RemoteListenerServerThread.java
4,src/test/java/org/jabref/gui/mergeentries/ThreeWayMergeCellViewModelTest.java
9,src/test/java/org/jabref/logic/l10n/LocalizationBundleForTest.java
1,src/main/java/org/jabref/gui/autocompleter/AppendPersonNamesStrategy.java
1,src/main/java/org/jabref/logic/importer/WebFetcher.java
7,src/test/java/org/jabref/gui/util/comparator/NumericFieldComparatorTest.java
1,src/main/java/org/jabref/gui/theme/StyleSheetFile.java
4,src/main/java/org/jabref/gui/mergeentries/newmergedialog/FieldRowViewModel.java
6,src/main/java/org/jabref/logic/integrity/FieldCheckers.java
9,src/main/java/org/jabref/model/openoffice/util/OOVoidResult.java
6,src/main/java/org/jabref/logic/util/io/AutoLinkPreferences.java
9,src/main/java/org/jabref/logic/openoffice/style/OOProcess.java
6,src/main/java/org/jabref/gui/documentviewer/DocumentViewerViewModel.java
6,src/main/java/org/jabref/gui/preferences/customimporter/CustomImporterTabViewModel.java
5,src/main/java/org/jabref/model/openoffice/uno/UnoTextRange.java
4,src/main/java/org/jabref/logic/importer/fetcher/transformers/DefaultQueryTransformer.java
6,src/test/java/org/jabref/logic/formatter/casechanger/UpperCaseFormatterTest.java
1,src/main/java/org/jabref/gui/externalfiles/GitIgnoreFileFilter.java
9,src/main/java/org/jabref/model/entry/types/IEEETranEntryType.java
1,src/main/java/org/jabref/logic/layout/format/CreateDocBook4Editors.java
1,src/main/java/org/jabref/gui/logging/ApplicationInsightsWriter.java
6,src/main/java/org/jabref/gui/documentviewer/DocumentPageViewModel.java
4,src/test/java/org/jabref/logic/integrity/UrlCheckerTest.java
4,src/main/java/org/jabref/model/openoffice/uno/UnoRedlines.java
4,src/main/java/org/jabref/logic/journals/JournalAbbreviationRepository.java
12,src/main/java/org/jabref/model/util/DummyFileUpdateMonitor.java
9,src/main/java/org/jabref/logic/importer/fileformat/mods/Name.java
4,src/main/java/org/jabref/logic/formatter/casechanger/UnprotectTermsFormatter.java
1,src/test/java/org/jabref/logic/msbib/MSBibConverterTest.java
4,src/test/java/org/jabref/logic/importer/fetcher/CrossRefTest.java
5,src/test/java/org/jabref/model/entry/field/StandardFieldTest.java
4,src/main/java/org/jabref/logic/journals/JournalAbbreviationPreferences.java
5,src/main/java/org/jabref/model/entry/types/BiblatexSoftwareEntryType.java
4,src/main/java/org/jabref/gui/linkedfile/LinkedFileEditDialogView.java
1,src/main/java/org/jabref/model/entry/field/OrFields.java
7,src/main/java/org/jabref/gui/util/BindingsHelper.java
7,src/main/java/org/jabref/gui/util/CustomLocalDragboard.java
6,src/main/java/org/jabref/gui/backup/BackupResolverDialog.java
6,src/main/java/org/jabref/gui/autocompleter/AutoCompletionTextInputBinding.java
1,src/test/java/org/jabref/gui/util/ControlHelperTest.java
6,src/main/java/org/jabref/logic/openoffice/style/OOBibStyleGetNumCitationMarker.java
7,src/main/java/org/jabref/gui/util/OpenHyperlinksInExternalBrowser.java
4,src/main/java/org/jabref/model/openoffice/style/Citation.java
1,src/test/java/org/jabref/logic/importer/fileformat/PdfContentImporterTest.java
6,src/main/java/org/jabref/gui/specialfields/SpecialFieldsPreferences.java
4,src/main/java/org/jabref/gui/mergeentries/newmergedialog/fieldsmerger/FileMerger.java
1,src/test/java/org/jabref/logic/importer/fetcher/OpenAccessDoiTest.java
6,src/main/java/org/jabref/logic/importer/fileformat/medline/ArticleId.java
1,src/test/java/org/jabref/logic/importer/fetcher/transformers/InfixTransformerTest.java
9,src/main/java/org/jabref/logic/layout/format/AuthorFirstFirst.java
1,src/main/java/org/jabref/gui/preferences/xmp/XmpPrivacyTab.java
6,src/main/java/org/jabref/logic/openoffice/style/OOProcessCitationKeyMarkers.java
6,src/main/java/org/jabref/model/openoffice/rangesort/RangeOverlapWithin.java
7,src/main/java/org/jabref/gui/preferences/ShowPreferencesAction.java
5,src/main/java/org/jabref/model/search/rules/SentenceAnalyzer.java
12,src/main/java/org/jabref/model/groups/WordKeywordGroup.java
1,src/test/java/org/jabref/model/groups/AutomaticKeywordGroupTest.java
1,src/main/java/org/jabref/logic/util/io/RegExpBasedFileFinder.java
4,src/test/java/org/jabref/logic/l10n/LocalizationKeyTest.java
9,src/test/java/org/jabref/logic/journals/AbbreviationWriterTest.java
6,src/test/java/org/jabref/gui/autocompleter/PersonNameStringConverterTest.java
9,src/main/java/org/jabref/logic/importer/util/GroupsParser.java
6,src/main/java/org/jabref/gui/fieldeditors/FieldNameLabel.java
6,src/main/java/org/jabref/gui/undo/UndoablePreambleChange.java
4,src/test/java/org/jabref/logic/importer/fileformat/IsiImporterTest.java
7,src/main/java/org/jabref/gui/preview/CopyCitationAction.java
6,src/main/java/org/jabref/logic/importer/FulltextFetchers.java
4,src/main/java/org/jabref/gui/fieldeditors/KeywordsEditor.java
6,src/test/java/org/jabref/logic/integrity/ISSNCheckerTest.java
4,src/test/java/org/jabref/gui/search/GetLastSearchHistoryTest.java
9,src/main/java/org/jabref/model/groups/AutomaticKeywordGroup.java
1,src/main/java/org/jabref/logic/crawler/StudyRepository.java
4,src/main/java/org/jabref/logic/formatter/bibtexfields/LatexCleanupFormatter.java
6,src/main/java/org/jabref/logic/importer/fetcher/transformers/YearRangeByFilteringQueryTransformer.java
1,src/main/java/org/jabref/gui/preferences/file/FileTabViewModel.java
9,src/test/java/org/jabref/logic/importer/fileformat/OvidImporterTest.java
9,src/main/java/org/jabref/logic/integrity/PagesChecker.java
1,src/main/java/org/jabref/gui/undo/UndoableRemoveEntries.java
4,src/test/java/org/jabref/logic/layout/format/AuthorNatBibTest.java
4,src/main/java/org/jabref/gui/entryeditor/EntryEditorPreferences.java
6,src/main/java/org/jabref/model/entry/event/FieldChangedEvent.java
9,src/main/java/org/jabref/logic/protectedterms/ProtectedTermsLoader.java
9,src/main/java/org/jabref/model/entry/types/StandardEntryType.java
6,src/main/java/org/jabref/gui/shared/SharedDatabaseLoginDialogViewModel.java
1,src/main/java/org/jabref/gui/citationkeypattern/GenerateCitationKeySingleAction.java
1,src/test/java/org/jabref/logic/integrity/NoteCheckerTest.java
6,src/main/java/org/jabref/gui/maintable/MainTableColumnFactory.java
9,src/main/java/org/jabref/logic/formatter/bibtexfields/EscapeUnderscoresFormatter.java
1,src/main/java/org/jabref/gui/mergeentries/newmergedialog/cell/ThreeWayMergeCell.java
4,src/test/java/org/jabref/gui/edit/CopyOrMoveFieldContentTabViewModelTest.java
7,src/main/java/org/jabref/gui/mergeentries/newmergedialog/cell/CopyFieldValueCommand.java
7,src/main/java/org/jabref/gui/logging/GuiWriter.java
1,src/main/java/org/jabref/gui/externalfiles/FileExtensionViewModel.java
1,src/test/java/org/jabref/logic/layout/format/LastPageTest.java
4,src/main/java/org/jabref/model/openoffice/style/CompareCitedKey.java
6,src/main/java/org/jabref/model/groups/AutomaticGroup.java
7,src/main/java/org/jabref/gui/maintable/MainTablePreferences.java
1,src/main/java/org/jabref/logic/shared/event/SharedEntriesNotPresentEvent.java
6,src/main/java/org/jabref/logic/util/strings/UnicodeLigaturesMap.java
12,src/main/java/org/jabref/model/entry/event/EntryChangedEvent.java
7,src/main/java/org/jabref/gui/libraryproperties/AbstractPropertiesTabView.java
7,src/test/java/org/jabref/gui/util/TooltipTextUtilTest.java
6,src/main/java/org/jabref/model/groups/GroupEntryChanger.java
6,src/test/java/org/jabref/logic/importer/fetcher/SemanticScholarTest.java
5,src/main/java/org/jabref/model/search/matchers/NotMatcher.java
9,src/test/java/org/jabref/model/database/DuplicationCheckerTest.java
4,src/main/java/org/jabref/gui/preferences/preview/PreviewTabViewModel.java
4,src/test/java/org/jabref/model/entry/identifier/MathSciNetIdTest.java
6,src/test/java/org/jabref/logic/cleanup/DoiCleanupTest.java
1,src/test/java/org/jabref/gui/autocompleter/ContentSelectorSuggestionProviderTest.java
1,src/test/java/org/jabref/model/groups/AutomaticPersonsGroupTest.java
4,src/main/java/org/jabref/logic/util/Version.java
4,src/main/java/org/jabref/gui/util/OptionalValueTableCellFactory.java
1,src/main/java/org/jabref/gui/search/GlobalSearchBar.java
4,src/main/java/org/jabref/logic/citationstyle/JabRefLocaleProvider.java
9,src/main/java/org/jabref/logic/bibtex/comparator/MetaDataDiff.java
1,src/main/java/org/jabref/gui/preferences/ShowPreferencesAction.java
9,src/main/java/org/jabref/model/groups/GroupTreeNode.java
7,src/main/java/org/jabref/gui/edit/ManageKeywordsDisplayType.java
7,src/main/java/org/jabref/gui/groups/UndoableMoveGroup.java
7,src/main/java/org/jabref/gui/search/SearchFieldRightClickMenu.java
7,src/main/java/org/jabref/gui/fieldeditors/FieldEditorFX.java
7,src/main/java/org/jabref/gui/importer/ImportCustomEntryTypesDialogViewModel.java
12,src/main/java/org/jabref/model/util/FileUpdateListener.java
6,src/test/java/org/jabref/logic/l10n/LocalizationConsistencyTest.java
4,src/test/java/org/jabref/model/entry/IdGeneratorTest.java
4,src/main/java/org/jabref/gui/libraryproperties/saving/SavingPropertiesView.java
9,src/main/java/org/jabref/logic/msbib/MSBibDatabase.java
1,src/main/java/org/jabref/logic/shared/DatabaseNotSupportedException.java
7,src/main/java/org/jabref/gui/importer/ImportAction.java
6,src/main/java/org/jabref/logic/layout/format/DocBookVersion.java
4,src/test/java/org/jabref/logic/importer/fetcher/GvkFetcherTest.java
6,src/test/java/org/jabref/logic/exporter/BibtexDatabaseWriterTest.java
6,src/test/java/org/jabref/logic/integrity/PagesCheckerBibtexTest.java
1,src/main/java/org/jabref/gui/DragAndDropHelper.java
9,src/main/java/org/jabref/model/openoffice/style/OODataModel.java
1,src/main/java/org/jabref/gui/slr/StudyDatabaseItem.java
6,src/main/java/org/jabref/gui/autocompleter/SuggestionProviders.java
5,src/main/java/org/jabref/model/entry/identifier/ARK.java
6,src/main/java/org/jabref/logic/importer/fileformat/medline/PersonalNameSubject.java
6,src/test/java/org/jabref/gui/UpdateTimestampListenerTest.java
4,buildSrc/src/copied/java/org/jabref/logic/journals/Abbreviation.java
4,src/test/java/org/jabref/logic/formatter/IdentityFormatterTest.java
12,src/test/java/org/jabref/model/entry/BibEntryTest.java
7,src/test/java/org/jabref/gui/theme/ThemeTest.java
4,src/test/java/org/jabref/logic/formatter/FormatterTest.java
1,src/main/java/org/jabref/logic/layout/format/AuthorFirstLastCommas.java
4,src/main/java/org/jabref/logic/importer/fetcher/transformers/GVKQueryTransformer.java
5,src/main/java/org/jabref/model/entry/BibEntryTypeBuilder.java
12,src/main/java/org/jabref/model/search/GroupSearchQuery.java
1,src/main/java/org/jabref/logic/importer/fetcher/SpringerLink.java
6,src/main/java/org/jabref/logic/citationstyle/CitationStyle.java
1,src/main/java/org/jabref/logic/citationkeypattern/GlobalCitationKeyPattern.java
6,src/main/java/org/jabref/gui/linkedfile/LinkedFilesEditDialogViewModel.java
1,src/main/java/org/jabref/logic/integrity/BooktitleChecker.java
1,src/main/java/org/jabref/gui/exporter/WriteMetadataToPdfAction.java
1,src/main/java/org/jabref/gui/specialfields/SpecialFieldAction.java
1,src/test/java/org/jabref/logic/importer/fetcher/transformers/DBLPQueryTransformerTest.java
1,src/main/java/org/jabref/gui/externalfiles/ExternalFilesEntryLinker.java
7,src/main/java/org/jabref/gui/maintable/MainTableHeaderContextMenu.java
7,src/main/java/org/jabref/gui/maintable/columns/LinkedIdentifierColumn.java
1,src/main/java/org/jabref/logic/util/io/CitationKeyBasedFileFinder.java
7,src/main/java/org/jabref/gui/actions/SimpleCommand.java
6,src/main/java/org/jabref/gui/entryeditor/fileannotationtab/FileAnnotationTab.java
1,src/main/java/org/jabref/gui/mergeentries/newmergedialog/diffhighlighter/SplitDiffHighlighter.java
6,src/main/java/org/jabref/logic/openoffice/backend/Backend52.java
1,src/test/java/org/jabref/gui/edit/RenameFieldViewModelTest.java
1,src/main/java/org/jabref/gui/externalfiles/ImportHandler.java
7,src/main/java/org/jabref/gui/mergeentries/newmergedialog/cell/FieldValueCellViewModel.java
7,src/main/java/org/jabref/gui/preferences/protectedterms/ProtectedTermsTabViewModel.java
9,src/main/java/org/jabref/logic/pdf/TextExtractor.java
6,src/main/java/org/jabref/gui/mergeentries/newmergedialog/cell/sidebuttons/InfoButton.java
1,src/test/java/org/jabref/model/pdf/FileAnnotationTest.java
4,src/main/java/org/jabref/model/openoffice/uno/UnoCrossRef.java
7,src/main/java/org/jabref/gui/icon/JabrefIconProvider.java
12,src/main/java/org/jabref/model/openoffice/style/CitedKey.java
6,src/main/java/org/jabref/gui/commonfxcontrols/SaveOrderConfigPanel.java
6,src/test/java/org/jabref/logic/importer/AuthorListParserTest.java
4,src/main/java/org/jabref/logic/layout/format/MarkdownFormatter.java
1,src/main/java/org/jabref/gui/undo/AbstractUndoableJabRefEdit.java
1,src/main/java/org/jabref/logic/importer/fetcher/transformers/SpringerQueryTransformer.java
4,src/test/java/org/jabref/logic/integrity/AbbreviationCheckerTest.java
7,src/main/java/org/jabref/gui/documentviewer/DocumentViewerViewModel.java
7,src/main/java/org/jabref/gui/libraryproperties/general/GeneralPropertiesViewModel.java
4,src/main/java/org/jabref/logic/importer/EntryBasedParserFetcher.java
1,src/main/java/org/jabref/gui/preferences/customexporter/CustomExporterTab.java
4,src/main/java/org/jabref/logic/layout/format/GetOpenOfficeType.java
6,src/test/java/org/jabref/logic/importer/fetcher/isbntobibtex/OpenLibraryIsbnFetcherTest.java
1,src/main/java/org/jabref/logic/cleanup/ISSNCleanup.java
1,src/main/java/org/jabref/logic/layout/LayoutHelper.java
1,src/main/java/org/jabref/logic/importer/ParseException.java
6,src/main/java/org/jabref/logic/importer/ImportFormatReader.java
1,src/main/java/org/jabref/gui/sidepane/SidePane.java
1,src/main/java/org/jabref/logic/formatter/bibtexfields/EscapeDollarSignFormatter.java
6,src/test/java/org/jabref/gui/importer/fetcher/WebSearchPaneViewModelTest.java
6,src/main/java/org/jabref/logic/util/io/FileUtil.java
6,src/test/java/org/jabref/model/database/BibDatabaseContextTest.java
6,src/main/java/org/jabref/logic/citationstyle/CSLAdapter.java
1,src/main/java/org/jabref/logic/protectedterms/ProtectedTermsParser.java
9,src/test/java/org/jabref/logic/integrity/NoteCheckerTest.java
4,src/main/java/org/jabref/gui/undo/NamedCompound.java
1,src/main/java/org/jabref/gui/actions/JabRefAction.java
1,src/main/java/org/jabref/gui/util/ViewModelListCellFactory.java
4,src/test/java/org/jabref/logic/layout/format/AuthorLF_FFAbbrTest.java
4,src/main/java/org/jabref/model/util/TreeCollector.java
6,src/test/java/org/jabref/logic/layout/format/RemoveWhitespaceTest.java
6,src/main/java/org/jabref/logic/shared/DBMSConnectionProperties.java
4,src/main/java/org/jabref/gui/search/GlobalSearchResultDialogViewModel.java
7,src/main/java/org/jabref/gui/undo/NamedCompound.java
9,src/main/java/org/jabref/model/strings/UnicodeToReadableCharMap.java
12,src/main/java/org/jabref/model/openoffice/style/CitationGroupId.java
1,src/main/java/org/jabref/logic/layout/format/NameFormatterPreferences.java
9,src/test/java/org/jabref/logic/importer/fetcher/transformers/YearAndYearRangeByFilteringQueryTransformerTest.java
9,src/main/java/org/jabref/logic/formatter/bibtexfields/LatexCleanupFormatter.java
6,src/test/java/org/jabref/logic/journals/AbbreviationTest.java
9,src/main/java/org/jabref/logic/integrity/BracesCorrector.java
9,src/test/java/org/jabref/logic/importer/util/FileFieldParserTest.java
4,src/test/java/org/jabref/logic/importer/fileformat/SilverPlatterImporterTest.java
7,src/main/java/org/jabref/gui/autocompleter/EmptySuggestionProvider.java
1,src/main/java/org/jabref/gui/fieldeditors/identifier/ISBNIdentifierEditorViewModel.java
9,src/main/java/org/jabref/model/openoffice/style/ComparableCitedKey.java
1,src/main/java/org/jabref/logic/layout/format/AuthorFirstLastOxfordCommas.java
4,src/main/java/org/jabref/logic/citationstyle/CSLAdapter.java
4,src/main/java/org/jabref/logic/importer/fetcher/transformers/DBLPQueryTransformer.java
6,src/main/java/org/jabref/gui/undo/UndoableInsertEntries.java
9,src/main/java/org/jabref/logic/layout/format/EntryTypeFormatter.java
1,src/main/java/org/jabref/logic/layout/format/AuthorAbbreviator.java
9,src/main/java/org/jabref/logic/layout/format/JournalAbbreviator.java
1,src/main/java/org/jabref/model/groups/AllEntriesGroup.java
4,src/test/java/org/jabref/logic/integrity/YearCheckerTest.java
9,src/main/java/org/jabref/logic/util/io/DatabaseFileLookup.java
1,src/main/java/org/jabref/logic/integrity/ISBNChecker.java
4,src/main/java/org/jabref/logic/shared/exception/OfflineLockException.java
6,src/main/java/org/jabref/gui/theme/StyleSheetResource.java
4,src/main/java/org/jabref/gui/texparser/CitationsDisplay.java
4,src/test/java/org/jabref/logic/importer/fetcher/RfcFetcherTest.java
4,src/test/java/org/jabref/logic/layout/format/RemoveWhitespaceTest.java
6,src/main/java/org/jabref/logic/remote/Protocol.java
4,src/test/java/org/jabref/logic/texparser/LatexParserTest.java
12,src/test/java/org/jabref/model/entry/MonthTest.java
1,src/main/java/org/jabref/gui/util/NoSelectionModel.java
6,src/main/java/org/jabref/logic/journals/JournalAbbreviationRepository.java
4,src/test/java/org/jabref/gui/autocompleter/BibEntrySuggestionProviderTest.java
1,src/test/java/org/jabref/logic/importer/fileformat/CopacImporterTest.java
4,src/test/java/org/jabref/model/FieldChangeTest.java
1,src/test/java/org/jabref/logic/layout/format/AuthorLastFirstAbbreviatorTest.java
4,src/main/java/org/jabref/gui/externalfiles/UnlinkedFilesDialogViewModel.java
6,src/main/java/org/jabref/gui/mergeentries/newmergedialog/cell/ThreeWayMergeCellViewModel.java
6,src/main/java/org/jabref/gui/bibtexextractor/BibtexExtractor.java
7,src/main/java/org/jabref/gui/specialfields/SpecialFieldMenuItemFactory.java
1,src/main/java/org/jabref/logic/layout/format/WrapContent.java
4,src/main/java/org/jabref/logic/formatter/casechanger/Title.java
9,src/test/java/org/jabref/logic/importer/fileformat/PdfXmpImporterTest.java
6,src/main/java/org/jabref/model/entry/field/AMSField.java
9,src/main/java/org/jabref/model/entry/Author.java
1,src/main/java/org/jabref/gui/preferences/journals/AbbreviationsFileViewModel.java
4,src/test/java/org/jabref/gui/preferences/journals/AbbreviationViewModelTest.java
6,src/main/java/org/jabref/gui/fieldeditors/KeywordsEditor.java
9,src/main/java/org/jabref/logic/auxparser/AuxParser.java
1,src/main/java/org/jabref/gui/preferences/network/NetworkTab.java
7,src/main/java/org/jabref/gui/preferences/importexport/ImportExportTabViewModel.java
4,src/test/java/org/jabref/logic/TypedBibEntryTest.java
9,src/main/java/org/jabref/logic/importer/fetcher/ScienceDirect.java
1,src/main/java/org/jabref/gui/specialfields/SpecialFieldMenuItemFactory.java
9,src/main/java/org/jabref/logic/util/strings/StringLengthComparator.java
6,src/main/java/org/jabref/gui/externalfiles/AutoSetFileLinksUtil.java
6,src/main/java/org/jabref/gui/autocompleter/AppendWordsStrategy.java
6,src/main/java/org/jabref/model/texparser/LatexBibEntriesResolverResult.java
4,src/main/java/org/jabref/model/metadata/SaveOrder.java
4,src/main/java/org/jabref/gui/shared/SharedDatabaseLoginDialogViewModel.java
9,src/test/java/org/jabref/logic/importer/fetcher/isbntobibtex/OpenLibraryIsbnFetcherTest.java
1,src/test/java/org/jabref/logic/layout/format/RemoveWhitespaceTest.java
9,src/main/java/org/jabref/logic/util/BackupFileType.java
9,src/test/java/org/jabref/logic/util/io/RegExpBasedFileFinderTest.java
4,src/main/java/org/jabref/gui/openoffice/AdvancedCiteDialogView.java
6,src/main/java/org/jabref/gui/fieldeditors/LinkedFilesEditorViewModel.java
6,src/main/java/org/jabref/gui/util/JabRefResourceLocator.java
9,src/test/java/org/jabref/logic/importer/fetcher/FulltextFetcherTest.java
4,src/main/java/org/jabref/logic/shared/DBMSConnectionPropertiesBuilder.java
9,src/main/java/org/jabref/model/entry/field/IEEEField.java
6,src/test/java/org/jabref/logic/citationstyle/CitationStyleTest.java
4,src/main/java/org/jabref/model/openoffice/util/OOListUtil.java
6,src/test/java/org/jabref/logic/bibtex/comparator/BibtexStringComparatorTest.java
4,src/main/java/org/jabref/gui/groups/GroupNodeViewModel.java
6,src/main/java/org/jabref/model/database/event/ChangePropagation.java
6,src/main/java/org/jabref/gui/edit/automaticfiededitor/editfieldcontent/EditFieldContentViewModel.java
4,src/main/java/org/jabref/model/entry/event/FieldAddedOrRemovedEvent.java
4,src/main/java/org/jabref/gui/entryeditor/PreviewSwitchAction.java
1,src/main/java/org/jabref/model/entry/Date.java
4,src/main/java/org/jabref/model/openoffice/CitationEntry.java
9,src/test/java/org/jabref/logic/importer/fetcher/transformers/InfixTransformerTest.java
1,src/main/java/org/jabref/logic/net/ProxyRegisterer.java
4,src/test/java/org/jabref/logic/formatter/casechanger/ProtectTermsFormatterTest.java
4,src/main/java/org/jabref/gui/linkedfile/DeleteFileAction.java
9,src/main/java/org/jabref/logic/bst/BstFunctions.java
1,src/main/java/org/jabref/logic/msbib/PageNumbers.java
6,src/main/java/org/jabref/model/entry/ParsedEntryLink.java
1,src/main/java/org/jabref/logic/importer/fileformat/CitaviXmlImporter.java
4,src/main/java/org/jabref/gui/edit/automaticfiededitor/AutomaticFieldEditorAction.java
9,src/test/java/org/jabref/logic/git/SlrGitHandlerTest.java
7,src/main/java/org/jabref/gui/util/CustomRatingSkin.java
6,src/main/java/org/jabref/gui/errorconsole/ErrorConsoleViewModel.java
9,src/test/java/org/jabref/logic/citationstyle/CitationStyleTest.java
6,src/test/java/org/jabref/logic/importer/fetcher/transformers/GVKQueryTransformerTest.java
6,src/main/java/org/jabref/gui/push/AbstractPushToApplication.java
4,src/main/java/org/jabref/logic/cleanup/TimeStampToModificationDate.java
9,src/main/java/org/jabref/logic/layout/ParamLayoutFormatter.java
1,src/main/java/org/jabref/logic/integrity/BibTeXEntryTypeChecker.java
1,src/main/java/org/jabref/model/openoffice/uno/UnoSelection.java
4,src/test/java/org/jabref/model/entry/field/StandardFieldTest.java
6,src/main/java/org/jabref/logic/layout/format/Replace.java
4,src/test/java/org/jabref/gui/autocompleter/AutoCompleterUtil.java
4,src/main/java/org/jabref/gui/exporter/SaveDatabaseAction.java
9,src/main/java/org/jabref/logic/layout/format/WrapFileLinks.java
1,src/main/java/org/jabref/gui/push/AbstractPushToApplication.java
6,src/test/java/org/jabref/logic/remote/RemoteSetupTest.java
9,src/test/java/org/jabref/logic/layout/format/DefaultTest.java
6,src/main/java/org/jabref/logic/layout/LayoutHelper.java
6,src/main/java/org/jabref/gui/groups/UndoableMoveGroup.java
1,src/main/java/org/jabref/model/pdf/search/SearchResult.java
4,src/main/java/org/jabref/model/openoffice/uno/UnoCursor.java
4,src/main/java/org/jabref/logic/importer/fetcher/ZbMATH.java
1,src/main/java/org/jabref/logic/cleanup/UpgradePdfPsToFileCleanup.java
1,src/test/java/org/jabref/logic/l10n/LocalizationTest.java
6,src/main/java/org/jabref/model/openoffice/style/Citation.java
5,src/test/java/org/jabref/model/search/rules/MockSearchMatcher.java
9,src/main/java/org/jabref/logic/openoffice/style/StyleLoader.java
4,src/test/java/org/jabref/logic/layout/format/ReplaceUnicodeLigaturesFormatterTest.java
6,src/main/java/org/jabref/logic/importer/fileformat/CopacImporter.java
5,src/main/java/org/jabref/model/strings/UnicodeToReadableCharMap.java
6,src/main/java/org/jabref/gui/collab/entrychange/EntryChangeResolver.java
4,src/main/java/org/jabref/model/database/KeyCollisionException.java
4,src/main/java/org/jabref/gui/logging/ApplicationInsightsWriter.java
6,src/test/java/org/jabref/model/entry/field/SpecialFieldTest.java
4,buildSrc/src/copied/java/org/jabref/logic/journals/JournalAbbreviationLoader.java
7,src/main/java/org/jabref/gui/preferences/protectedterms/ProtectedTermsListItemModel.java
4,src/test/java/org/jabref/logic/importer/fileformat/PdfXmpImporterTest.java
4,src/test/java/org/jabref/logic/layout/format/HTMLParagraphsTest.java
4,src/main/java/org/jabref/model/openoffice/uno/UnoNameAccess.java
1,src/main/java/org/jabref/gui/cleanup/CleanupAction.java
6,src/test/java/org/jabref/logic/layout/format/ToLowerCaseTest.java
1,src/test/java/org/jabref/logic/citationkeypattern/AbstractCitationKeyPatternTest.java
9,src/main/java/org/jabref/logic/layout/format/ToUpperCase.java
1,src/main/java/org/jabref/gui/mergeentries/newmergedialog/cell/HeaderCell.java
6,src/main/java/org/jabref/model/openoffice/style/CitationPath.java
9,src/main/java/org/jabref/logic/layout/format/HTMLParagraphs.java
5,src/test/java/org/jabref/model/entry/identifier/IacrEprintTest.java
9,src/test/java/org/jabref/logic/importer/fileformat/BibtexImporterTest.java
9,src/main/java/org/jabref/logic/formatter/bibtexfields/AddBracesFormatter.java
7,src/main/java/org/jabref/gui/fieldeditors/LinkedFilesEditor.java
4,src/main/java/org/jabref/logic/layout/format/RisMonth.java
6,src/main/java/org/jabref/logic/layout/format/Number.java
1,src/main/java/org/jabref/logic/openoffice/style/OOProcessNumericMarkers.java
4,src/main/java/org/jabref/gui/fieldeditors/contextmenu/EditorContextAction.java
1,src/main/java/org/jabref/logic/openoffice/frontend/OOFrontend.java
1,src/test/java/org/jabref/logic/importer/fetcher/DOAJFetcherTest.java
6,src/main/java/org/jabref/model/entry/BibEntryType.java
9,src/main/java/org/jabref/logic/bibtex/comparator/FieldComparatorStack.java
6,src/main/java/org/jabref/model/util/FileUpdateListener.java
4,src/test/java/org/jabref/logic/layout/format/AuthorLastFirstAbbrCommasTest.java
6,src/main/java/org/jabref/gui/dialogs/BackupUIManager.java
5,src/main/java/org/jabref/model/database/event/BibDatabaseContextChangedEvent.java
9,src/main/java/org/jabref/model/util/MultiKeyMap.java
9,src/main/java/org/jabref/model/openoffice/ootext/OOText.java
4,src/main/java/org/jabref/logic/msbib/MSBibEntryType.java
1,src/main/java/org/jabref/gui/auximport/AuxParserResultViewModel.java
12,src/main/java/org/jabref/model/groups/RegexKeywordGroup.java
9,src/main/java/org/jabref/logic/cleanup/TimeStampToModificationDate.java
6,src/test/java/org/jabref/logic/util/BuildInfoTest.java
1,src/main/java/org/jabref/gui/undo/UndoableRemoveString.java
6,src/test/java/org/jabref/logic/importer/fileformat/ModsImporterFilesTest.java
1,src/test/java/org/jabref/logic/importer/fileformat/BiblioscapeImporterTypesTest.java
4,src/main/java/org/jabref/logic/formatter/casechanger/TitleCaseFormatter.java
12,src/test/java/org/jabref/model/pdf/FileAnnotationTest.java
6,src/test/java/org/jabref/gui/util/RecursiveTreeItemTest.java
4,src/main/java/org/jabref/logic/layout/format/RemoveTilde.java
5,src/main/java/org/jabref/model/openoffice/style/ComparableCitation.java
6,src/main/java/org/jabref/model/openoffice/style/CompareCitedKey.java
6,src/main/java/org/jabref/model/study/QueryResult.java
1,src/test/java/org/jabref/logic/importer/fetcher/CrossRefTest.java
4,src/main/java/org/jabref/logic/layout/format/AuthorLastFirstAbbrOxfordCommas.java
9,src/main/java/org/jabref/logic/cleanup/RelativePathsCleanup.java
1,src/main/java/org/jabref/gui/fieldeditors/identifier/BaseIdentifierEditorViewModel.java
6,src/main/java/org/jabref/logic/layout/format/AuthorLastFirstCommas.java
1,src/test/java/org/jabref/gui/util/ColorUtilTest.java
4,src/main/java/org/jabref/logic/importer/fileformat/RisImporter.java
9,src/test/java/org/jabref/logic/openoffice/style/OOPreFormatterTest.java
9,src/main/java/org/jabref/logic/formatter/bibtexfields/ShortenDOIFormatter.java
1,src/main/java/org/jabref/gui/collab/ChangeScanner.java
1,src/main/java/org/jabref/logic/bibtex/comparator/BibtexStringComparator.java
4,src/main/java/org/jabref/logic/util/io/FileFinders.java
6,src/main/java/org/jabref/model/entry/types/EntryTypeFactory.java
7,src/main/java/org/jabref/gui/collab/entrydelete/EntryDelete.java
1,src/main/java/org/jabref/logic/layout/format/XMLChars.java
4,src/main/java/org/jabref/model/database/KeyChangeListener.java
1,src/test/java/org/jabref/logic/exporter/AtomicFileOutputStreamTest.java
6,src/test/java/org/jabref/logic/formatter/bibtexfields/ShortenDOIFormatterTest.java
1,src/main/java/org/jabref/gui/autocompleter/JournalsSuggestionProvider.java
1,src/main/java/org/jabref/gui/externalfiles/FindUnlinkedFilesAction.java
7,src/main/java/org/jabref/gui/preferences/xmp/XmpPrivacyTab.java
5,src/main/java/org/jabref/model/groups/GroupEntryChanger.java
1,src/main/java/org/jabref/model/openoffice/uno/UnoBookmark.java
9,src/test/java/org/jabref/logic/layout/format/ReplaceTest.java
6,src/main/java/org/jabref/gui/edit/automaticfiededitor/copyormovecontent/CopyOrMoveFieldContentTabViewModel.java
6,src/main/java/org/jabref/model/openoffice/uno/UnoNamed.java
6,src/test/java/org/jabref/logic/bst/util/BstWidthCalculatorTest.java
4,src/main/java/org/jabref/logic/git/GitHandler.java
4,src/test/java/org/jabref/logic/integrity/EntryLinkCheckerTest.java
7,src/main/java/org/jabref/gui/LibraryTab.java
6,src/main/java/org/jabref/logic/database/DuplicateCheck.java
7,src/main/java/org/jabref/gui/mergeentries/newmergedialog/DiffMethod.java
1,src/test/java/org/jabref/logic/importer/util/GrobidServiceTest.java
6,src/test/java/org/jabref/logic/l10n/LanguageTest.java
7,src/main/java/org/jabref/gui/help/AboutAction.java
4,src/main/java/org/jabref/gui/libraryproperties/constants/ConstantsPropertiesView.java
7,src/main/java/org/jabref/gui/groups/GroupsPreferences.java
4,src/main/java/org/jabref/model/entry/types/BiblatexApaEntryType.java
4,src/main/java/org/jabref/gui/desktop/os/NativeDesktop.java
6,src/main/java/org/jabref/logic/formatter/bibtexfields/UnicodeToLatexFormatter.java
7,src/main/java/org/jabref/gui/icon/JabRefMaterialDesignIcon.java
5,src/test/java/org/jabref/model/search/rules/ContainsBasedSearchRuleTest.java
6,src/main/java/org/jabref/gui/externalfiletype/CustomExternalFileType.java
9,src/main/java/org/jabref/logic/util/io/FileNameCleaner.java
9,src/test/java/org/jabref/model/groups/SearchGroupTest.java
7,src/main/java/org/jabref/gui/fieldeditors/MonthEditorViewModel.java
7,src/main/java/org/jabref/gui/theme/StyleSheetFile.java
4,src/main/java/org/jabref/logic/layout/format/Iso690FormatDate.java
1,src/main/java/org/jabref/logic/util/io/FileHistory.java
1,src/test/java/org/jabref/logic/integrity/CitationKeyDuplicationCheckerTest.java
6,src/main/java/org/jabref/gui/collab/stringdelete/BibTexStringDelete.java
6,src/main/java/org/jabref/gui/collab/entryadd/EntryAdd.java
4,src/main/java/org/jabref/gui/util/DroppingMouseLocation.java
1,src/main/java/org/jabref/logic/msbib/MsBibAuthor.java
6,src/test/java/org/jabref/logic/formatter/IdentityFormatterTest.java
1,src/test/java/org/jabref/logic/pdf/PdfAnnotationImporterTest.java
6,src/test/java/org/jabref/logic/importer/fetcher/MedraTest.java
4,src/main/java/org/jabref/gui/collab/DatabaseChangeListener.java
6,src/main/java/org/jabref/gui/util/uithreadaware/UiThreadInvalidationListener.java
6,src/test/java/org/jabref/logic/citationstyle/CitationStyleCacheTest.java
1,src/main/java/org/jabref/logic/importer/ImportFormatPreferences.java
9,src/test/java/org/jabref/model/entry/field/SpecialFieldTest.java
9,src/test/java/org/jabref/logic/journals/JournalAbbreviationRepositoryTest.java
6,src/main/java/org/jabref/model/openoffice/uno/UnoRedlines.java
6,src/test/java/org/jabref/logic/integrity/TitleCheckerTest.java
1,src/main/java/org/jabref/gui/search/rules/describer/GrammarBasedSearchRuleDescriber.java
4,src/main/java/org/jabref/model/openoffice/rangesort/RangeSortable.java
9,src/main/java/org/jabref/logic/openoffice/backend/NamedRangeManagerReferenceMark.java
7,src/main/java/org/jabref/gui/preferences/groups/GroupsTab.java
9,src/test/java/org/jabref/model/entry/CanonicalBibEntryTest.java
9,src/test/java/org/jabref/logic/importer/fileformat/RepecNepImporterTest.java
4,src/main/java/org/jabref/gui/DialogService.java
1,src/main/java/org/jabref/gui/preferences/xmp/XmpPrivacyTabViewModel.java
6,src/test/java/org/jabref/gui/fieldeditors/LinkedFileViewModelTest.java
6,src/main/java/org/jabref/model/search/matchers/OrMatcher.java
4,src/main/java/org/jabref/gui/util/UiThreadList.java
4,src/main/java/org/jabref/model/openoffice/style/CitationPath.java
4,src/main/java/org/jabref/logic/openoffice/action/EditMerge.java
1,src/test/java/org/jabref/logic/shared/DBMSProcessorTest.java
4,src/main/java/org/jabref/logic/importer/EntryBasedFetcher.java
4,src/main/java/org/jabref/logic/formatter/bibtexfields/ClearFormatter.java
9,src/test/java/org/jabref/logic/shared/DBMSConnectionTest.java
9,src/test/java/org/jabref/logic/importer/QueryParserTest.java
6,src/test/java/org/jabref/logic/bibtex/comparator/MetaDataDiffTest.java
4,src/test/java/org/jabref/logic/importer/fileformat/MedlineImporterFilesTest.java
7,src/main/java/org/jabref/gui/search/RebuildFulltextSearchIndexAction.java
4,src/test/java/org/jabref/logic/importer/fetcher/SemanticScholarTest.java
9,src/main/java/org/jabref/model/search/rules/GrammarBasedSearchRule.java
1,src/main/java/org/jabref/logic/formatter/casechanger/CapitalizeFormatter.java
1,src/main/java/org/jabref/gui/preferences/customentrytypes/CustomEntryTypesTab.java
5,src/test/java/org/jabref/model/search/rules/SentenceAnalyzerTest.java
7,src/main/java/org/jabref/gui/preferences/importexport/ImportExportTab.java
6,src/test/java/org/jabref/model/texparser/CitationTest.java
6,src/main/java/org/jabref/logic/bibtex/FieldWriter.java
4,src/test/java/org/jabref/logic/util/io/FileUtilTest.java
4,src/main/java/org/jabref/logic/importer/ImportCleanup.java
9,src/main/java/org/jabref/logic/shared/exception/SharedEntryNotPresentException.java
5,src/main/java/org/jabref/model/metadata/MetaData.java
5,src/main/java/org/jabref/model/openoffice/style/OODataModel.java
1,src/test/java/org/jabref/logic/importer/util/JsonReaderTest.java
4,src/test/java/org/jabref/gui/documentviewer/PdfDocumentViewModelTest.java
1,src/test/java/org/jabref/gui/util/TooltipTextUtilTest.java
6,src/main/java/org/jabref/logic/layout/format/JournalAbbreviator.java
4,src/main/java/org/jabref/gui/openoffice/OOError.java
1,src/main/java/org/jabref/model/groups/RegexKeywordGroup.java
5,src/main/java/org/jabref/model/entry/types/IEEETranEntryType.java
6,src/test/java/org/jabref/gui/fieldeditors/LinkedFilesEditorViewModelTest.java
6,src/main/java/org/jabref/gui/libraryproperties/LibraryPropertiesViewModel.java
1,src/main/java/org/jabref/logic/importer/EntryBasedFetcher.java
7,src/main/java/org/jabref/gui/mergeentries/MergeTwoEntriesAction.java
9,src/test/java/org/jabref/logic/importer/fetcher/CollectionOfComputerScienceBibliographiesFetcherTest.java
7,src/main/java/org/jabref/gui/texparser/CitationsDisplay.java
1,src/main/java/org/jabref/gui/util/component/TemporalAccessorPicker.java
1,buildSrc/src/copied/java/org/jabref/logic/journals/AbbreviationFormat.java
1,src/main/java/org/jabref/logic/layout/Layout.java
4,src/main/java/org/jabref/gui/externalfiletype/CustomExternalFileType.java
1,src/main/java/org/jabref/gui/fieldeditors/WriteMetadataToPdfCommand.java
9,src/main/java/org/jabref/model/entry/types/BiblatexSoftwareEntryType.java
1,src/test/java/org/jabref/logic/layout/format/AuthorFirstFirstTest.java
9,src/main/java/org/jabref/logic/layout/format/RisMonth.java
9,src/test/java/org/jabref/logic/formatter/bibtexfields/OrdinalsToSuperscriptFormatterTest.java
4,src/main/java/org/jabref/gui/importer/ImportCustomEntryTypesDialogViewModel.java
9,src/main/java/org/jabref/logic/bibtex/comparator/CrossRefEntryComparator.java
4,src/main/java/org/jabref/gui/edit/OpenBrowserAction.java
4,src/main/java/org/jabref/logic/importer/fileformat/mods/RecordInfo.java
6,src/main/java/org/jabref/gui/importer/ImportEntriesViewModel.java
1,src/main/java/org/jabref/gui/externalfiles/FileDownloadTask.java
6,src/main/java/org/jabref/logic/xmp/EncryptedPdfsNotSupportedException.java
4,src/main/java/org/jabref/logic/citationkeypattern/CitationKeyGenerator.java
9,src/test/java/org/jabref/logic/layout/format/HTMLCharsTest.java
6,src/main/java/org/jabref/gui/mergeentries/newmergedialog/ThreeWayMergeHeaderView.java
5,src/main/java/org/jabref/model/metadata/SaveOrder.java
4,src/main/java/org/jabref/gui/commonfxcontrols/SaveOrderConfigPanel.java
7,src/main/java/org/jabref/gui/dialogs/BackupUIManager.java
6,src/main/java/org/jabref/logic/net/URLDownload.java
4,src/test/java/org/jabref/logic/formatter/bibtexfields/RemoveBracesFormatterTest.java
9,src/test/java/org/jabref/logic/layout/format/FileLinkTest.java
4,src/main/java/org/jabref/logic/exporter/BibtexDatabaseWriter.java
9,src/main/java/org/jabref/model/entry/field/SpecialFieldValue.java
6,src/test/java/org/jabref/logic/bibtex/FileFieldWriterTest.java
1,src/main/java/org/jabref/model/entry/field/InternalField.java
7,src/main/java/org/jabref/gui/preferences/journals/AbbreviationsFileViewModel.java
1,src/main/java/org/jabref/logic/bibtex/FileFieldWriter.java
12,src/test/java/org/jabref/model/entry/DateTest.java
4,src/main/java/org/jabref/model/entry/field/FieldProperty.java
6,src/main/java/org/jabref/gui/integrity/IntegrityCheckAction.java
7,src/main/java/org/jabref/gui/Globals.java
6,src/main/java/org/jabref/logic/openoffice/backend/Codec52.java
6,src/main/java/org/jabref/gui/specialfields/SpecialFieldValueViewModel.java
7,src/main/java/org/jabref/gui/maintable/MainTableDataModel.java
9,src/main/java/org/jabref/logic/integrity/CitationKeyChecker.java
9,src/test/java/org/jabref/model/groups/AutomaticKeywordGroupTest.java
6,src/test/java/org/jabref/gui/exporter/ExportToClipboardActionTest.java
4,src/main/java/org/jabref/logic/bibtex/comparator/PreambleDiff.java
1,src/main/java/org/jabref/gui/importer/ImportEntriesViewModel.java
4,src/main/java/org/jabref/gui/preferences/keybindings/KeyBindingsTab.java
7,src/main/java/org/jabref/gui/menus/ChangeEntryTypeAction.java
7,src/main/java/org/jabref/gui/preferences/appearance/AppearanceTab.java
6,src/main/java/org/jabref/gui/externalfiles/ChainedFilters.java
4,src/test/java/org/jabref/logic/layout/format/LastPageTest.java
1,src/main/java/org/jabref/model/openoffice/uno/UnoNamed.java
9,src/test/java/org/jabref/logic/integrity/HowPublishedCheckerTest.java
4,src/main/java/org/jabref/model/entry/BibEntryTypesManager.java
7,src/main/java/org/jabref/gui/autocompleter/AutoCompletionTextInputBinding.java
9,src/test/java/org/jabref/logic/cleanup/ISSNCleanupTest.java
4,src/main/java/org/jabref/gui/openoffice/ManageCitationsDialogView.java
6,src/main/java/org/jabref/gui/undo/UndoableChangeType.java
7,src/main/java/org/jabref/gui/commonfxcontrols/CitationKeyPatternPanel.java
4,src/main/java/org/jabref/logic/importer/util/MediaTypes.java
1,src/main/java/org/jabref/model/entry/types/EntryTypeFactory.java
6,src/test/java/org/jabref/logic/integrity/TypeCheckerTest.java
1,src/main/java/org/jabref/gui/linkedfile/LinkedFilesEditDialogViewModel.java
7,src/main/java/org/jabref/gui/dialogs/AutosaveUiManager.java
6,src/test/java/org/jabref/logic/layout/format/AuthorLastFirstAbbrCommasTest.java
1,src/main/java/org/jabref/model/database/BibDatabaseMode.java
9,src/main/java/org/jabref/model/entry/BibEntryType.java
1,src/main/java/org/jabref/gui/copyfiles/CopyFilesDialogViewModel.java
4,src/main/java/org/jabref/model/entry/BibtexString.java
6,src/main/java/org/jabref/gui/slr/ExistingStudySearchAction.java
9,src/main/java/org/jabref/model/openoffice/uno/UnoProperties.java
6,src/main/java/org/jabref/logic/importer/util/FileFieldParser.java
6,src/main/java/org/jabref/gui/fieldeditors/LinkedEntriesEditor.java
7,src/main/java/org/jabref/gui/fieldeditors/OptionEditor.java
5,src/main/java/org/jabref/model/openoffice/backend/NamedRange.java
4,src/main/java/org/jabref/gui/importer/ImportCommand.java
1,src/main/java/org/jabref/logic/crawler/StudyFetcher.java
4,src/test/java/org/jabref/logic/exporter/OpenOfficeDocumentCreatorTest.java
1,src/test/java/org/jabref/model/entry/identifier/ISBNTest.java
9,src/main/java/org/jabref/logic/bst/util/BstPurifier.java
7,src/main/java/org/jabref/gui/libraryproperties/LibraryPropertiesView.java
9,src/main/java/org/jabref/model/openoffice/style/PageInfo.java
1,src/main/java/org/jabref/gui/entryeditor/RequiredFieldsTab.java
6,src/main/java/org/jabref/model/groups/ExplicitGroup.java
6,src/main/java/org/jabref/logic/exporter/BlankLineBehaviour.java
12,src/main/java/org/jabref/model/strings/UnicodeToReadableCharMap.java
7,src/main/java/org/jabref/gui/edit/automaticfiededitor/AutomaticFieldEditorViewModel.java
9,src/main/java/org/jabref/logic/importer/fetcher/GrobidPreferences.java
7,src/test/java/org/jabref/gui/search/ContainsAndRegexBasedSearchRuleDescriberTest.java
4,src/main/java/org/jabref/gui/undo/UndoableStringChange.java
5,src/test/java/org/jabref/model/entry/field/SpecialFieldTest.java
1,src/main/java/org/jabref/gui/entryeditor/SourceTab.java
4,src/main/java/org/jabref/gui/maintable/MainTableColumnModel.java
1,src/main/java/org/jabref/gui/journals/AbbreviationType.java
6,src/main/java/org/jabref/logic/formatter/casechanger/Word.java
1,src/test/java/org/jabref/logic/layout/format/RisKeywordsTest.java
1,src/main/java/org/jabref/gui/collab/ExternalChangesResolverViewModel.java
4,src/main/java/org/jabref/model/pdf/FileAnnotationType.java
4,src/main/java/org/jabref/logic/shared/event/SharedEntriesNotPresentEvent.java
6,src/main/java/org/jabref/gui/preferences/AbstractPreferenceTabView.java
9,src/test/java/org/jabref/logic/citationstyle/CitationStyleGeneratorTest.java
6,src/test/java/org/jabref/logic/importer/ImporterTest.java
1,src/main/java/org/jabref/logic/journals/Abbreviation.java
1,src/test/java/org/jabref/logic/importer/fetcher/CollectionOfComputerScienceBibliographiesFetcherTest.java
9,src/main/java/org/jabref/logic/WatchServiceUnavailableException.java
1,src/main/java/org/jabref/gui/search/SearchDisplayMode.java
1,src/test/java/org/jabref/logic/layout/format/AuthorLastFirstTest.java
6,src/test/java/org/jabref/logic/cleanup/BibtexBiblatexRoundtripTest.java
9,src/test/java/org/jabref/model/database/BibDatabaseContextTest.java
5,src/test/java/org/jabref/model/entry/identifier/MathSciNetIdTest.java
5,src/test/java/org/jabref/model/entry/AuthorTest.java
9,src/main/java/org/jabref/logic/importer/fetcher/ZbMATH.java
4,src/main/java/org/jabref/gui/preferences/PreferencesTab.java
1,src/main/java/org/jabref/gui/push/PushToVim.java
4,src/main/java/org/jabref/logic/util/io/AutoLinkPreferences.java
4,src/main/java/org/jabref/gui/MainApplication.java
9,src/main/java/org/jabref/logic/exporter/AtomicFileOutputStream.java
6,src/main/java/org/jabref/gui/sidepane/SidePaneType.java
9,src/test/java/org/jabref/logic/integrity/ASCIICharacterCheckerTest.java
9,src/main/java/org/jabref/logic/msbib/MSBibMapping.java
4,src/test/java/org/jabref/logic/util/io/RegExpBasedFileFinderTest.java
4,src/main/java/org/jabref/logic/formatter/bibtexfields/TrimWhitespaceFormatter.java
4,src/main/java/org/jabref/logic/openoffice/action/ExportCited.java
6,src/main/java/org/jabref/logic/crawler/StudyYamlParser.java
1,src/main/java/org/jabref/logic/integrity/BracesCorrector.java
7,src/main/java/org/jabref/gui/backup/BackupResolverDialog.java
7,src/main/java/org/jabref/gui/texparser/ReferenceViewModel.java
9,src/main/java/org/jabref/logic/formatter/bibtexfields/NormalizePagesFormatter.java
6,src/test/java/org/jabref/gui/externalfiletype/ExternalFileTypesTest.java
1,src/main/java/org/jabref/gui/mergeentries/newmergedialog/fieldsmerger/FieldMerger.java
6,src/test/java/org/jabref/logic/importer/fetcher/AstrophysicsDataSystemTest.java
1,src/test/java/org/jabref/gui/preferences/keybindings/KeyBindingViewModelTest.java
9,src/test/java/org/jabref/logic/importer/fetcher/MedraTest.java
9,src/main/java/org/jabref/logic/formatter/bibtexfields/RemoveDigitsFormatter.java
6,src/main/java/org/jabref/gui/mergeentries/FetchAndMergeEntry.java
6,src/test/java/org/jabref/gui/autocompleter/AppendPersonNamesStrategyTest.java
6,src/main/java/org/jabref/logic/util/StandardFileType.java
1,src/test/java/org/jabref/logic/autosaveandbackup/BackupManagerTest.java
4,src/test/java/org/jabref/gui/sidepane/SidePaneViewModelTest.java
1,src/main/java/org/jabref/logic/citationstyle/CitationStyleGenerator.java
6,src/main/java/org/jabref/gui/journals/UndoableUnabbreviator.java
5,src/test/java/org/jabref/model/entry/identifier/DOITest.java
6,src/main/java/org/jabref/logic/integrity/HTMLCharacterChecker.java
1,src/test/java/org/jabref/logic/formatter/bibtexfields/UnicodeToLatexFormatterTest.java
6,src/test/java/org/jabref/logic/layout/format/AuthorAbbreviatorTest.java
4,src/main/java/org/jabref/gui/entryeditor/RequiredFieldsTab.java
1,src/main/java/org/jabref/gui/fieldeditors/SimpleEditor.java
1,src/main/java/org/jabref/model/openoffice/style/PageInfo.java
1,src/main/java/org/jabref/logic/bst/BstVMException.java
6,src/main/java/org/jabref/logic/util/io/BackupFileUtil.java
9,src/main/java/org/jabref/model/entry/CanonicalBibEntry.java
4,src/test/java/org/jabref/logic/importer/fileformat/MsBibImporterTest.java
12,src/main/java/org/jabref/model/entry/event/EntriesEventSource.java
4,src/main/java/org/jabref/logic/importer/ImportException.java
9,buildSrc/src/copied/java/org/jabref/logic/journals/JournalAbbreviationLoader.java
5,src/test/java/org/jabref/model/paging/PageTest.java
1,src/main/java/org/jabref/model/database/KeyCollisionException.java
6,src/test/java/org/jabref/logic/util/strings/StringLengthComparatorTest.java
9,src/main/java/org/jabref/logic/exporter/BibDatabaseWriter.java
1,src/main/java/org/jabref/logic/layout/LayoutEntry.java
1,src/main/java/org/jabref/gui/autocompleter/SuggestionProvider.java
4,src/main/java/org/jabref/gui/util/CustomRatingSkin.java
9,src/main/java/org/jabref/model/openoffice/style/CitationMarkerNormEntry.java
1,src/main/java/org/jabref/gui/dialogs/BackupUIManager.java
6,src/main/java/org/jabref/gui/util/IconValidationDecorator.java
1,src/test/java/org/jabref/logic/integrity/PersonNamesCheckerTest.java
1,src/main/java/org/jabref/gui/collab/entrychange/EntryChangeDetailsView.java
9,src/main/java/org/jabref/logic/importer/fetcher/CrossRef.java
6,src/main/java/org/jabref/model/openoffice/util/OOVoidResult.java
1,src/main/java/org/jabref/logic/importer/util/ShortDOIService.java
5,src/main/java/org/jabref/model/texparser/LatexParserResult.java
9,src/main/java/org/jabref/logic/integrity/IntegrityCheck.java
9,src/test/java/org/jabref/logic/citationkeypattern/CitationKeyGeneratorTest.java
4,src/main/java/org/jabref/logic/importer/fileformat/mods/Identifier.java
4,src/main/java/org/jabref/gui/util/component/DiffHighlightingTextPane.java
6,src/main/java/org/jabref/logic/remote/RemoteMessage.java
1,src/main/java/org/jabref/gui/util/ViewModelTextFieldTableCellVisualizationFactory.java
12,src/test/java/org/jabref/model/metadata/MetaDataTest.java
1,src/main/java/org/jabref/model/schema/DublinCoreSchemaCustom.java
9,src/main/java/org/jabref/logic/formatter/IdentityFormatter.java
6,src/main/java/org/jabref/gui/autocompleter/SuggestionProvider.java
12,src/main/java/org/jabref/model/paging/Page.java
7,src/main/java/org/jabref/gui/push/PushToTeXstudio.java
1,src/main/java/org/jabref/gui/entryeditor/PreviewTab.java
12,src/main/java/org/jabref/model/study/QueryResult.java
4,src/test/java/org/jabref/logic/layout/format/AuthorFirstLastCommasTest.java
9,src/main/java/org/jabref/logic/layout/format/RemoveTilde.java
9,src/test/java/org/jabref/logic/exporter/OpenOfficeDocumentCreatorTest.java
4,src/main/java/org/jabref/model/pdf/search/SearchFieldConstants.java
6,src/test/java/org/jabref/logic/autosaveandbackup/BackupManagerTest.java
1,src/test/java/org/jabref/logic/integrity/MonthCheckerTest.java
9,src/test/java/org/jabref/logic/exporter/ModsExportFormatTest.java
4,src/main/java/org/jabref/gui/util/BackgroundTask.java
1,src/main/java/org/jabref/model/database/KeyChangeListener.java
6,buildSrc/src/copied/java/org/jabref/logic/journals/AbbreviationWriter.java
1,src/main/java/org/jabref/gui/preferences/groups/GroupsTabViewModel.java
1,src/test/java/org/jabref/logic/search/DatabaseSearcherTest.java
6,src/main/java/org/jabref/gui/preferences/PreferenceTabViewModel.java
5,src/main/java/org/jabref/model/database/KeyCollisionException.java
6,src/main/java/org/jabref/logic/msbib/MsBibAuthor.java
6,src/main/java/org/jabref/gui/groups/GroupTreeNodeViewModel.java
4,src/test/java/org/jabref/model/database/DuplicationCheckerTest.java
12,src/main/java/org/jabref/model/database/event/ChangePropagation.java
7,src/main/java/org/jabref/gui/util/FileNodeViewModel.java
1,src/main/java/org/jabref/logic/layout/format/RisKeywords.java
4,src/main/java/org/jabref/gui/exporter/SaveAction.java
9,src/main/java/org/jabref/model/openoffice/rangesort/RangeSort.java
6,src/test/java/org/jabref/gui/exporter/SaveDatabaseActionTest.java
7,src/test/java/org/jabref/gui/theme/ThemeManagerTest.java
4,src/test/java/org/jabref/logic/importer/BibDatabaseFilesTest.java
9,src/main/java/org/jabref/model/openoffice/style/CompareCitedKey.java
6,src/test/java/org/jabref/logic/integrity/EntryLinkCheckerTest.java
4,src/test/java/org/jabref/logic/importer/fetcher/transformers/InfixTransformerTest.java
4,src/main/java/org/jabref/logic/layout/format/RemoveLatexCommandsFormatter.java
7,src/main/java/org/jabref/gui/journals/AbbreviateAction.java
1,src/test/java/org/jabref/logic/importer/util/GroupsParserTest.java
1,src/main/java/org/jabref/logic/integrity/YearChecker.java
4,src/test/java/org/jabref/logic/importer/fetcher/transformers/ZbMathQueryTransformerTest.java
6,src/main/java/org/jabref/gui/collab/stringadd/BibTexStringAdd.java
4,src/test/java/org/jabref/logic/layout/format/EntryTypeFormatterTest.java
6,src/test/java/org/jabref/logic/net/MimeTypeDetectorTest.java
6,src/test/java/org/jabref/gui/edit/RenameFieldViewModelTest.java
1,src/main/java/org/jabref/gui/icon/JabrefIconProvider.java
6,src/main/java/org/jabref/gui/importer/ImportCommand.java
9,src/main/java/org/jabref/model/openoffice/rangesort/RangeHolder.java
4,src/main/java/org/jabref/gui/undo/UndoableChangeType.java
1,src/main/java/org/jabref/gui/menus/ChangeEntryTypeAction.java
1,src/main/java/org/jabref/gui/push/PushToApplication.java
9,src/main/java/org/jabref/logic/openoffice/backend/Backend52.java
7,src/main/java/org/jabref/gui/collab/DatabaseChangeDetailsViewFactory.java
4,src/main/java/org/jabref/model/entry/field/AMSField.java
4,src/main/java/org/jabref/gui/integrity/IntegrityCheckDialog.java
6,src/main/java/org/jabref/gui/linkedfile/AttachFileAction.java
1,src/main/java/org/jabref/gui/edit/CopyMoreAction.java
1,src/main/java/org/jabref/logic/exporter/SaveException.java
9,src/main/java/org/jabref/logic/importer/ImportFormatReader.java
4,src/test/java/org/jabref/model/entry/identifier/DOITest.java
4,src/main/java/org/jabref/logic/importer/fetcher/transformers/SpringerQueryTransformer.java
9,src/main/java/org/jabref/logic/database/DuplicateCheck.java
6,src/main/java/org/jabref/model/search/matchers/MatcherSets.java
1,src/main/java/org/jabref/gui/exporter/ExportToClipboardAction.java
6,src/main/java/org/jabref/gui/specialfields/SpecialFieldAction.java
9,src/main/java/org/jabref/logic/openoffice/frontend/UpdateBibliography.java
1,src/main/java/org/jabref/logic/layout/format/AuthorLF_FFAbbr.java
6,src/test/java/org/jabref/logic/importer/fileformat/RISImporterFilesTest.java
1,src/main/java/org/jabref/logic/exporter/OOCalcDatabase.java
4,src/main/java/org/jabref/logic/importer/util/ShortDOIServiceException.java
4,src/test/java/org/jabref/logic/util/strings/StringLengthComparatorTest.java
6,src/main/java/org/jabref/logic/importer/QueryParser.java
7,src/main/java/org/jabref/gui/preferences/externalfiletypes/EditExternalFileTypeEntryDialog.java
4,src/main/java/org/jabref/gui/slr/ManageStudyDefinitionViewModel.java
4,src/main/java/org/jabref/gui/entryeditor/OptionalFields2Tab.java
4,src/main/java/org/jabref/gui/fieldeditors/MonthEditorViewModel.java
7,src/main/java/org/jabref/gui/shared/SharedDatabaseLoginDialogViewModel.java
6,src/main/java/org/jabref/logic/layout/ParamLayoutFormatter.java
1,src/main/java/org/jabref/logic/pdf/EntryAnnotationImporter.java
4,src/main/java/org/jabref/gui/preferences/externalfiletypes/ExternalFileTypeItemViewModel.java
6,src/main/java/org/jabref/logic/layout/format/RemoveBracketsAddComma.java
10,src/test/java/org/jabref/cli/AuxCommandLineTest.java
6,src/main/java/org/jabref/logic/formatter/bibtexfields/NormalizeMonthFormatter.java
4,src/main/java/org/jabref/gui/search/SearchTextField.java
9,src/main/java/org/jabref/logic/importer/ParseException.java
6,src/main/java/org/jabref/model/metadata/ContentSelector.java
1,src/main/java/org/jabref/logic/git/SlrGitHandler.java
9,src/main/java/org/jabref/model/openoffice/rangesort/RangeOverlapKind.java
4,src/main/java/org/jabref/gui/mergeentries/newmergedialog/ThreeWayMergeViewModel.java
1,src/test/java/org/jabref/logic/importer/fetcher/ApsFetcherTest.java
1,src/main/java/org/jabref/logic/bibtex/FieldWriter.java
4,src/main/java/org/jabref/gui/search/rules/describer/ContainsAndRegexBasedSearchRuleDescriber.java
7,src/main/java/org/jabref/gui/libraryproperties/LibraryPropertiesViewModel.java
7,src/main/java/org/jabref/gui/importer/GenerateEntryFromIdDialog.java
6,src/test/java/org/jabref/logic/openoffice/style/OOBibStyleTestHelper.java
1,src/test/java/org/jabref/logic/layout/format/RemoveBracketsTest.java
4,src/main/java/org/jabref/logic/openoffice/backend/GetContext.java
5,src/main/java/org/jabref/model/entry/types/BiblatexSoftwareEntryTypeDefinitions.java
6,src/main/java/org/jabref/logic/openoffice/style/OOProcess.java
1,src/test/java/org/jabref/logic/xmp/XmpUtilReaderTest.java
7,src/main/java/org/jabref/gui/util/component/TagBar.java
5,src/main/java/org/jabref/model/search/GroupSearchQuery.java
1,src/test/java/org/jabref/logic/importer/fetcher/ACSTest.java
9,src/main/java/org/jabref/logic/layout/format/AuthorFirstAbbrLastOxfordCommas.java
1,src/test/java/org/jabref/logic/layout/format/OrdinalTest.java
7,src/main/java/org/jabref/gui/push/PushToVim.java
4,src/main/java/org/jabref/gui/shared/PullChangesFromSharedAction.java
1,src/main/java/org/jabref/gui/mergeentries/MultiMergeEntriesView.java
1,src/main/java/org/jabref/logic/layout/format/GetOpenOfficeType.java
9,src/main/java/org/jabref/logic/shared/event/ConnectionLostEvent.java
1,src/main/java/org/jabref/logic/util/io/FileFinders.java
7,src/main/java/org/jabref/gui/menus/FileHistoryMenu.java
6,src/main/java/org/jabref/logic/importer/fetcher/transformers/ZbMathQueryTransformer.java
4,src/test/java/org/jabref/logic/formatter/casechanger/UnprotectTermsFormatterTest.java
7,src/main/java/org/jabref/gui/preferences/entryeditor/EntryEditorTabViewModel.java
9,src/main/java/org/jabref/logic/util/Version.java
6,src/main/java/org/jabref/gui/mergeentries/MergeEntriesAction.java
7,src/main/java/org/jabref/gui/libraryproperties/constants/ConstantsPropertiesView.java
9,src/main/java/org/jabref/logic/layout/format/AuthorLastFirst.java
7,src/main/java/org/jabref/gui/specialfields/SpecialFieldsPreferences.java
1,src/test/java/org/jabref/logic/importer/fileformat/CitaviXmlImporterTest.java
1,src/main/java/org/jabref/logic/importer/fileformat/PdfContentImporter.java
7,src/main/java/org/jabref/gui/mergeentries/newmergedialog/ThreeWayMergeHeaderView.java
9,src/main/java/org/jabref/logic/importer/fileformat/MedlinePlainImporter.java
1,src/main/java/org/jabref/gui/preferences/linkedfiles/LinkedFilesTab.java
1,src/main/java/org/jabref/logic/bibtex/comparator/CrossRefEntryComparator.java
9,src/test/java/org/jabref/logic/importer/fetcher/MedlineFetcherTest.java
1,src/main/java/org/jabref/gui/libraryproperties/LibraryPropertiesView.java
5,src/test/java/org/jabref/model/TreeNodeTestData.java
4,src/main/java/org/jabref/gui/autocompleter/AppendPersonNamesStrategy.java
1,src/main/java/org/jabref/logic/util/strings/StringSimilarity.java
9,src/main/java/org/jabref/logic/l10n/Language.java
5,src/main/java/org/jabref/model/entry/CanonicalBibEntry.java
7,src/main/java/org/jabref/gui/entryeditor/PreviewTab.java
1,src/test/java/org/jabref/logic/l10n/LanguageTest.java
7,src/main/java/org/jabref/gui/util/TaskExecutor.java
4,src/main/java/org/jabref/gui/specialfields/SpecialFieldValueViewModel.java
1,src/main/java/org/jabref/gui/exporter/SaveAllAction.java
1,src/main/java/org/jabref/gui/push/PushToVimSettings.java
9,src/main/java/org/jabref/logic/openoffice/action/ManageCitations.java
6,src/main/java/org/jabref/gui/util/uithreadaware/UiThreadChangeListener.java
1,src/main/java/org/jabref/gui/specialfields/SpecialFieldValueViewModel.java
9,src/main/java/org/jabref/logic/crawler/StudyFetcher.java
9,src/test/java/org/jabref/logic/importer/fileformat/PdfEmbeddedBibFileImporterTest.java
7,src/main/java/org/jabref/gui/undo/UndoablePreambleChange.java
4,src/main/java/org/jabref/gui/entryeditor/fileannotationtab/FileAnnotationTab.java
6,src/main/java/org/jabref/gui/keyboard/CodeAreaKeyBindings.java
6,src/test/java/org/jabref/logic/layout/format/ReplaceTest.java
7,src/main/java/org/jabref/gui/util/BackgroundTask.java
4,src/main/java/org/jabref/gui/FallbackExceptionHandler.java
1,src/main/java/org/jabref/logic/importer/fileformat/medline/OtherId.java
7,src/main/java/org/jabref/gui/fieldeditors/UrlEditor.java
12,src/main/java/org/jabref/model/openoffice/style/CompareCitation.java
9,src/main/java/org/jabref/logic/importer/fileformat/RisImporter.java
9,src/main/java/org/jabref/model/paging/Page.java
1,src/main/java/org/jabref/logic/layout/format/AuthorOrgSci.java
9,src/main/java/org/jabref/logic/journals/AbbreviationFormat.java
4,src/main/java/org/jabref/gui/importer/ImportAction.java
4,src/test/java/org/jabref/logic/cleanup/DoiCleanupTest.java
9,src/main/java/org/jabref/logic/integrity/IntegrityMessage.java
9,src/main/java/org/jabref/model/entry/KeywordList.java
10,src/main/java/org/jabref/cli/AuxCommandLine.java
1,src/main/java/org/jabref/gui/autocompleter/PersonNameStringConverter.java
5,src/main/java/org/jabref/model/entry/field/BiblatexSoftwareField.java
6,src/main/java/org/jabref/gui/externalfiles/FileFilterUtils.java
1,src/main/java/org/jabref/model/database/event/EntriesAddedEvent.java
9,src/test/java/org/jabref/logic/importer/fetcher/DOABFetcherTest.java
6,src/main/java/org/jabref/gui/journals/UndoableAbbreviator.java
6,src/main/java/org/jabref/gui/util/ViewModelTableRowFactory.java
4,src/main/java/org/jabref/gui/copyfiles/CopyFilesResultListDependency.java
7,src/main/java/org/jabref/gui/util/TooltipTextUtil.java
4,src/main/java/org/jabref/logic/l10n/Encodings.java
6,src/main/java/org/jabref/logic/importer/fetcher/BvbFetcher.java
9,src/main/java/org/jabref/model/metadata/event/MetaDataChangedEvent.java
12,src/main/java/org/jabref/model/search/matchers/MatcherSets.java
6,src/main/java/org/jabref/gui/edit/CopyMoreAction.java
4,src/main/java/org/jabref/logic/importer/fetcher/IacrEprintFetcher.java
4,src/test/java/org/jabref/logic/bst/util/BstWidthCalculatorTest.java
7,src/test/java/org/jabref/gui/util/comparator/RankingFieldComparatorTest.java
1,src/test/java/org/jabref/gui/util/comparator/SpecialFieldComparatorTest.java
4,src/test/java/org/jabref/logic/importer/fileformat/EndnoteXmlImporterFilesTest.java
9,src/test/java/org/jabref/logic/cleanup/TimeStampToModificationDateTest.java
1,src/test/java/org/jabref/logic/protectedterms/ProtectedTermsListTest.java
9,src/test/java/org/jabref/logic/util/FileNameCleanerTest.java
4,src/main/java/org/jabref/gui/collab/DatabaseChangeDetailsView.java
5,src/main/java/org/jabref/model/openoffice/uno/UnoSelection.java
6,src/main/java/org/jabref/logic/msbib/MSBibDatabase.java
12,src/test/java/org/jabref/model/entry/EntryLinkListTest.java
7,src/test/java/org/jabref/gui/autocompleter/ContentSelectorSuggestionProviderTest.java
6,src/test/java/org/jabref/logic/exporter/FieldFormatterCleanupsTest.java
4,src/main/java/org/jabref/gui/collab/ExternalChangesResolverViewModel.java
9,src/main/java/org/jabref/model/entry/types/SystematicLiteratureReviewStudyEntryType.java
12,src/main/java/org/jabref/model/openoffice/uno/UnoTextDocument.java
6,src/main/java/org/jabref/logic/formatter/bibtexfields/OrdinalsToSuperscriptFormatter.java
6,src/main/java/org/jabref/gui/fieldeditors/AbstractEditorViewModel.java
7,src/main/java/org/jabref/gui/util/ColorUtil.java
1,src/test/java/org/jabref/logic/layout/format/AuthorFirstAbbrLastOxfordCommasTest.java
7,src/test/java/org/jabref/gui/autocompleter/PersonNameSuggestionProviderTest.java
1,src/main/java/org/jabref/gui/commonfxcontrols/SortCriterionViewModel.java
1,src/main/java/org/jabref/logic/bst/util/BstWidthCalculator.java
1,src/test/java/org/jabref/logic/importer/fileformat/BiblioscapeImporterFilesTest.java
10,src/test/java/org/jabref/cli/ArgumentProcessorTest.java
9,src/test/java/org/jabref/logic/integrity/ISSNCheckerTest.java
1,src/main/java/org/jabref/logic/importer/util/ShortDOIServiceException.java
7,src/main/java/org/jabref/gui/help/ErrorConsoleAction.java
6,src/main/java/org/jabref/gui/entryeditor/DeprecatedFieldsTab.java
4,src/main/java/org/jabref/gui/edit/automaticfiededitor/AutomaticFieldEditorTab.java
9,src/main/java/org/jabref/logic/integrity/EntryChecker.java
9,src/test/java/org/jabref/logic/shared/security/PasswordTest.java
4,src/test/java/org/jabref/logic/remote/RemoteCommunicationTest.java
1,src/test/java/org/jabref/logic/importer/fetcher/transformers/ScholarQueryTransformerTest.java
4,src/test/java/org/jabref/logic/integrity/TitleCheckerTest.java
9,src/main/java/org/jabref/model/openoffice/uno/UnoReferenceMark.java
1,src/test/java/org/jabref/logic/shared/SynchronizationSimulatorTest.java
6,src/main/java/org/jabref/gui/DialogService.java
9,src/main/java/org/jabref/logic/importer/WebFetchers.java
9,src/test/java/org/jabref/logic/remote/RemotePreferencesTest.java
1,src/test/java/org/jabref/logic/formatter/bibtexfields/NormalizeEnDashesFormatterTest.java
6,src/test/java/org/jabref/gui/autocompleter/AutoCompleterUtil.java
6,src/main/java/org/jabref/gui/fieldeditors/OwnerEditorViewModel.java
2,src/main/java/org/jabref/cli/ArgumentProcessor.java
1,src/test/java/org/jabref/logic/l10n/LocalizationEntry.java
9,src/main/java/org/jabref/logic/layout/format/RemoveWhitespace.java
6,src/test/java/org/jabref/logic/integrity/UrlCheckerTest.java
9,src/main/java/org/jabref/model/groups/RegexKeywordGroup.java
7,src/main/java/org/jabref/gui/externalfiles/FileExtensionViewModel.java
6,src/main/java/org/jabref/gui/util/ViewModelTreeCellFactory.java
1,src/main/java/org/jabref/logic/layout/format/AuthorAndsCommaReplacer.java
1,src/main/java/org/jabref/logic/integrity/NoBibtexFieldChecker.java
7,src/main/java/org/jabref/gui/fieldeditors/identifier/BaseIdentifierEditorViewModel.java
4,src/main/java/org/jabref/logic/importer/fetcher/transformers/ScholarQueryTransformer.java
5,src/main/java/org/jabref/model/entry/event/EntryChangedEvent.java
7,src/main/java/org/jabref/gui/journals/UndoableUnabbreviator.java
1,src/main/java/org/jabref/logic/shared/DBMSSynchronizer.java
4,src/main/java/org/jabref/logic/remote/client/RemoteClient.java
6,src/main/java/org/jabref/logic/importer/util/GroupsParser.java
9,src/main/java/org/jabref/model/study/QueryResult.java
1,src/main/java/org/jabref/logic/externalfiles/ExternalFilesContentImporter.java
1,src/main/java/org/jabref/logic/layout/StringInt.java
1,src/test/java/org/jabref/logic/journals/AbbreviationTest.java
5,src/test/java/org/jabref/model/search/rules/GrammarBasedSearchRuleTest.java
1,src/main/java/org/jabref/logic/integrity/ValueChecker.java
4,src/main/java/org/jabref/model/util/ResultingStringState.java
6,src/test/java/org/jabref/logic/integrity/CitationKeyCheckerTest.java
1,src/main/java/org/jabref/gui/citationkeypattern/GenerateCitationKeyAction.java
6,src/test/java/org/jabref/logic/util/strings/StringManipulatorTest.java
6,src/test/java/org/jabref/logic/layout/format/AuthorFirstLastCommasTest.java
1,src/test/java/org/jabref/logic/importer/fetcher/JstorFetcherTest.java
1,src/test/java/org/jabref/logic/util/VersionTest.java
1,src/main/java/org/jabref/model/openoffice/uno/UnoCrossRef.java
4,src/main/java/org/jabref/gui/fieldeditors/JournalEditor.java
9,src/test/java/org/jabref/logic/importer/fileformat/CitaviXmlImporterFilesTest.java
6,src/main/java/org/jabref/gui/specialfields/SpecialFieldViewModel.java
1,src/main/java/org/jabref/gui/push/PushToLyxSettings.java
1,src/test/java/org/jabref/logic/exporter/YamlExporterTest.java
6,src/main/java/org/jabref/logic/shared/event/ConnectionLostEvent.java
9,src/main/java/org/jabref/model/entry/identifier/MathSciNetId.java
12,src/test/java/org/jabref/model/entry/field/SpecialFieldTest.java
7,src/main/java/org/jabref/gui/mergeentries/newmergedialog/fieldsmerger/GroupMerger.java
6,src/main/java/org/jabref/logic/exporter/GroupSerializer.java
6,src/main/java/org/jabref/model/openoffice/rangesort/RangeSortEntry.java
7,src/main/java/org/jabref/gui/preferences/entryeditortabs/CustomEditorFieldsTab.java
7,src/test/java/org/jabref/gui/autocompleter/FieldValueSuggestionProviderTest.java
6,src/test/java/org/jabref/logic/integrity/ISBNCheckerTest.java
1,src/main/java/org/jabref/gui/mergeentries/newmergedialog/cell/sidebuttons/ToggleMergeUnmergeButton.java
6,src/main/java/org/jabref/gui/util/uithreadaware/UiThreadObservableList.java
12,src/main/java/org/jabref/model/openoffice/style/CitationPath.java
4,src/test/java/org/jabref/gui/keyboard/KeyBindingsTabModelTest.java
4,src/main/java/org/jabref/gui/preferences/AbstractPreferenceTabView.java
6,src/test/java/org/jabref/logic/l10n/LocalizationParser.java
7,src/main/java/org/jabref/gui/openoffice/StyleSelectItemViewModel.java
5,src/main/java/org/jabref/model/openoffice/rangesort/RangeSortVisual.java
1,src/main/java/org/jabref/logic/importer/fetcher/isbntobibtex/IsbnFetcher.java
4,src/test/java/org/jabref/gui/preferences/journals/JournalAbbreviationsViewModelTabTest.java
6,src/main/java/org/jabref/gui/mergeentries/newmergedialog/cell/FieldNameCell.java
1,src/main/java/org/jabref/logic/help/HelpFile.java
4,src/main/java/org/jabref/logic/xmp/EncryptedPdfsNotSupportedException.java
7,src/main/java/org/jabref/gui/cleanup/CleanupDialog.java
4,src/main/java/org/jabref/model/database/BibDatabaseContext.java
4,src/main/java/org/jabref/model/entry/field/UnknownField.java
4,src/main/java/org/jabref/gui/preferences/external/ExternalTab.java
4,src/test/java/org/jabref/logic/exporter/MSBibExportFormatFilesTest.java
12,src/main/java/org/jabref/model/entry/KeywordList.java
12,src/main/java/org/jabref/model/groups/AutomaticPersonsGroup.java
1,src/main/java/org/jabref/gui/importer/actions/GUIPostOpenAction.java
7,src/main/java/org/jabref/gui/collab/entrychange/EntryWithPreviewAndSourceDetailsView.java
7,src/main/java/org/jabref/gui/groups/UndoableChangeEntriesOfGroup.java
1,src/test/java/org/jabref/logic/importer/fileformat/IsiImporterTest.java
1,src/main/java/org/jabref/logic/shared/DBMSType.java
4,src/main/java/org/jabref/gui/preferences/externalfiletypes/EditExternalFileTypeEntryDialog.java
1,src/main/java/org/jabref/gui/entryeditor/OptionalFieldsTab.java
9,src/main/java/org/jabref/logic/formatter/bibtexfields/RegexFormatter.java
6,src/test/java/org/jabref/logic/layout/format/AuthorFirstFirstCommasTest.java
4,src/main/java/org/jabref/logic/openoffice/style/OOPreFormatter.java
4,src/main/java/org/jabref/gui/preferences/PreferencesDialogViewModel.java
12,src/main/java/org/jabref/model/entry/BibEntryType.java
9,src/main/java/org/jabref/logic/layout/TextBasedPreviewLayout.java
6,src/test/java/org/jabref/logic/importer/fileformat/MsBibImporterTest.java
4,src/test/java/org/jabref/logic/integrity/NoBibTexFieldCheckerTest.java
4,src/main/java/org/jabref/gui/LibraryTab.java
7,src/main/java/org/jabref/gui/util/DialogWindowState.java
7,src/main/java/org/jabref/gui/edit/automaticfiededitor/AbstractAutomaticFieldEditorTabView.java
1,src/main/java/org/jabref/logic/bibtex/comparator/BibDatabaseDiff.java
1,src/main/java/org/jabref/gui/edit/CopyDoiUrlAction.java
4,src/main/java/org/jabref/logic/openoffice/frontend/RangeForOverlapCheck.java
1,src/main/java/org/jabref/gui/mergeentries/newmergedialog/cell/sidebuttons/InfoButton.java
9,src/test/java/org/jabref/logic/importer/FulltextFetchersTest.java
6,src/main/java/org/jabref/logic/formatter/bibtexfields/HtmlToLatexFormatter.java
4,src/main/java/org/jabref/gui/undo/UndoableFieldChange.java
7,src/main/java/org/jabref/gui/importer/ImporterViewModel.java
4,src/test/java/org/jabref/logic/layout/format/ShortMonthFormatterTest.java
6,src/main/java/org/jabref/gui/help/NewVersionDialog.java
4,src/main/java/org/jabref/logic/util/strings/StringLengthComparator.java
9,src/test/java/org/jabref/logic/texparser/TexBibEntriesResolverTest.java
6,src/main/java/org/jabref/gui/help/HelpAction.java
6,src/main/java/org/jabref/logic/importer/fetcher/DiVA.java
1,src/main/java/org/jabref/logic/citationkeypattern/AbstractCitationKeyPattern.java
4,src/test/java/org/jabref/logic/bibtex/FieldWriterTest.java
9,src/test/java/org/jabref/logic/layout/format/AuthorNatBibTest.java
1,src/main/java/org/jabref/logic/integrity/EditionChecker.java
6,src/main/java/org/jabref/model/search/rules/GrammarBasedSearchRule.java
1,src/main/java/org/jabref/gui/collab/preamblechange/PreambleChange.java
6,src/main/java/org/jabref/gui/commonfxcontrols/SaveOrderConfigPanelViewModel.java
9,src/test/java/org/jabref/logic/formatter/bibtexfields/RemoveDigitsFormatterTest.java
6,src/main/java/org/jabref/gui/groups/GroupViewMode.java
9,src/test/java/org/jabref/model/entry/field/BibFieldTest.java
4,src/main/java/org/jabref/logic/layout/format/CurrentDate.java
9,src/test/java/org/jabref/logic/formatter/casechanger/LowerCaseFormatterTest.java
9,src/main/java/org/jabref/model/openoffice/uno/CreationException.java
4,src/main/java/org/jabref/gui/autocompleter/PersonNameSuggestionProvider.java
9,src/main/java/org/jabref/logic/citationstyle/CitationStyle.java
6,src/test/java/org/jabref/logic/citationkeypattern/AbstractCitationKeyPatternTest.java
6,src/main/java/org/jabref/model/util/MultiKeyMap.java
7,src/main/java/org/jabref/gui/push/PushToLyx.java
5,src/main/java/org/jabref/model/groups/AutomaticPersonsGroup.java
6,src/main/java/org/jabref/model/openoffice/ootext/OOFormat.java
1,src/test/java/org/jabref/gui/preferences/journals/JournalAbbreviationsViewModelTabTest.java
4,src/main/java/org/jabref/model/util/OptionalUtil.java
7,src/main/java/org/jabref/gui/collab/DatabaseChangesResolverDialog.java
6,src/main/java/org/jabref/gui/logging/GuiWriter.java
9,src/main/java/org/jabref/logic/shared/DatabaseLocation.java
1,src/main/java/org/jabref/logic/integrity/EntryLinkChecker.java
6,src/main/java/org/jabref/model/util/DummyFileUpdateMonitor.java
5,src/main/java/org/jabref/model/entry/types/BiblatexEntryTypeDefinitions.java
9,src/main/java/org/jabref/logic/bibtex/comparator/BibDatabaseDiff.java
7,src/main/java/org/jabref/gui/preferences/AbstractPreferenceTabView.java
9,src/test/java/org/jabref/logic/formatter/bibtexfields/ShortenDOIFormatterTest.java
1,src/main/java/org/jabref/logic/integrity/PersonNamesChecker.java
9,src/test/java/org/jabref/logic/exporter/MsBibExportFormatTest.java
1,src/main/java/org/jabref/logic/layout/format/Authors.java
1,src/test/java/org/jabref/logic/layout/format/ReplaceUnicodeLigaturesFormatterTest.java
9,src/test/java/org/jabref/logic/integrity/ISBNCheckerTest.java
6,src/main/java/org/jabref/gui/edit/automaticfiededitor/AutomaticFieldEditorAction.java
4,src/test/java/org/jabref/gui/autocompleter/ContentSelectorSuggestionProviderTest.java
6,src/main/java/org/jabref/model/database/event/EntriesRemovedEvent.java
6,src/main/java/org/jabref/model/entry/types/UnknownEntryType.java
6,src/main/java/org/jabref/gui/util/DirectoryDialogConfiguration.java
7,src/main/java/org/jabref/gui/fieldeditors/DateEditorViewModel.java
7,src/test/java/org/jabref/gui/libraryproperties/contentselectors/ContentSelectorViewModelTest.java
6,src/main/java/org/jabref/gui/desktop/os/OSX.java
5,src/main/java/org/jabref/model/entry/types/IEEETranEntryTypeDefinitions.java
7,src/main/java/org/jabref/gui/bibtexextractor/ExtractBibtexDialog.java
6,src/main/java/org/jabref/model/entry/EntryConverter.java
6,src/test/java/org/jabref/model/entry/BibEntryTypesManagerTest.java
6,src/main/java/org/jabref/gui/BasePanelMode.java
7,src/test/java/org/jabref/gui/search/TextFlowEqualityHelper.java
6,src/main/java/org/jabref/logic/openoffice/action/Update.java
9,src/test/java/org/jabref/logic/integrity/DoiDuplicationCheckerTest.java
6,src/main/java/org/jabref/logic/integrity/CitationKeyDuplicationChecker.java
6,src/main/java/org/jabref/logic/importer/fetcher/transformers/IEEEQueryTransformer.java
4,src/test/java/org/jabref/logic/layout/format/AuthorAndsCommaReplacerTest.java
1,src/main/java/org/jabref/gui/collab/stringrename/BibTexStringRename.java
6,src/test/java/org/jabref/logic/layout/format/FileLinkTest.java
6,src/test/java/org/jabref/logic/importer/BibDatabaseFilesTest.java
1,src/main/java/org/jabref/gui/edit/automaticfiededitor/AbstractAutomaticFieldEditorTabViewModel.java
5,src/main/java/org/jabref/model/groups/LastNameGroup.java
4,src/main/java/org/jabref/gui/maintable/ColumnPreferences.java
6,src/main/java/org/jabref/logic/openoffice/action/ManageCitations.java
1,src/test/java/org/jabref/logic/integrity/NoBibTexFieldCheckerTest.java
4,src/main/java/org/jabref/logic/util/CoarseChangeFilter.java
9,src/test/java/org/jabref/logic/layout/format/AuthorFirstFirstTest.java
1,src/main/java/org/jabref/logic/exporter/OpenDocumentRepresentation.java
1,src/main/java/org/jabref/logic/shared/security/Password.java
4,src/main/java/org/jabref/logic/protectedterms/ProtectedTermsParser.java
4,src/main/java/org/jabref/gui/sidepane/SidePaneType.java
9,src/main/java/org/jabref/logic/layout/format/Default.java
6,src/main/java/org/jabref/logic/formatter/bibtexfields/NormalizePagesFormatter.java
4,src/main/java/org/jabref/gui/preferences/general/GeneralTab.java
7,src/main/java/org/jabref/gui/mergeentries/newmergedialog/ThreeWayMergeView.java
1,src/main/java/org/jabref/gui/fieldeditors/identifier/IdentifierEditor.java
4,src/test/java/org/jabref/logic/bibtex/comparator/BibStringDiffTest.java
1,src/main/java/org/jabref/model/util/DummyFileUpdateMonitor.java
4,src/test/java/org/jabref/logic/importer/fileformat/PdfContentImporterFilesTest.java
4,src/main/java/org/jabref/gui/fieldeditors/LinkedEntriesEditorViewModel.java
1,src/main/java/org/jabref/logic/layout/format/Iso690FormatDate.java
1,src/test/java/org/jabref/model/entry/field/SpecialFieldTest.java
4,src/test/java/org/jabref/gui/autocompleter/AppendPersonNamesStrategyTest.java
7,src/main/java/org/jabref/gui/slr/SlrStudyAndDirectory.java
6,src/main/java/org/jabref/gui/maintable/MainTableFieldValueFormatter.java
1,src/main/java/org/jabref/logic/l10n/Localization.java
4,src/main/java/org/jabref/gui/preferences/linkedfiles/LinkedFilesTabViewModel.java
6,src/main/java/org/jabref/model/entry/field/FieldFactory.java
1,src/main/java/org/jabref/model/study/FetchResult.java
4,src/test/java/org/jabref/logic/exporter/AtomicFileOutputStreamTest.java
4,src/main/java/org/jabref/logic/importer/fetcher/OpenAccessDoi.java
6,src/test/java/org/jabref/logic/importer/fileformat/EndnoteImporterTest.java
1,src/main/java/org/jabref/logic/integrity/BibStringChecker.java
6,src/test/java/org/jabref/model/search/rules/ContainsBasedSearchRuleTest.java
9,src/test/java/org/jabref/logic/texparser/DefaultTexParserTest.java
4,src/main/java/org/jabref/logic/importer/util/IdentifierParser.java
6,src/main/java/org/jabref/logic/JabRefException.java
7,src/main/java/org/jabref/gui/preferences/external/ExternalTabViewModel.java
9,src/main/java/org/jabref/model/pdf/search/SearchFieldConstants.java
1,src/main/java/org/jabref/gui/documentviewer/DocumentViewerView.java
4,src/test/java/org/jabref/logic/formatter/minifier/TruncateFormatterTest.java
1,src/main/java/org/jabref/logic/bibtex/comparator/PreambleDiff.java
7,src/main/java/org/jabref/gui/libraryproperties/LibraryPropertiesAction.java
4,src/main/java/org/jabref/gui/slr/StartNewStudyAction.java
4,src/main/java/org/jabref/model/entry/EntryLinkList.java
6,src/main/java/org/jabref/gui/edit/automaticfiededitor/copyormovecontent/CopyOrMoveFieldContentTabView.java
7,src/main/java/org/jabref/gui/entryeditor/SourceTab.java
1,src/main/java/org/jabref/logic/integrity/UrlChecker.java
7,src/main/java/org/jabref/gui/preferences/nameformatter/NameFormatterTabViewModel.java
7,src/main/java/org/jabref/gui/autocompleter/AppendWordsStrategy.java
7,src/main/java/org/jabref/gui/externalfiles/AutoSetFileLinksUtil.java
1,src/main/java/org/jabref/gui/keyboard/TextInputKeyBindings.java
4,src/main/java/org/jabref/logic/exporter/SaveException.java
4,src/main/java/org/jabref/logic/layout/format/Ordinal.java
4,src/main/java/org/jabref/gui/icon/JabRefIconView.java
6,src/main/java/org/jabref/gui/fieldeditors/UrlEditor.java
1,src/test/java/org/jabref/logic/importer/fileformat/PdfGrobidImporterTest.java
4,src/main/java/org/jabref/model/database/event/AutosaveEvent.java
4,src/main/java/org/jabref/logic/formatter/Formatters.java
9,src/main/java/org/jabref/logic/msbib/MSBibEntry.java
6,src/main/java/org/jabref/logic/util/Version.java
9,src/test/java/org/jabref/logic/importer/fileformat/RISImporterTest.java
4,src/test/java/org/jabref/logic/exporter/DocbookExporterTest.java
12,src/main/java/org/jabref/model/openoffice/util/OOResult.java
9,src/main/java/org/jabref/model/database/KeyCollisionException.java
4,src/main/java/org/jabref/gui/externalfiles/AutoSetFileLinksUtil.java
4,src/test/java/org/jabref/logic/formatter/casechanger/LowerCaseFormatterTest.java
6,src/test/java/org/jabref/logic/integrity/NoBibTexFieldCheckerTest.java
1,src/test/java/org/jabref/logic/integrity/BracketCheckerTest.java
1,src/main/java/org/jabref/gui/util/uithreadaware/UiThreadObservableList.java
4,src/main/java/org/jabref/gui/documentviewer/PdfDocumentViewModel.java
6,src/main/java/org/jabref/logic/importer/ImportException.java
9,src/main/java/org/jabref/model/entry/identifier/IacrEprint.java
1,src/main/java/org/jabref/logic/shared/DatabaseConnection.java
4,src/main/java/org/jabref/gui/autocompleter/ReplaceStrategy.java
6,src/main/java/org/jabref/logic/importer/fetcher/GrobidPreferences.java
9,src/test/java/org/jabref/model/entry/BibtexStringTest.java
12,src/main/java/org/jabref/model/openoffice/style/CitedKeys.java
1,src/main/java/org/jabref/model/study/Study.java
4,src/test/java/org/jabref/logic/formatter/bibtexfields/UnitsToLatexFormatterTest.java
1,src/main/java/org/jabref/logic/importer/fetcher/GvkFetcher.java
4,src/main/java/org/jabref/gui/texparser/ParseLatexAction.java
1,src/test/java/org/jabref/logic/importer/fetcher/MedlineFetcherTest.java
6,src/test/java/org/jabref/logic/msbib/MsBibMappingTest.java
6,src/main/java/org/jabref/logic/shared/event/UpdateRefusedEvent.java
1,src/main/java/org/jabref/gui/exporter/ExportCommand.java
1,src/main/java/org/jabref/model/search/SearchMatcher.java
1,src/main/java/org/jabref/logic/importer/fetcher/ACMPortalFetcher.java
6,src/main/java/org/jabref/gui/collab/groupchange/GroupChange.java
6,src/main/java/org/jabref/logic/layout/format/AuthorNatBib.java
4,src/main/java/org/jabref/gui/util/ColorUtil.java
6,src/test/java/org/jabref/logic/importer/fetcher/transformers/ArXivQueryTransformerTest.java
6,src/test/java/org/jabref/logic/layout/format/HTMLCharsTest.java
6,src/test/java/org/jabref/gui/preferences/journals/JournalAbbreviationsViewModelTabTest.java
1,src/main/java/org/jabref/logic/shared/PostgreSQLProcessor.java
1,src/main/java/org/jabref/gui/fieldeditors/LinkedFilesEditorViewModel.java
4,src/main/java/org/jabref/gui/util/uithreadaware/UiThreadBinding.java
4,src/main/java/org/jabref/gui/maintable/columns/FieldColumn.java
7,src/test/java/org/jabref/gui/edit/ManageKeywordsViewModelTest.java
1,src/main/java/org/jabref/gui/mergeentries/MergeEntriesAction.java
6,src/test/java/org/jabref/logic/layout/format/NameFormatterTest.java
1,src/test/java/org/jabref/logic/exporter/MetaDataSerializerTest.java
7,src/main/java/org/jabref/gui/util/NoSelectionModel.java
6,src/test/java/org/jabref/logic/formatter/bibtexfields/RemoveBracesFormatterTest.java
7,src/main/java/org/jabref/gui/theme/StyleSheetDataUrl.java
4,src/main/java/org/jabref/logic/importer/Parser.java
1,src/test/java/org/jabref/gui/autocompleter/PersonNameSuggestionProviderTest.java
9,src/main/java/org/jabref/logic/integrity/EditionChecker.java
1,src/main/java/org/jabref/logic/formatter/casechanger/LowerCaseFormatter.java
5,src/test/java/org/jabref/model/entry/BibEntryTest.java
4,src/test/java/org/jabref/model/entry/AuthorTest.java
6,src/main/java/org/jabref/gui/LibraryTab.java
6,src/main/java/org/jabref/model/entry/types/BiblatexEntryTypeDefinitions.java
6,src/main/java/org/jabref/gui/edit/ManageKeywordsDialog.java
1,src/main/java/org/jabref/gui/maintable/NameDisplayPreferences.java
9,src/main/java/org/jabref/model/entry/field/Field.java
6,src/test/java/org/jabref/logic/util/UpdateFieldTest.java
6,src/main/java/org/jabref/logic/formatter/bibtexfields/TrimWhitespaceFormatter.java
4,src/main/java/org/jabref/logic/importer/AuthorListParser.java
7,src/main/java/org/jabref/gui/maintable/RightClickMenu.java
7,src/main/java/org/jabref/gui/commonfxcontrols/FieldFormatterCleanupsPanelViewModel.java
4,src/main/java/org/jabref/logic/integrity/PersonNamesChecker.java
1,src/main/java/org/jabref/logic/bibtex/comparator/IdComparator.java
12,src/main/java/org/jabref/model/openoffice/style/CompareCitedKey.java
4,src/main/java/org/jabref/logic/importer/fileformat/EndnoteXmlImporter.java
4,src/main/java/org/jabref/gui/entryeditor/EntryEditor.java
1,src/test/java/org/jabref/logic/bibtex/comparator/BibDatabaseDiffTest.java
4,src/main/java/org/jabref/logic/importer/util/FileFieldParser.java
6,src/main/java/org/jabref/logic/importer/fetcher/transformers/ArXivQueryTransformer.java
4,src/main/java/org/jabref/gui/preferences/protectedterms/ProtectedTermsTab.java
9,src/main/java/org/jabref/logic/importer/util/IdentifierParser.java
1,src/test/java/org/jabref/gui/UpdateTimestampListenerTest.java
4,src/test/java/org/jabref/model/database/BibDatabaseContextTest.java
12,src/main/java/org/jabref/model/search/matchers/MatcherSet.java
9,src/test/java/org/jabref/model/entry/identifier/ISSNTest.java
1,src/main/java/org/jabref/model/openoffice/rangesort/RangeHolder.java
6,src/test/java/org/jabref/model/groups/GroupTreeNodeTest.java
9,src/main/java/org/jabref/model/entry/field/FieldPriority.java
1,src/test/java/org/jabref/logic/importer/ParserResultTest.java
6,src/test/java/org/jabref/logic/auxparser/DefaultAuxParserTest.java
4,src/test/java/org/jabref/logic/importer/fetcher/MrDLibFetcherTest.java
6,src/main/java/org/jabref/gui/autocompleter/BibEntrySuggestionProvider.java
1,src/main/java/org/jabref/gui/util/DefaultTaskExecutor.java
6,src/test/java/org/jabref/logic/importer/fetcher/MrDLibFetcherTest.java
6,src/main/java/org/jabref/gui/exporter/ExporterViewModel.java
9,src/test/java/org/jabref/logic/integrity/BracketCheckerTest.java
1,src/main/java/org/jabref/model/openoffice/rangesort/RangeOverlapWithin.java
4,src/main/java/org/jabref/logic/msbib/PageNumbers.java
5,src/test/java/org/jabref/model/groups/ExplicitGroupTest.java
12,src/main/java/org/jabref/model/util/TreeCollector.java
5,src/main/java/org/jabref/model/openoffice/uno/CreationException.java
6,src/test/java/org/jabref/logic/formatter/bibtexfields/OrdinalsToSuperscriptFormatterTest.java
6,src/test/java/org/jabref/logic/texparser/DefaultTexParserTest.java
1,src/test/java/org/jabref/logic/importer/fetcher/transformers/SpringerQueryTransformerTest.java
4,src/test/java/org/jabref/logic/bibtex/comparator/CrossRefEntryComparatorTest.java
9,src/main/java/org/jabref/logic/shared/DBMSConnection.java
4,src/test/java/org/jabref/logic/util/strings/StringSimilarityTest.java
4,src/main/java/org/jabref/logic/layout/format/AuthorFirstLastOxfordCommas.java
4,src/main/java/org/jabref/logic/openoffice/OpenOfficePreferences.java
1,src/main/java/org/jabref/gui/commonfxcontrols/CitationKeyPatternPanelViewModel.java
4,src/test/java/org/jabref/logic/bst/util/BstCaseChangersTest.java
7,src/main/java/org/jabref/gui/maintable/OpenUrlAction.java
1,src/main/java/org/jabref/gui/groups/GroupTreeViewModel.java
6,src/main/java/org/jabref/gui/entryeditor/FieldsEditorTab.java
1,src/main/java/org/jabref/model/openoffice/ootext/OOFormat.java
9,src/test/java/org/jabref/logic/layout/format/NameFormatterTest.java
1,src/main/java/org/jabref/logic/citationstyle/CitationStylePreviewLayout.java
1,src/main/java/org/jabref/logic/formatter/casechanger/TitleParser.java
1,src/test/java/org/jabref/logic/layout/format/FirstPageTest.java
1,src/main/java/org/jabref/gui/externalfiles/DownloadFullTextAction.java
4,src/main/java/org/jabref/logic/formatter/bibtexfields/EscapeUnderscoresFormatter.java
5,src/main/java/org/jabref/model/database/BibDatabases.java
1,src/test/java/org/jabref/logic/bst/util/BstWidthCalculatorTest.java
1,src/main/java/org/jabref/logic/util/strings/StringManipulator.java
1,src/main/java/org/jabref/gui/mergeentries/newmergedialog/FieldRowViewModel.java
1,src/main/java/org/jabref/logic/importer/ImporterPreferences.java
6,src/main/java/org/jabref/logic/integrity/DateChecker.java
1,src/main/java/org/jabref/model/database/BibDatabaseModeDetection.java
9,src/test/java/org/jabref/logic/importer/DatabaseFileLookupTest.java
6,src/test/java/org/jabref/logic/auxparser/AuxParserTest.java
9,src/test/java/org/jabref/logic/importer/ImportDataTest.java
6,src/main/java/org/jabref/logic/layout/format/AuthorFirstFirstCommas.java
4,src/test/java/org/jabref/gui/util/OpenConsoleActionTest.java
4,src/main/java/org/jabref/gui/preferences/customentrytypes/FieldViewModel.java
4,src/main/java/org/jabref/gui/maintable/SmartConstrainedResizePolicy.java
4,src/main/java/org/jabref/logic/formatter/bibtexfields/NormalizeNamesFormatter.java
1,src/main/java/org/jabref/gui/maintable/columns/FileColumn.java
9,src/main/java/org/jabref/logic/openoffice/OpenOfficeFileSearch.java
4,src/test/java/org/jabref/logic/importer/fetcher/DoiResolutionTest.java
1,src/main/java/org/jabref/model/texparser/LatexParserResult.java
4,src/test/java/org/jabref/logic/formatter/bibtexfields/LatexCleanupFormatterTest.java
7,src/main/java/org/jabref/gui/push/PushToTexmaker.java
6,src/test/java/org/jabref/logic/importer/fileformat/OvidImporterTest.java
4,src/main/java/org/jabref/gui/maintable/columns/MainTableColumn.java
6,src/main/java/org/jabref/logic/texparser/DefaultLatexParser.java
1,src/main/java/org/jabref/logic/openoffice/style/OOProcessCitationKeyMarkers.java
4,src/main/java/org/jabref/gui/maintable/RightClickMenu.java
9,src/main/java/org/jabref/logic/integrity/YearChecker.java
7,src/main/java/org/jabref/gui/mergeentries/newmergedialog/diffhighlighter/SplitDiffHighlighter.java
4,src/test/java/org/jabref/gui/edit/CopyMoreActionTest.java
4,src/main/java/org/jabref/gui/fieldeditors/PersonsEditorViewModel.java
6,src/main/java/org/jabref/model/search/matchers/MatcherSet.java
9,src/main/java/org/jabref/model/openoffice/uno/UnoTextDocument.java
1,src/main/java/org/jabref/logic/importer/fetcher/AbstractIsbnFetcher.java
7,src/main/java/org/jabref/gui/libraryproperties/PropertiesTabViewModel.java
5,src/main/java/org/jabref/model/util/MultiKeyMap.java
1,src/main/java/org/jabref/gui/importer/NewEntryAction.java
4,src/test/java/org/jabref/logic/importer/fileformat/PdfEmbeddedBibFileImporterTest.java
9,src/main/java/org/jabref/logic/formatter/casechanger/TitleCaseFormatter.java
4,src/main/java/org/jabref/logic/citationstyle/CitationStylePreviewLayout.java
4,src/main/java/org/jabref/gui/autocompleter/SuggestionProviders.java
1,src/main/java/org/jabref/gui/entryeditor/OtherFieldsTab.java
6,src/main/java/org/jabref/logic/formatter/bibtexfields/CleanupUrlFormatter.java
1,src/main/java/org/jabref/gui/util/OptionalObjectProperty.java
1,buildSrc/src/copied/java/org/jabref/logic/journals/AbbreviationParser.java
4,src/main/java/org/jabref/gui/fieldeditors/FieldEditors.java
6,src/test/java/org/jabref/logic/importer/QueryParserTest.java
4,src/main/java/org/jabref/logic/exporter/MetaDataSerializer.java
4,src/main/java/org/jabref/logic/util/io/FileHistory.java
6,src/main/java/org/jabref/logic/formatter/bibtexfields/HtmlToUnicodeFormatter.java
4,src/main/java/org/jabref/logic/citationstyle/CitationStyleGenerator.java
9,src/main/java/org/jabref/logic/openoffice/action/Update.java
1,src/main/java/org/jabref/gui/EntryTypeViewModel.java
1,src/main/java/org/jabref/gui/groups/GroupDialogView.java
1,src/test/java/org/jabref/logic/importer/fetcher/DOABFetcherTest.java
6,src/main/java/org/jabref/logic/util/strings/StringLengthComparator.java
1,src/main/java/org/jabref/logic/TypedBibEntry.java
4,src/test/java/org/jabref/logic/integrity/JournalInAbbreviationListCheckerTest.java
9,src/main/java/org/jabref/logic/l10n/Localization.java
4,src/main/java/org/jabref/logic/bibtex/comparator/EntryComparator.java
1,src/main/java/org/jabref/model/entry/BibtexString.java
7,src/main/java/org/jabref/gui/entryeditor/OtherFieldsTab.java
4,src/main/java/org/jabref/gui/copyfiles/CopySingleFileAction.java
6,src/main/java/org/jabref/gui/preferences/PreferencesSearchHandler.java
1,src/main/java/org/jabref/model/entry/types/BiblatexApaEntryType.java
9,src/main/java/org/jabref/logic/importer/fileformat/MedlineImporter.java
6,src/main/java/org/jabref/gui/mergeentries/newmergedialog/toolbar/ThreeWayMergeToolbar.java
6,src/main/java/org/jabref/logic/importer/fetcher/RfcFetcher.java
4,src/main/java/org/jabref/gui/edit/automaticfiededitor/renamefield/RenameFieldTabView.java
4,src/test/java/org/jabref/logic/importer/fetcher/isbntobibtex/IsbnFetcherTest.java
5,src/test/java/org/jabref/model/TreeNodeTest.java
4,src/main/java/org/jabref/logic/importer/fetcher/GvkFetcher.java
6,src/main/java/org/jabref/gui/importer/fetcher/WebSearchPaneView.java
1,src/main/java/org/jabref/logic/cleanup/DoiCleanup.java
6,src/test/java/org/jabref/logic/integrity/HTMLCharacterCheckerTest.java
5,src/main/java/org/jabref/model/openoffice/style/CitedKey.java
9,src/main/java/org/jabref/logic/importer/fetcher/isbntobibtex/EbookDeIsbnFetcher.java
4,src/main/java/org/jabref/gui/menus/FileHistoryMenu.java
4,src/main/java/org/jabref/gui/specialfields/SpecialFieldsPreferences.java
1,src/main/java/org/jabref/model/database/event/AutosaveEvent.java
9,src/main/java/org/jabref/logic/shared/DatabaseConnectionProperties.java
1,src/main/java/org/jabref/logic/exporter/OpenDocumentSpreadsheetCreator.java
6,src/main/java/org/jabref/logic/journals/AbbreviationWriter.java
4,src/main/java/org/jabref/logic/JabRefException.java
4,src/test/java/org/jabref/logic/importer/fileformat/PdfGrobidImporterTest.java
1,src/test/java/org/jabref/logic/exporter/GroupSerializerTest.java
6,src/test/java/org/jabref/logic/importer/fetcher/transformers/SpringerQueryTransformerTest.java
4,src/main/java/org/jabref/gui/mergeentries/newmergedialog/cell/sidebuttons/ToggleMergeUnmergeButton.java
4,src/main/java/org/jabref/logic/util/FileType.java
12,src/main/java/org/jabref/model/entry/field/IEEEField.java
9,src/test/java/org/jabref/logic/importer/fetcher/transformers/SuffixTransformerTest.java
5,src/test/java/org/jabref/model/groups/AutomaticPersonsGroupTest.java
1,src/main/java/org/jabref/gui/mergeentries/newmergedialog/cell/ThreeWayMergeCellViewModel.java
6,src/main/java/org/jabref/logic/importer/fetcher/OpenAccessDoi.java
12,src/main/java/org/jabref/model/entry/LinkedFile.java
6,src/main/java/org/jabref/gui/mergeentries/newmergedialog/PersonsNameFieldRowView.java
1,src/test/java/org/jabref/logic/layout/format/AuthorLF_FFTest.java
1,src/main/java/org/jabref/model/database/event/ChangePropagation.java
1,src/main/java/org/jabref/gui/util/FileNodeViewModel.java
1,src/test/java/org/jabref/logic/importer/OpenDatabaseTest.java
6,src/test/java/org/jabref/gui/documentviewer/PdfDocumentViewModelTest.java
1,src/main/java/org/jabref/logic/layout/format/CreateDocBook4Authors.java
1,src/main/java/org/jabref/model/openoffice/util/OOPair.java
9,src/test/java/org/jabref/logic/layout/format/IfPluralTest.java
4,src/main/java/org/jabref/model/groups/SearchGroup.java
9,src/main/java/org/jabref/logic/groups/DefaultGroupsFactory.java
1,src/main/java/org/jabref/logic/openoffice/action/EditSeparate.java
4,src/main/java/org/jabref/logic/importer/fileformat/MarcXmlParser.java
6,src/main/java/org/jabref/gui/copyfiles/CopyFilesTask.java
7,src/main/java/org/jabref/gui/externalfiles/UnlinkedPDFFileFilter.java
7,src/main/java/org/jabref/gui/groups/GroupTreeNodeViewModel.java
6,src/test/java/org/jabref/logic/cleanup/TimeStampToCreationDateTest.java
4,src/test/java/org/jabref/model/database/KeyChangeListenerTest.java
6,src/main/java/org/jabref/logic/importer/IdFetcher.java
9,src/main/java/org/jabref/logic/importer/fileformat/medline/PersonalNameSubject.java
4,src/main/java/org/jabref/gui/JabRefGUI.java
6,src/main/java/org/jabref/logic/importer/fetcher/IEEE.java
6,src/test/java/org/jabref/logic/integrity/EditionCheckerTest.java
1,src/main/java/org/jabref/model/entry/types/IEEETranEntryType.java
4,src/main/java/org/jabref/gui/util/FileFilterConverter.java
6,src/main/java/org/jabref/gui/entryeditor/SourceTab.java
1,src/main/java/org/jabref/gui/preferences/keybindings/KeyBindingsTabViewModel.java
6,src/test/java/org/jabref/logic/exporter/GroupSerializerTest.java
9,src/main/java/org/jabref/logic/openoffice/backend/GetContext.java
4,src/main/java/org/jabref/gui/importer/actions/CheckForNewEntryTypesAction.java
1,src/main/java/org/jabref/gui/exporter/ExporterViewModel.java
1,src/main/java/org/jabref/gui/edit/ReplaceStringView.java
6,src/main/java/org/jabref/gui/preferences/journals/AbbreviationsFileViewModel.java
1,src/main/java/org/jabref/model/entry/identifier/IacrEprint.java
9,src/main/java/org/jabref/logic/util/io/FileHistory.java
1,src/test/java/org/jabref/logic/formatter/bibtexfields/EscapeAmpersandsFormatterTest.java
1,src/test/java/org/jabref/logic/cleanup/FieldFormatterCleanupTest.java
9,src/main/java/org/jabref/logic/openoffice/backend/NamedRangeReferenceMark.java
4,src/main/java/org/jabref/model/entry/Date.java
9,src/test/java/org/jabref/logic/bibtex/FieldWriterTest.java
9,src/main/java/org/jabref/logic/xmp/EncryptedPdfsNotSupportedException.java
4,src/main/java/org/jabref/logic/integrity/PagesChecker.java
7,src/main/java/org/jabref/gui/fieldeditors/TextInputControlBehavior.java
1,src/test/java/org/jabref/logic/util/io/FileHistoryTest.java
7,src/main/java/org/jabref/gui/maintable/NameDisplayPreferences.java
6,src/main/java/org/jabref/gui/actions/ActionFactory.java
1,src/test/java/org/jabref/logic/cleanup/RenamePdfCleanupTest.java
6,src/main/java/org/jabref/gui/preferences/ShowPreferencesAction.java
4,src/main/java/org/jabref/gui/search/SearchResultsTable.java
6,src/main/java/org/jabref/logic/formatter/casechanger/Title.java
6,src/test/java/org/jabref/logic/cleanup/TimeStampToModificationDateTest.java
4,src/test/java/org/jabref/logic/importer/fetcher/GoogleScholarTest.java
1,src/main/java/org/jabref/logic/openoffice/action/ExportCited.java
9,src/main/java/org/jabref/model/study/FetchResult.java
4,src/main/java/org/jabref/gui/mergeentries/newmergedialog/toolbar/ThreeWayMergeToolbar.java
4,src/main/java/org/jabref/gui/maintable/OpenFolderAction.java
4,src/main/java/org/jabref/logic/exporter/TemplateExporter.java
9,src/main/java/org/jabref/logic/formatter/bibtexfields/UnitsToLatexFormatter.java
6,src/main/java/org/jabref/gui/preferences/entry/EntryTab.java
9,src/main/java/org/jabref/logic/formatter/casechanger/SentenceCaseFormatter.java
6,src/main/java/org/jabref/logic/formatter/casechanger/ProtectTermsFormatter.java
9,src/test/java/org/jabref/model/database/BibDatabaseModeDetectionTest.java
7,src/main/java/org/jabref/gui/util/uithreadaware/UiThreadListChangeListener.java
9,src/test/java/org/jabref/logic/layout/format/RTFCharsTest.java
4,src/test/java/org/jabref/logic/formatter/bibtexfields/EscapeUnderscoresFormatterTest.java
1,src/main/java/org/jabref/model/openoffice/style/ComparableCitedKey.java
1,src/main/java/org/jabref/model/entry/SharedBibEntryData.java
1,src/main/java/org/jabref/logic/util/DelayTaskThrottler.java
6,src/main/java/org/jabref/logic/texparser/TexBibEntriesResolver.java
1,src/test/java/org/jabref/logic/importer/fetcher/isbntobibtex/DoiToBibtexConverterComIsbnFetcherTest.java
4,src/main/java/org/jabref/gui/util/DirectoryDialogConfiguration.java
1,src/main/java/org/jabref/gui/push/PushToApplicationCommand.java
1,src/main/java/org/jabref/logic/preferences/TimestampPreferences.java
9,src/main/java/org/jabref/logic/journals/AbbreviationParser.java
7,src/main/java/org/jabref/gui/util/ViewModelTextFieldTableCellVisualizationFactory.java
1,src/main/java/org/jabref/model/entry/BibEntry.java
6,src/test/java/org/jabref/logic/importer/fetcher/IEEETest.java
6,src/main/java/org/jabref/gui/linkedfile/AttachFileFromURLAction.java
6,src/main/java/org/jabref/gui/collab/ChangeScanner.java
6,src/main/java/org/jabref/gui/commonfxcontrols/CitationKeyPatternPanelItemModel.java
6,src/main/java/org/jabref/logic/layout/format/AuthorLF_FF.java
12,src/main/java/org/jabref/model/groups/AbstractGroup.java
6,src/main/java/org/jabref/model/pdf/search/EnglishStemAnalyzer.java
12,src/main/java/org/jabref/model/search/rules/GrammarBasedSearchRule.java
4,src/main/java/org/jabref/logic/bibtex/InvalidFieldValueException.java
1,src/main/java/org/jabref/model/strings/LatexToUnicodeAdapter.java
9,src/main/java/org/jabref/logic/integrity/FieldChecker.java
9,src/main/java/org/jabref/logic/importer/fetcher/MrDLibFetcher.java
9,src/test/java/org/jabref/logic/formatter/bibtexfields/EscapeUnderscoresFormatterTest.java
4,src/main/java/org/jabref/logic/importer/util/INSPIREBibtexFilterReader.java
6,src/main/java/org/jabref/gui/help/ErrorConsoleAction.java
10,src/main/java/org/jabref/cli/ArgumentProcessor.java
9,src/test/java/org/jabref/model/entry/KeywordTest.java
5,src/main/java/org/jabref/model/entry/field/IEEEField.java
12,src/test/java/org/jabref/model/entry/field/StandardFieldTest.java
4,src/main/java/org/jabref/logic/exporter/ExporterFactory.java
6,src/main/java/org/jabref/gui/externalfiles/UnlinkedFilesDialogViewModel.java
4,src/main/java/org/jabref/logic/exporter/AtomicFileOutputStream.java
4,src/test/java/org/jabref/logic/exporter/MsBibExportFormatTest.java
6,src/main/java/org/jabref/gui/externalfiles/FileDownloadTask.java
6,src/main/java/org/jabref/gui/undo/UndoableKeyChange.java
9,src/main/java/org/jabref/logic/msbib/BibTeXConverter.java
4,src/test/java/org/jabref/logic/importer/WebFetchersTest.java
7,src/main/java/org/jabref/gui/cleanup/CleanupSingleAction.java
1,src/main/java/org/jabref/logic/integrity/AbbreviationChecker.java
4,src/main/java/org/jabref/logic/formatter/bibtexfields/RemoveHyphenatedNewlinesFormatter.java
4,src/main/java/org/jabref/model/entry/field/OrFields.java
1,src/main/java/org/jabref/gui/backup/BackupResolverDialog.java
5,src/main/java/org/jabref/model/openoffice/style/CitationPath.java
6,src/main/java/org/jabref/gui/preferences/preview/PreviewTabViewModel.java
6,src/main/java/org/jabref/logic/integrity/NoteChecker.java
9,src/main/java/org/jabref/model/entry/identifier/Identifier.java
7,src/main/java/org/jabref/gui/cleanup/CleanupPresetPanel.java
9,buildSrc/src/copied/java/org/jabref/logic/journals/AbbreviationWriter.java
6,src/test/java/org/jabref/logic/layout/format/AuthorLF_FFTest.java
1,src/main/java/org/jabref/logic/cleanup/ConvertToBiblatexCleanup.java
4,src/main/java/org/jabref/gui/documentviewer/ShowDocumentViewerAction.java
7,src/main/java/org/jabref/gui/externalfiles/FileDownloadTask.java
7,src/main/java/org/jabref/gui/fieldeditors/EditorTypeEditorViewModel.java
4,src/main/java/org/jabref/gui/util/comparator/NumericFieldComparator.java
1,src/main/java/org/jabref/logic/integrity/NoteChecker.java
9,src/main/java/org/jabref/model/database/BibDatabase.java
6,src/main/java/org/jabref/gui/bibtexextractor/ExtractBibtexDialog.java
1,src/main/java/org/jabref/logic/JabRefException.java
6,src/main/java/org/jabref/logic/importer/IdBasedFetcher.java
4,src/main/java/org/jabref/gui/desktop/os/DefaultDesktop.java
6,src/main/java/org/jabref/model/openoffice/style/CitationType.java
1,src/main/java/org/jabref/logic/importer/util/MetaDataParser.java
1,src/main/java/org/jabref/logic/layout/format/AuthorFirstFirstCommas.java
9,src/main/java/org/jabref/logic/layout/format/AuthorFirstLastOxfordCommas.java
1,src/test/java/org/jabref/logic/importer/fileformat/MedlineImporterFilesTest.java
4,src/main/java/org/jabref/gui/util/ViewModelTextFieldTableCellVisualizationFactory.java
6,src/main/java/org/jabref/gui/push/PushToApplicationCommand.java
4,src/test/java/org/jabref/logic/importer/DatabaseFileLookupTest.java
4,src/main/java/org/jabref/model/entry/types/UnknownEntryType.java
4,src/main/java/org/jabref/gui/sidepane/SidePane.java
4,src/main/java/org/jabref/gui/mergeentries/newmergedialog/fieldsmerger/GroupMerger.java
1,src/main/java/org/jabref/logic/util/strings/UnicodeLigaturesMap.java
7,src/main/java/org/jabref/gui/actions/ActionHelper.java
1,src/main/java/org/jabref/gui/fieldeditors/CitationKeyEditorViewModel.java
1,src/main/java/org/jabref/logic/database/DuplicateCheck.java
1,src/main/java/org/jabref/logic/pdf/search/retrieval/PdfSearcher.java
6,src/main/java/org/jabref/logic/exporter/TemplateExporter.java
9,src/main/java/org/jabref/logic/citationstyle/CitationStylePreviewLayout.java
1,src/main/java/org/jabref/logic/exporter/ExporterFactory.java
9,src/test/java/org/jabref/logic/l10n/LocalizationParser.java
6,src/main/java/org/jabref/logic/openoffice/backend/NamedRangeManagerReferenceMark.java
1,src/test/java/org/jabref/logic/layout/format/RTFCharsTest.java
4,src/main/java/org/jabref/logic/cleanup/CleanupWorker.java
9,src/test/java/org/jabref/logic/cleanup/DoiCleanupTest.java
4,src/test/java/org/jabref/logic/cleanup/TimeStampToModificationDateTest.java
1,src/main/java/org/jabref/logic/importer/FulltextFetchers.java
4,src/main/java/org/jabref/gui/autocompleter/WordSuggestionProvider.java
9,src/main/java/org/jabref/logic/layout/format/RemoveLatexCommandsFormatter.java
6,src/main/java/org/jabref/gui/autocompleter/FieldValueSuggestionProvider.java
1,src/main/java/org/jabref/logic/importer/fetcher/transformers/DBLPQueryTransformer.java
1,src/main/java/org/jabref/gui/util/uithreadaware/UiThreadBinding.java
4,src/main/java/org/jabref/logic/importer/fetcher/DoiResolution.java
9,src/test/java/org/jabref/logic/formatter/bibtexfields/UnitsToLatexFormatterTest.java
4,src/main/java/org/jabref/gui/fieldeditors/OwnerEditorViewModel.java
1,src/main/java/org/jabref/logic/net/ProxyPreferences.java
6,src/test/java/org/jabref/gui/util/comparator/NumericFieldComparatorTest.java
6,src/test/java/org/jabref/model/entry/identifier/ISBNTest.java
9,src/main/java/org/jabref/model/groups/AutomaticPersonsGroup.java
4,src/main/java/org/jabref/gui/autocompleter/SuggestionProvider.java
7,src/main/java/org/jabref/gui/preferences/keybindings/KeyBindingViewModel.java
1,src/main/java/org/jabref/gui/libraryproperties/constants/ConstantsPropertiesView.java
4,src/main/java/org/jabref/logic/citationkeypattern/DatabaseCitationKeyPattern.java
9,src/test/java/org/jabref/logic/formatter/bibtexfields/RegexFormatterTest.java
9,src/test/java/org/jabref/logic/l10n/LocalizationEntry.java
7,src/main/java/org/jabref/gui/preferences/customentrytypes/CustomEntryTypesTab.java
6,src/main/java/org/jabref/gui/externalfiles/DateRange.java
4,src/main/java/org/jabref/logic/layout/format/CreateDocBook4Authors.java
9,src/test/java/org/jabref/logic/auxparser/DefaultAuxParserTest.java
1,src/main/java/org/jabref/logic/formatter/bibtexfields/HtmlToLatexFormatter.java
