modelElementID,codeId
7,src/main/java/teammates/ui/webapi/ActionMappingException.java
4,src/main/java/teammates/ui/webapi/DeleteFeedbackResponseCommentAction.java
85,src/main/java/teammates/ui/webapi/GetDeadlineExtensionAction.java
47,src/test/java/teammates/logic/api/EmailGeneratorTest.java
9,src/main/java/teammates/storage/api/DatastoreEmulatorRunner.java
81,src/test/java/teammates/ui/webapi/GetInstructorPrivilegeActionTest.java
1,src/main/java/teammates/ui/webapi/DeleteAccountAction.java
127,src/main/java/teammates/common/datatransfer/logs/SourceLocation.java
23,src/main/java/teammates/ui/webapi/InstructorCourseJoinEmailWorkerAction.java
173,src/test/java/teammates/test/BaseTestCase.java
125,src/test/java/teammates/storage/search/BaseSearchTest.java
7,src/main/java/teammates/logic/core/FeedbackSessionsLogic.java
1,src/main/java/teammates/logic/api/EmailSender.java
130,src/main/java/teammates/storage/search/StudentSearchDocument.java
87,src/main/java/teammates/logic/api/RecaptchaVerifier.java
26,src/main/java/teammates/ui/servlets/HealthCheckServlet.java
174,src/main/java/teammates/common/datatransfer/UserInfo.java
125,src/test/java/teammates/storage/search/AccountRequestSearchTest.java
26,src/main/java/teammates/ui/webapi/UpdateStudentAction.java
4,src/test/java/teammates/ui/webapi/CreateNotificationActionTest.java
29,src/main/java/teammates/ui/webapi/GetAuthInfoAction.java
1,src/main/java/teammates/logic/external/AuthService.java
4,src/main/java/teammates/ui/output/FeedbackResponseCommentData.java
130,src/test/java/teammates/storage/api/FeedbackSessionsDbTest.java
22,src/test/java/teammates/ui/webapi/ResetAccountRequestActionTest.java
20,src/main/java/teammates/common/datatransfer/questions/FeedbackMsqQuestionDetails.java
159,src/main/java/teammates/common/datatransfer/questions/FeedbackNumericalScaleQuestionDetails.java
157,src/main/java/teammates/common/datatransfer/logs/ExceptionLogDetails.java
81,src/main/java/teammates/ui/request/BasicRequest.java
81,src/main/java/teammates/ui/webapi/FeedbackSessionRemindParticularUsersEmailWorkerAction.java
85,src/main/java/teammates/logic/core/FeedbackResponseCommentsLogic.java
88,src/main/java/teammates/logic/core/LogicStarter.java
1,src/test/java/teammates/storage/api/AccountsDbTest.java
77,src/test/java/teammates/logic/core/StudentsLogicTest.java
25,src/test/java/teammates/ui/webapi/DeleteFeedbackQuestionActionTest.java
84,src/test/java/teammates/logic/api/BaseLogicTest.java
1,src/test/java/teammates/ui/webapi/BaseActionTest.java
196,src/client/java/teammates/client/scripts/ListActiveInstructors.java
188,src/e2e/java/teammates/e2e/cases/InstructorCourseEnrollPageE2ETest.java
97,src/main/java/teammates/ui/output/ResponseVisibleSetting.java
130,src/main/java/teammates/storage/api/FeedbackResponsesDb.java
5,src/test/java/teammates/ui/webapi/CreateFeedbackQuestionActionTest.java
158,src/test/java/teammates/common/util/BuildPropertiesTest.java
97,src/test/java/teammates/ui/servlets/WebApiServletTest.java
117,src/main/java/teammates/logic/external/package-info.java
23,src/main/java/teammates/ui/webapi/CreateFeedbackQuestionAction.java
26,src/main/java/teammates/ui/webapi/UpdateInstructorPrivilegeAction.java
29,src/main/java/teammates/ui/output/GeneralLogsData.java
185,src/e2e/java/teammates/e2e/cases/NotificationBannerE2ETest.java
159,src/main/java/teammates/common/exception/InstructorUpdateException.java
186,src/e2e/java/teammates/e2e/cases/InstructorHomePageE2ETest.java
7,src/main/java/teammates/ui/webapi/GetActionClassesAction.java
87,src/main/java/teammates/logic/core/FeedbackSessionsLogic.java
194,src/client/java/teammates/client/scripts/DataMigrationForFeedbackSessionMismatchedTimezone.java
196,src/client/java/teammates/client/scripts/statistics/StatisticsBundle.java
5,src/main/java/teammates/ui/webapi/ResetAccountAction.java
26,src/test/java/teammates/ui/request/StudentsEnrollRequestTest.java
77,src/test/java/teammates/logic/core/AccountRequestsLogicTest.java
7,src/main/java/teammates/ui/webapi/InstructorCourseJoinEmailWorkerAction.java
85,src/main/java/teammates/ui/servlets/OAuth2CallbackServlet.java
81,src/main/java/teammates/ui/webapi/ActionMappingException.java
29,src/test/java/teammates/ui/webapi/CreateCourseActionTest.java
86,src/test/java/teammates/logic/api/MockAuthProxy.java
118,src/main/java/teammates/storage/api/AccountRequestsDb.java
1,src/test/java/teammates/common/util/StringHelperExtension.java
22,src/test/java/teammates/ui/webapi/GetRegkeyValidityActionTest.java
23,src/main/java/teammates/ui/output/FeedbackSessionSubmissionStatus.java
23,src/main/java/teammates/ui/output/UsageStatisticsData.java
160,src/main/java/teammates/common/datatransfer/attributes/AccountAttributes.java
128,src/main/java/teammates/storage/search/StudentSearchManager.java
26,src/main/java/teammates/ui/webapi/GetUsageStatisticsAction.java
97,src/test/java/teammates/logic/api/package-info.java
159,src/main/java/teammates/common/exception/InvalidParametersException.java
123,src/main/java/teammates/storage/entity/AccountRequest.java
186,src/e2e/java/teammates/e2e/cases/FeedbackTextQuestionE2ETest.java
81,src/main/java/teammates/ui/webapi/UnauthorizedAccessException.java
190,src/e2e/java/teammates/e2e/pageobjects/InstructorHomePage.java
22,src/main/java/teammates/ui/servlets/AuthServlet.java
4,src/main/java/teammates/ui/webapi/FeedbackSessionClosingRemindersAction.java
1,src/main/java/teammates/storage/entity/Account.java
127,src/main/java/teammates/common/datatransfer/FeedbackSessionLogEntry.java
187,src/e2e/java/teammates/e2e/pageobjects/InstructorFeedbackSessionsPage.java
26,src/main/java/teammates/ui/webapi/InstructorCourseJoinEmailWorkerAction.java
130,src/main/java/teammates/storage/api/InstructorsDb.java
185,src/main/java/teammates/logic/api/Logic.java
1,src/main/java/teammates/common/datatransfer/questions/FeedbackQuestionDetails.java
187,src/e2e/java/teammates/e2e/util/TestPropertiesTest.java
185,src/test/java/teammates/logic/api/MockLogsProcessor.java
26,src/main/java/teammates/ui/webapi/GetFeedbackResponseCommentAction.java
25,src/main/java/teammates/ui/webapi/UnpublishFeedbackSessionAction.java
26,src/main/java/teammates/ui/output/CoursesData.java
156,src/test/java/teammates/common/util/UrlTest.java
85,src/test/java/teammates/ui/webapi/BinFeedbackSessionActionTest.java
174,src/main/java/teammates/common/datatransfer/FeedbackParticipantType.java
7,src/main/java/teammates/ui/webapi/DeleteFeedbackQuestionAction.java
29,src/main/java/teammates/ui/webapi/UpdateStudentAction.java
23,src/main/java/teammates/ui/webapi/AdminExceptionTestAction.java
175,src/main/java/teammates/common/datatransfer/FeedbackParticipantType.java
97,src/main/java/teammates/logic/api/EmailSender.java
26,src/main/java/teammates/ui/webapi/JsonResult.java
175,src/test/java/teammates/common/datatransfer/attributes/package-info.java
4,src/test/java/teammates/ui/webapi/GetCourseActionTest.java
22,src/main/java/teammates/ui/output/OngoingSession.java
1,src/main/java/teammates/ui/servlets/OAuth2CallbackServlet.java
29,src/test/java/teammates/ui/webapi/DeleteStudentsActionTest.java
173,src/test/java/teammates/test/TestPropertiesTest.java
4,src/main/java/teammates/ui/output/CourseSectionNamesData.java
155,src/test/java/teammates/common/datatransfer/questions/FeedbackRankOptionsQuestionDetailsTest.java
47,src/main/java/teammates/logic/api/Logic.java
29,src/main/java/teammates/ui/output/InstructorPrivilegeData.java
1,src/test/java/teammates/logic/api/MockEmailSender.java
29,src/main/java/teammates/ui/webapi/FeedbackSessionOpeningRemindersAction.java
20,src/test/java/teammates/common/datatransfer/attributes/AccountRequestAttributesTest.java
4,src/main/java/teammates/ui/webapi/FeedbackSessionRemindEmailWorkerAction.java
97,src/main/java/teammates/ui/servlets/WebPageServlet.java
189,src/e2e/java/teammates/e2e/util/AxeUtil.java
1,src/main/java/teammates/common/datatransfer/attributes/AccountRequestAttributes.java
81,src/test/java/teammates/ui/webapi/SessionLinksRecoveryActionTest.java
118,src/main/java/teammates/storage/entity/DeadlineExtension.java
155,src/main/java/teammates/common/datatransfer/attributes/FeedbackQuestionAttributes.java
190,src/e2e/java/teammates/e2e/cases/axe/InstructorFeedbackReportPageAxeTest.java
122,src/main/java/teammates/logic/external/LocalLoggingService.java
86,src/main/java/teammates/logic/external/package-info.java
7,src/main/java/teammates/ui/webapi/GetFeedbackResponseCommentAction.java
5,src/main/java/teammates/ui/webapi/UpdateFeedbackResponseCommentAction.java
97,src/test/java/teammates/ui/webapi/SendErrorReportActionTest.java
1,src/test/java/teammates/storage/search/BaseSearchTest.java
22,src/test/java/teammates/ui/webapi/GetNotificationActionTest.java
118,src/main/java/teammates/storage/api/InstructorsDb.java
158,src/main/java/teammates/common/datatransfer/questions/FeedbackQuestionType.java
23,src/main/java/teammates/ui/servlets/LogoutServlet.java
186,src/e2e/java/teammates/e2e/pageobjects/InstructorCourseEditPage.java
85,src/main/java/teammates/ui/output/AccountRequestsData.java
4,src/main/java/teammates/ui/output/FeedbackSessionLogData.java
187,src/e2e/java/teammates/e2e/cases/axe/package-info.java
8,src/main/java/teammates/logic/external/LocalTaskQueueService.java
177,src/main/java/teammates/storage/entity/FeedbackQuestion.java
88,src/test/java/teammates/logic/api/package-info.java
79,src/main/java/teammates/logic/api/AuthProxy.java
4,src/main/java/teammates/ui/webapi/JoinCourseAction.java
185,src/test/java/teammates/logic/api/MockEmailSender.java
26,src/main/java/teammates/ui/webapi/DeleteFeedbackQuestionAction.java
1,src/e2e/java/teammates/e2e/cases/FeedbackRankOptionQuestionE2ETest.java
86,src/main/java/teammates/logic/core/InstructorsLogic.java
187,src/e2e/java/teammates/e2e/pageobjects/UserNotificationsPage.java
97,src/main/java/teammates/ui/servlets/LegacyUrlMapper.java
175,src/main/java/teammates/common/util/Config.java
1,src/e2e/java/teammates/e2e/cases/axe/InstructorFeedbackEditPageAxeTest.java
22,src/main/java/teammates/ui/request/FeedbackSessionCreateRequest.java
175,src/main/java/teammates/common/datatransfer/questions/FeedbackMsqQuestionDetails.java
5,src/test/java/teammates/ui/webapi/GetStudentActionTest.java
47,src/test/java/teammates/logic/api/EmailSenderTest.java
1,src/test/java/teammates/logic/core/InstructorsLogicTest.java
22,src/test/java/teammates/ui/webapi/GetAccountRequestActionTest.java
85,src/main/java/teammates/logic/api/Logic.java
88,src/test/java/teammates/storage/search/AccountRequestSearchTest.java
177,src/main/java/teammates/storage/api/AccountsDb.java
85,src/main/java/teammates/ui/servlets/LegacyUrlMapper.java
123,src/main/java/teammates/storage/entity/CourseStudent.java
87,src/test/java/teammates/logic/api/MockEmailSender.java
160,src/main/java/teammates/common/datatransfer/ErrorLogEntry.java
175,src/test/java/teammates/common/util/TimeHelperExtension.java
29,src/test/java/teammates/ui/webapi/SubmitFeedbackResponsesActionTest.java
159,src/test/java/teammates/common/util/FieldValidatorTest.java
85,src/main/java/teammates/ui/output/FeedbackQuestionData.java
155,src/test/java/teammates/common/util/JsonUtilsTest.java
16,src/e2e/java/teammates/e2e/pageobjects/AdminHomePage.java
25,src/main/java/teammates/ui/webapi/GetOngoingSessionsAction.java
176,src/test/java/teammates/logic/api/MockRecaptchaVerifier.java
185,src/main/java/teammates/logic/api/UserProvision.java
26,src/main/java/teammates/ui/webapi/GetAccountAction.java
97,src/main/java/teammates/ui/output/OngoingSessionsData.java
7,src/main/java/teammates/ui/output/SessionVisibleSetting.java
22,src/main/java/teammates/ui/webapi/GetRegkeyValidityAction.java
23,src/main/java/teammates/ui/webapi/DeleteAccountAction.java
1,src/e2e/java/teammates/e2e/cases/AdminSearchPageE2ETest.java
88,src/test/java/teammates/logic/api/EmailSenderTest.java
97,src/main/java/teammates/ui/output/FeedbackQuestionRecipientData.java
156,src/main/java/teammates/common/datatransfer/attributes/package-info.java
81,src/main/java/teammates/ui/output/ApiOutput.java
190,src/e2e/java/teammates/e2e/cases/axe/StudentHomePageAxeTest.java
159,src/main/java/teammates/common/datatransfer/InstructorPrivilegesLegacy.java
81,src/test/java/teammates/ui/webapi/SearchAccountRequestsActionTest.java
29,src/main/java/teammates/ui/webapi/FeedbackSessionOpeningSoonRemindersAction.java
84,src/test/java/teammates/logic/core/AccountRequestsLogicTest.java
84,src/test/java/teammates/logic/api/EmailSenderTest.java
68,src/test/java/teammates/logic/api/EmailGeneratorTest.java
1,src/main/java/teammates/ui/webapi/ActionFactory.java
175,src/main/java/teammates/common/datatransfer/AttributesDeletionQuery.java
4,src/main/java/teammates/ui/webapi/Action.java
127,src/main/java/teammates/common/util/FieldValidator.java
159,src/main/java/teammates/common/datatransfer/questions/FeedbackQuestionDetails.java
81,src/main/java/teammates/ui/webapi/GetFeedbackSessionAction.java
133,src/main/java/teammates/storage/entity/FeedbackResponse.java
186,src/e2e/java/teammates/e2e/cases/FeedbackMcqQuestionE2ETest.java
20,src/main/java/teammates/common/datatransfer/QueryLogsResults.java
158,src/main/java/teammates/common/datatransfer/questions/FeedbackRankRecipientsQuestionDetails.java
25,src/main/java/teammates/ui/webapi/DeleteAccountRequestAction.java
1,src/main/java/teammates/logic/external/LogService.java
160,src/main/java/teammates/common/datatransfer/logs/SourceLocation.java
85,src/main/java/teammates/ui/webapi/RemindFeedbackSessionResultAction.java
125,src/main/java/teammates/storage/entity/UsageStatistics.java
26,src/test/java/teammates/ui/webapi/ResetAccountActionTest.java
189,src/e2e/java/teammates/e2e/cases/axe/InstructorHomePageAxeTest.java
175,src/main/java/teammates/common/datatransfer/attributes/NotificationAttributes.java
84,src/main/java/teammates/logic/api/UserProvision.java
86,src/main/java/teammates/logic/core/FeedbackResponsesLogic.java
4,src/test/java/teammates/ui/webapi/GetSessionResultsActionTest.java
1,src/main/java/teammates/ui/webapi/AdminOnlyAction.java
85,src/main/java/teammates/ui/webapi/UpdateFeedbackQuestionAction.java
4,src/main/java/teammates/ui/webapi/PutDataBundleDocumentsAction.java
29,src/main/java/teammates/ui/output/InstructorData.java
88,src/main/java/teammates/logic/core/FeedbackQuestionsLogic.java
1,src/main/java/teammates/ui/webapi/RestoreFeedbackSessionAction.java
16,src/e2e/java/teammates/e2e/pageobjects/InstructorStudentRecordsPage.java
119,src/main/java/teammates/logic/core/AccountsLogic.java
159,src/main/java/teammates/common/util/HttpRequestHelper.java
20,src/main/java/teammates/common/datatransfer/attributes/AccountAttributes.java
25,src/main/java/teammates/ui/webapi/QueryLogsAction.java
7,src/test/java/teammates/ui/webapi/BinFeedbackSessionActionTest.java
25,src/main/java/teammates/ui/webapi/GetActionClassesAction.java
22,src/main/java/teammates/ui/webapi/GetUsageStatisticsAction.java
175,src/test/java/teammates/common/datatransfer/questions/FeedbackTextQuestionDetailsTest.java
156,src/main/java/teammates/common/datatransfer/questions/FeedbackRankOptionsResponseDetails.java
29,src/test/java/teammates/ui/webapi/FeedbackSessionRemindEmailWorkerActionTest.java
22,src/main/java/teammates/ui/output/NotificationsData.java
81,src/main/java/teammates/ui/request/CourseBasicRequest.java
156,src/main/java/teammates/common/util/TzdbResourceZoneRulesProvider.java
81,src/test/java/teammates/ui/webapi/SearchStudentsActionTest.java
185,src/main/java/teammates/logic/external/GoogleRecaptchaService.java
1,src/client/java/teammates/client/scripts/DataMigrationForTextQuestionDetailsFormat.java
22,src/main/java/teammates/ui/request/InstructorCreateRequest.java
7,src/test/java/teammates/logic/api/package-info.java
20,src/test/java/teammates/common/datatransfer/AttributesDeletionQueryTest.java
23,src/test/java/teammates/ui/webapi/GetAccountsActionTest.java
4,src/main/java/teammates/ui/output/AccountRequestsData.java
131,src/main/java/teammates/logic/external/EmptyAuthService.java
85,src/test/java/teammates/ui/webapi/GetInstructorActionTest.java
85,src/test/java/teammates/ui/servlets/OriginCheckFilterTest.java
81,src/main/java/teammates/ui/webapi/CreateCourseAction.java
1,src/test/java/teammates/ui/webapi/SubmitFeedbackResponsesActionTest.java
156,src/test/java/teammates/common/datatransfer/questions/FeedbackConstantSumQuestionDetailsTest.java
22,src/main/java/teammates/ui/output/MessageOutput.java
175,src/test/java/teammates/common/datatransfer/TeamEvalResultTest.java
1,src/main/java/teammates/ui/request/SendEmailRequest.java
1,src/main/java/teammates/logic/external/GoogleCloudLoggingService.java
85,src/main/java/teammates/logic/core/StudentsLogic.java
8,src/main/java/teammates/logic/core/FeedbackQuestionsLogic.java
155,src/main/java/teammates/common/exception/package-info.java
81,src/main/java/teammates/ui/servlets/package-info.java
119,src/test/java/teammates/logic/external/GoogleRecaptchaServiceTest.java
26,src/main/java/teammates/ui/webapi/EnrollStudentsAction.java
22,src/main/java/teammates/logic/external/LocalLoggingService.java
26,src/main/java/teammates/ui/webapi/RestoreFeedbackSessionAction.java
22,src/main/java/teammates/logic/external/SendgridService.java
196,src/client/java/teammates/client/scripts/DataMigrationForStudentsAndTeamsRecipientType.java
158,src/main/java/teammates/common/datatransfer/UserInfoCookie.java
1,src/e2e/java/teammates/e2e/pageobjects/StudentHomePage.java
4,src/test/java/teammates/ui/webapi/GetSessionResponseStatsActionTest.java
127,src/main/java/teammates/common/exception/EntityDoesNotExistException.java
122,src/main/java/teammates/logic/external/EmailSenderService.java
85,src/main/java/teammates/ui/webapi/SessionLinksRecoveryAction.java
188,src/e2e/java/teammates/e2e/cases/StudentCourseJoinConfirmationPageE2ETest.java
26,src/test/java/teammates/ui/webapi/GetTimeZonesActionTest.java
129,src/main/java/teammates/logic/external/GoogleCloudTasksService.java
1,src/e2e/java/teammates/e2e/cases/axe/AdminAccountsPageAxeTest.java
130,src/main/java/teammates/storage/entity/CourseStudent.java
26,src/main/java/teammates/ui/servlets/LegacyUrlMapper.java
1,src/main/java/teammates/logic/core/StudentsLogic.java
22,src/test/java/teammates/logic/core/FeedbackQuestionsLogicTest.java
174,src/test/java/teammates/common/util/package-info.java
160,src/main/java/teammates/common/datatransfer/questions/FeedbackTextQuestionDetails.java
81,src/main/java/teammates/ui/request/StudentUpdateRequest.java
97,src/main/java/teammates/ui/webapi/DeleteNotificationAction.java
25,src/main/java/teammates/ui/webapi/GenerateEmailAction.java
29,src/test/java/teammates/ui/webapi/UpdateNotificationActionTest.java
22,src/test/java/teammates/ui/webapi/BaseActionTest.java
127,src/test/java/teammates/common/datatransfer/questions/package-info.java
4,src/test/java/teammates/ui/webapi/UpdateInstructorPrivilegeActionTest.java
25,src/test/java/teammates/ui/webapi/SendErrorReportActionTest.java
117,src/main/java/teammates/logic/external/GoogleCloudLoggingService.java
23,src/test/java/teammates/ui/webapi/UpdateStudentActionTest.java
118,src/main/java/teammates/storage/api/NotificationsDb.java
23,src/main/java/teammates/ui/webapi/BinFeedbackSessionAction.java
194,src/client/java/teammates/client/scripts/GoogleIdMigrationBaseScript.java
156,src/main/java/teammates/common/util/Templates.java
185,src/e2e/java/teammates/e2e/cases/FeedbackConstSumOptionQuestionE2ETest.java
81,src/test/java/teammates/ui/webapi/GetHasResponsesActionTest.java
88,src/test/java/teammates/logic/core/UsageStatisticsLogicTest.java
18,src/client/java/teammates/client/scripts/DataMigrationEntitiesBaseScript.java
23,src/main/java/teammates/ui/webapi/RestoreFeedbackSessionAction.java
25,src/main/java/teammates/ui/output/RegkeyValidityData.java
5,src/main/java/teammates/ui/output/StudentsData.java
197,src/client/java/teammates/client/scripts/DataMigrationForSanitizedDataInCourseAttributes.java
79,src/main/java/teammates/logic/external/MailgunService.java
68,src/test/java/teammates/logic/core/FeedbackResponseCommentsLogicTest.java
4,src/test/java/teammates/ui/webapi/GetFeedbackSessionLogsActionTest.java
123,src/main/java/teammates/storage/api/StudentsDb.java
22,src/main/java/teammates/ui/output/ApiOutput.java
81,src/main/java/teammates/ui/request/FeedbackResponseCommentBasicRequest.java
85,src/main/java/teammates/logic/external/TaskQueueService.java
25,src/main/java/teammates/ui/output/FeedbackQuestionRecipientsData.java
97,src/main/java/teammates/ui/output/SessionLinksRecoveryResponseData.java
97,src/main/java/teammates/ui/webapi/FeedbackSessionPublishedEmailWorkerAction.java
7,src/test/java/teammates/ui/webapi/RemindFeedbackSessionSubmissionActionTest.java
185,src/test/java/teammates/logic/core/InstructorsLogicTest.java
188,src/e2e/java/teammates/e2e/cases/FeedbackRubricQuestionE2ETest.java
26,src/main/java/teammates/ui/output/EnrollStudentsData.java
4,src/test/java/teammates/ui/webapi/GetFeedbackSessionsActionTest.java
186,src/e2e/java/teammates/e2e/pageobjects/FeedbackResultsPage.java
68,src/main/java/teammates/logic/api/package-info.java
173,src/test/java/teammates/test/MockFilterChain.java
16,src/e2e/java/teammates/e2e/cases/axe/AdminHomePageAxeTest.java
157,src/test/java/teammates/common/util/package-info.java
26,src/test/java/teammates/ui/webapi/GetStudentsActionTest.java
131,src/main/java/teammates/logic/external/SendgridService.java
23,src/main/java/teammates/ui/request/FeedbackResponseCommentUpdateRequest.java
85,src/test/java/teammates/ui/webapi/GetCourseSectionNamesActionTest.java
81,src/main/java/teammates/ui/webapi/package-info.java
196,src/client/java/teammates/client/scripts/DataMigrationForContributionQuestionDetailsIsZeroSum.java
26,src/main/java/teammates/ui/output/InstructorsData.java
158,src/main/java/teammates/common/datatransfer/FeedbackQuestionRecipient.java
25,src/test/java/teammates/ui/webapi/CompileLogsActionTest.java
157,src/test/java/teammates/common/datatransfer/AttributesDeletionQueryTest.java
22,src/main/java/teammates/logic/core/FeedbackResponseCommentsLogic.java
26,src/main/java/teammates/ui/webapi/StudentCourseJoinEmailWorkerAction.java
131,src/main/java/teammates/storage/api/InstructorsDb.java
4,src/main/java/teammates/ui/request/BasicRequest.java
86,src/main/java/teammates/logic/external/EmptyRecaptchaService.java
22,src/main/java/teammates/ui/webapi/GetSessionResultsAction.java
1,src/e2e/java/teammates/e2e/pageobjects/AdminAccountsPage.java
186,src/e2e/java/teammates/e2e/cases/axe/AdminSearchPageAxeTest.java
23,src/main/java/teammates/ui/output/OngoingSessionsData.java
26,src/test/java/teammates/ui/webapi/GetCourseJoinStatusActionTest.java
15,src/e2e/java/teammates/e2e/cases/axe/InstructorCourseStudentDetailsPageAxeTest.java
133,src/main/java/teammates/storage/search/SearchDocument.java
25,src/test/java/teammates/ui/webapi/FeedbackSessionClosingRemindersActionTest.java
85,src/main/java/teammates/ui/webapi/GetSessionResponseStatsAction.java
157,src/main/java/teammates/common/datatransfer/logs/InstanceLogDetails.java
4,src/main/java/teammates/ui/request/NotificationBasicRequest.java
4,src/test/java/teammates/ui/webapi/CreateFeedbackSessionLogActionTest.java
26,src/main/java/teammates/ui/webapi/GetSessionResultsAction.java
119,src/main/java/teammates/logic/core/NotificationsLogic.java
85,src/main/java/teammates/ui/webapi/GetStudentsAction.java
85,src/main/java/teammates/ui/output/StudentsData.java
68,src/main/java/teammates/logic/external/EmptyEmailService.java
29,src/main/java/teammates/ui/output/DeadlineExtensionData.java
5,src/main/java/teammates/ui/request/ErrorReportRequest.java
195,src/client/java/teammates/client/scripts/IndexFeedbackSessionFields.java
81,src/test/java/teammates/ui/servlets/LegacyUrlMapperTest.java
22,src/test/java/teammates/ui/webapi/StudentSearchIndexingWorkerActionTest.java
85,src/test/java/teammates/ui/webapi/FeedbackSessionOpeningSoonRemindersActionTest.java
123,src/test/java/teammates/storage/api/AccountRequestsDbTest.java
87,src/main/java/teammates/logic/external/TaskQueueService.java
117,src/test/java/teammates/logic/core/StudentsLogicTest.java
1,src/main/java/teammates/common/util/FileHelper.java
1,src/main/java/teammates/ui/output/CourseData.java
123,src/main/java/teammates/storage/search/SearchManagerStarter.java
7,src/main/java/teammates/ui/webapi/ArchiveCourseAction.java
7,src/main/java/teammates/ui/webapi/GetAuthInfoAction.java
97,src/test/java/teammates/ui/webapi/UpdateFeedbackResponseCommentActionTest.java
1,src/e2e/java/teammates/e2e/cases/BaseE2ETestCase.java
155,src/main/java/teammates/common/datatransfer/logs/package-info.java
20,src/main/java/teammates/common/datatransfer/attributes/FeedbackResponseAttributes.java
1,src/main/java/teammates/ui/output/ReadNotificationsData.java
155,src/test/java/teammates/common/datatransfer/ErrorLogEntryTest.java
156,src/main/java/teammates/common/datatransfer/questions/FeedbackConstantSumDistributePointsType.java
5,src/main/java/teammates/ui/request/FeedbackSessionUpdateRequest.java
7,src/main/java/teammates/ui/output/InstructorData.java
97,src/main/java/teammates/ui/webapi/CreateCourseAction.java
122,src/main/java/teammates/logic/core/DataBundleLogic.java
117,src/test/java/teammates/logic/core/DataBundleLogicTest.java
127,src/test/java/teammates/common/datatransfer/attributes/FeedbackResponseCommentAttributesTest.java
29,src/test/java/teammates/ui/webapi/GetFeedbackSessionSubmittedGiverSetActionTest.java
1,src/main/java/teammates/ui/output/NotificationsData.java
25,src/main/java/teammates/ui/output/TimeZonesData.java
29,src/main/java/teammates/ui/output/FeedbackSessionLogEntryData.java
159,src/test/java/teammates/common/datatransfer/questions/FeedbackConstantSumQuestionDetailsTest.java
1,src/test/java/teammates/ui/webapi/DeleteInstructorActionTest.java
7,src/main/java/teammates/ui/webapi/QueryLogsAction.java
5,src/main/java/teammates/ui/output/FeedbackSessionPublishStatus.java
85,src/test/java/teammates/ui/webapi/FeedbackSessionClosingRemindersActionTest.java
22,src/main/java/teammates/logic/api/UserProvision.java
188,src/e2e/java/teammates/e2e/cases/TimezoneSyncerTest.java
26,src/main/java/teammates/ui/webapi/ActionFactory.java
1,src/main/java/teammates/storage/api/OfyHelper.java
1,src/main/java/teammates/ui/request/FeedbackQuestionCreateRequest.java
190,src/e2e/java/teammates/e2e/pageobjects/InstructorCourseStudentDetailsViewPage.java
130,src/test/java/teammates/storage/api/InstructorsDbTest.java
79,src/test/java/teammates/logic/core/BaseLogicTest.java
85,src/test/java/teammates/logic/core/CoursesLogicTest.java
185,src/e2e/java/teammates/e2e/cases/axe/InstructorCourseStudentDetailsPageAxeTest.java
185,src/e2e/java/teammates/e2e/cases/InstructorStudentListPageE2ETest.java
1,src/main/java/teammates/common/datatransfer/questions/FeedbackContributionResponseDetails.java
1,src/main/java/teammates/ui/webapi/PutDataBundleAction.java
5,src/test/java/teammates/ui/webapi/SubmitFeedbackResponsesActionTest.java
1,src/main/java/teammates/storage/api/CoursesDb.java
123,src/main/java/teammates/storage/search/SearchManagerFactory.java
23,src/main/java/teammates/ui/output/CourseSectionNamesData.java
159,src/main/java/teammates/common/exception/SearchServiceException.java
26,src/main/java/teammates/ui/output/AuthInfo.java
88,src/test/java/teammates/logic/core/FeedbackResponsesLogicTest.java
23,src/test/java/teammates/ui/webapi/GetStudentsActionTest.java
25,src/test/java/teammates/ui/webapi/GetAccountActionTest.java
1,src/main/java/teammates/ui/webapi/ResetAccountRequestAction.java
29,src/main/java/teammates/ui/servlets/WebApiServlet.java
81,src/test/java/teammates/ui/webapi/UpdateFeedbackQuestionActionTest.java
101,src/main/java/teammates/storage/api/DeadlineExtensionsDb.java
189,src/e2e/java/teammates/e2e/cases/SystemErrorEmailReportE2ETest.java
9,src/main/java/teammates/storage/entity/FeedbackSession.java
81,src/main/java/teammates/ui/webapi/DeleteAccountAction.java
86,src/main/java/teammates/logic/core/UsageStatisticsLogic.java
1,src/main/java/teammates/ui/output/ActionClasses.java
188,src/e2e/java/teammates/e2e/cases/axe/InstructorCourseStudentDetailsEditPageAxeTest.java
7,src/main/java/teammates/ui/webapi/UpdateFeedbackSessionAction.java
1,src/e2e/java/teammates/e2e/pageobjects/IanaTimezonePage.java
185,src/main/java/teammates/logic/api/LogsProcessor.java
4,src/main/java/teammates/ui/webapi/GetNotificationAction.java
20,src/main/java/teammates/common/datatransfer/logs/DefaultLogDetails.java
77,src/test/java/teammates/logic/api/package-info.java
190,src/e2e/java/teammates/e2e/cases/axe/InstructorStudentListPageAxeTest.java
18,src/client/java/teammates/client/scripts/DataMigrationForNullCommentGiverType.java
195,src/client/java/teammates/client/scripts/DataMigrationForSanitizedDataInInstructorAttributes.java
160,src/main/java/teammates/common/datatransfer/attributes/FeedbackResponseAttributes.java
85,src/test/java/teammates/ui/request/package-info.java
127,src/main/java/teammates/common/datatransfer/attributes/FeedbackSessionAttributes.java
174,src/test/java/teammates/common/datatransfer/attributes/FeedbackSessionAttributesTest.java
174,src/main/java/teammates/common/datatransfer/logs/SourceLocation.java
1,src/test/java/teammates/common/datatransfer/questions/FeedbackRubricQuestionDetailsTest.java
160,src/main/java/teammates/common/util/TimeHelper.java
77,src/main/java/teammates/logic/core/AccountRequestsLogic.java
23,src/main/java/teammates/ui/request/FeedbackQuestionCreateRequest.java
88,src/main/java/teammates/storage/api/AccountRequestsDb.java
20,src/main/java/teammates/common/datatransfer/logs/LogEvent.java
1,src/test/java/teammates/ui/webapi/GetFeedbackResponseCommentActionTest.java
23,src/main/java/teammates/ui/webapi/RegenerateInstructorKeyAction.java
1,src/test/java/teammates/ui/webapi/UpdateCourseActionTest.java
194,src/client/java/teammates/client/scripts/statistics/package-info.java
8,src/main/java/teammates/logic/external/GoogleCloudTasksService.java
29,src/main/java/teammates/ui/webapi/GetInstructorPrivilegeAction.java
7,src/test/java/teammates/ui/webapi/RestoreCourseActionTest.java
79,src/main/java/teammates/logic/core/NotificationsLogic.java
29,src/main/java/teammates/ui/request/AccountCreateRequest.java
175,src/main/java/teammates/common/datatransfer/logs/FeedbackSessionLogType.java
26,src/test/java/teammates/ui/webapi/InstructorSearchIndexingWorkerActionTest.java
85,src/main/java/teammates/ui/output/AccountRequestData.java
1,src/main/java/teammates/ui/request/NotificationCreateRequest.java
133,src/main/java/teammates/storage/api/InstructorsDb.java
132,src/test/java/teammates/storage/api/AccountRequestsDbTest.java
190,src/e2e/java/teammates/e2e/cases/InstructorSearchPageE2ETest.java
131,src/main/java/teammates/storage/entity/FeedbackSession.java
159,src/main/java/teammates/common/datatransfer/CourseRoster.java
26,src/main/java/teammates/ui/output/FeedbackResponseData.java
156,src/main/java/teammates/common/util/Url.java
85,src/main/java/teammates/ui/webapi/PutDataBundleDocumentsAction.java
185,src/main/java/teammates/logic/external/GoogleCloudTasksService.java
87,src/main/java/teammates/logic/api/EmailSender.java
8,src/test/java/teammates/logic/core/NotificationsLogicTest.java
20,src/main/java/teammates/common/exception/InvalidParametersException.java
174,src/test/java/teammates/common/datatransfer/questions/FeedbackMsqQuestionDetailsTest.java
1,src/main/java/teammates/storage/entity/Notification.java
25,src/main/java/teammates/ui/request/FeedbackQuestionCreateRequest.java
5,src/main/java/teammates/ui/servlets/WebApiServlet.java
1,src/main/java/teammates/common/datatransfer/questions/FeedbackMcqQuestionDetails.java
16,src/e2e/java/teammates/e2e/cases/axe/InstructorStudentActivityLogsPageAxeTest.java
29,src/main/java/teammates/ui/webapi/CreateAccountAction.java
5,src/main/java/teammates/ui/request/FeedbackQuestionUpdateRequest.java
88,src/main/java/teammates/logic/core/AccountsLogic.java
125,src/main/java/teammates/storage/entity/FeedbackResponse.java
131,src/main/java/teammates/storage/search/SearchManager.java
81,src/test/java/teammates/ui/webapi/UpdateFeedbackSessionActionTest.java
118,src/main/java/teammates/storage/api/FeedbackSessionsDb.java
29,src/main/java/teammates/ui/output/CoursesData.java
97,src/test/java/teammates/ui/webapi/CreateFeedbackSessionLogActionTest.java
127,src/main/java/teammates/common/datatransfer/logs/package-info.java
190,src/e2e/java/teammates/e2e/cases/StudentHomePageE2ETest.java
157,src/main/java/teammates/common/util/Config.java
25,src/test/java/teammates/ui/webapi/DeleteStudentsActionTest.java
1,src/main/java/teammates/common/datatransfer/questions/FeedbackRankRecipientsQuestionDetails.java
189,src/e2e/java/teammates/e2e/cases/axe/InstructorCourseEditPageAxeTest.java
7,src/test/java/teammates/ui/webapi/GetUsageStatisticsActionTest.java
5,src/main/java/teammates/ui/webapi/DeleteAccountRequestAction.java
20,src/main/java/teammates/common/datatransfer/attributes/FeedbackSessionAttributes.java
97,src/main/java/teammates/ui/output/AccountRequestData.java
174,src/main/java/teammates/common/datatransfer/logs/LogEvent.java
7,src/main/java/teammates/ui/servlets/LoginServlet.java
22,src/main/java/teammates/ui/servlets/DevServerLoginServlet.java
25,src/main/java/teammates/ui/output/FeedbackSessionData.java
132,src/main/java/teammates/storage/api/FeedbackQuestionsDb.java
1,src/main/java/teammates/ui/output/StudentData.java
5,src/test/java/teammates/ui/webapi/SendErrorReportActionTest.java
1,src/main/java/teammates/common/datatransfer/questions/package-info.java
129,src/test/java/teammates/logic/external/package-info.java
5,src/test/java/teammates/ui/webapi/FeedbackSessionOpeningSoonRemindersActionTest.java
1,src/e2e/java/teammates/e2e/util/RetryManager.java
23,src/test/java/teammates/ui/webapi/UpdateInstructorPrivilegeActionTest.java
131,src/main/java/teammates/logic/api/Logic.java
186,src/e2e/java/teammates/e2e/cases/StudentHomePageE2ETest.java
157,src/test/java/teammates/common/util/SanitizationHelperTest.java
130,src/main/java/teammates/storage/api/AccountRequestsDb.java
1,src/main/java/teammates/ui/webapi/GetCourseJoinStatusAction.java
25,src/test/java/teammates/ui/webapi/BaseActionTest.java
16,src/e2e/java/teammates/e2e/util/GmailServiceMaker.java
15,src/e2e/java/teammates/e2e/pageobjects/InstructorHomePage.java
5,src/main/java/teammates/ui/webapi/QueryLogsAction.java
4,src/client/java/teammates/client/scripts/GenerateUsageStatisticsObjects.java
156,src/main/java/teammates/common/exception/EnrollException.java
17,src/e2e/java/teammates/e2e/cases/TimezoneSyncerTest.java
23,src/main/java/teammates/ui/constants/DefaultInstructorPermissions.java
23,src/test/java/teammates/ui/webapi/BaseActionTest.java
22,src/test/java/teammates/logic/api/UserProvisionTest.java
97,src/main/java/teammates/logic/core/FeedbackResponsesLogic.java
22,src/main/java/teammates/ui/webapi/GetFeedbackResponsesAction.java
26,src/main/java/teammates/ui/output/FeedbackSessionsData.java
85,src/main/java/teammates/logic/external/LocalLoggingService.java
68,src/test/java/teammates/logic/api/MockRecaptchaVerifier.java
7,src/main/java/teammates/ui/webapi/SearchStudentsAction.java
187,src/e2e/java/teammates/e2e/cases/FeedbackTextQuestionE2ETest.java
84,src/main/java/teammates/logic/api/AuthProxy.java
16,src/e2e/java/teammates/e2e/cases/axe/AdminSearchPageAxeTest.java
1,src/main/java/teammates/common/exception/EmailSendingException.java
174,src/main/java/teammates/common/datatransfer/logs/RequestLogUser.java
29,src/main/java/teammates/ui/webapi/GetCoursesAction.java
23,src/test/java/teammates/ui/webapi/DeleteCourseActionTest.java
7,src/test/java/teammates/logic/core/FeedbackResponseCommentsLogicTest.java
23,src/main/java/teammates/ui/webapi/ResetAccountAction.java
85,src/main/java/teammates/ui/webapi/FeedbackSessionClosingRemindersAction.java
176,src/main/java/teammates/logic/api/LogsProcessor.java
130,src/main/java/teammates/storage/api/StudentsDb.java
18,src/client/java/teammates/client/util/package-info.java
157,src/test/java/teammates/common/datatransfer/questions/FeedbackRankRecipientsQuestionDetailsTest.java
9,src/test/java/teammates/storage/api/EntitiesDbTest.java
97,src/test/java/teammates/ui/webapi/FeedbackSessionOpeningSoonRemindersActionTest.java
1,src/e2e/java/teammates/e2e/cases/FeedbackResultsPageE2ETest.java
1,src/main/java/teammates/ui/webapi/GetSessionResponseStatsAction.java
97,src/main/java/teammates/logic/core/AccountsLogic.java
23,src/test/java/teammates/ui/webapi/GetFeedbackSessionLogsActionTest.java
7,src/test/java/teammates/ui/webapi/GetInstructorsActionTest.java
188,src/e2e/java/teammates/e2e/cases/BaseFeedbackQuestionE2ETest.java
7,src/test/java/teammates/ui/webapi/DeleteNotificationActionTest.java
88,src/main/java/teammates/logic/core/AccountRequestsLogic.java
85,src/test/java/teammates/logic/core/DeadlineExtensionsLogicTest.java
97,src/main/java/teammates/ui/webapi/FeedbackSessionResendPublishedEmailWorkerAction.java
5,src/main/java/teammates/ui/webapi/DeleteStudentAction.java
127,src/test/java/teammates/common/datatransfer/ErrorLogEntryTest.java
187,src/e2e/java/teammates/e2e/cases/InstructorCourseStudentDetailsPageE2ETest.java
77,src/main/java/teammates/logic/core/DataBundleLogic.java
81,src/main/java/teammates/ui/webapi/CreateAccountRequestAction.java
29,src/test/java/teammates/ui/webapi/GetFeedbackQuestionsActionTest.java
25,src/test/java/teammates/ui/webapi/CalculateUsageStatisticsActionTest.java
7,src/test/java/teammates/ui/webapi/DeleteStudentActionTest.java
127,src/main/java/teammates/common/datatransfer/FeedbackParticipantType.java
127,src/main/java/teammates/common/datatransfer/attributes/NotificationAttributes.java
88,src/test/java/teammates/logic/core/InstructorsLogicTest.java
22,src/test/java/teammates/ui/webapi/DeleteFeedbackResponseCommentActionTest.java
29,src/test/java/teammates/ui/webapi/RemindFeedbackSessionResultActionTest.java
186,src/e2e/java/teammates/e2e/cases/axe/AdminAccountsPageAxeTest.java
131,src/main/java/teammates/logic/external/LocalLoggingService.java
1,src/main/java/teammates/ui/output/EnrollStudentsData.java
77,src/main/java/teammates/logic/api/EmailSender.java
22,src/test/java/teammates/ui/webapi/RegenerateStudentKeyActionTest.java
47,src/main/java/teammates/logic/external/EmptyAuthService.java
29,src/main/java/teammates/ui/webapi/UpdateCourseAction.java
4,src/client/java/teammates/client/scripts/TeamEvalResultCalculations.java
25,src/main/java/teammates/ui/webapi/GetAccountRequestAction.java
174,src/test/java/teammates/common/datatransfer/questions/FeedbackMcqQuestionDetailsTest.java
175,src/main/java/teammates/common/util/Url.java
29,src/main/java/teammates/ui/webapi/InstructorSearchIndexingWorkerAction.java
97,src/main/java/teammates/ui/output/CommentVisibilityType.java
16,src/e2e/java/teammates/e2e/cases/InstructorCourseStudentDetailsPageE2ETest.java
79,src/test/java/teammates/logic/core/InstructorsLogicTest.java
1,src/main/java/teammates/storage/entity/FeedbackSession.java
22,src/test/java/teammates/ui/webapi/CreateFeedbackResponseCommentActionTest.java
128,src/test/java/teammates/storage/api/EntitiesDbTest.java
26,src/main/java/teammates/ui/output/EmailData.java
81,src/main/java/teammates/ui/request/FeedbackResponseCommentCreateRequest.java
23,src/main/java/teammates/ui/webapi/StudentCourseJoinEmailWorkerAction.java
160,src/main/java/teammates/common/datatransfer/questions/FeedbackRankOptionsResponseDetails.java
47,src/main/java/teammates/logic/api/UserProvision.java
156,src/main/java/teammates/common/datatransfer/logs/RequestLogDetails.java
1,src/test/java/teammates/ui/webapi/ResetAccountActionTest.java
187,src/e2e/java/teammates/e2e/cases/InstructorCourseEnrollPageE2ETest.java
88,src/test/java/teammates/storage/api/NotificationsDbTest.java
155,src/main/java/teammates/common/datatransfer/attributes/CourseAttributes.java
159,src/main/java/teammates/common/datatransfer/attributes/FeedbackResponseAttributes.java
26,src/main/java/teammates/ui/output/OngoingSessionsData.java
29,src/test/java/teammates/ui/webapi/GetOngoingSessionsActionTest.java
5,src/main/java/teammates/ui/webapi/CreateFeedbackSessionAction.java
131,src/main/java/teammates/logic/core/LogicStarter.java
197,src/client/java/teammates/client/scripts/ListActiveInstructors.java
5,src/main/java/teammates/ui/output/FeedbackSessionLogEntryData.java
81,src/test/java/teammates/ui/webapi/FeedbackSessionRemindEmailWorkerActionTest.java
29,src/test/java/teammates/ui/webapi/DeleteStudentActionTest.java
1,src/main/java/teammates/ui/output/CourseArchiveData.java
15,src/e2e/java/teammates/e2e/cases/axe/FeedbackResultsPageAxeTest.java
4,src/main/java/teammates/ui/request/MarkNotificationAsReadRequest.java
174,src/test/java/teammates/common/datatransfer/attributes/CourseAttributesTest.java
86,src/main/java/teammates/logic/external/EmptyAuthService.java
97,src/test/java/teammates/ui/webapi/BinCourseActionTest.java
130,src/main/java/teammates/storage/api/FeedbackQuestionsDb.java
84,src/main/java/teammates/logic/core/UsageStatisticsLogic.java
175,src/main/java/teammates/common/datatransfer/logs/EmailSentLogDetails.java
25,src/main/java/teammates/ui/request/FeedbackResponseCommentCreateRequest.java
7,src/main/java/teammates/ui/request/InstructorPrivilegeUpdateRequest.java
88,src/main/java/teammates/logic/external/EmptyRecaptchaService.java
188,src/e2e/java/teammates/e2e/pageobjects/InstructorStudentRecordsPage.java
117,src/main/java/teammates/logic/api/UserProvision.java
25,src/main/java/teammates/ui/output/StudentData.java
85,src/test/java/teammates/ui/webapi/GetNotificationActionTest.java
127,src/main/java/teammates/common/datatransfer/logs/ExceptionLogDetails.java
174,src/main/java/teammates/common/datatransfer/questions/FeedbackMsqResponseDetails.java
88,src/main/java/teammates/logic/api/LogsProcessor.java
132,src/main/java/teammates/storage/api/OfyHelper.java
177,src/test/java/teammates/storage/api/CoursesDbTest.java
155,src/test/java/teammates/common/datatransfer/questions/FeedbackRankRecipientsQuestionDetailsTest.java
25,src/main/java/teammates/ui/webapi/CreateFeedbackSessionLogAction.java
4,src/main/java/teammates/ui/request/CourseArchiveRequest.java
197,src/client/java/teammates/client/connector/package-info.java
20,src/test/java/teammates/common/datatransfer/attributes/FeedbackResponseAttributesTest.java
97,src/main/java/teammates/ui/output/CourseArchiveData.java
7,src/main/java/teammates/ui/webapi/AdminExceptionTestAction.java
187,src/e2e/java/teammates/e2e/pageobjects/AdminSessionsPage.java
5,src/main/java/teammates/ui/webapi/RegenerateInstructorKeyAction.java
23,src/test/java/teammates/ui/webapi/BinCourseActionTest.java
85,src/main/java/teammates/logic/api/package-info.java
1,src/main/java/teammates/common/datatransfer/logs/QueryLogsParams.java
157,src/main/java/teammates/common/datatransfer/questions/FeedbackRankOptionsQuestionDetails.java
185,src/e2e/java/teammates/e2e/pageobjects/AdminSessionsPage.java
195,src/client/java/teammates/client/scripts/DataMigrationForInstructorNullIsArchivedField.java
23,src/main/java/teammates/ui/webapi/FeedbackSessionOpeningSoonRemindersAction.java
128,src/main/java/teammates/storage/entity/DeadlineExtension.java
26,src/test/java/teammates/ui/webapi/UpdateStudentActionTest.java
77,src/main/java/teammates/logic/external/package-info.java
26,src/main/java/teammates/ui/webapi/DeleteFeedbackResponseCommentAction.java
29,src/test/java/teammates/ui/webapi/DeleteAccountRequestActionTest.java
85,src/main/java/teammates/ui/servlets/OriginCheckFilter.java
15,src/e2e/java/teammates/e2e/cases/InstructorCourseJoinConfirmationPageE2ETest.java
16,src/e2e/java/teammates/e2e/pageobjects/StudentHomePage.java
173,src/test/java/teammates/test/AssertHelperTest.java
85,src/test/java/teammates/ui/webapi/UpdateNotificationActionTest.java
25,src/main/java/teammates/ui/webapi/AdminOnlyAction.java
5,src/main/java/teammates/ui/output/AccountData.java
85,src/main/java/teammates/ui/output/FeedbackResponsesData.java
129,src/main/java/teammates/logic/external/EmailSenderService.java
4,src/test/java/teammates/ui/webapi/GetFeedbackSessionActionTest.java
26,src/main/java/teammates/ui/webapi/GetActionClassesAction.java
119,src/main/java/teammates/logic/external/SendgridService.java
117,src/test/java/teammates/logic/api/MockLogsProcessor.java
85,src/main/java/teammates/ui/request/ErrorReportRequest.java
1,src/main/java/teammates/storage/search/AccountRequestSearchDocument.java
125,src/main/java/teammates/storage/api/StudentsDb.java
1,src/client/java/teammates/client/scripts/PopulateCourseSearchDocuments.java
129,src/test/java/teammates/logic/core/InstructorsLogicTest.java
23,src/main/java/teammates/ui/output/InstructorsData.java
188,src/e2e/java/teammates/e2e/cases/axe/InstructorFeedbackEditPageAxeTest.java
188,src/e2e/java/teammates/e2e/pageobjects/StudentCourseDetailsPage.java
4,src/main/java/teammates/ui/webapi/GetUsageStatisticsAction.java
81,src/test/java/teammates/ui/webapi/DeleteFeedbackSessionActionTest.java
10,src/test/java/teammates/test/AbstractBackDoor.java
16,src/e2e/java/teammates/e2e/cases/FeedbackTextQuestionE2ETest.java
22,src/main/java/teammates/ui/output/NotificationData.java
84,src/main/java/teammates/logic/core/StudentsLogic.java
81,src/test/java/teammates/ui/webapi/DeleteAccountActionTest.java
85,src/main/java/teammates/ui/output/InstructorPermissionRole.java
157,src/main/java/teammates/common/datatransfer/questions/FeedbackRankOptionsResponseDetails.java
1,src/test/java/teammates/common/datatransfer/TeamEvalResultTest.java
1,src/main/java/teammates/ui/servlets/AuthServlet.java
5,src/main/java/teammates/ui/output/EnrollStudentsData.java
88,src/test/java/teammates/storage/api/FeedbackResponsesDbTest.java
127,src/main/java/teammates/common/util/HttpRequestHelper.java
85,src/main/java/teammates/ui/webapi/UnpublishFeedbackSessionAction.java
1,src/test/java/teammates/test/MockHttpServletRequest.java
22,src/test/java/teammates/logic/core/CoursesLogicTest.java
81,src/main/java/teammates/ui/servlets/LoginServlet.java
127,src/main/java/teammates/common/util/RequestTracer.java
156,src/main/java/teammates/common/datatransfer/UserInfoCookie.java
22,src/main/java/teammates/ui/webapi/JoinCourseAction.java
131,src/test/java/teammates/logic/api/EmailGeneratorTest.java
132,src/main/java/teammates/storage/search/SearchManagerStarter.java
1,src/main/java/teammates/logic/core/DataBundleLogic.java
97,src/main/java/teammates/ui/webapi/GetFeedbackSessionsAction.java
185,src/e2e/java/teammates/e2e/cases/axe/InstructorCourseJoinConfirmationPageAxeTest.java
125,src/main/java/teammates/storage/entity/FeedbackSession.java
29,src/main/java/teammates/ui/webapi/GetStudentsAction.java
176,src/main/java/teammates/logic/core/CoursesLogic.java
7,src/main/java/teammates/ui/webapi/GetFeedbackSessionLogsAction.java
97,src/test/java/teammates/logic/api/MockUserProvision.java
1,src/main/java/teammates/common/util/TaskWrapper.java
189,src/e2e/java/teammates/e2e/cases/axe/InstructorCoursesPageAxeTest.java
4,src/main/java/teammates/ui/webapi/DeleteStudentAction.java
173,src/test/java/teammates/test/TestProperties.java
23,src/main/java/teammates/ui/request/ErrorReportRequest.java
77,src/test/java/teammates/logic/api/MockEmailSender.java
25,src/main/java/teammates/ui/webapi/PublishFeedbackSessionAction.java
119,src/main/java/teammates/logic/core/FeedbackSessionsLogic.java
97,src/main/java/teammates/ui/webapi/SendErrorReportAction.java
88,src/main/java/teammates/storage/api/NotificationsDb.java
97,src/test/java/teammates/ui/webapi/CreateAccountRequestActionTest.java
185,src/e2e/java/teammates/e2e/cases/axe/FeedbackResultsPageAxeTest.java
26,src/main/java/teammates/ui/output/GeneralLogsData.java
127,src/main/java/teammates/common/datatransfer/logs/EmailSentLogDetails.java
187,src/e2e/java/teammates/e2e/cases/axe/InstructorCourseStudentDetailsEditPageAxeTest.java
15,src/e2e/java/teammates/e2e/cases/axe/AdminSessionsPageAxeTest.java
29,src/main/java/teammates/ui/webapi/SessionLinksRecoveryAction.java
1,src/main/java/teammates/ui/webapi/package-info.java
4,src/test/java/teammates/ui/webapi/GetAuthInfoActionTest.java
88,src/main/java/teammates/logic/core/DeadlineExtensionsLogic.java
77,src/main/java/teammates/logic/core/FeedbackResponsesLogic.java
158,src/test/java/teammates/common/util/StringHelperTest.java
17,src/e2e/java/teammates/e2e/cases/AdminSearchPageE2ETest.java
4,src/test/java/teammates/ui/webapi/DeleteAccountActionTest.java
23,src/main/java/teammates/ui/webapi/EnrollStudentsAction.java
157,src/main/java/teammates/common/datatransfer/InstructorPermissionSet.java
1,src/main/java/teammates/common/util/AppUrl.java
97,src/main/java/teammates/logic/core/DeadlineExtensionsLogic.java
97,src/main/java/teammates/ui/webapi/GetTimeZonesAction.java
68,src/main/java/teammates/logic/core/UsageStatisticsLogic.java
122,src/test/java/teammates/logic/core/NotificationsLogicTest.java
16,src/e2e/java/teammates/e2e/cases/StudentNotificationsPageE2ETest.java
29,src/main/java/teammates/ui/webapi/GetReadNotificationsAction.java
88,src/test/java/teammates/logic/core/AccountRequestsLogicTest.java
188,src/e2e/java/teammates/e2e/util/package-info.java
84,src/main/java/teammates/logic/external/GoogleCloudTasksService.java
7,src/main/java/teammates/ui/servlets/LegacyUrlMapper.java
81,src/test/java/teammates/ui/webapi/GetStudentActionTest.java
7,src/main/java/teammates/logic/external/SendgridService.java
26,src/main/java/teammates/ui/webapi/CreateAccountRequestAction.java
22,src/main/java/teammates/ui/webapi/UpdateStudentAction.java
7,src/main/java/teammates/ui/output/InstructorPrivilegeData.java
86,src/main/java/teammates/logic/api/RecaptchaVerifier.java
174,src/main/java/teammates/common/datatransfer/logs/package-info.java
23,src/test/java/teammates/ui/webapi/CalculateUsageStatisticsActionTest.java
7,src/main/java/teammates/logic/external/LocalLoggingService.java
1,src/client/java/teammates/client/scripts/DataMigrationForGoogleIdToGmail.java
177,src/main/java/teammates/storage/search/SearchManager.java
29,src/test/java/teammates/ui/webapi/StudentCourseJoinEmailWorkerActionTest.java
84,src/main/java/teammates/logic/external/LogService.java
8,src/main/java/teammates/logic/api/EmailGenerator.java
68,src/test/java/teammates/logic/core/FeedbackResponsesLogicTest.java
7,src/test/java/teammates/ui/webapi/FeedbackSessionOpeningSoonRemindersActionTest.java
157,src/main/java/teammates/common/datatransfer/NotificationStyle.java
81,src/main/java/teammates/ui/webapi/UpdateStudentAction.java
17,src/e2e/java/teammates/e2e/pageobjects/InstructorStudentRecordsPage.java
1,src/e2e/java/teammates/e2e/cases/InstructorStudentActivityLogsPageE2ETest.java
158,src/main/java/teammates/common/util/FieldValidator.java
22,src/main/java/teammates/ui/request/InvalidHttpRequestBodyException.java
1,src/main/java/teammates/common/util/EmailType.java
1,src/main/java/teammates/ui/webapi/RemindFeedbackSessionResultAction.java
25,src/main/java/teammates/ui/webapi/DeleteDataBundleAction.java
159,src/test/java/teammates/common/datatransfer/questions/FeedbackTextResponseDetailsTest.java
157,src/main/java/teammates/common/util/package-info.java
174,src/main/java/teammates/common/datatransfer/attributes/UsageStatisticsAttributes.java
132,src/main/java/teammates/storage/api/DeadlineExtensionsDb.java
190,src/e2e/java/teammates/e2e/cases/InstructorStudentActivityLogsPageE2ETest.java
88,src/main/java/teammates/logic/api/TaskQueuer.java
23,src/main/java/teammates/ui/request/InstructorPrivilegeUpdateRequest.java
132,src/main/java/teammates/storage/search/SearchManager.java
7,src/main/java/teammates/logic/external/EmptyRecaptchaService.java
189,src/e2e/java/teammates/e2e/cases/axe/AdminSearchPageAxeTest.java
159,src/main/java/teammates/common/datatransfer/DataBundle.java
177,src/test/java/teammates/storage/api/AccountsDbTest.java
25,src/test/java/teammates/ui/webapi/GetFeedbackSessionLogsActionTest.java
4,src/main/java/teammates/ui/constants/DefaultInstructorPermissions.java
189,src/e2e/java/teammates/e2e/cases/axe/InstructorFeedbackEditPageAxeTest.java
7,src/main/java/teammates/ui/servlets/OriginCheckFilter.java
195,src/client/java/teammates/client/scripts/DataMigrationForSanitizedInstructorName.java
1,src/main/java/teammates/storage/search/AccountRequestSearchManager.java
7,src/main/java/teammates/ui/webapi/EntityNotFoundException.java
81,src/main/java/teammates/ui/output/FeedbackQuestionsData.java
15,src/e2e/java/teammates/e2e/cases/StudentHomePageE2ETest.java
85,src/test/java/teammates/ui/webapi/RegenerateStudentKeyActionTest.java
16,src/e2e/java/teammates/e2e/pageobjects/FeedbackResultsPage.java
156,src/test/java/teammates/common/util/JsonUtilsTest.java
160,src/main/java/teammates/common/datatransfer/questions/FeedbackContributionQuestionDetails.java
127,src/main/java/teammates/common/datatransfer/questions/FeedbackMcqQuestionDetails.java
132,src/main/java/teammates/storage/search/StudentSearchManager.java
158,src/main/java/teammates/common/datatransfer/questions/FeedbackContributionQuestionDetails.java
23,src/test/java/teammates/ui/request/package-info.java
25,src/main/java/teammates/ui/webapi/FeedbackSessionPublishedEmailWorkerAction.java
22,src/test/java/teammates/ui/webapi/GetReadNotificationsActionTest.java
7,src/test/java/teammates/ui/webapi/CreateFeedbackSessionActionTest.java
133,src/test/java/teammates/storage/api/DeadlineExtensionsDbTest.java
17,src/e2e/java/teammates/e2e/pageobjects/InstructorCourseEnrollPage.java
26,src/main/java/teammates/ui/webapi/BinCourseAction.java
47,src/main/java/teammates/logic/external/TaskQueueService.java
97,src/test/java/teammates/ui/webapi/StudentSearchIndexingWorkerActionTest.java
118,src/main/java/teammates/storage/entity/AccountRequest.java
29,src/test/java/teammates/ui/webapi/GetCoursesActionTest.java
25,src/main/java/teammates/ui/request/CourseUpdateRequest.java
16,src/e2e/java/teammates/e2e/util/package-info.java
187,src/e2e/java/teammates/e2e/util/EmailAccountTest.java
130,src/main/java/teammates/storage/api/FeedbackResponseCommentsDb.java
1,src/main/java/teammates/ui/webapi/GetUserCookieAction.java
127,src/main/java/teammates/common/util/SanitizationHelper.java
127,src/test/java/teammates/common/datatransfer/questions/FeedbackTextResponseDetailsTest.java
81,src/main/java/teammates/ui/output/FeedbackSessionsData.java
26,src/main/java/teammates/ui/webapi/GetDeadlineExtensionAction.java
25,src/main/java/teammates/ui/request/Intent.java
4,src/main/java/teammates/ui/webapi/RemindFeedbackSessionResultAction.java
117,src/main/java/teammates/logic/core/DataBundleLogic.java
155,src/main/java/teammates/common/datatransfer/AttributesDeletionQuery.java
4,src/test/java/teammates/ui/webapi/UpdateCourseActionTest.java
4,src/main/java/teammates/ui/webapi/BinFeedbackSessionAction.java
1,src/test/java/teammates/ui/webapi/FeedbackSessionOpeningSoonRemindersActionTest.java
7,src/main/java/teammates/logic/external/RecaptchaService.java
5,src/main/java/teammates/ui/webapi/GetUsageStatisticsAction.java
1,src/main/java/teammates/common/exception/InvalidParametersException.java
17,src/e2e/java/teammates/e2e/cases/axe/StudentCourseJoinConfirmationPageAxeTest.java
20,src/main/java/teammates/common/datatransfer/questions/FeedbackTextResponseDetails.java
133,src/main/java/teammates/storage/api/package-info.java
29,src/main/java/teammates/ui/request/FeedbackQuestionUpdateRequest.java
29,src/main/java/teammates/ui/webapi/GetFeedbackSessionsAction.java
4,src/test/java/teammates/ui/webapi/SearchStudentsActionTest.java
131,src/main/java/teammates/logic/external/EmptyRecaptchaService.java
123,src/main/java/teammates/storage/api/FeedbackSessionsDb.java
29,src/main/java/teammates/ui/output/RegkeyValidityData.java
185,src/e2e/java/teammates/e2e/pageobjects/HomePage.java
22,src/main/java/teammates/ui/request/FeedbackQuestionUpdateRequest.java
25,src/main/java/teammates/ui/webapi/AccountRequestSearchIndexingWorkerAction.java
1,src/main/java/teammates/ui/webapi/FeedbackSessionClosingRemindersAction.java
26,src/test/java/teammates/ui/webapi/CreateFeedbackResponseCommentActionTest.java
25,src/main/java/teammates/ui/constants/DefaultInstructorPermissions.java
9,src/main/java/teammates/storage/api/FeedbackResponsesDb.java
130,src/main/java/teammates/storage/entity/Instructor.java
29,src/main/java/teammates/ui/servlets/package-info.java
185,src/e2e/java/teammates/e2e/pageobjects/AdminNotificationsPage.java
20,src/main/java/teammates/common/datatransfer/AttributesDeletionQuery.java
29,src/main/java/teammates/ui/output/ActionClasses.java
4,src/test/java/teammates/ui/webapi/GetInstructorsActionTest.java
5,src/test/java/teammates/ui/webapi/BinCourseActionTest.java
85,src/test/java/teammates/ui/webapi/GetAccountsActionTest.java
8,src/main/java/teammates/logic/external/GoogleRecaptchaService.java
8,src/main/java/teammates/logic/api/UserProvision.java
156,src/main/java/teammates/common/util/EmailWrapper.java
5,src/main/java/teammates/ui/output/FeedbackSessionStatsData.java
84,src/main/java/teammates/logic/external/TaskQueueService.java
131,src/main/java/teammates/logic/external/MailgunService.java
156,src/main/java/teammates/common/datatransfer/questions/FeedbackContributionQuestionDetails.java
175,src/main/java/teammates/common/util/Logger.java
127,src/main/java/teammates/common/datatransfer/attributes/package-info.java
7,src/main/java/teammates/logic/api/UserProvision.java
22,src/main/java/teammates/ui/output/FeedbackSessionLogsData.java
188,src/e2e/java/teammates/e2e/pageobjects/AdminTimezonePage.java
1,src/client/java/teammates/client/scripts/statistics/package-info.java
26,src/test/java/teammates/ui/webapi/DeleteFeedbackQuestionActionTest.java
160,src/test/java/teammates/common/util/BuildPropertiesTest.java
185,src/e2e/java/teammates/e2e/util/TestProperties.java
196,src/client/java/teammates/client/scripts/SingleAccountGoogleIdMigrationScript.java
77,src/main/java/teammates/logic/core/DeadlineExtensionsLogic.java
175,src/main/java/teammates/common/datatransfer/logs/LogEvent.java
23,src/test/java/teammates/ui/webapi/GetFeedbackQuestionRecipientsActionTest.java
15,src/e2e/java/teammates/e2e/cases/axe/AdminAccountsPageAxeTest.java
47,src/test/java/teammates/logic/core/FeedbackQuestionsLogicTest.java
128,src/main/java/teammates/storage/entity/Notification.java
187,src/e2e/java/teammates/e2e/cases/FeedbackMcqQuestionE2ETest.java
189,src/e2e/java/teammates/e2e/cases/InstructorFeedbackReportPageE2ETest.java
23,src/main/java/teammates/ui/webapi/GetFeedbackQuestionsAction.java
185,src/e2e/java/teammates/e2e/cases/AdminSessionsPageE2ETest.java
175,src/main/java/teammates/common/util/RequestTracer.java
15,src/e2e/java/teammates/e2e/cases/axe/package-info.java
185,src/e2e/java/teammates/e2e/pageobjects/IanaTimezonePage.java
47,src/test/java/teammates/logic/api/LogicExtension.java
85,src/test/java/teammates/ui/webapi/SearchInstructorsActionTest.java
155,src/main/java/teammates/common/datatransfer/questions/FeedbackMsqQuestionDetails.java
7,src/main/java/teammates/ui/webapi/SendLoginEmailAction.java
4,src/main/java/teammates/ui/webapi/CreateFeedbackSessionLogAction.java
125,src/main/java/teammates/storage/entity/FeedbackQuestion.java
156,src/main/java/teammates/common/datatransfer/logs/ExceptionLogDetails.java
5,src/test/java/teammates/ui/webapi/FeedbackSessionPublishedRemindersActionTest.java
25,src/main/java/teammates/ui/webapi/CreateFeedbackQuestionAction.java
29,src/test/java/teammates/ui/webapi/GetFeedbackSessionActionTest.java
190,src/e2e/java/teammates/e2e/cases/axe/StudentNotificationsPageAxeTest.java
186,src/e2e/java/teammates/e2e/cases/axe/InstructorCourseStudentDetailsPageAxeTest.java
25,src/main/java/teammates/ui/request/ErrorReportRequest.java
68,src/test/java/teammates/logic/api/BaseLogicTest.java
5,src/test/java/teammates/ui/webapi/UpdateNotificationActionTest.java
186,src/e2e/java/teammates/e2e/cases/axe/AdminNotificationsPageAxeTest.java
23,src/main/java/teammates/ui/webapi/SearchInstructorsAction.java
128,src/test/java/teammates/storage/api/StudentsDbTest.java
79,src/main/java/teammates/logic/core/UsageStatisticsLogic.java
29,src/test/java/teammates/ui/webapi/FeedbackSessionClosingRemindersActionTest.java
29,src/test/java/teammates/ui/webapi/FeedbackSessionOpeningRemindersActionTest.java
127,src/main/java/teammates/common/datatransfer/attributes/AccountRequestAttributes.java
117,src/main/java/teammates/logic/external/EmptyRecaptchaService.java
1,src/main/java/teammates/ui/output/FeedbackSessionData.java
1,src/test/java/teammates/logic/core/FeedbackResponsesLogicTest.java
174,src/main/java/teammates/common/datatransfer/questions/FeedbackNumericalScaleQuestionDetails.java
26,src/test/java/teammates/ui/webapi/SessionLinksRecoveryActionTest.java
7,src/main/java/teammates/ui/servlets/WebSecurityHeaderFilter.java
160,src/test/java/teammates/common/util/FieldValidatorTest.java
198,src/client/java/teammates/client/scripts/DataMigrationForFeedbackSessionMismatchedTimezone.java
68,src/main/java/teammates/logic/core/AccountsLogic.java
97,src/test/java/teammates/ui/servlets/LegacyUrlMapperTest.java
189,src/e2e/java/teammates/e2e/cases/InstructorCourseDetailsPageE2ETest.java
85,src/main/java/teammates/ui/webapi/RemindFeedbackSessionSubmissionAction.java
196,src/client/java/teammates/client/scripts/DataMigrationForSanitizedDataInCourseAttributes.java
188,src/e2e/java/teammates/e2e/cases/InstructorHomePageE2ETest.java
29,src/test/java/teammates/ui/webapi/CalculateUsageStatisticsActionTest.java
117,src/main/java/teammates/logic/core/NotificationsLogic.java
188,src/e2e/java/teammates/e2e/util/EmailAccount.java
101,src/main/java/teammates/storage/entity/Course.java
81,src/main/java/teammates/ui/constants/DefaultInstructorPermissions.java
7,src/main/java/teammates/ui/output/FeedbackResponseData.java
159,src/main/java/teammates/common/datatransfer/logs/SourceLocation.java
25,src/main/java/teammates/ui/webapi/DeleteStudentAction.java
186,src/e2e/java/teammates/e2e/cases/axe/InstructorSearchPageAxeTest.java
81,src/main/java/teammates/ui/request/FeedbackQuestionUpdateRequest.java
84,src/main/java/teammates/logic/external/FirebaseAuthService.java
158,src/main/java/teammates/common/util/HttpRequestHelper.java
16,src/e2e/java/teammates/e2e/util/TestNgXmlTest.java
5,src/main/java/teammates/ui/webapi/GetActionClassesAction.java
156,src/main/java/teammates/common/datatransfer/attributes/AccountRequestAttributes.java
85,src/main/java/teammates/ui/webapi/ActionFactory.java
87,src/test/java/teammates/logic/core/InstructorsLogicTest.java
7,src/test/java/teammates/ui/servlets/OriginCheckFilterTest.java
1,src/main/java/teammates/common/datatransfer/package-info.java
22,src/test/java/teammates/ui/webapi/ResetAccountActionTest.java
130,src/test/java/teammates/storage/search/AccountRequestSearchTest.java
7,src/main/java/teammates/logic/core/FeedbackQuestionsLogic.java
23,src/main/java/teammates/ui/webapi/GetUserCookieAction.java
88,src/main/java/teammates/storage/api/FeedbackResponseCommentsDb.java
25,src/main/java/teammates/ui/webapi/CreateAccountRequestAction.java
188,src/e2e/java/teammates/e2e/cases/AdminHomePageE2ETest.java
97,src/main/java/teammates/logic/core/StudentsLogic.java
118,src/main/java/teammates/storage/api/FeedbackResponseCommentsDb.java
20,src/main/java/teammates/common/util/StringHelper.java
22,src/main/java/teammates/ui/output/GeneralLogsData.java
1,src/main/java/teammates/ui/webapi/EnrollStudentsAction.java
68,src/test/java/teammates/logic/api/LogicExtension.java
1,src/test/java/teammates/logic/core/BaseLogicTest.java
4,src/main/java/teammates/ui/output/FeedbackSessionPublishStatus.java
101,src/test/java/teammates/storage/search/InstructorSearchTest.java
29,src/main/java/teammates/ui/webapi/SendLoginEmailAction.java
197,src/client/java/teammates/client/scripts/DataMigrationForSampleGoogleIdInStudentAttributes.java
131,src/test/java/teammates/storage/api/DeadlineExtensionsDbTest.java
189,src/e2e/java/teammates/e2e/pageobjects/HomePage.java
7,src/main/java/teammates/ui/webapi/AdminOnlyAction.java
85,src/main/java/teammates/ui/webapi/GetUsageStatisticsAction.java
81,src/main/java/teammates/ui/webapi/EnrollStudentsAction.java
18,src/client/java/teammates/client/connector/DatastoreClient.java
29,src/main/java/teammates/ui/webapi/GetOngoingSessionsAction.java
16,src/e2e/java/teammates/e2e/util/TestProperties.java
88,src/main/java/teammates/logic/external/EmptyEmailService.java
4,src/main/java/teammates/ui/webapi/GetFeedbackSessionAction.java
185,src/e2e/java/teammates/e2e/cases/axe/InstructorCourseEnrollPageAxeTest.java
29,src/test/java/teammates/ui/webapi/RegenerateStudentKeyActionTest.java
22,src/main/java/teammates/logic/external/EmptyAuthService.java
175,src/test/java/teammates/common/datatransfer/ErrorLogEntryTest.java
26,src/main/java/teammates/ui/webapi/DeleteAccountRequestAction.java
174,src/main/java/teammates/common/datatransfer/attributes/FeedbackResponseAttributes.java
9,src/test/java/teammates/storage/api/AccountRequestsDbTest.java
85,src/test/java/teammates/ui/webapi/GetDeadlineExtensionActionTest.java
5,src/main/java/teammates/ui/webapi/RestoreCourseAction.java
188,src/e2e/java/teammates/e2e/pageobjects/IanaTimezonePage.java
1,src/e2e/java/teammates/e2e/cases/axe/InstructorStudentRecordsPageAxeTest.java
85,src/main/java/teammates/ui/request/FeedbackResponseCommentBasicRequest.java
29,src/test/java/teammates/ui/webapi/SendLoginEmailActionTest.java
81,src/test/java/teammates/ui/webapi/DeleteStudentActionTest.java
156,src/main/java/teammates/common/datatransfer/logs/RequestLogUser.java
101,src/main/java/teammates/storage/api/AccountRequestsDb.java
175,src/main/java/teammates/common/datatransfer/logs/ExceptionLogDetails.java
4,src/test/java/teammates/ui/webapi/RegenerateStudentKeyActionTest.java
84,src/main/java/teammates/logic/external/EmptyAuthService.java
5,src/test/java/teammates/ui/webapi/DeleteInstructorActionTest.java
25,src/main/java/teammates/ui/webapi/SubmitFeedbackResponsesAction.java
190,src/e2e/java/teammates/e2e/pageobjects/AdminSessionsPage.java
160,src/main/java/teammates/common/util/HttpRequest.java
25,src/main/java/teammates/ui/webapi/GetFeedbackQuestionsAction.java
97,src/main/java/teammates/logic/core/LogicStarter.java
185,src/main/java/teammates/logic/external/MailgunService.java
5,src/main/java/teammates/ui/output/FeedbackResponseCommentData.java
25,src/main/java/teammates/ui/webapi/BasicCommentSubmissionAction.java
25,src/main/java/teammates/ui/request/FeedbackSessionUpdateRequest.java
1,src/main/java/teammates/ui/webapi/DeleteCourseAction.java
127,src/main/java/teammates/common/exception/InstructorUpdateException.java
157,src/main/java/teammates/common/datatransfer/questions/FeedbackResponseDetails.java
17,src/e2e/java/teammates/e2e/pageobjects/AdminHomePage.java
188,src/e2e/java/teammates/e2e/cases/NotificationBannerE2ETest.java
188,src/e2e/java/teammates/e2e/cases/axe/StudentCourseDetailsPageAxeTest.java
187,src/e2e/java/teammates/e2e/cases/InstructorStudentListPageE2ETest.java
25,src/main/java/teammates/ui/webapi/UpdateCourseAction.java
25,src/main/java/teammates/ui/webapi/ActionResult.java
85,src/main/java/teammates/ui/webapi/GetFeedbackSessionSubmittedGiverSetAction.java
29,src/test/java/teammates/ui/webapi/SearchStudentsActionTest.java
158,src/test/java/teammates/common/datatransfer/InstructorPrivilegesTest.java
1,src/e2e/java/teammates/e2e/cases/InstructorSearchPageE2ETest.java
22,src/test/java/teammates/logic/core/FeedbackSessionsLogicTest.java
4,src/main/java/teammates/ui/webapi/DatastoreBackupAction.java
1,src/main/java/teammates/ui/webapi/FeedbackSessionClosedRemindersAction.java
88,src/main/java/teammates/storage/api/package-info.java
5,src/test/java/teammates/ui/webapi/QueryLogsActionTest.java
174,src/test/java/teammates/common/datatransfer/questions/FeedbackResponseDetailsTest.java
7,src/main/java/teammates/ui/request/FeedbackResponseCommentUpdateRequest.java
81,src/main/java/teammates/ui/output/JoinStatus.java
7,src/test/java/teammates/ui/webapi/SessionLinksRecoveryActionTest.java
85,src/test/java/teammates/ui/webapi/RemindFeedbackSessionResultActionTest.java
125,src/main/java/teammates/storage/api/FeedbackResponsesDb.java
47,src/main/java/teammates/logic/core/AccountsLogic.java
174,src/test/java/teammates/common/datatransfer/attributes/package-info.java
187,src/e2e/java/teammates/e2e/pageobjects/Browser.java
101,src/main/java/teammates/storage/api/UsageStatisticsDb.java
84,src/main/java/teammates/logic/core/FeedbackQuestionsLogic.java
97,src/main/java/teammates/ui/request/FeedbackQuestionCreateRequest.java
194,src/client/java/teammates/client/scripts/DataBundleRegenerator.java
185,src/test/java/teammates/logic/api/EmailGeneratorTest.java
1,src/test/java/teammates/test/BaseTestCase.java
20,src/main/java/teammates/common/util/HttpRequestHelper.java
163,src/test/java/teammates/test/AssertHelper.java
16,src/e2e/java/teammates/e2e/cases/InstructorSearchPageE2ETest.java
26,src/test/java/teammates/ui/webapi/CreateAccountRequestActionTest.java
1,src/e2e/java/teammates/e2e/pageobjects/InstructorStudentActivityLogsPage.java
25,src/test/java/teammates/ui/webapi/GetCourseJoinStatusActionTest.java
188,src/e2e/java/teammates/e2e/cases/FeedbackRankOptionQuestionE2ETest.java
81,src/main/java/teammates/ui/webapi/RestoreCourseAction.java
17,src/e2e/java/teammates/e2e/cases/AdminAccountsPageE2ETest.java
127,src/test/java/teammates/common/datatransfer/CourseRosterTest.java
23,src/main/java/teammates/ui/output/ReadNotificationsData.java
7,src/test/java/teammates/ui/webapi/UpdateFeedbackQuestionActionTest.java
187,src/e2e/java/teammates/e2e/cases/AdminNotificationsPageE2ETest.java
175,src/main/java/teammates/common/datatransfer/attributes/CourseAttributes.java
22,src/test/java/teammates/ui/webapi/AccountRequestSearchIndexingWorkerActionTest.java
5,src/test/java/teammates/ui/webapi/PublishFeedbackSessionActionTest.java
4,src/test/java/teammates/ui/webapi/GetCourseSectionNamesActionTest.java
5,src/main/java/teammates/ui/webapi/SendJoinReminderEmailAction.java
29,src/main/java/teammates/ui/request/NotificationUpdateRequest.java
26,src/main/java/teammates/ui/webapi/DeleteDataBundleAction.java
23,src/main/java/teammates/ui/webapi/DeleteAccountRequestAction.java
129,src/test/java/teammates/logic/core/FeedbackResponsesLogicTest.java
188,src/e2e/java/teammates/e2e/cases/axe/StudentCourseJoinConfirmationPageAxeTest.java
188,src/e2e/java/teammates/e2e/pageobjects/InstructorNotificationsPage.java
133,src/main/java/teammates/storage/api/AccountRequestsDb.java
4,src/main/java/teammates/ui/webapi/PublishFeedbackSessionAction.java
118,src/test/java/teammates/storage/search/BaseSearchTest.java
189,src/e2e/java/teammates/e2e/pageobjects/FeedbackSubmitPage.java
25,src/test/java/teammates/ui/webapi/UpdateStudentActionTest.java
1,src/main/java/teammates/ui/constants/ResourceEndpoints.java
17,src/e2e/java/teammates/e2e/cases/BaseE2ETestCase.java
186,src/e2e/java/teammates/e2e/cases/FeedbackMsqQuestionE2ETest.java
25,src/main/java/teammates/ui/webapi/BinCourseAction.java
1,src/main/java/teammates/ui/request/NotificationUpdateRequest.java
26,src/test/java/teammates/ui/webapi/FeedbackSessionRemindParticularUsersEmailWorkerActionTest.java
7,src/test/java/teammates/logic/core/InstructorsLogicTest.java
194,src/client/java/teammates/client/scripts/DataMigrationForSanitizedDataInStudentAttributes.java
23,src/test/java/teammates/ui/webapi/FeedbackSessionPublishedRemindersActionTest.java
1,src/main/java/teammates/ui/output/AccountsData.java
155,src/main/java/teammates/common/datatransfer/questions/FeedbackContributionResponseDetails.java
101,src/main/java/teammates/storage/search/SearchDocument.java
1,src/test/java/teammates/common/datatransfer/questions/FeedbackTextQuestionDetailsTest.java
1,src/e2e/java/teammates/e2e/cases/AutomatedSessionRemindersE2ETest.java
97,src/main/java/teammates/ui/constants/ResourceEndpoints.java
85,src/main/java/teammates/ui/webapi/DeleteFeedbackQuestionAction.java
1,src/test/java/teammates/test/EmailChecker.java
4,src/main/java/teammates/ui/webapi/AdminOnlyAction.java
125,src/main/java/teammates/storage/search/InstructorSearchDocument.java
160,src/test/java/teammates/common/datatransfer/questions/FeedbackResponseDetailsTest.java
132,src/test/java/teammates/storage/api/FeedbackResponsesDbTest.java
5,src/main/java/teammates/ui/webapi/GetTimeZonesAction.java
133,src/main/java/teammates/storage/entity/BaseEntity.java
187,src/e2e/java/teammates/e2e/pageobjects/AppPage.java
25,src/main/java/teammates/ui/webapi/JoinCourseAction.java
81,src/main/java/teammates/ui/webapi/RegenerateStudentKeyAction.java
20,src/main/java/teammates/common/datatransfer/questions/FeedbackRankRecipientsQuestionDetails.java
1,src/main/java/teammates/ui/output/UsageStatisticsData.java
29,src/main/java/teammates/ui/webapi/CreateInstructorAction.java
5,src/main/java/teammates/ui/webapi/CreateNotificationAction.java
174,src/main/java/teammates/common/datatransfer/FeedbackQuestionRecipient.java
174,src/test/java/teammates/common/util/TimeHelperTest.java
7,src/main/java/teammates/ui/webapi/GetInstructorAction.java
186,src/e2e/java/teammates/e2e/cases/InstructorStudentActivityLogsPageE2ETest.java
1,src/e2e/java/teammates/e2e/cases/axe/package-info.java
185,src/test/java/teammates/logic/core/DataBundleLogicTest.java
20,src/main/java/teammates/common/datatransfer/questions/FeedbackResponseDetails.java
117,src/main/java/teammates/logic/external/FirebaseAuthService.java
175,src/main/java/teammates/common/datatransfer/attributes/package-info.java
23,src/test/java/teammates/ui/webapi/GetFeedbackQuestionsActionTest.java
9,src/main/java/teammates/storage/api/StudentsDb.java
155,src/main/java/teammates/common/datatransfer/InstructorPermissionSet.java
1,src/e2e/java/teammates/e2e/cases/axe/InstructorFeedbackReportPageAxeTest.java
5,src/test/java/teammates/ui/webapi/FeedbackSessionPublishedEmailWorkerActionTest.java
77,src/main/java/teammates/logic/external/EmptyRecaptchaService.java
26,src/test/java/teammates/ui/webapi/CreateAccountActionTest.java
157,src/main/java/teammates/common/datatransfer/QueryLogsResults.java
118,src/test/java/teammates/storage/api/CoursesDbTest.java
7,src/test/java/teammates/ui/webapi/InstructorSearchIndexingWorkerActionTest.java
81,src/main/java/teammates/ui/webapi/CreateInstructorAction.java
133,src/main/java/teammates/storage/api/EntitiesDb.java
155,src/main/java/teammates/common/util/StdOutConsoleHandler.java
85,src/main/java/teammates/ui/servlets/WebPageServlet.java
85,src/test/java/teammates/ui/webapi/FeedbackSessionResendPublishedEmailWorkerActionTest.java
22,src/main/java/teammates/ui/webapi/EntityNotFoundException.java
129,src/main/java/teammates/logic/core/DataBundleLogic.java
189,src/e2e/java/teammates/e2e/pageobjects/AdminNotificationsPage.java
101,src/test/java/teammates/storage/api/FeedbackResponseCommentsDbTest.java
97,src/main/java/teammates/ui/output/FeedbackQuestionData.java
7,src/main/java/teammates/ui/webapi/GetFeedbackQuestionsAction.java
131,src/main/java/teammates/logic/external/TaskQueueService.java
22,src/test/java/teammates/ui/webapi/BinCourseActionTest.java
1,src/e2e/java/teammates/e2e/cases/axe/InstructorNotificationsPageAxeTest.java
119,src/main/java/teammates/logic/core/AccountRequestsLogic.java
155,src/main/java/teammates/common/datatransfer/questions/FeedbackMsqResponseDetails.java
155,src/test/java/teammates/common/datatransfer/questions/FeedbackTextResponseDetailsTest.java
15,src/e2e/java/teammates/e2e/cases/InstructorStudentActivityLogsPageE2ETest.java
1,src/main/java/teammates/ui/webapi/GateKeeper.java
160,src/main/java/teammates/common/exception/EmailSendingException.java
155,src/test/java/teammates/common/datatransfer/SessionResultsBundleTest.java
7,src/main/java/teammates/ui/webapi/RestoreFeedbackSessionAction.java
188,src/e2e/java/teammates/e2e/cases/AutomatedSessionRemindersE2ETest.java
26,src/main/java/teammates/ui/webapi/GetOngoingSessionsAction.java
186,src/e2e/java/teammates/e2e/pageobjects/InstructorHomePage.java
1,src/main/java/teammates/ui/webapi/GetTimeZonesAction.java
77,src/main/java/teammates/logic/external/GoogleRecaptchaService.java
22,src/main/java/teammates/logic/external/GoogleCloudLoggingService.java
81,src/main/java/teammates/ui/constants/ApiConst.java
1,src/test/java/teammates/common/datatransfer/questions/package-info.java
25,src/main/java/teammates/ui/webapi/DeleteFeedbackQuestionAction.java
22,src/test/java/teammates/ui/webapi/FeedbackSessionRemindEmailWorkerActionTest.java
68,src/test/java/teammates/logic/core/AccountRequestsLogicTest.java
160,src/test/java/teammates/common/datatransfer/UserInfoCookieTest.java
125,src/test/java/teammates/storage/api/DeadlineExtensionsDbTest.java
117,src/main/java/teammates/logic/external/AuthService.java
26,src/test/java/teammates/ui/webapi/RemindFeedbackSessionResultActionTest.java
127,src/main/java/teammates/common/util/EmailWrapper.java
81,src/test/java/teammates/ui/webapi/UpdateFeedbackResponseCommentActionTest.java
17,src/e2e/java/teammates/e2e/cases/axe/InstructorCourseDetailsPageAxeTest.java
155,src/main/java/teammates/common/datatransfer/logs/EmailSentLogDetails.java
158,src/test/java/teammates/common/util/package-info.java
1,src/test/java/teammates/common/util/StringHelperTest.java
155,src/test/java/teammates/common/datatransfer/attributes/BaseAttributesTest.java
185,src/main/java/teammates/logic/external/AuthService.java
118,src/test/java/teammates/storage/api/InstructorsDbTest.java
175,src/main/java/teammates/common/exception/DeadlineExceededException.java
7,src/test/java/teammates/ui/webapi/UpdateNotificationActionTest.java
7,src/test/java/teammates/logic/core/DeadlineExtensionsLogicTest.java
97,src/main/java/teammates/ui/webapi/DeleteFeedbackQuestionAction.java
185,src/main/java/teammates/logic/core/AccountRequestsLogic.java
25,src/test/java/teammates/ui/webapi/GetFeedbackResponseCommentActionTest.java
29,src/main/java/teammates/ui/webapi/JsonResult.java
8,src/main/java/teammates/logic/external/MailgunService.java
7,src/test/java/teammates/logic/api/MockUserProvision.java
23,src/test/java/teammates/ui/webapi/InstructorCourseJoinEmailWorkerActionTest.java
198,src/client/java/teammates/client/scripts/DataMigrationForSanitizedDataInStudentAttributes.java
125,src/main/java/teammates/storage/api/FeedbackResponseCommentsDb.java
29,src/main/java/teammates/ui/request/FeedbackSessionCreateRequest.java
97,src/test/java/teammates/ui/webapi/UpdateInstructorPrivilegeActionTest.java
157,src/main/java/teammates/common/util/TzdbResourceZoneRulesProvider.java
23,src/main/java/teammates/ui/servlets/RequestTraceFilter.java
4,src/main/java/teammates/ui/webapi/PutDataBundleAction.java
5,src/main/java/teammates/ui/output/FeedbackResponseData.java
20,src/main/java/teammates/common/util/Templates.java
158,src/test/java/teammates/common/datatransfer/questions/FeedbackRankOptionsQuestionDetailsTest.java
175,src/main/java/teammates/common/datatransfer/UserInfo.java
23,src/test/java/teammates/ui/webapi/AccountRequestSearchIndexingWorkerActionTest.java
122,src/main/java/teammates/logic/api/Logic.java
23,src/test/java/teammates/ui/webapi/SubmitFeedbackResponsesActionTest.java
159,src/main/java/teammates/common/datatransfer/logs/QueryLogsParams.java
158,src/main/java/teammates/common/datatransfer/questions/FeedbackRubricResponseDetails.java
133,src/test/java/teammates/storage/api/FeedbackResponseCommentsDbTest.java
16,src/e2e/java/teammates/e2e/cases/axe/FeedbackSubmitPageAxeTest.java
157,src/test/java/teammates/common/datatransfer/questions/package-info.java
9,src/main/java/teammates/storage/api/AccountsDb.java
131,src/main/java/teammates/logic/api/package-info.java
15,src/e2e/java/teammates/e2e/cases/InstructorCourseEnrollPageE2ETest.java
125,src/main/java/teammates/storage/search/package-info.java
85,src/main/java/teammates/ui/output/HasResponsesData.java
1,src/main/java/teammates/ui/webapi/MarkNotificationAsReadAction.java
29,src/main/java/teammates/ui/webapi/GetStudentAction.java
47,src/main/java/teammates/logic/external/FirebaseAuthService.java
188,src/e2e/java/teammates/e2e/cases/axe/InstructorCoursesPageAxeTest.java
189,src/e2e/java/teammates/e2e/pageobjects/InstructorHomePage.java
131,src/test/java/teammates/logic/core/FeedbackQuestionsLogicTest.java
4,src/main/java/teammates/ui/webapi/GetFeedbackResponseCommentAction.java
68,src/test/java/teammates/logic/api/MockTaskQueuer.java
25,src/main/java/teammates/ui/servlets/package-info.java
29,src/test/java/teammates/ui/webapi/InstructorCourseJoinEmailWorkerActionTest.java
190,src/e2e/java/teammates/e2e/pageobjects/Browser.java
1,src/main/java/teammates/logic/api/UserProvision.java
157,src/main/java/teammates/common/datatransfer/attributes/FeedbackQuestionAttributes.java
119,src/main/java/teammates/logic/core/DataBundleLogic.java
4,src/main/java/teammates/ui/output/NotificationsData.java
9,src/test/java/teammates/storage/api/package-info.java
5,src/test/java/teammates/ui/webapi/JoinCourseActionTest.java
25,src/main/java/teammates/ui/webapi/InvalidOperationException.java
5,src/test/java/teammates/ui/webapi/GetFeedbackResponseCommentActionTest.java
174,src/main/java/teammates/common/util/Config.java
118,src/main/java/teammates/storage/entity/Instructor.java
4,src/main/java/teammates/ui/webapi/DeleteDataBundleAction.java
197,src/client/java/teammates/client/scripts/DataMigrationForInstructorFeedbackResponseComments.java
23,src/main/java/teammates/ui/webapi/SearchAccountRequestsAction.java
25,src/main/java/teammates/ui/request/FeedbackQuestionUpdateRequest.java
85,src/main/java/teammates/ui/output/FeedbackSessionPublishStatus.java
194,src/client/java/teammates/client/scripts/DataMigrationForUnencryptedKeyForStudents.java
23,src/main/java/teammates/ui/output/StudentsData.java
190,src/e2e/java/teammates/e2e/cases/StudentCourseJoinConfirmationPageE2ETest.java
47,src/main/java/teammates/logic/api/EmailGenerator.java
22,src/test/java/teammates/ui/webapi/UpdateInstructorActionTest.java
22,src/test/java/teammates/ui/webapi/UpdateFeedbackResponseCommentActionTest.java
190,src/e2e/java/teammates/e2e/cases/AdminAccountsPageE2ETest.java
79,src/main/java/teammates/logic/external/EmptyRecaptchaService.java
47,src/main/java/teammates/logic/core/FeedbackResponsesLogic.java
85,src/main/java/teammates/ui/request/NotificationBasicRequest.java
190,src/e2e/java/teammates/e2e/cases/axe/InstructorCourseEditPageAxeTest.java
5,src/main/java/teammates/ui/request/InstructorPrivilegeUpdateRequest.java
20,src/main/java/teammates/common/datatransfer/attributes/StudentAttributes.java
159,src/main/java/teammates/common/datatransfer/attributes/AccountRequestAttributes.java
189,src/e2e/java/teammates/e2e/pageobjects/StudentNotificationsPage.java
159,src/test/java/teammates/common/datatransfer/attributes/CourseAttributesTest.java
85,src/test/java/teammates/ui/webapi/SendLoginEmailActionTest.java
22,src/test/java/teammates/ui/webapi/GetInstructorPrivilegeActionTest.java
159,src/test/java/teammates/common/datatransfer/attributes/FeedbackSessionAttributesTest.java
117,src/main/java/teammates/logic/api/TaskQueuer.java
81,src/main/java/teammates/ui/output/GeneralLogsData.java
5,src/main/java/teammates/ui/servlets/LoginServlet.java
23,src/main/java/teammates/ui/request/CourseCreateRequest.java
25,src/main/java/teammates/ui/output/NotificationsData.java
197,src/client/java/teammates/client/scripts/DataMigrationForSanitizedDataInStudentAttributes.java
85,src/main/java/teammates/ui/webapi/CompileLogsAction.java
187,src/e2e/java/teammates/e2e/util/MaximumRetriesExceededException.java
174,src/main/java/teammates/common/datatransfer/logs/LogSeverity.java
1,src/client/java/teammates/client/scripts/DataMigrationForSanitizedDataInInstructorAttributes.java
85,src/test/java/teammates/logic/core/FeedbackResponseCommentsLogicTest.java
157,src/test/java/teammates/common/util/StringHelperExtension.java
190,src/e2e/java/teammates/e2e/pageobjects/InstructorCourseEnrollPage.java
174,src/main/java/teammates/common/util/EmailSendingStatus.java
175,src/test/java/teammates/common/datatransfer/attributes/DeadlineExtensionAttributesTest.java
7,src/test/java/teammates/ui/webapi/CompileLogsActionTest.java
188,src/e2e/java/teammates/e2e/cases/InstructorCourseStudentDetailsEditPageE2ETest.java
173,src/test/java/teammates/test/ThreadHelper.java
156,src/main/java/teammates/common/datatransfer/logs/GeneralLogEntry.java
25,src/main/java/teammates/ui/webapi/GetNotificationAction.java
157,src/main/java/teammates/common/datatransfer/questions/FeedbackTextResponseDetails.java
23,src/main/java/teammates/ui/webapi/UpdateFeedbackResponseCommentAction.java
1,src/main/java/teammates/logic/api/RecaptchaVerifier.java
127,src/test/java/teammates/common/util/JsonUtilsTest.java
117,src/main/java/teammates/logic/api/LogsProcessor.java
1,src/e2e/java/teammates/e2e/pageobjects/InstructorStudentRecordsPage.java
87,src/test/java/teammates/logic/core/NotificationsLogicTest.java
88,src/main/java/teammates/storage/search/SearchManager.java
119,src/test/java/teammates/logic/core/InstructorsLogicTest.java
173,src/test/java/teammates/test/package-info.java
158,src/main/java/teammates/common/exception/InvalidParametersException.java
9,src/test/java/teammates/storage/api/CoursesDbTest.java
29,src/main/java/teammates/ui/webapi/GetAccountAction.java
20,src/main/java/teammates/common/datatransfer/questions/FeedbackContributionResponseDetails.java
1,src/test/java/teammates/ui/webapi/DeleteFeedbackSessionActionTest.java
16,src/e2e/java/teammates/e2e/cases/InstructorCourseStudentDetailsEditPageE2ETest.java
20,src/test/java/teammates/common/datatransfer/attributes/CourseAttributesTest.java
132,src/main/java/teammates/storage/search/AccountRequestSearchManager.java
88,src/test/java/teammates/logic/core/FeedbackResponseCommentsLogicTest.java
1,src/main/java/teammates/ui/webapi/GetFeedbackSessionsAction.java
1,src/e2e/java/teammates/e2e/pageobjects/InstructorCourseDetailsPage.java
4,src/test/java/teammates/ui/webapi/GetDeadlineExtensionActionTest.java
4,src/main/java/teammates/ui/servlets/OriginCheckFilter.java
127,src/main/java/teammates/common/datatransfer/questions/FeedbackNumericalScaleResponseDetails.java
4,src/test/java/teammates/ui/webapi/CreateInstructorActionTest.java
7,src/main/java/teammates/ui/output/JoinStatus.java
23,src/test/java/teammates/ui/webapi/DeleteAccountRequestActionTest.java
1,src/test/java/teammates/ui/webapi/StudentCourseJoinEmailWorkerActionTest.java
157,src/main/java/teammates/common/datatransfer/questions/FeedbackContributionQuestionDetails.java
157,src/test/java/teammates/common/datatransfer/ErrorLogEntryTest.java
155,src/main/java/teammates/common/datatransfer/questions/FeedbackNumericalScaleQuestionDetails.java
177,src/test/java/teammates/storage/api/FeedbackQuestionsDbTest.java
97,src/main/java/teammates/ui/webapi/DeleteCourseAction.java
26,src/main/java/teammates/ui/output/ActionClasses.java
1,src/test/java/teammates/ui/webapi/DeleteFeedbackResponseCommentActionTest.java
85,src/test/java/teammates/ui/webapi/GetActionClassesActionTest.java
20,src/main/java/teammates/common/datatransfer/logs/InstanceLogDetails.java
187,src/e2e/java/teammates/e2e/pageobjects/AdminSearchPage.java
22,src/test/java/teammates/logic/api/BaseLogicTest.java
97,src/main/java/teammates/ui/webapi/CompileLogsAction.java
117,src/main/java/teammates/logic/external/EmptyEmailService.java
97,src/main/java/teammates/ui/webapi/AccountRequestSearchIndexingWorkerAction.java
187,src/e2e/java/teammates/e2e/cases/axe/InstructorCoursesPageAxeTest.java
189,src/e2e/java/teammates/e2e/pageobjects/InstructorCourseStudentDetailsViewPage.java
160,src/main/java/teammates/common/datatransfer/questions/FeedbackConstantSumResponseDetails.java
175,src/main/java/teammates/common/datatransfer/attributes/FeedbackQuestionAttributes.java
155,src/test/java/teammates/common/datatransfer/attributes/DeadlineExtensionAttributesTest.java
25,src/main/java/teammates/ui/webapi/BasicFeedbackSubmissionAction.java
4,src/main/java/teammates/ui/servlets/LegacyUrlMapper.java
88,src/main/java/teammates/logic/core/NotificationsLogic.java
85,src/test/java/teammates/logic/api/package-info.java
129,src/main/java/teammates/logic/core/FeedbackResponseCommentsLogic.java
198,src/client/java/teammates/client/scripts/DataMigrationForContributionQuestionDetailsIsZeroSum.java
1,src/main/java/teammates/storage/search/StudentSearchManager.java
81,src/main/java/teammates/ui/output/SessionVisibleSetting.java
7,src/test/java/teammates/ui/webapi/FeedbackSessionPublishedEmailWorkerActionTest.java
159,src/main/java/teammates/common/util/StdOutConsoleHandler.java
23,src/main/java/teammates/ui/webapi/CreateAccountAction.java
29,src/main/java/teammates/ui/webapi/SendEmailWorkerAction.java
25,src/main/java/teammates/ui/output/FeedbackSessionLogData.java
177,src/main/java/teammates/storage/entity/FeedbackSession.java
198,src/client/java/teammates/client/scripts/GoogleIdMigrationBaseScript.java
26,src/test/java/teammates/ui/webapi/CreateFeedbackSessionActionTest.java
185,src/e2e/java/teammates/e2e/pageobjects/AdminTimezonePage.java
26,src/test/java/teammates/ui/webapi/SendErrorReportActionTest.java
8,src/main/java/teammates/logic/external/RecaptchaService.java
185,src/test/java/teammates/logic/api/EmailSenderTest.java
190,src/e2e/java/teammates/e2e/pageobjects/InstructorStudentRecordsPage.java
5,src/main/java/teammates/ui/output/FeedbackSessionLogData.java
175,src/main/java/teammates/common/datatransfer/UserInfoCookie.java
77,src/main/java/teammates/logic/core/StudentsLogic.java
85,src/main/java/teammates/ui/output/OngoingSessionsData.java
4,src/test/java/teammates/ui/webapi/UpdateFeedbackSessionActionTest.java
97,src/main/java/teammates/ui/webapi/GetInstructorAction.java
160,src/main/java/teammates/common/datatransfer/FeedbackSessionLogEntry.java
97,src/main/java/teammates/ui/request/FeedbackResponsesRequest.java
131,src/test/java/teammates/logic/external/package-info.java
26,src/test/java/teammates/ui/webapi/GetAccountActionTest.java
185,src/main/java/teammates/logic/core/UsageStatisticsLogic.java
155,src/main/java/teammates/common/datatransfer/logs/InstanceLogDetails.java
22,src/test/java/teammates/ui/webapi/ActionFactoryTest.java
186,src/e2e/java/teammates/e2e/pageobjects/HomePage.java
17,src/e2e/java/teammates/e2e/cases/AutomatedSessionRemindersE2ETest.java
4,src/test/java/teammates/ui/webapi/FeedbackSessionPublishedEmailWorkerActionTest.java
197,src/client/java/teammates/client/util/BackDoor.java
127,src/main/java/teammates/common/datatransfer/attributes/UsageStatisticsAttributes.java
122,src/main/java/teammates/logic/api/package-info.java
131,src/main/java/teammates/storage/api/NotificationsDb.java
4,src/client/java/teammates/client/scripts/statistics/StatisticsBundle.java
84,src/main/java/teammates/logic/external/MailjetService.java
29,src/test/java/teammates/ui/servlets/WebApiServletTest.java
155,src/test/java/teammates/common/datatransfer/attributes/FeedbackSessionAttributesTest.java
7,src/test/java/teammates/ui/webapi/GetTimeZonesActionTest.java
127,src/main/java/teammates/common/datatransfer/SessionResultsBundle.java
81,src/main/java/teammates/ui/webapi/InvalidHttpParameterException.java
26,src/test/java/teammates/ui/webapi/FeedbackSessionResendPublishedEmailWorkerActionTest.java
160,src/main/java/teammates/common/datatransfer/questions/FeedbackMsqResponseDetails.java
22,src/test/java/teammates/ui/servlets/OriginCheckFilterTest.java
25,src/main/java/teammates/ui/output/MessageOutput.java
174,src/main/java/teammates/common/util/FileHelper.java
87,src/test/java/teammates/logic/api/LogicExtension.java
4,src/main/java/teammates/ui/webapi/DeleteFeedbackSessionAction.java
122,src/test/java/teammates/logic/core/UsageStatisticsLogicTest.java
132,src/test/java/teammates/storage/search/package-info.java
185,src/e2e/java/teammates/e2e/pageobjects/ErrorReportingModal.java
1,src/main/java/teammates/ui/webapi/GetAccountRequestAction.java
195,src/client/java/teammates/client/scripts/DataMigrationForTeamNameInResponseGiver.java
26,src/main/java/teammates/ui/webapi/FeedbackSessionOpeningSoonRemindersAction.java
29,src/test/java/teammates/ui/webapi/GetNotificationsActionTest.java
85,src/test/java/teammates/logic/core/InstructorsLogicTest.java
185,src/e2e/java/teammates/e2e/cases/axe/AdminSearchPageAxeTest.java
155,src/test/java/teammates/common/datatransfer/questions/FeedbackMcqQuestionDetailsTest.java
189,src/e2e/java/teammates/e2e/cases/StudentCourseJoinConfirmationPageE2ETest.java
119,src/main/java/teammates/logic/api/AuthProxy.java
25,src/main/java/teammates/ui/servlets/DevServerLoginServlet.java
22,src/test/java/teammates/ui/webapi/GetFeedbackQuestionsActionTest.java
79,src/test/java/teammates/logic/api/MockAuthProxy.java
198,src/client/java/teammates/client/scripts/DataMigrationForUnencryptedKeyForInstructors.java
127,src/main/java/teammates/common/exception/HttpRequestFailedException.java
159,src/main/java/teammates/common/datatransfer/questions/package-info.java
7,src/main/java/teammates/ui/servlets/OAuth2CallbackServlet.java
17,src/e2e/java/teammates/e2e/cases/axe/InstructorStudentRecordsPageAxeTest.java
187,src/e2e/java/teammates/e2e/util/RetryManager.java
118,src/main/java/teammates/storage/search/AccountRequestSearchDocument.java
16,src/e2e/java/teammates/e2e/pageobjects/InstructorNotificationsPage.java
188,src/e2e/java/teammates/e2e/pageobjects/HomePage.java
160,src/test/java/teammates/common/util/TimeHelperExtension.java
1,src/main/java/teammates/storage/api/FeedbackResponseCommentsDb.java
81,src/main/java/teammates/ui/webapi/GetSessionResponseStatsAction.java
47,src/main/java/teammates/logic/api/package-info.java
186,src/e2e/java/teammates/e2e/cases/SystemErrorEmailReportE2ETest.java
97,src/test/java/teammates/ui/webapi/GetFeedbackSessionsActionTest.java
156,src/main/java/teammates/common/util/Config.java
22,src/main/java/teammates/logic/core/DataBundleLogic.java
158,src/test/java/teammates/common/datatransfer/attributes/AccountAttributesTest.java
87,src/test/java/teammates/logic/core/StudentsLogicTest.java
129,src/main/java/teammates/logic/external/MailgunService.java
77,src/main/java/teammates/logic/external/EmailSenderService.java
174,src/main/java/teammates/common/util/Const.java
23,src/main/java/teammates/ui/webapi/GetReadNotificationsAction.java
189,src/e2e/java/teammates/e2e/cases/axe/InstructorFeedbackReportPageAxeTest.java
22,src/main/java/teammates/ui/constants/QuestionTypeStructures.java
122,src/main/java/teammates/logic/api/UserProvision.java
25,src/main/java/teammates/ui/output/CourseSectionNamesData.java
85,src/main/java/teammates/ui/webapi/GetFeedbackSessionAction.java
85,src/test/java/teammates/ui/webapi/CreateCourseActionTest.java
131,src/main/java/teammates/storage/search/StudentSearchManager.java
158,src/test/java/teammates/common/datatransfer/attributes/package-info.java
26,src/test/java/teammates/ui/webapi/UpdateInstructorActionTest.java
159,src/main/java/teammates/common/datatransfer/logs/LogDetails.java
26,src/main/java/teammates/ui/output/InstructorData.java
176,src/main/java/teammates/logic/core/InstructorsLogic.java
131,src/main/java/teammates/storage/api/FeedbackQuestionsDb.java
157,src/main/java/teammates/common/datatransfer/attributes/FeedbackSessionAttributes.java
25,src/test/java/teammates/ui/webapi/JsonResultTest.java
4,src/test/java/teammates/ui/webapi/GetFeedbackQuestionsActionTest.java
81,src/main/java/teammates/ui/webapi/JoinCourseAction.java
131,src/main/java/teammates/logic/api/EmailGenerator.java
81,src/main/java/teammates/ui/webapi/SearchStudentsAction.java
133,src/main/java/teammates/storage/entity/Instructor.java
22,src/main/java/teammates/ui/output/TimeZonesData.java
84,src/test/java/teammates/logic/api/MockAuthProxy.java
158,src/main/java/teammates/common/exception/EnrollException.java
68,src/test/java/teammates/logic/api/package-info.java
23,src/main/java/teammates/ui/constants/ResourceEndpoints.java
23,src/test/java/teammates/ui/webapi/GetAccountActionTest.java
4,src/main/java/teammates/ui/webapi/EntityNotFoundException.java
84,src/main/java/teammates/logic/core/LogicStarter.java
81,src/main/java/teammates/ui/output/SessionLinksRecoveryResponseData.java
5,src/main/java/teammates/ui/webapi/InstructorCourseJoinEmailWorkerAction.java
22,src/test/java/teammates/ui/webapi/GetFeedbackSessionActionTest.java
4,src/main/java/teammates/ui/request/NotificationUpdateRequest.java
22,src/main/java/teammates/logic/api/AuthProxy.java
23,src/test/java/teammates/ui/webapi/RegenerateStudentKeyActionTest.java
97,src/test/java/teammates/ui/webapi/FeedbackSessionResendPublishedEmailWorkerActionTest.java
174,src/main/java/teammates/common/datatransfer/questions/FeedbackConstantSumResponseDetails.java
128,src/main/java/teammates/storage/search/package-info.java
132,src/main/java/teammates/storage/api/DatastoreEmulatorRunner.java
85,src/main/java/teammates/ui/webapi/SendLoginEmailAction.java
131,src/test/java/teammates/logic/core/CoursesLogicTest.java
1,src/e2e/java/teammates/e2e/cases/FeedbackMsqQuestionE2ETest.java
5,src/test/java/teammates/ui/webapi/GetNotificationActionTest.java
157,src/main/java/teammates/common/datatransfer/ErrorLogEntry.java
5,src/main/java/teammates/ui/request/CourseBasicRequest.java
155,src/main/java/teammates/common/datatransfer/FeedbackResultFetchType.java
16,src/e2e/java/teammates/e2e/cases/axe/InstructorSessionIndividualExtensionPageAxeTest.java
25,src/test/java/teammates/ui/webapi/RegenerateInstructorKeyActionTest.java
133,src/main/java/teammates/storage/search/StudentSearchManager.java
187,src/e2e/java/teammates/e2e/pageobjects/AdminAccountsPage.java
85,src/main/java/teammates/ui/webapi/ActionMappingException.java
197,src/client/java/teammates/client/scripts/SingleAccountGoogleIdMigrationScript.java
97,src/main/java/teammates/ui/output/StudentData.java
22,src/main/java/teammates/ui/output/CourseArchiveData.java
79,src/test/java/teammates/logic/api/EmailGeneratorTest.java
5,src/main/java/teammates/ui/webapi/GetFeedbackSessionsAction.java
1,src/e2e/java/teammates/e2e/cases/FeedbackRankRecipientQuestionE2ETest.java
1,src/main/java/teammates/logic/external/FirebaseAuthService.java
81,src/main/java/teammates/ui/webapi/InstructorSearchIndexingWorkerAction.java
1,src/main/java/teammates/ui/output/OngoingSession.java
195,src/client/java/teammates/client/util/BackDoor.java
176,src/main/java/teammates/logic/core/FeedbackResponseCommentsLogic.java
187,src/e2e/java/teammates/e2e/util/TestDataValidityTest.java
189,src/e2e/java/teammates/e2e/pageobjects/IanaTimezonePage.java
1,src/test/java/teammates/logic/api/package-info.java
189,src/e2e/java/teammates/e2e/cases/axe/AdminHomePageAxeTest.java
190,src/e2e/java/teammates/e2e/cases/axe/AdminSessionsPageAxeTest.java
26,src/main/java/teammates/ui/servlets/DevServerLoginServlet.java
7,src/main/java/teammates/ui/webapi/UpdateFeedbackQuestionAction.java
16,src/e2e/java/teammates/e2e/cases/axe/InstructorFeedbackEditPageAxeTest.java
29,src/main/java/teammates/ui/webapi/CreateAccountRequestAction.java
157,src/main/java/teammates/common/datatransfer/attributes/StudentAttributes.java
1,src/main/java/teammates/common/datatransfer/attributes/package-info.java
4,src/client/java/teammates/client/scripts/DataMigrationForUnencryptedKeyForStudents.java
16,src/e2e/java/teammates/e2e/pageobjects/StudentNotificationsPage.java
175,src/test/java/teammates/common/datatransfer/attributes/BaseAttributesTest.java
159,src/main/java/teammates/common/datatransfer/logs/GeneralLogEntry.java
125,src/main/java/teammates/storage/api/AccountsDb.java
23,src/test/java/teammates/ui/webapi/FeedbackSessionOpeningRemindersActionTest.java
7,src/main/java/teammates/ui/request/FeedbackResponseCommentCreateRequest.java
1,src/main/java/teammates/ui/webapi/FeedbackSessionResendPublishedEmailWorkerAction.java
10,src/test/java/teammates/test/MockFilterChain.java
85,src/test/java/teammates/ui/webapi/GetFeedbackSessionActionTest.java
23,src/test/java/teammates/ui/webapi/RestoreCourseActionTest.java
131,src/test/java/teammates/storage/api/FeedbackResponseCommentsDbTest.java
5,src/main/java/teammates/ui/webapi/UpdateFeedbackSessionAction.java
29,src/main/java/teammates/ui/webapi/InvalidHttpParameterException.java
7,src/main/java/teammates/ui/webapi/GetFeedbackQuestionRecipientsAction.java
175,src/main/java/teammates/common/datatransfer/questions/FeedbackNumericalScaleQuestionDetails.java
1,src/e2e/java/teammates/e2e/cases/axe/InstructorCourseStudentDetailsEditPageAxeTest.java
189,src/e2e/java/teammates/e2e/pageobjects/ErrorReportingModal.java
5,src/main/java/teammates/ui/request/package-info.java
85,src/main/java/teammates/ui/webapi/GetNotificationsAction.java
1,src/e2e/java/teammates/e2e/cases/InstructorCourseStudentDetailsEditPageE2ETest.java
29,src/test/java/teammates/ui/webapi/GetAccountsActionTest.java
23,src/main/java/teammates/ui/webapi/Action.java
1,src/main/java/teammates/storage/api/UsageStatisticsDb.java
17,src/e2e/java/teammates/e2e/cases/InstructorCourseJoinConfirmationPageE2ETest.java
85,src/test/java/teammates/ui/webapi/UpdateFeedbackResponseCommentActionTest.java
85,src/main/java/teammates/ui/output/CourseArchiveData.java
185,src/main/java/teammates/logic/api/package-info.java
25,src/main/java/teammates/ui/request/FeedbackResponsesRequest.java
122,src/main/java/teammates/logic/external/EmptyAuthService.java
25,src/main/java/teammates/ui/output/SendLoginEmailResponseData.java
7,src/main/java/teammates/ui/webapi/GetSessionResultsAction.java
155,src/main/java/teammates/common/datatransfer/logs/GeneralLogEntry.java
17,src/e2e/java/teammates/e2e/util/TestProperties.java
197,src/client/java/teammates/client/scripts/DataMigrationForStudentsAndTeamsRecipientType.java
158,src/main/java/teammates/common/util/package-info.java
23,src/test/java/teammates/ui/webapi/FeedbackSessionClosedRemindersActionTest.java
7,src/main/java/teammates/ui/webapi/DeleteNotificationAction.java
157,src/main/java/teammates/common/datatransfer/logs/RequestLogDetails.java
194,src/client/java/teammates/client/scripts/DataMigrationForTextQuestionRecommendedLength.java
81,src/main/java/teammates/ui/output/EmailData.java
29,src/main/java/teammates/ui/output/FeedbackVisibilityType.java
159,src/main/java/teammates/common/datatransfer/attributes/StudentAttributes.java
129,src/test/java/teammates/logic/core/StudentsLogicTest.java
159,src/main/java/teammates/common/exception/EmailSendingException.java
175,src/main/java/teammates/common/datatransfer/logs/FeedbackSessionAuditLogDetails.java
156,src/main/java/teammates/common/datatransfer/attributes/StudentAttributes.java
155,src/main/java/teammates/common/datatransfer/logs/LogEvent.java
97,src/main/java/teammates/ui/request/ErrorReportRequest.java
4,src/main/java/teammates/ui/webapi/UpdateFeedbackResponseCommentAction.java
85,src/main/java/teammates/ui/request/InstructorCreateRequest.java
175,src/main/java/teammates/common/datatransfer/InstructorPermissionSet.java
85,src/main/java/teammates/ui/output/FeedbackSessionLogsData.java
25,src/test/java/teammates/ui/webapi/GetInstructorPrivilegeActionTest.java
125,src/test/java/teammates/storage/api/StudentsDbTest.java
97,src/main/java/teammates/ui/request/CourseCreateRequest.java
123,src/main/java/teammates/storage/search/package-info.java
23,src/test/java/teammates/ui/webapi/DeleteAccountActionTest.java
1,src/main/java/teammates/ui/output/FeedbackSessionPublishStatus.java
155,src/main/java/teammates/common/util/Logger.java
17,src/e2e/java/teammates/e2e/cases/package-info.java
1,src/test/java/teammates/ui/webapi/GetAccountActionTest.java
29,src/test/java/teammates/ui/webapi/DeleteInstructorActionTest.java
29,src/main/java/teammates/ui/output/NotificationsData.java
22,src/main/java/teammates/ui/request/FeedbackResponseCommentCreateRequest.java
97,src/main/java/teammates/ui/webapi/FeedbackSessionUnpublishedEmailWorkerAction.java
186,src/e2e/java/teammates/e2e/cases/AdminSessionsPageE2ETest.java
4,src/main/java/teammates/ui/webapi/GetCourseAction.java
22,src/main/java/teammates/logic/external/EmptyRecaptchaService.java
101,src/main/java/teammates/storage/entity/FeedbackQuestion.java
79,src/main/java/teammates/logic/external/TaskQueueService.java
1,src/test/java/teammates/ui/webapi/EnrollStudentsActionTest.java
97,src/main/java/teammates/logic/core/FeedbackResponseCommentsLogic.java
17,src/e2e/java/teammates/e2e/cases/InstructorSearchPageE2ETest.java
123,src/test/java/teammates/storage/api/NotificationsDbTest.java
186,src/e2e/java/teammates/e2e/cases/InstructorStudentRecordsPageE2ETest.java
9,src/main/java/teammates/storage/api/OfyHelper.java
117,src/test/java/teammates/logic/api/MockUserProvision.java
25,src/test/java/teammates/ui/webapi/AccountRequestSearchIndexingWorkerActionTest.java
7,src/main/java/teammates/ui/output/AccountRequestsData.java
190,src/e2e/java/teammates/e2e/pageobjects/AdminAccountsPage.java
4,src/test/java/teammates/ui/webapi/FeedbackSessionRemindParticularUsersEmailWorkerActionTest.java
22,src/main/java/teammates/ui/webapi/GetFeedbackSessionsAction.java
79,src/test/java/teammates/logic/api/MockTaskQueuer.java
159,src/main/java/teammates/common/datatransfer/package-info.java
5,src/main/java/teammates/ui/request/BasicRequest.java
16,src/e2e/java/teammates/e2e/pageobjects/HomePage.java
1,src/test/java/teammates/ui/webapi/GetFeedbackQuestionsActionTest.java
4,src/client/java/teammates/client/scripts/statistics/CursorIterator.java
26,src/test/java/teammates/ui/webapi/GetReadNotificationsActionTest.java
177,src/main/java/teammates/storage/entity/AccountRequest.java
128,src/test/java/teammates/storage/search/package-info.java
131,src/test/java/teammates/storage/search/InstructorSearchTest.java
87,src/main/java/teammates/logic/core/UsageStatisticsLogic.java
29,src/main/java/teammates/ui/webapi/GetFeedbackQuestionRecipientsAction.java
10,src/test/java/teammates/test/TestNgXmlTest.java
22,src/main/java/teammates/ui/output/RegkeyValidityData.java
22,src/main/java/teammates/ui/request/NotificationBasicRequest.java
85,src/test/java/teammates/ui/webapi/CreateFeedbackSessionLogActionTest.java
158,src/test/java/teammates/common/datatransfer/questions/FeedbackMsqQuestionDetailsTest.java
5,src/test/java/teammates/ui/webapi/UpdateInstructorActionTest.java
81,src/test/java/teammates/ui/webapi/GetAuthInfoActionTest.java
174,src/main/java/teammates/common/datatransfer/questions/FeedbackMcqResponseDetails.java
81,src/test/java/teammates/ui/webapi/GetInstructorsActionTest.java
197,src/client/java/teammates/client/scripts/DataMigrationForGoogleIdToGmail.java
7,src/main/java/teammates/ui/output/StudentsData.java
174,src/main/java/teammates/common/exception/EnrollException.java
174,src/main/java/teammates/common/exception/InvalidParametersException.java
176,src/test/java/teammates/logic/core/FeedbackQuestionsLogicTest.java
25,src/test/java/teammates/ui/webapi/CreateFeedbackResponseCommentActionTest.java
7,src/test/java/teammates/ui/webapi/SearchInstructorsActionTest.java
88,src/test/java/teammates/logic/api/MockRecaptchaVerifier.java
128,src/test/java/teammates/storage/api/FeedbackQuestionsDbTest.java
7,src/test/java/teammates/ui/webapi/AccountRequestSearchIndexingWorkerActionTest.java
158,src/main/java/teammates/common/exception/DeadlineExceededException.java
22,src/test/java/teammates/ui/webapi/GetStudentActionTest.java
1,src/main/java/teammates/ui/webapi/DatastoreBackupAction.java
131,src/main/java/teammates/logic/api/EmailSender.java
23,src/main/java/teammates/ui/webapi/UpdateCourseAction.java
25,src/main/java/teammates/ui/webapi/GetFeedbackResponseCommentAction.java
81,src/test/java/teammates/ui/webapi/GetSessionResponseStatsActionTest.java
4,src/main/java/teammates/ui/webapi/DeleteAccountAction.java
4,src/main/java/teammates/ui/webapi/CreateCourseAction.java
4,src/test/java/teammates/ui/webapi/GetStudentActionTest.java
185,src/e2e/java/teammates/e2e/cases/BaseFeedbackQuestionE2ETest.java
15,src/e2e/java/teammates/e2e/cases/axe/InstructorCourseEditPageAxeTest.java
7,src/main/java/teammates/ui/output/package-info.java
118,src/test/java/teammates/storage/api/AccountsDbTest.java
127,src/main/java/teammates/common/datatransfer/attributes/DeadlineExtensionAttributes.java
7,src/test/java/teammates/ui/webapi/SendLoginEmailActionTest.java
20,src/main/java/teammates/common/util/RequestTracer.java
158,src/main/java/teammates/common/datatransfer/attributes/AccountRequestAttributes.java
1,src/main/java/teammates/common/datatransfer/InstructorPrivileges.java
158,src/main/java/teammates/common/exception/HttpRequestFailedException.java
176,src/main/java/teammates/logic/core/AccountRequestsLogic.java
188,src/e2e/java/teammates/e2e/cases/axe/InstructorCourseEditPageAxeTest.java
7,src/main/java/teammates/ui/webapi/DeleteAccountAction.java
160,src/main/java/teammates/common/util/EmailWrapper.java
9,src/test/java/teammates/storage/api/FeedbackResponseCommentsDbTest.java
1,src/client/java/teammates/client/util/LoopHelper.java
22,src/main/java/teammates/ui/request/AccountCreateRequest.java
29,src/test/java/teammates/ui/webapi/FeedbackSessionRemindParticularUsersEmailWorkerActionTest.java
4,src/test/java/teammates/ui/webapi/ResetAccountActionTest.java
156,src/main/java/teammates/common/datatransfer/InstructorPrivilegesLegacy.java
85,src/main/java/teammates/ui/webapi/FeedbackSessionOpeningRemindersAction.java
16,src/e2e/java/teammates/e2e/cases/axe/package-info.java
97,src/main/java/teammates/logic/api/package-info.java
160,src/main/java/teammates/common/datatransfer/attributes/AccountRequestAttributes.java
23,src/main/java/teammates/ui/output/InstructorPermissionRole.java
122,src/main/java/teammates/logic/api/EmailSender.java
157,src/main/java/teammates/common/datatransfer/InstructorPrivileges.java
47,src/test/java/teammates/logic/core/AccountRequestsLogicTest.java
160,src/main/java/teammates/common/datatransfer/questions/FeedbackNumericalScaleResponseDetails.java
81,src/main/java/teammates/ui/request/InvalidHttpRequestBodyException.java
26,src/main/java/teammates/ui/webapi/SendEmailWorkerAction.java
159,src/main/java/teammates/common/datatransfer/questions/FeedbackConstantSumDistributePointsType.java
157,src/main/java/teammates/common/datatransfer/logs/FeedbackSessionLogType.java
22,src/main/java/teammates/ui/webapi/RegenerateStudentKeyAction.java
15,src/e2e/java/teammates/e2e/cases/InstructorHomePageE2ETest.java
1,src/e2e/java/teammates/e2e/pageobjects/InstructorFeedbackResultsPage.java
156,src/main/java/teammates/common/exception/SearchServiceException.java
26,src/main/java/teammates/ui/servlets/OriginCheckFilter.java
101,src/main/java/teammates/storage/search/AccountRequestSearchDocument.java
23,src/test/java/teammates/ui/webapi/CreateNotificationActionTest.java
25,src/main/java/teammates/ui/request/InvalidHttpRequestBodyException.java
85,src/test/java/teammates/ui/webapi/CreateFeedbackQuestionActionTest.java
194,src/client/java/teammates/client/scripts/SingleAccountGoogleIdMigrationScript.java
25,src/test/java/teammates/ui/webapi/GetFeedbackResponsesActionTest.java
84,src/main/java/teammates/logic/external/MailgunService.java
185,src/e2e/java/teammates/e2e/pageobjects/InstructorCoursesPage.java
187,src/e2e/java/teammates/e2e/cases/axe/StudentCourseJoinConfirmationPageAxeTest.java
77,src/test/java/teammates/logic/api/MockTaskQueuer.java
97,src/main/java/teammates/ui/request/SendEmailRequest.java
1,src/test/java/teammates/ui/request/StudentsEnrollRequestTest.java
26,src/main/java/teammates/ui/webapi/AdminExceptionTestAction.java
77,src/test/java/teammates/logic/core/FeedbackQuestionsLogicTest.java
5,src/main/java/teammates/ui/output/JoinStatus.java
132,src/main/java/teammates/storage/entity/FeedbackResponseComment.java
175,src/main/java/teammates/common/datatransfer/attributes/AccountRequestAttributes.java
26,src/main/java/teammates/ui/constants/DefaultInstructorPermissions.java
22,src/main/java/teammates/ui/request/FeedbackResponseCommentUpdateRequest.java
4,src/main/java/teammates/ui/output/FeedbackSessionSubmittedGiverSet.java
4,src/test/java/teammates/ui/webapi/GetNotificationActionTest.java
20,src/main/java/teammates/common/exception/EntityAlreadyExistsException.java
22,src/test/java/teammates/logic/api/MockTaskQueuer.java
22,src/test/java/teammates/ui/webapi/QueryLogsActionTest.java
1,src/main/java/teammates/common/datatransfer/logs/RequestLogDetails.java
7,src/test/java/teammates/ui/webapi/RemindFeedbackSessionResultActionTest.java
7,src/test/java/teammates/logic/core/AccountsLogicTest.java
9,src/main/java/teammates/storage/entity/Instructor.java
157,src/main/java/teammates/common/util/FileHelper.java
1,src/main/java/teammates/ui/webapi/ActionResult.java
190,src/e2e/java/teammates/e2e/cases/StudentCourseDetailsPageE2ETest.java
17,src/e2e/java/teammates/e2e/util/BackDoor.java
160,src/test/java/teammates/common/util/JsonUtilsTest.java
158,src/main/java/teammates/common/datatransfer/SessionResultsBundle.java
7,src/test/java/teammates/logic/core/FeedbackResponsesLogicTest.java
23,src/main/java/teammates/ui/webapi/JsonResult.java
81,src/main/java/teammates/ui/webapi/DeleteFeedbackResponseCommentAction.java
175,src/main/java/teammates/common/datatransfer/attributes/FeedbackResponseCommentAttributes.java
22,src/main/java/teammates/ui/webapi/GetCourseJoinStatusAction.java
79,src/test/java/teammates/logic/api/MockUserProvision.java
22,src/main/java/teammates/ui/output/SendLoginEmailResponseData.java
81,src/test/java/teammates/ui/webapi/UpdateInstructorPrivilegeActionTest.java
1,src/e2e/java/teammates/e2e/cases/SystemErrorEmailReportE2ETest.java
174,src/main/java/teammates/common/datatransfer/questions/FeedbackConstantSumDistributePointsType.java
5,src/main/java/teammates/ui/webapi/DeleteFeedbackSessionAction.java
22,src/main/java/teammates/ui/output/UsageStatisticsRangeData.java
15,src/e2e/java/teammates/e2e/cases/AdminAccountsPageE2ETest.java
26,src/test/java/teammates/ui/webapi/GetOngoingSessionsActionTest.java
25,src/main/java/teammates/ui/webapi/ResetAccountRequestAction.java
131,src/test/java/teammates/logic/api/MockEmailSender.java
9,src/test/java/teammates/storage/search/BaseSearchTest.java
5,src/test/java/teammates/ui/webapi/FeedbackSessionRemindParticularUsersEmailWorkerActionTest.java
23,src/test/java/teammates/ui/servlets/LegacyUrlMapperTest.java
84,src/main/java/teammates/logic/external/LocalTaskQueueService.java
22,src/main/java/teammates/ui/output/CourseSectionNamesData.java
160,src/main/java/teammates/common/exception/EnrollException.java
22,src/test/java/teammates/logic/core/DeadlineExtensionsLogicTest.java
177,src/main/java/teammates/storage/search/InstructorSearchDocument.java
1,src/test/java/teammates/ui/webapi/GetDeadlineExtensionActionTest.java
81,src/test/java/teammates/ui/webapi/GetStudentsActionTest.java
7,src/main/java/teammates/ui/webapi/ActionFactory.java
1,src/main/java/teammates/ui/webapi/JoinCourseAction.java
87,src/main/java/teammates/logic/external/EmptyEmailService.java
26,src/test/java/teammates/ui/webapi/FeedbackSessionClosedRemindersActionTest.java
81,src/main/java/teammates/ui/servlets/RequestTraceFilter.java
176,src/main/java/teammates/logic/core/FeedbackSessionsLogic.java
16,src/e2e/java/teammates/e2e/cases/FeedbackRubricQuestionE2ETest.java
23,src/main/java/teammates/ui/constants/ApiConst.java
5,src/main/java/teammates/ui/webapi/DeleteNotificationAction.java
186,src/e2e/java/teammates/e2e/cases/axe/StudentCourseJoinConfirmationPageAxeTest.java
122,src/main/java/teammates/logic/core/InstructorsLogic.java
97,src/main/java/teammates/logic/external/EmailSenderService.java
4,src/main/java/teammates/ui/webapi/JsonResult.java
81,src/main/java/teammates/ui/webapi/FeedbackSessionRemindEmailWorkerAction.java
122,src/main/java/teammates/logic/core/AccountsLogic.java
85,src/test/java/teammates/ui/webapi/FeedbackSessionUnpublishedEmailWorkerActionTest.java
29,src/main/java/teammates/ui/webapi/GetSessionResultsAction.java
23,src/main/java/teammates/ui/webapi/ActionFactory.java
97,src/main/java/teammates/logic/core/AccountRequestsLogic.java
23,src/main/java/teammates/ui/request/FeedbackSessionBasicRequest.java
133,src/main/java/teammates/storage/entity/AccountRequest.java
87,src/test/java/teammates/logic/api/MockRecaptchaVerifier.java
97,src/test/java/teammates/ui/webapi/ActionFactoryTest.java
1,src/client/java/teammates/client/scripts/SingleAccountGoogleIdMigrationScript.java
159,src/main/java/teammates/common/util/AppUrl.java
15,src/e2e/java/teammates/e2e/cases/BaseE2ETestCase.java
10,src/test/java/teammates/test/AssertHelperTest.java
5,src/test/java/teammates/ui/webapi/RemindFeedbackSessionSubmissionActionTest.java
23,src/main/java/teammates/ui/webapi/GetInstructorsAction.java
1,src/test/java/teammates/common/datatransfer/questions/FeedbackMsqQuestionDetailsTest.java
1,src/main/java/teammates/common/exception/AuthException.java
1,src/main/java/teammates/ui/webapi/GetCoursesAction.java
97,src/main/java/teammates/ui/request/FeedbackSessionRemindRequest.java
195,src/client/java/teammates/client/scripts/package-info.java
128,src/main/java/teammates/storage/entity/FeedbackQuestion.java
88,src/test/java/teammates/storage/search/BaseSearchTest.java
18,src/client/java/teammates/client/connector/package-info.java
157,src/main/java/teammates/common/util/SanitizationHelper.java
18,src/client/java/teammates/client/scripts/DataMigrationForInstructorFeedbackResponseComments.java
133,src/main/java/teammates/storage/search/SearchManagerStarter.java
189,src/e2e/java/teammates/e2e/pageobjects/InstructorCourseEditPage.java
26,src/main/java/teammates/ui/webapi/UpdateFeedbackQuestionAction.java
84,src/main/java/teammates/logic/api/EmailGenerator.java
5,src/main/java/teammates/ui/webapi/AdminOnlyAction.java
177,src/test/java/teammates/storage/api/FeedbackResponsesDbTest.java
7,src/main/java/teammates/ui/request/FeedbackSessionCreateRequest.java
85,src/main/java/teammates/logic/external/EmptyAuthService.java
8,src/main/java/teammates/logic/external/FirebaseAuthService.java
158,src/test/java/teammates/common/datatransfer/CourseRosterTest.java
1,src/main/java/teammates/ui/output/ApiOutput.java
131,src/main/java/teammates/logic/core/StudentsLogic.java
155,src/main/java/teammates/common/datatransfer/questions/FeedbackNumericalScaleResponseDetails.java
185,src/e2e/java/teammates/e2e/cases/FeedbackTextQuestionE2ETest.java
175,src/test/java/teammates/common/datatransfer/questions/FeedbackQuestionDetailsTest.java
122,src/test/java/teammates/logic/api/EmailSenderTest.java
20,src/main/java/teammates/common/datatransfer/FeedbackResultFetchType.java
79,src/main/java/teammates/logic/core/AccountsLogic.java
175,src/test/java/teammates/common/datatransfer/attributes/AccountAttributesTest.java
1,src/main/java/teammates/ui/webapi/ResetAccountAction.java
81,src/main/java/teammates/ui/output/FeedbackSessionLogEntryData.java
23,src/test/java/teammates/ui/webapi/RestoreFeedbackSessionActionTest.java
129,src/test/java/teammates/logic/core/FeedbackResponseCommentsLogicTest.java
16,src/e2e/java/teammates/e2e/pageobjects/FeedbackSubmitPage.java
1,src/e2e/java/teammates/e2e/cases/AdminNotificationsPageE2ETest.java
4,src/main/java/teammates/ui/output/AccountRequestData.java
81,src/main/java/teammates/ui/webapi/UpdateInstructorPrivilegeAction.java
1,src/main/java/teammates/ui/webapi/BinFeedbackSessionAction.java
119,src/test/java/teammates/logic/api/MockRecaptchaVerifier.java
81,src/main/java/teammates/ui/webapi/UpdateFeedbackResponseCommentAction.java
29,src/main/java/teammates/ui/servlets/HealthCheckServlet.java
7,src/main/java/teammates/ui/webapi/FeedbackSessionClosedRemindersAction.java
86,src/main/java/teammates/logic/core/LogicStarter.java
7,src/main/java/teammates/ui/webapi/InvalidOperationException.java
158,src/test/java/teammates/common/datatransfer/AttributesDeletionQueryTest.java
197,src/client/java/teammates/client/scripts/MockCourseWithLargeResponseScript.java
22,src/test/java/teammates/ui/webapi/GetDeadlineExtensionActionTest.java
1,src/test/java/teammates/ui/webapi/SendLoginEmailActionTest.java
29,src/main/java/teammates/ui/webapi/UpdateFeedbackResponseCommentAction.java
4,src/main/java/teammates/ui/webapi/GateKeeper.java
97,src/main/java/teammates/ui/request/package-info.java
175,src/main/java/teammates/common/util/JsonUtils.java
23,src/test/java/teammates/ui/webapi/GetFeedbackResponseCommentActionTest.java
22,src/main/java/teammates/ui/webapi/Action.java
155,src/test/java/teammates/common/datatransfer/attributes/AccountAttributesTest.java
26,src/test/java/teammates/ui/webapi/DeleteAccountRequestActionTest.java
7,src/main/java/teammates/ui/webapi/InvalidHttpParameterException.java
155,src/test/java/teammates/common/util/BuildPropertiesTest.java
5,src/test/java/teammates/ui/webapi/StudentCourseJoinEmailWorkerActionTest.java
1,src/main/java/teammates/ui/webapi/UpdateFeedbackQuestionAction.java
5,src/main/java/teammates/ui/webapi/InstructorSearchIndexingWorkerAction.java
97,src/test/java/teammates/ui/webapi/GetOngoingSessionsActionTest.java
79,src/main/java/teammates/logic/core/CoursesLogic.java
81,src/main/java/teammates/ui/webapi/StudentCourseJoinEmailWorkerAction.java
1,src/e2e/java/teammates/e2e/util/EmailAccountTest.java
97,src/main/java/teammates/ui/output/FeedbackVisibilityType.java
97,src/main/java/teammates/logic/api/UserProvision.java
22,src/main/java/teammates/ui/servlets/HealthCheckServlet.java
25,src/test/java/teammates/ui/webapi/RemindFeedbackSessionSubmissionActionTest.java
1,src/main/java/teammates/logic/api/AuthProxy.java
85,src/test/java/teammates/ui/webapi/GetInstructorsActionTest.java
86,src/test/java/teammates/logic/core/FeedbackResponseCommentsLogicTest.java
15,src/e2e/java/teammates/e2e/cases/InstructorFeedbackSessionsPageE2ETest.java
97,src/main/java/teammates/logic/core/InstructorsLogic.java
97,src/main/java/teammates/ui/webapi/ResetAccountRequestAction.java
29,src/main/java/teammates/ui/webapi/GetCourseJoinStatusAction.java
190,src/e2e/java/teammates/e2e/cases/AdminNotificationsPageE2ETest.java
15,src/e2e/java/teammates/e2e/pageobjects/InstructorCourseEditPage.java
17,src/e2e/java/teammates/e2e/cases/NotificationBannerE2ETest.java
17,src/e2e/java/teammates/e2e/cases/FeedbackConstSumOptionQuestionE2ETest.java
174,src/test/java/teammates/common/util/UrlTest.java
5,src/main/java/teammates/ui/webapi/GetFeedbackSessionAction.java
125,src/test/java/teammates/storage/search/InstructorSearchTest.java
163,src/test/java/teammates/test/BaseTestCaseWithDatabaseAccess.java
7,src/main/java/teammates/ui/webapi/UnpublishFeedbackSessionAction.java
155,src/test/java/teammates/common/datatransfer/AttributesDeletionQueryTest.java
81,src/test/java/teammates/ui/servlets/package-info.java
5,src/main/java/teammates/ui/webapi/FeedbackSessionOpeningSoonRemindersAction.java
159,src/main/java/teammates/common/util/TzdbResourceZoneRulesProvider.java
130,src/test/java/teammates/storage/api/CoursesDbTest.java
88,src/test/java/teammates/logic/external/package-info.java
133,src/main/java/teammates/storage/api/DatastoreEmulatorRunner.java
159,src/main/java/teammates/common/datatransfer/attributes/AccountAttributes.java
79,src/test/java/teammates/logic/external/GoogleRecaptchaServiceTest.java
4,src/main/java/teammates/ui/request/FeedbackSessionUpdateRequest.java
97,src/test/java/teammates/ui/webapi/UpdateStudentActionTest.java
174,src/main/java/teammates/common/exception/AuthException.java
155,src/main/java/teammates/common/exception/EntityAlreadyExistsException.java
186,src/e2e/java/teammates/e2e/cases/axe/AdminSessionsPageAxeTest.java
22,src/test/java/teammates/ui/webapi/RemindFeedbackSessionResultActionTest.java
118,src/test/java/teammates/storage/search/StudentSearchTest.java
1,src/test/java/teammates/logic/core/DeadlineExtensionsLogicTest.java
1,src/client/java/teammates/client/scripts/DataMigrationForSampleGoogleIdInStudentAttributes.java
127,src/main/java/teammates/common/util/HttpRequest.java
5,src/main/java/teammates/ui/request/FeedbackQuestionBasicRequest.java
175,src/main/java/teammates/common/exception/EntityDoesNotExistException.java
1,src/main/java/teammates/storage/search/SearchManager.java
1,src/main/java/teammates/ui/webapi/GetHasResponsesAction.java
4,src/test/java/teammates/ui/webapi/GetFeedbackQuestionRecipientsActionTest.java
174,src/test/java/teammates/common/datatransfer/questions/FeedbackRubricQuestionDetailsTest.java
7,src/main/java/teammates/ui/webapi/SessionLinksRecoveryAction.java
187,src/e2e/java/teammates/e2e/util/package-info.java
29,src/test/java/teammates/ui/webapi/UpdateFeedbackQuestionActionTest.java
122,src/test/java/teammates/logic/core/FeedbackResponsesLogicTest.java
175,src/test/java/teammates/common/datatransfer/attributes/FeedbackResponseCommentAttributesTest.java
189,src/e2e/java/teammates/e2e/cases/FeedbackResultsPageE2ETest.java
79,src/main/java/teammates/logic/external/GoogleCloudLoggingService.java
7,src/main/java/teammates/logic/core/AccountRequestsLogic.java
125,src/main/java/teammates/storage/search/SearchManagerStarter.java
156,src/main/java/teammates/common/datatransfer/questions/FeedbackNumericalScaleResponseDetails.java
22,src/test/java/teammates/ui/webapi/GetAuthInfoActionTest.java
88,src/test/java/teammates/storage/api/AccountRequestsDbTest.java
127,src/test/java/teammates/common/util/SanitizationHelperTest.java
186,src/e2e/java/teammates/e2e/pageobjects/InstructorSearchPage.java
190,src/e2e/java/teammates/e2e/cases/axe/FeedbackResultsPageAxeTest.java
25,src/test/java/teammates/ui/webapi/UpdateInstructorPrivilegeActionTest.java
1,src/test/java/teammates/ui/servlets/WebPageServletTest.java
84,src/test/java/teammates/logic/api/MockLogsProcessor.java
23,src/main/java/teammates/ui/webapi/CreateFeedbackResponseCommentAction.java
25,src/main/java/teammates/ui/webapi/GetFeedbackResponsesAction.java
88,src/test/java/teammates/storage/api/AccountsDbTest.java
175,src/test/java/teammates/common/datatransfer/questions/FeedbackResponseDetailsTest.java
155,src/test/java/teammates/common/datatransfer/package-info.java
1,src/test/java/teammates/common/util/UrlTest.java
194,src/client/java/teammates/client/util/ClientProperties.java
4,src/client/java/teammates/client/scripts/DataMigrationEntitiesBaseScript.java
4,src/main/java/teammates/ui/servlets/RequestTraceFilter.java
25,src/main/java/teammates/ui/output/FeedbackResponseCommentData.java
4,src/main/java/teammates/ui/webapi/CreateFeedbackResponseCommentAction.java
189,src/e2e/java/teammates/e2e/cases/axe/StudentCourseJoinConfirmationPageAxeTest.java
26,src/main/java/teammates/ui/webapi/GetStudentsAction.java
1,src/e2e/java/teammates/e2e/pageobjects/InstructorNotificationsPage.java
194,src/client/java/teammates/client/scripts/DataMigrationForUnencryptedKeyForInstructors.java
25,src/main/java/teammates/ui/output/SessionResultsData.java
1,src/main/java/teammates/ui/webapi/ArchiveCourseAction.java
29,src/test/java/teammates/ui/webapi/MarkNotificationAsReadActionTest.java
127,src/main/java/teammates/common/datatransfer/QueryLogsResults.java
22,src/main/java/teammates/ui/webapi/CreateFeedbackResponseCommentAction.java
4,src/test/java/teammates/ui/webapi/package-info.java
22,src/test/java/teammates/ui/webapi/CreateFeedbackSessionLogActionTest.java
97,src/main/java/teammates/ui/output/AuthInfo.java
7,src/main/java/teammates/logic/core/NotificationsLogic.java
188,src/e2e/java/teammates/e2e/pageobjects/FeedbackResultsPage.java
26,src/main/java/teammates/ui/webapi/DeleteStudentsAction.java
18,src/client/java/teammates/client/scripts/DataMigrationForSanitizedInstructorName.java
7,src/test/java/teammates/ui/webapi/FeedbackSessionRemindEmailWorkerActionTest.java
7,src/main/java/teammates/ui/servlets/LogoutServlet.java
22,src/main/java/teammates/ui/webapi/GetFeedbackQuestionsAction.java
125,src/main/java/teammates/storage/search/SearchManager.java
5,src/test/java/teammates/ui/webapi/GetFeedbackSessionLogsActionTest.java
17,src/e2e/java/teammates/e2e/pageobjects/InstructorNotificationsPage.java
22,src/main/java/teammates/ui/webapi/GetAccountRequestAction.java
188,src/e2e/java/teammates/e2e/util/TestPropertiesTest.java
133,src/test/java/teammates/storage/api/CoursesDbTest.java
174,src/main/java/teammates/common/datatransfer/questions/FeedbackTextQuestionDetails.java
176,src/test/java/teammates/logic/external/GoogleRecaptchaServiceTest.java
186,src/e2e/java/teammates/e2e/pageobjects/InstructorFeedbackEditPage.java
157,src/test/java/teammates/common/datatransfer/CourseRosterTest.java
15,src/e2e/java/teammates/e2e/cases/FeedbackConstSumOptionQuestionE2ETest.java
159,src/main/java/teammates/common/datatransfer/questions/FeedbackQuestionType.java
81,src/main/java/teammates/ui/webapi/SendJoinReminderEmailAction.java
177,src/main/java/teammates/storage/api/DatastoreEmulatorRunner.java
97,src/main/java/teammates/ui/output/FeedbackSessionSubmissionStatus.java
25,src/test/java/teammates/ui/webapi/FeedbackSessionPublishedRemindersActionTest.java
8,src/main/java/teammates/logic/core/UsageStatisticsLogic.java
1,src/main/java/teammates/common/datatransfer/InstructorPermissionSet.java
85,src/main/java/teammates/ui/output/FeedbackQuestionRecipientData.java
9,src/main/java/teammates/storage/search/StudentSearchManager.java
187,src/e2e/java/teammates/e2e/cases/FeedbackRankRecipientQuestionE2ETest.java
117,src/test/java/teammates/logic/api/BaseLogicTest.java
185,src/test/java/teammates/logic/api/MockUserProvision.java
186,src/e2e/java/teammates/e2e/pageobjects/AdminTimezonePage.java
156,src/main/java/teammates/common/util/EmailSendingStatus.java
25,src/main/java/teammates/ui/webapi/RestoreFeedbackSessionAction.java
1,src/client/java/teammates/client/scripts/DataMigrationForTeamNameInResponseGiver.java
97,src/test/java/teammates/logic/api/MockLogsProcessor.java
68,src/test/java/teammates/logic/api/MockEmailSender.java
18,src/client/java/teammates/client/scripts/statistics/CursorIterator.java
22,src/test/java/teammates/ui/webapi/InstructorSearchIndexingWorkerActionTest.java
25,src/main/java/teammates/ui/webapi/GetFeedbackSessionSubmittedGiverSetAction.java
86,src/test/java/teammates/logic/external/package-info.java
26,src/main/java/teammates/ui/request/InvalidHttpRequestBodyException.java
4,src/test/java/teammates/ui/webapi/AccountRequestSearchIndexingWorkerActionTest.java
101,src/main/java/teammates/storage/api/package-info.java
7,src/main/java/teammates/logic/api/Logic.java
85,src/main/java/teammates/ui/webapi/DeleteAccountAction.java
97,src/main/java/teammates/ui/output/FeedbackSessionsData.java
85,src/test/java/teammates/ui/webapi/DeleteNotificationActionTest.java
189,src/e2e/java/teammates/e2e/pageobjects/InstructorStudentActivityLogsPage.java
160,src/main/java/teammates/common/datatransfer/questions/FeedbackQuestionType.java
23,src/test/java/teammates/ui/servlets/WebPageServletTest.java
155,src/test/java/teammates/common/datatransfer/attributes/package-info.java
26,src/test/java/teammates/ui/webapi/GetAccountsActionTest.java
118,src/main/java/teammates/storage/api/OfyHelper.java
5,src/main/java/teammates/ui/webapi/GetAccountAction.java
187,src/e2e/java/teammates/e2e/cases/InstructorSessionIndividualExtensionPageE2ETest.java
122,src/test/java/teammates/logic/core/FeedbackQuestionsLogicTest.java
188,src/e2e/java/teammates/e2e/pageobjects/InstructorCourseStudentDetailsEditPage.java
20,src/main/java/teammates/common/util/EmailType.java
85,src/test/java/teammates/ui/webapi/DeleteInstructorActionTest.java
158,src/test/java/teammates/common/datatransfer/questions/FeedbackConstantSumQuestionDetailsTest.java
195,src/client/java/teammates/client/scripts/PopulateCourseSearchDocuments.java
195,src/client/java/teammates/client/scripts/MockCourseWithLargeResponseScript.java
26,src/test/java/teammates/ui/webapi/StudentSearchIndexingWorkerActionTest.java
186,src/e2e/java/teammates/e2e/cases/package-info.java
85,src/test/java/teammates/logic/external/GoogleRecaptchaServiceTest.java
1,src/main/java/teammates/ui/request/AccountCreateRequest.java
4,src/main/java/teammates/ui/output/package-info.java
4,src/test/java/teammates/ui/webapi/GetFeedbackResponsesActionTest.java
17,src/e2e/java/teammates/e2e/util/AxeUtil.java
185,src/main/java/teammates/logic/core/LogicStarter.java
4,src/main/java/teammates/ui/webapi/GenerateEmailAction.java
23,src/main/java/teammates/ui/output/FeedbackSessionsData.java
17,src/e2e/java/teammates/e2e/cases/axe/InstructorCoursesPageAxeTest.java
85,src/main/java/teammates/ui/output/NumberOfEntitiesToGiveFeedbackToSetting.java
20,src/main/java/teammates/common/util/Const.java
187,src/e2e/java/teammates/e2e/cases/InstructorStudentRecordsPageE2ETest.java
16,src/e2e/java/teammates/e2e/pageobjects/InstructorHomePage.java
5,src/main/java/teammates/ui/webapi/DeleteDataBundleAction.java
157,src/main/java/teammates/common/util/JsonUtils.java
125,src/main/java/teammates/storage/api/DatastoreEmulatorRunner.java
23,src/test/java/teammates/ui/request/StudentsEnrollRequestTest.java
77,src/main/java/teammates/logic/external/LocalTaskQueueService.java
97,src/main/java/teammates/ui/webapi/GetNotificationsAction.java
175,src/main/java/teammates/common/datatransfer/questions/FeedbackConstantSumDistributePointsType.java
4,src/main/java/teammates/ui/output/EnrollStudentsData.java
26,src/test/java/teammates/ui/webapi/RegenerateInstructorKeyActionTest.java
186,src/e2e/java/teammates/e2e/cases/StudentCourseDetailsPageE2ETest.java
189,src/e2e/java/teammates/e2e/util/TestNgXmlTest.java
119,src/test/java/teammates/logic/core/DataBundleLogicTest.java
23,src/main/java/teammates/ui/webapi/UnpublishFeedbackSessionAction.java
4,src/main/java/teammates/ui/webapi/CreateFeedbackQuestionAction.java
173,src/test/java/teammates/test/MockHttpServletResponse.java
85,src/test/java/teammates/ui/webapi/GetFeedbackSessionsActionTest.java
20,src/test/java/teammates/common/datatransfer/TeamEvalResultTest.java
20,src/test/java/teammates/common/datatransfer/questions/FeedbackRankQuestionDetailsTest.java
81,src/test/java/teammates/ui/webapi/AccountRequestSearchIndexingWorkerActionTest.java
7,src/main/java/teammates/ui/webapi/CalculateUsageStatisticsAction.java
156,src/test/java/teammates/common/datatransfer/attributes/FeedbackSessionAttributesTest.java
85,src/main/java/teammates/ui/webapi/Action.java
22,src/test/java/teammates/ui/servlets/package-info.java
7,src/main/java/teammates/ui/output/CourseArchiveData.java
16,src/e2e/java/teammates/e2e/cases/axe/InstructorHomePageAxeTest.java
159,src/test/java/teammates/common/util/TimeHelperTest.java
25,src/test/java/teammates/ui/servlets/WebPageServletTest.java
22,src/main/java/teammates/ui/webapi/DeleteAccountRequestAction.java
84,src/test/java/teammates/logic/core/FeedbackResponsesLogicTest.java
97,src/main/java/teammates/ui/webapi/EnrollStudentsAction.java
1,src/e2e/java/teammates/e2e/cases/axe/InstructorSessionIndividualExtensionPageAxeTest.java
1,src/main/java/teammates/logic/core/InstructorsLogic.java
25,src/test/java/teammates/ui/request/StudentsEnrollRequestTest.java
20,src/test/java/teammates/common/datatransfer/questions/FeedbackRankOptionsQuestionDetailsTest.java
97,src/test/java/teammates/ui/webapi/RestoreFeedbackSessionActionTest.java
15,src/e2e/java/teammates/e2e/cases/axe/InstructorSearchPageAxeTest.java
79,src/main/java/teammates/logic/core/StudentsLogic.java
5,src/main/java/teammates/ui/output/NotificationData.java
85,src/test/java/teammates/ui/webapi/PublishFeedbackSessionActionTest.java
123,src/test/java/teammates/storage/api/FeedbackResponseCommentsDbTest.java
15,src/e2e/java/teammates/e2e/cases/axe/InstructorStudentRecordsPageAxeTest.java
16,src/e2e/java/teammates/e2e/cases/TimezoneSyncerTest.java
187,src/e2e/java/teammates/e2e/cases/axe/AdminSearchPageAxeTest.java
97,src/test/java/teammates/ui/servlets/WebPageServletTest.java
175,src/main/java/teammates/common/datatransfer/attributes/EntityAttributes.java
130,src/test/java/teammates/storage/api/AccountsDbTest.java
5,src/main/java/teammates/ui/webapi/AdminExceptionTestAction.java
1,src/test/java/teammates/ui/webapi/GetHasResponsesActionTest.java
4,src/main/java/teammates/ui/webapi/UpdateNotificationAction.java
189,src/e2e/java/teammates/e2e/util/EmailAccount.java
1,src/main/java/teammates/common/util/JsonUtils.java
122,src/test/java/teammates/logic/core/package-info.java
131,src/main/java/teammates/logic/external/EmptyEmailService.java
4,src/test/java/teammates/ui/webapi/GetOngoingSessionsActionTest.java
97,src/main/java/teammates/ui/webapi/QueryLogsAction.java
81,src/main/java/teammates/ui/webapi/QueryLogsAction.java
194,src/client/java/teammates/client/scripts/DataMigrationForInstructorFeedbackResponseComments.java
5,src/main/java/teammates/ui/output/MessageOutput.java
26,src/main/java/teammates/ui/webapi/CreateNotificationAction.java
4,src/client/java/teammates/client/scripts/DataMigrationForTextQuestionDetailsFormat.java
5,src/main/java/teammates/ui/webapi/GetFeedbackResponsesAction.java
4,src/main/java/teammates/ui/webapi/DeleteStudentsAction.java
87,src/main/java/teammates/logic/external/EmailSenderService.java
88,src/main/java/teammates/storage/entity/Instructor.java
85,src/main/java/teammates/logic/core/FeedbackQuestionsLogic.java
188,src/e2e/java/teammates/e2e/cases/InstructorStudentActivityLogsPageE2ETest.java
26,src/main/java/teammates/ui/output/FeedbackSessionData.java
160,src/main/java/teammates/common/datatransfer/attributes/UsageStatisticsAttributes.java
26,src/main/java/teammates/ui/webapi/SendErrorReportAction.java
177,src/main/java/teammates/storage/entity/CourseStudent.java
1,src/main/java/teammates/common/util/Templates.java
157,src/main/java/teammates/common/util/Url.java
5,src/main/java/teammates/ui/output/ReadNotificationsData.java
4,src/main/java/teammates/ui/output/ResponseVisibleSetting.java
26,src/main/java/teammates/ui/webapi/CreateFeedbackSessionLogAction.java
175,src/main/java/teammates/common/util/StdOutConsoleHandler.java
125,src/main/java/teammates/storage/api/FeedbackSessionsDb.java
188,src/e2e/java/teammates/e2e/pageobjects/StudentHomePage.java
156,src/test/java/teammates/common/datatransfer/UserInfoCookieTest.java
10,src/test/java/teammates/test/TestProperties.java
157,src/test/java/teammates/common/datatransfer/attributes/AccountAttributesTest.java
4,src/main/java/teammates/ui/webapi/GetSessionResultsAction.java
185,src/e2e/java/teammates/e2e/pageobjects/InstructorStudentActivityLogsPage.java
7,src/main/java/teammates/logic/api/EmailGenerator.java
22,src/main/java/teammates/logic/api/LogsProcessor.java
16,src/e2e/java/teammates/e2e/cases/axe/InstructorSearchPageAxeTest.java
25,src/main/java/teammates/ui/webapi/GetFeedbackSessionsAction.java
25,src/test/java/teammates/ui/webapi/SearchAccountRequestsActionTest.java
25,src/main/java/teammates/ui/webapi/ActionMappingException.java
101,src/test/java/teammates/storage/api/EntitiesDbTest.java
175,src/main/java/teammates/common/datatransfer/FeedbackResultFetchType.java
25,src/main/java/teammates/ui/webapi/AdminExceptionTestAction.java
5,src/main/java/teammates/ui/output/FeedbackQuestionsData.java
118,src/main/java/teammates/storage/entity/Notification.java
127,src/main/java/teammates/common/datatransfer/FeedbackResultFetchType.java
25,src/main/java/teammates/ui/webapi/PutDataBundleDocumentsAction.java
158,src/test/java/teammates/common/datatransfer/attributes/CourseAttributesTest.java
132,src/test/java/teammates/storage/api/StudentsDbTest.java
25,src/test/java/teammates/ui/webapi/UpdateFeedbackSessionActionTest.java
130,src/main/java/teammates/storage/search/StudentSearchManager.java
1,src/main/java/teammates/ui/output/SessionLinksRecoveryResponseData.java
97,src/main/java/teammates/ui/webapi/CreateNotificationAction.java
174,src/main/java/teammates/common/datatransfer/attributes/NotificationAttributes.java
185,src/main/java/teammates/logic/external/FirebaseAuthService.java
26,src/main/java/teammates/ui/webapi/RemindFeedbackSessionResultAction.java
85,src/main/java/teammates/ui/output/FeedbackResponseData.java
131,src/test/java/teammates/logic/core/FeedbackResponsesLogicTest.java
158,src/test/java/teammates/common/util/JsonUtilsTest.java
158,src/main/java/teammates/common/exception/package-info.java
68,src/test/java/teammates/logic/api/MockLogsProcessor.java
22,src/main/java/teammates/ui/webapi/GetInstructorsAction.java
68,src/main/java/teammates/logic/external/package-info.java
127,src/main/java/teammates/common/datatransfer/CourseRoster.java
77,src/test/java/teammates/logic/core/DataBundleLogicTest.java
4,src/main/java/teammates/ui/webapi/CalculateUsageStatisticsAction.java
85,src/test/java/teammates/ui/webapi/FeedbackSessionPublishedEmailWorkerActionTest.java
129,src/main/java/teammates/logic/core/NotificationsLogic.java
85,src/main/java/teammates/ui/webapi/SearchStudentsAction.java
7,src/main/java/teammates/ui/webapi/UpdateNotificationAction.java
25,src/main/java/teammates/ui/constants/ApiConst.java
79,src/main/java/teammates/logic/external/EmptyAuthService.java
188,src/e2e/java/teammates/e2e/pageobjects/InstructorFeedbackResultsPage.java
20,src/test/java/teammates/common/datatransfer/questions/package-info.java
156,src/main/java/teammates/common/datatransfer/logs/SourceLocation.java
5,src/main/java/teammates/ui/webapi/FeedbackSessionPublishedRemindersAction.java
85,src/main/java/teammates/logic/core/FeedbackSessionsLogic.java
26,src/main/java/teammates/ui/webapi/FeedbackSessionRemindParticularUsersEmailWorkerAction.java
195,src/client/java/teammates/client/scripts/DataMigrationForNullCommentGiverType.java
185,src/main/java/teammates/logic/external/TaskQueueService.java
176,src/main/java/teammates/logic/external/AuthService.java
85,src/main/java/teammates/ui/webapi/DatastoreBackupAction.java
29,src/test/java/teammates/ui/webapi/GetRegkeyValidityActionTest.java
25,src/main/java/teammates/ui/output/OngoingSession.java
175,src/main/java/teammates/common/util/AppUrl.java
7,src/main/java/teammates/logic/core/DeadlineExtensionsLogic.java
47,src/main/java/teammates/logic/core/InstructorsLogic.java
123,src/test/java/teammates/storage/api/FeedbackSessionsDbTest.java
185,src/e2e/java/teammates/e2e/cases/FeedbackMcqQuestionE2ETest.java
81,src/test/java/teammates/ui/webapi/JoinCourseActionTest.java
118,src/test/java/teammates/storage/api/package-info.java
173,src/test/java/teammates/test/EmailCheckerTest.java
155,src/main/java/teammates/common/exception/HttpRequestFailedException.java
1,src/e2e/java/teammates/e2e/cases/FeedbackContributionQuestionE2ETest.java
1,src/test/java/teammates/ui/webapi/UpdateStudentActionTest.java
23,src/main/java/teammates/ui/webapi/AuthType.java
1,src/main/java/teammates/common/exception/HttpRequestFailedException.java
4,src/main/java/teammates/ui/webapi/AuthType.java
4,src/test/java/teammates/ui/webapi/GetStudentsActionTest.java
118,src/main/java/teammates/storage/search/SearchManagerFactory.java
1,src/main/java/teammates/common/datatransfer/questions/FeedbackResponseDetails.java
15,src/e2e/java/teammates/e2e/cases/axe/AdminNotificationsPageAxeTest.java
1,src/test/java/teammates/common/util/TimeHelperTest.java
25,src/test/java/teammates/ui/webapi/InstructorSearchIndexingWorkerActionTest.java
88,src/main/java/teammates/storage/search/SearchDocument.java
185,src/e2e/java/teammates/e2e/pageobjects/StudentNotificationsPage.java
197,src/client/java/teammates/client/scripts/statistics/StatisticsBundle.java
185,src/main/java/teammates/logic/external/package-info.java
81,src/test/java/teammates/ui/webapi/RemindFeedbackSessionResultActionTest.java
187,src/e2e/java/teammates/e2e/pageobjects/InstructorCourseStudentDetailsEditPage.java
85,src/main/java/teammates/ui/webapi/UpdateInstructorPrivilegeAction.java
85,src/main/java/teammates/ui/webapi/QueryLogsAction.java
29,src/main/java/teammates/ui/webapi/BinCourseAction.java
10,src/test/java/teammates/test/BaseTestCaseWithLocalDatabaseAccess.java
15,src/e2e/java/teammates/e2e/cases/FeedbackTextQuestionE2ETest.java
176,src/test/java/teammates/logic/core/InstructorsLogicTest.java
160,src/main/java/teammates/common/util/Url.java
23,src/main/java/teammates/ui/output/FeedbackSessionStatsData.java
26,src/test/java/teammates/ui/webapi/FeedbackSessionPublishedEmailWorkerActionTest.java
85,src/main/java/teammates/ui/webapi/FeedbackSessionUnpublishedEmailWorkerAction.java
5,src/main/java/teammates/ui/request/SendEmailRequest.java
7,src/main/java/teammates/ui/request/NotificationBasicRequest.java
4,src/main/java/teammates/ui/output/UsageStatisticsData.java
20,src/main/java/teammates/common/datatransfer/questions/FeedbackRubricResponseDetails.java
7,src/main/java/teammates/ui/constants/QuestionTypeStructures.java
4,src/main/java/teammates/ui/output/FeedbackQuestionRecipientsData.java
1,src/e2e/java/teammates/e2e/cases/InstructorStudentListPageE2ETest.java
1,src/main/java/teammates/logic/external/EmptyAuthService.java
187,src/e2e/java/teammates/e2e/cases/NotificationBannerE2ETest.java
174,src/test/java/teammates/common/datatransfer/AttributesDeletionQueryTest.java
194,src/client/java/teammates/client/scripts/MockCourseWithLargeResponseScript.java
81,src/main/java/teammates/ui/webapi/GetFeedbackResponseCommentAction.java
97,src/main/java/teammates/ui/webapi/CreateAccountRequestAction.java
87,src/test/java/teammates/logic/api/MockUserProvision.java
85,src/main/java/teammates/ui/output/SessionVisibleSetting.java
77,src/main/java/teammates/logic/core/NotificationsLogic.java
97,src/main/java/teammates/ui/output/RegkeyValidityData.java
158,src/test/java/teammates/common/datatransfer/questions/FeedbackRubricQuestionDetailsTest.java
130,src/main/java/teammates/storage/api/NotificationsDb.java
117,src/test/java/teammates/logic/api/MockRecaptchaVerifier.java
155,src/main/java/teammates/common/datatransfer/attributes/DeadlineExtensionAttributes.java
159,src/main/java/teammates/common/datatransfer/questions/FeedbackConstantSumQuestionDetails.java
26,src/main/java/teammates/ui/output/StudentData.java
155,src/test/java/teammates/common/datatransfer/questions/FeedbackMsqQuestionDetailsTest.java
1,src/main/java/teammates/logic/external/GoogleCloudTasksService.java
133,src/main/java/teammates/storage/search/InstructorSearchDocument.java
17,src/e2e/java/teammates/e2e/cases/axe/InstructorCourseStudentDetailsPageAxeTest.java
131,src/test/java/teammates/logic/external/GoogleRecaptchaServiceTest.java
125,src/test/java/teammates/storage/api/NotificationsDbTest.java
1,src/test/java/teammates/logic/api/LogicExtension.java
85,src/test/java/teammates/ui/webapi/SearchStudentsActionTest.java
1,src/main/java/teammates/storage/api/EntitiesDb.java
131,src/test/java/teammates/logic/core/AccountsLogicTest.java
198,src/client/java/teammates/client/scripts/DataMigrationForSanitizedDataInInstructorAttributes.java
190,src/e2e/java/teammates/e2e/cases/BaseE2ETestCase.java
1,src/e2e/java/teammates/e2e/pageobjects/StudentCourseDetailsPage.java
156,src/main/java/teammates/common/datatransfer/questions/FeedbackNumericalScaleQuestionDetails.java
47,src/main/java/teammates/logic/external/GoogleRecaptchaService.java
131,src/test/java/teammates/storage/search/BaseSearchTest.java
29,src/main/java/teammates/ui/webapi/SubmitFeedbackResponsesAction.java
87,src/test/java/teammates/logic/external/package-info.java
85,src/main/java/teammates/ui/webapi/CreateFeedbackSessionLogAction.java
22,src/main/java/teammates/ui/webapi/DeleteStudentAction.java
4,src/main/java/teammates/ui/request/InstructorCreateRequest.java
85,src/main/java/teammates/ui/webapi/JsonResult.java
79,src/test/java/teammates/logic/core/package-info.java
196,src/client/java/teammates/client/util/package-info.java
7,src/test/java/teammates/ui/webapi/ArchiveCourseActionTest.java
97,src/test/java/teammates/ui/webapi/GetNotificationsActionTest.java
26,src/main/java/teammates/ui/webapi/SessionLinksRecoveryAction.java
1,src/main/java/teammates/ui/output/NumberOfEntitiesToGiveFeedbackToSetting.java
81,src/test/java/teammates/ui/webapi/GetDeadlineExtensionActionTest.java
123,src/main/java/teammates/storage/api/AccountsDb.java
23,src/main/java/teammates/ui/request/MarkNotificationAsReadRequest.java
97,src/main/java/teammates/ui/request/FeedbackSessionUpdateRequest.java
47,src/main/java/teammates/logic/external/LocalTaskQueueService.java
186,src/e2e/java/teammates/e2e/util/EmailAccount.java
25,src/test/java/teammates/ui/webapi/CreateAccountRequestActionTest.java
129,src/main/java/teammates/logic/api/EmailSender.java
84,src/main/java/teammates/logic/external/GoogleRecaptchaService.java
177,src/test/java/teammates/storage/api/InstructorsDbTest.java
130,src/main/java/teammates/storage/entity/Notification.java
29,src/main/java/teammates/ui/webapi/DeleteFeedbackQuestionAction.java
26,src/main/java/teammates/ui/output/FeedbackResponsesData.java
4,src/main/java/teammates/ui/webapi/DeleteFeedbackQuestionAction.java
1,src/main/java/teammates/common/datatransfer/FeedbackSessionLogEntry.java
155,src/main/java/teammates/common/datatransfer/attributes/AccountAttributes.java
123,src/main/java/teammates/storage/entity/package-info.java
1,src/test/java/teammates/test/TestNgXmlTest.java
79,src/main/java/teammates/logic/external/LogService.java
97,src/test/java/teammates/ui/webapi/QueryLogsActionTest.java
198,src/client/java/teammates/client/scripts/TeamEvalResultCalculations.java
128,src/test/java/teammates/storage/api/FeedbackSessionsDbTest.java
4,src/client/java/teammates/client/scripts/DataMigrationForTextQuestionRecommendedLength.java
1,src/test/java/teammates/ui/webapi/DeleteStudentsActionTest.java
1,src/e2e/java/teammates/e2e/cases/InstructorCourseEnrollPageE2ETest.java
85,src/test/java/teammates/ui/webapi/FeedbackSessionOpeningRemindersActionTest.java
81,src/main/java/teammates/ui/output/AccountRequestsData.java
97,src/main/java/teammates/ui/webapi/CalculateUsageStatisticsAction.java
190,src/e2e/java/teammates/e2e/cases/FeedbackSubmitPageE2ETest.java
97,src/main/java/teammates/ui/webapi/GetCourseAction.java
187,src/e2e/java/teammates/e2e/cases/FeedbackRankOptionQuestionE2ETest.java
186,src/e2e/java/teammates/e2e/cases/axe/InstructorSessionIndividualExtensionPageAxeTest.java
22,src/main/java/teammates/ui/servlets/OAuth2CallbackServlet.java
7,src/main/java/teammates/ui/webapi/GateKeeper.java
4,src/main/java/teammates/ui/request/FeedbackResponseCommentCreateRequest.java
23,src/main/java/teammates/ui/output/FeedbackSessionLogData.java
128,src/test/java/teammates/storage/api/NotificationsDbTest.java
29,src/main/java/teammates/ui/webapi/FeedbackSessionRemindEmailWorkerAction.java
25,src/main/java/teammates/ui/output/OngoingSessionsData.java
156,src/main/java/teammates/common/util/EmailType.java
23,src/test/java/teammates/ui/webapi/CreateFeedbackResponseCommentActionTest.java
156,src/main/java/teammates/common/util/HttpRequest.java
7,src/main/java/teammates/ui/output/DeadlineExtensionData.java
185,src/e2e/java/teammates/e2e/cases/InstructorCourseJoinConfirmationPageE2ETest.java
25,src/test/java/teammates/ui/webapi/CreateFeedbackSessionLogActionTest.java
88,src/test/java/teammates/logic/api/MockLogsProcessor.java
85,src/test/java/teammates/ui/webapi/UpdateFeedbackQuestionActionTest.java
81,src/main/java/teammates/ui/servlets/LegacyUrlMapper.java
29,src/main/java/teammates/ui/output/UsageStatisticsData.java
132,src/main/java/teammates/storage/search/InstructorSearchManager.java
155,src/test/java/teammates/common/util/StringHelperExtension.java
176,src/test/java/teammates/logic/api/MockTaskQueuer.java
130,src/test/java/teammates/storage/search/BaseSearchTest.java
1,src/e2e/java/teammates/e2e/cases/axe/StudentCourseDetailsPageAxeTest.java
23,src/main/java/teammates/ui/output/OngoingSession.java
4,src/test/java/teammates/ui/webapi/GetRegkeyValidityActionTest.java
7,src/main/java/teammates/ui/webapi/RegenerateInstructorKeyAction.java
175,src/main/java/teammates/common/datatransfer/questions/FeedbackMsqResponseDetails.java
81,src/main/java/teammates/ui/request/package-info.java
23,src/test/java/teammates/ui/webapi/DeleteStudentsActionTest.java
190,src/e2e/java/teammates/e2e/cases/axe/AdminSearchPageAxeTest.java
7,src/main/java/teammates/ui/webapi/UpdateInstructorAction.java
158,src/test/java/teammates/common/datatransfer/attributes/FeedbackQuestionAttributesTest.java
25,src/main/java/teammates/ui/output/EmailData.java
157,src/main/java/teammates/common/datatransfer/attributes/UsageStatisticsAttributes.java
23,src/main/java/teammates/ui/output/FeedbackResponsesData.java
25,src/main/java/teammates/ui/output/SessionLinksRecoveryResponseData.java
5,src/main/java/teammates/ui/webapi/InvalidOperationException.java
5,src/main/java/teammates/ui/webapi/PublishFeedbackSessionAction.java
9,src/main/java/teammates/storage/entity/Account.java
15,src/e2e/java/teammates/e2e/cases/axe/InstructorHomePageAxeTest.java
132,src/main/java/teammates/storage/entity/Notification.java
17,src/e2e/java/teammates/e2e/pageobjects/InstructorFeedbackResultsPage.java
7,src/main/java/teammates/ui/webapi/PutDataBundleAction.java
158,src/main/java/teammates/common/datatransfer/attributes/FeedbackResponseAttributes.java
4,src/test/java/teammates/ui/webapi/BaseActionTest.java
26,src/main/java/teammates/ui/webapi/GetAccountRequestAction.java
158,src/main/java/teammates/common/datatransfer/InstructorPrivilegesLegacy.java
7,src/main/java/teammates/ui/webapi/SendJoinReminderEmailAction.java
1,src/main/java/teammates/common/datatransfer/NotificationStyle.java
1,src/e2e/java/teammates/e2e/cases/InstructorStudentRecordsPageE2ETest.java
157,src/main/java/teammates/common/datatransfer/questions/FeedbackNumericalScaleQuestionDetails.java
81,src/test/java/teammates/ui/webapi/ActionFactoryTest.java
177,src/test/java/teammates/storage/api/StudentsDbTest.java
97,src/test/java/teammates/ui/webapi/FeedbackSessionClosingRemindersActionTest.java
25,src/main/java/teammates/ui/output/JoinState.java
86,src/main/java/teammates/logic/api/UserProvision.java
97,src/main/java/teammates/ui/webapi/FeedbackSessionOpeningSoonRemindersAction.java
22,src/main/java/teammates/ui/request/NotificationUpdateRequest.java
156,src/main/java/teammates/common/util/FieldValidator.java
16,src/e2e/java/teammates/e2e/cases/InstructorCoursesPageE2ETest.java
185,src/e2e/java/teammates/e2e/pageobjects/InstructorCourseEditPage.java
1,src/main/java/teammates/common/datatransfer/questions/FeedbackContributionQuestionDetails.java
159,src/main/java/teammates/common/datatransfer/FeedbackSessionLogEntry.java
22,src/test/java/teammates/ui/webapi/FeedbackSessionResendPublishedEmailWorkerActionTest.java
123,src/main/java/teammates/storage/search/SearchDocument.java
26,src/test/java/teammates/ui/webapi/AccountRequestSearchIndexingWorkerActionTest.java
7,src/test/java/teammates/ui/webapi/EnrollStudentsActionTest.java
185,src/test/java/teammates/logic/api/LogicExtension.java
174,src/main/java/teammates/common/util/Logger.java
18,src/client/java/teammates/client/scripts/DataMigrationForSanitizedDataInCourseAttributes.java
16,src/e2e/java/teammates/e2e/util/Retryable.java
1,src/main/java/teammates/storage/api/AccountRequestsDb.java
7,src/test/java/teammates/ui/webapi/SearchAccountRequestsActionTest.java
22,src/main/java/teammates/ui/output/DeadlineExtensionData.java
81,src/main/java/teammates/ui/output/EnrollStudentsData.java
4,src/main/java/teammates/ui/request/CourseBasicRequest.java
4,src/test/java/teammates/ui/webapi/UpdateNotificationActionTest.java
81,src/main/java/teammates/ui/webapi/DeleteAccountRequestAction.java
159,src/main/java/teammates/common/datatransfer/NotificationStyle.java
68,src/main/java/teammates/logic/core/FeedbackQuestionsLogic.java
7,src/main/java/teammates/ui/webapi/package-info.java
47,src/main/java/teammates/logic/external/RecaptchaService.java
9,src/main/java/teammates/storage/search/InstructorSearchDocument.java
4,src/main/java/teammates/ui/request/FeedbackQuestionCreateRequest.java
155,src/main/java/teammates/common/exception/SearchServiceException.java
22,src/test/java/teammates/ui/webapi/DeleteAccountActionTest.java
84,src/main/java/teammates/logic/core/FeedbackResponsesLogic.java
26,src/main/java/teammates/ui/webapi/ResetAccountRequestAction.java
127,src/test/java/teammates/common/datatransfer/questions/FeedbackRankQuestionDetailsTest.java
25,src/main/java/teammates/ui/webapi/UpdateFeedbackQuestionAction.java
17,src/e2e/java/teammates/e2e/util/MaximumRetriesExceededException.java
23,src/main/java/teammates/ui/request/StudentsEnrollRequest.java
20,src/test/java/teammates/common/util/UrlTest.java
77,src/main/java/teammates/logic/external/MailgunService.java
15,src/e2e/java/teammates/e2e/pageobjects/InstructorFeedbackEditPage.java
7,src/test/java/teammates/logic/core/FeedbackQuestionsLogicTest.java
160,src/test/java/teammates/common/datatransfer/questions/FeedbackNumericalScaleQuestionDetailsTest.java
128,src/test/java/teammates/storage/api/CoursesDbTest.java
185,src/e2e/java/teammates/e2e/cases/InstructorCourseStudentDetailsPageE2ETest.java
117,src/test/java/teammates/logic/core/CoursesLogicTest.java
23,src/main/java/teammates/ui/webapi/DeleteNotificationAction.java
7,src/main/java/teammates/logic/core/DataBundleLogic.java
7,src/main/java/teammates/ui/constants/ApiConst.java
7,src/main/java/teammates/ui/webapi/GetFeedbackResponsesAction.java
81,src/test/java/teammates/ui/webapi/RestoreCourseActionTest.java
20,src/main/java/teammates/common/datatransfer/questions/FeedbackNumericalScaleResponseDetails.java
81,src/main/java/teammates/ui/webapi/ActionResult.java
97,src/main/java/teammates/ui/webapi/DeleteStudentAction.java
159,src/main/java/teammates/common/datatransfer/FeedbackParticipantType.java
197,src/client/java/teammates/client/scripts/DataBundleRegenerator.java
158,src/main/java/teammates/common/exception/SearchServiceException.java
26,src/main/java/teammates/ui/webapi/AccountRequestSearchIndexingWorkerAction.java
7,src/main/java/teammates/logic/external/MailgunService.java
128,src/test/java/teammates/storage/search/BaseSearchTest.java
85,src/test/java/teammates/ui/webapi/GetFeedbackSessionSubmittedGiverSetActionTest.java
1,src/main/java/teammates/ui/output/JoinStatus.java
26,src/main/java/teammates/ui/output/FeedbackVisibilityType.java
88,src/main/java/teammates/storage/api/StudentsDb.java
25,src/test/java/teammates/ui/webapi/StudentSearchIndexingWorkerActionTest.java
7,src/main/java/teammates/logic/external/EmptyEmailService.java
157,src/main/java/teammates/common/datatransfer/questions/FeedbackRubricResponseDetails.java
175,src/test/java/teammates/common/datatransfer/questions/FeedbackRankRecipientsQuestionDetailsTest.java
26,src/main/java/teammates/ui/webapi/RegenerateStudentKeyAction.java
185,src/e2e/java/teammates/e2e/pageobjects/AdminHomePage.java
88,src/main/java/teammates/logic/core/DataBundleLogic.java
117,src/main/java/teammates/logic/core/InstructorsLogic.java
26,src/main/java/teammates/ui/output/FeedbackQuestionsData.java
1,src/main/java/teammates/common/datatransfer/FeedbackQuestionRecipient.java
7,src/main/java/teammates/ui/output/InstructorPermissionRole.java
4,src/test/java/teammates/ui/webapi/CreateFeedbackResponseCommentActionTest.java
189,src/e2e/java/teammates/e2e/cases/StudentCourseDetailsPageE2ETest.java
81,src/main/java/teammates/ui/webapi/RegenerateInstructorKeyAction.java
86,src/test/java/teammates/logic/api/MockTaskQueuer.java
22,src/test/java/teammates/logic/core/NotificationsLogicTest.java
22,src/main/java/teammates/ui/webapi/FeedbackSessionOpeningSoonRemindersAction.java
97,src/main/java/teammates/ui/webapi/ActionMappingException.java
1,src/main/java/teammates/ui/output/FeedbackSessionLogsData.java
81,src/main/java/teammates/ui/output/FeedbackVisibilityType.java
68,src/main/java/teammates/logic/api/EmailGenerator.java
29,src/main/java/teammates/ui/output/CommentVisibilityType.java
79,src/main/java/teammates/logic/core/FeedbackQuestionsLogic.java
81,src/main/java/teammates/ui/output/RegenerateKeyData.java
29,src/main/java/teammates/ui/webapi/StudentSearchIndexingWorkerAction.java
157,src/main/java/teammates/common/datatransfer/questions/FeedbackRankRecipientsResponseDetails.java
174,src/main/java/teammates/common/util/AppUrl.java
81,src/main/java/teammates/ui/webapi/GetCourseAction.java
26,src/main/java/teammates/ui/output/AccountRequestData.java
127,src/main/java/teammates/common/util/Url.java
97,src/main/java/teammates/ui/webapi/CreateFeedbackQuestionAction.java
159,src/main/java/teammates/common/util/package-info.java
133,src/test/java/teammates/storage/api/FeedbackResponsesDbTest.java
185,src/e2e/java/teammates/e2e/cases/StudentHomePageE2ETest.java
156,src/main/java/teammates/common/datatransfer/questions/FeedbackQuestionDetails.java
81,src/main/java/teammates/ui/request/FeedbackSessionRespondentRemindRequest.java
26,src/main/java/teammates/ui/output/RegkeyValidityData.java
127,src/test/java/teammates/common/util/TimeHelperExtension.java
85,src/test/java/teammates/ui/webapi/GetCoursesActionTest.java
159,src/test/java/teammates/common/datatransfer/CourseRosterTest.java
157,src/test/java/teammates/common/datatransfer/attributes/FeedbackResponseAttributesTest.java
131,src/test/java/teammates/storage/api/package-info.java
4,src/main/java/teammates/ui/request/FeedbackSessionBasicRequest.java
5,src/test/java/teammates/ui/webapi/GetInstructorActionTest.java
85,src/main/java/teammates/ui/output/MessageOutput.java
16,src/e2e/java/teammates/e2e/pageobjects/AppPage.java
101,src/main/java/teammates/storage/entity/UsageStatistics.java
187,src/e2e/java/teammates/e2e/cases/axe/FeedbackResultsPageAxeTest.java
20,src/test/java/teammates/common/util/package-info.java
26,src/main/java/teammates/ui/webapi/QueryLogsAction.java
23,src/main/java/teammates/ui/output/JoinState.java
17,src/e2e/java/teammates/e2e/cases/InstructorCoursesPageE2ETest.java
7,src/main/java/teammates/ui/output/AccountRequestData.java
97,src/test/java/teammates/ui/webapi/GetAccountRequestActionTest.java
190,src/e2e/java/teammates/e2e/cases/AdminSessionsPageE2ETest.java
190,src/e2e/java/teammates/e2e/cases/axe/InstructorCourseJoinConfirmationPageAxeTest.java
25,src/main/java/teammates/ui/request/CourseArchiveRequest.java
190,src/e2e/java/teammates/e2e/pageobjects/AdminTimezonePage.java
1,src/test/java/teammates/test/AssertHelper.java
1,src/main/java/teammates/common/datatransfer/questions/FeedbackRankQuestionDetails.java
187,src/e2e/java/teammates/e2e/pageobjects/AdminHomePage.java
29,src/main/java/teammates/ui/webapi/UpdateFeedbackSessionAction.java
25,src/main/java/teammates/ui/request/StudentUpdateRequest.java
4,src/test/java/teammates/ui/webapi/StudentSearchIndexingWorkerActionTest.java
26,src/test/java/teammates/ui/webapi/BaseActionTest.java
160,src/main/java/teammates/common/datatransfer/questions/FeedbackRubricResponseDetails.java
196,src/client/java/teammates/client/scripts/MockCourseWithLargeResponseScript.java
26,src/test/java/teammates/ui/webapi/UpdateCourseActionTest.java
23,src/main/java/teammates/ui/webapi/FeedbackSessionPublishedRemindersAction.java
85,src/main/java/teammates/ui/webapi/CreateCourseAction.java
176,src/test/java/teammates/logic/api/LogicExtension.java
5,src/test/java/teammates/ui/webapi/CreateAccountRequestActionTest.java
189,src/e2e/java/teammates/e2e/cases/axe/AdminAccountsPageAxeTest.java
125,src/test/java/teammates/storage/api/FeedbackResponsesDbTest.java
97,src/test/java/teammates/ui/webapi/FeedbackSessionRemindParticularUsersEmailWorkerActionTest.java
81,src/main/java/teammates/ui/request/FeedbackSessionCreateRequest.java
16,src/e2e/java/teammates/e2e/util/BackDoor.java
185,src/e2e/java/teammates/e2e/pageobjects/InstructorCourseStudentDetailsViewPage.java
158,src/main/java/teammates/common/datatransfer/questions/FeedbackContributionResponseDetails.java
26,src/test/java/teammates/ui/webapi/DeleteStudentActionTest.java
26,src/main/java/teammates/ui/webapi/PutDataBundleAction.java
4,src/main/java/teammates/ui/webapi/GetCoursesAction.java
125,src/test/java/teammates/storage/search/StudentSearchTest.java
85,src/main/java/teammates/logic/core/UsageStatisticsLogic.java
5,src/test/java/teammates/ui/webapi/ResetAccountActionTest.java
188,src/e2e/java/teammates/e2e/cases/InstructorFeedbackSessionsPageE2ETest.java
16,src/e2e/java/teammates/e2e/pageobjects/ErrorReportingModal.java
156,src/main/java/teammates/common/datatransfer/logs/InstanceLogDetails.java
119,src/test/java/teammates/logic/api/MockLogsProcessor.java
1,src/main/java/teammates/ui/servlets/LegacyUrlMapper.java
188,src/e2e/java/teammates/e2e/cases/FeedbackTextQuestionE2ETest.java
79,src/main/java/teammates/logic/core/FeedbackResponsesLogic.java
4,src/client/java/teammates/client/scripts/DataMigrationForSanitizedInstructorName.java
133,src/test/java/teammates/storage/search/AccountRequestSearchTest.java
198,src/client/java/teammates/client/scripts/DataMigrationForStudentsAndTeamsRecipientType.java
7,src/main/java/teammates/ui/webapi/FeedbackSessionOpeningRemindersAction.java
123,src/main/java/teammates/storage/search/InstructorSearchDocument.java
23,src/main/java/teammates/ui/output/SessionLinksRecoveryResponseData.java
88,src/main/java/teammates/logic/core/InstructorsLogic.java
17,src/e2e/java/teammates/e2e/cases/StudentCourseJoinConfirmationPageE2ETest.java
97,src/test/java/teammates/logic/api/BaseLogicTest.java
81,src/main/java/teammates/ui/webapi/FeedbackSessionPublishedRemindersAction.java
1,src/test/java/teammates/test/MockFilterChain.java
22,src/main/java/teammates/ui/webapi/GetInstructorAction.java
187,src/e2e/java/teammates/e2e/util/GmailServiceMaker.java
117,src/test/java/teammates/logic/api/package-info.java
7,src/test/java/teammates/ui/webapi/DeleteStudentsActionTest.java
85,src/main/java/teammates/ui/request/Intent.java
23,src/main/java/teammates/ui/webapi/EntityNotFoundException.java
26,src/main/java/teammates/ui/servlets/RequestTraceFilter.java
129,src/test/java/teammates/logic/external/GoogleRecaptchaServiceTest.java
85,src/main/java/teammates/ui/webapi/ResetAccountAction.java
29,src/main/java/teammates/ui/webapi/MarkNotificationAsReadAction.java
25,src/main/java/teammates/ui/webapi/GetFeedbackSessionAction.java
29,src/main/java/teammates/ui/servlets/OAuth2CallbackServlet.java
85,src/main/java/teammates/ui/output/AccountData.java
15,src/e2e/java/teammates/e2e/cases/InstructorStudentRecordsPageE2ETest.java
85,src/main/java/teammates/ui/output/FeedbackSessionsData.java
1,src/main/java/teammates/ui/webapi/StudentSearchIndexingWorkerAction.java
4,src/test/java/teammates/ui/webapi/ActionFactoryTest.java
185,src/e2e/java/teammates/e2e/cases/axe/StudentCourseJoinConfirmationPageAxeTest.java
197,src/client/java/teammates/client/scripts/package-info.java
129,src/test/java/teammates/logic/core/FeedbackQuestionsLogicTest.java
198,src/client/java/teammates/client/scripts/statistics/package-info.java
1,src/e2e/java/teammates/e2e/cases/InstructorCourseEditPageE2ETest.java
81,src/test/java/teammates/ui/servlets/WebApiServletTest.java
97,src/main/java/teammates/ui/webapi/ArchiveCourseAction.java
97,src/main/java/teammates/ui/output/ActionClasses.java
26,src/test/java/teammates/ui/servlets/WebPageServletTest.java
1,src/main/java/teammates/ui/webapi/GetAuthInfoAction.java
158,src/main/java/teammates/common/datatransfer/logs/LogSeverity.java
118,src/main/java/teammates/storage/entity/UsageStatistics.java
18,src/client/java/teammates/client/scripts/DataMigrationForConstSumForceUnevenDistribution.java
86,src/test/java/teammates/logic/api/LogicExtension.java
132,src/main/java/teammates/storage/search/SearchManagerFactory.java
189,src/e2e/java/teammates/e2e/util/GmailServiceMaker.java
85,src/main/java/teammates/ui/webapi/GetActionClassesAction.java
5,src/test/java/teammates/ui/webapi/CreateCourseActionTest.java
187,src/e2e/java/teammates/e2e/pageobjects/InstructorHomePage.java
25,src/test/java/teammates/ui/webapi/ActionFactoryTest.java
5,src/main/java/teammates/ui/webapi/GetFeedbackQuestionRecipientsAction.java
22,src/test/java/teammates/ui/webapi/CreateAccountRequestActionTest.java
4,src/test/java/teammates/ui/webapi/DeleteCourseActionTest.java
26,src/main/java/teammates/ui/output/FeedbackSessionPublishStatus.java
160,src/main/java/teammates/common/datatransfer/FeedbackQuestionRecipient.java
1,src/main/java/teammates/logic/core/FeedbackQuestionsLogic.java
160,src/test/java/teammates/common/datatransfer/questions/package-info.java
81,src/test/java/teammates/ui/webapi/CreateFeedbackResponseCommentActionTest.java
20,src/main/java/teammates/common/datatransfer/questions/FeedbackRankOptionsQuestionDetails.java
85,src/main/java/teammates/ui/webapi/CreateFeedbackSessionAction.java
190,src/e2e/java/teammates/e2e/cases/axe/StudentCourseDetailsPageAxeTest.java
26,src/test/java/teammates/ui/webapi/GetInstructorsActionTest.java
127,src/main/java/teammates/common/datatransfer/DataBundle.java
177,src/test/java/teammates/storage/api/EntitiesDbTest.java
1,src/main/java/teammates/ui/webapi/GetUsageStatisticsAction.java
157,src/main/java/teammates/common/datatransfer/questions/FeedbackTextQuestionDetails.java
22,src/main/java/teammates/ui/constants/package-info.java
23,src/main/java/teammates/ui/webapi/DeleteCourseAction.java
25,src/main/java/teammates/ui/webapi/GetInstructorPrivilegeAction.java
88,src/main/java/teammates/storage/api/DatastoreEmulatorRunner.java
7,src/test/java/teammates/ui/webapi/GetNotificationsActionTest.java
130,src/main/java/teammates/storage/api/DeadlineExtensionsDb.java
5,src/main/java/teammates/ui/webapi/GetAccountsAction.java
175,src/main/java/teammates/common/datatransfer/NotificationTargetUser.java
177,src/main/java/teammates/storage/search/AccountRequestSearchDocument.java
1,src/main/java/teammates/common/datatransfer/FeedbackParticipantType.java
155,src/test/java/teammates/common/datatransfer/questions/FeedbackConstantSumQuestionDetailsTest.java
22,src/main/java/teammates/ui/webapi/InstructorSearchIndexingWorkerAction.java
185,src/e2e/java/teammates/e2e/cases/axe/StudentNotificationsPageAxeTest.java
17,src/e2e/java/teammates/e2e/cases/SystemErrorEmailReportE2ETest.java
87,src/main/java/teammates/logic/external/GoogleRecaptchaService.java
4,src/main/java/teammates/ui/webapi/package-info.java
81,src/test/java/teammates/ui/webapi/ArchiveCourseActionTest.java
190,src/e2e/java/teammates/e2e/cases/axe/InstructorCourseDetailsPageAxeTest.java
195,src/client/java/teammates/client/scripts/DataMigrationForTextQuestionRecommendedLength.java
4,src/test/java/teammates/ui/webapi/DeleteStudentsActionTest.java
97,src/test/java/teammates/logic/core/package-info.java
85,src/main/java/teammates/logic/api/EmailSender.java
129,src/test/java/teammates/logic/api/package-info.java
198,src/client/java/teammates/client/scripts/PopulateCourseSearchDocuments.java
185,src/e2e/java/teammates/e2e/cases/FeedbackSubmitPageE2ETest.java
5,src/test/java/teammates/ui/webapi/SendLoginEmailActionTest.java
195,src/client/java/teammates/client/scripts/DataMigrationForFeedbackSessionMismatchedTimezone.java
1,src/main/java/teammates/ui/output/JoinState.java
117,src/test/java/teammates/logic/core/FeedbackQuestionsLogicTest.java
198,src/client/java/teammates/client/scripts/DataMigrationForUnencryptedKeyForStudents.java
190,src/e2e/java/teammates/e2e/cases/NotificationBannerE2ETest.java
4,src/main/java/teammates/ui/output/FeedbackResponsesData.java
97,src/test/java/teammates/logic/core/FeedbackQuestionsLogicTest.java
29,src/main/java/teammates/ui/webapi/SearchInstructorsAction.java
1,src/main/java/teammates/logic/core/NotificationsLogic.java
187,src/e2e/java/teammates/e2e/cases/FeedbackMsqQuestionE2ETest.java
26,src/test/java/teammates/ui/servlets/WebApiServletTest.java
176,src/main/java/teammates/logic/external/EmailSenderService.java
86,src/test/java/teammates/logic/core/DeadlineExtensionsLogicTest.java
9,src/main/java/teammates/storage/api/EntitiesDb.java
15,src/e2e/java/teammates/e2e/cases/AutomatedSessionRemindersE2ETest.java
16,src/e2e/java/teammates/e2e/pageobjects/AdminSearchPage.java
127,src/test/java/teammates/common/util/BuildPropertiesTest.java
123,src/test/java/teammates/storage/api/InstructorsDbTest.java
4,src/test/java/teammates/ui/webapi/ResetAccountRequestActionTest.java
1,src/main/java/teammates/ui/webapi/UpdateStudentAction.java
17,src/e2e/java/teammates/e2e/cases/FeedbackConstSumRecipientQuestionE2ETest.java
26,src/main/java/teammates/ui/webapi/DeleteNotificationAction.java
155,src/main/java/teammates/common/datatransfer/questions/FeedbackQuestionDetails.java
5,src/main/java/teammates/ui/webapi/Action.java
29,src/main/java/teammates/ui/webapi/package-info.java
185,src/e2e/java/teammates/e2e/cases/InstructorCourseEnrollPageE2ETest.java
81,src/main/java/teammates/ui/webapi/GetRegkeyValidityAction.java
85,src/main/java/teammates/ui/request/FeedbackResponsesRequest.java
5,src/main/java/teammates/ui/webapi/GetFeedbackResponseCommentAction.java
88,src/main/java/teammates/storage/search/StudentSearchManager.java
47,src/main/java/teammates/logic/core/AccountRequestsLogic.java
4,src/main/java/teammates/ui/request/FeedbackQuestionUpdateRequest.java
29,src/test/java/teammates/ui/webapi/CompileLogsActionTest.java
20,src/test/java/teammates/common/datatransfer/attributes/DeadlineExtensionAttributesTest.java
190,src/e2e/java/teammates/e2e/util/RetryManager.java
159,src/test/java/teammates/common/datatransfer/questions/FeedbackRubricQuestionDetailsTest.java
155,src/main/java/teammates/common/datatransfer/attributes/AccountRequestAttributes.java
174,src/main/java/teammates/common/datatransfer/questions/FeedbackRankRecipientsResponseDetails.java
1,src/main/java/teammates/common/datatransfer/attributes/FeedbackResponseAttributes.java
131,src/test/java/teammates/logic/core/FeedbackSessionsLogicTest.java
97,src/main/java/teammates/ui/servlets/package-info.java
22,src/test/java/teammates/logic/core/InstructorsLogicTest.java
29,src/test/java/teammates/ui/webapi/ActionFactoryTest.java
88,src/test/java/teammates/logic/core/BaseLogicTest.java
157,src/test/java/teammates/common/util/StringHelperTest.java
25,src/main/java/teammates/ui/request/FeedbackQuestionBasicRequest.java
117,src/test/java/teammates/logic/core/FeedbackResponseCommentsLogicTest.java
85,src/main/java/teammates/ui/output/JoinState.java
175,src/test/java/teammates/common/datatransfer/attributes/CourseAttributesTest.java
5,src/main/java/teammates/ui/webapi/UpdateInstructorAction.java
117,src/main/java/teammates/logic/external/LogService.java
122,src/test/java/teammates/logic/external/GoogleRecaptchaServiceTest.java
97,src/main/java/teammates/ui/webapi/SendJoinReminderEmailAction.java
5,src/test/java/teammates/ui/webapi/FeedbackSessionClosingRemindersActionTest.java
9,src/test/java/teammates/storage/api/AccountsDbTest.java
1,src/main/java/teammates/ui/output/MessageOutput.java
159,src/test/java/teammates/common/datatransfer/questions/FeedbackContributionQuestionDetailsTest.java
7,src/main/java/teammates/ui/webapi/SearchAccountRequestsAction.java
1,src/main/java/teammates/ui/webapi/FeedbackSessionOpeningRemindersAction.java
118,src/test/java/teammates/storage/api/AccountRequestsDbTest.java
117,src/main/java/teammates/logic/core/StudentsLogic.java
29,src/main/java/teammates/ui/webapi/FeedbackSessionUnpublishedEmailWorkerAction.java
185,src/e2e/java/teammates/e2e/pageobjects/FeedbackResultsPage.java
1,src/main/java/teammates/ui/output/InstructorPermissionRole.java
185,src/test/java/teammates/logic/api/MockTaskQueuer.java
68,src/main/java/teammates/logic/external/AuthService.java
23,src/test/java/teammates/ui/webapi/CreateFeedbackSessionActionTest.java
123,src/main/java/teammates/storage/search/SearchManager.java
5,src/main/java/teammates/ui/webapi/DeleteCourseAction.java
25,src/main/java/teammates/ui/output/AccountData.java
186,src/e2e/java/teammates/e2e/pageobjects/InstructorSessionIndividualExtensionPage.java
185,src/main/java/teammates/logic/api/EmailGenerator.java
5,src/main/java/teammates/ui/servlets/AuthServlet.java
97,src/main/java/teammates/ui/webapi/GetAuthInfoAction.java
129,src/main/java/teammates/logic/external/FirebaseAuthService.java
26,src/main/java/teammates/ui/webapi/GetSessionResponseStatsAction.java
16,src/e2e/java/teammates/e2e/pageobjects/AdminTimezonePage.java
7,src/main/java/teammates/ui/webapi/CreateFeedbackQuestionAction.java
158,src/test/java/teammates/common/datatransfer/attributes/StudentAttributesTest.java
79,src/main/java/teammates/logic/external/FirebaseAuthService.java
131,src/test/java/teammates/storage/api/AccountsDbTest.java
25,src/test/java/teammates/ui/webapi/GetFeedbackQuestionsActionTest.java
129,src/test/java/teammates/logic/api/EmailGeneratorTest.java
85,src/main/java/teammates/ui/webapi/InstructorCourseJoinEmailWorkerAction.java
26,src/main/java/teammates/ui/webapi/GetNotificationsAction.java
160,src/main/java/teammates/common/util/FileHelper.java
15,src/e2e/java/teammates/e2e/cases/AdminNotificationsPageE2ETest.java
7,src/main/java/teammates/ui/webapi/DeleteFeedbackResponseCommentAction.java
159,src/main/java/teammates/common/datatransfer/logs/package-info.java
188,src/e2e/java/teammates/e2e/util/BackDoor.java
25,src/main/java/teammates/ui/webapi/SendErrorReportAction.java
86,src/test/java/teammates/logic/core/FeedbackQuestionsLogicTest.java
97,src/main/java/teammates/logic/external/MailgunService.java
97,src/test/java/teammates/logic/core/StudentsLogicTest.java
175,src/test/java/teammates/common/datatransfer/attributes/FeedbackSessionAttributesTest.java
1,src/e2e/java/teammates/e2e/cases/axe/FeedbackResultsPageAxeTest.java
81,src/test/java/teammates/ui/webapi/GetAccountsActionTest.java
4,src/test/java/teammates/ui/webapi/RemindFeedbackSessionResultActionTest.java
97,src/main/java/teammates/ui/webapi/DeleteAccountRequestAction.java
4,src/test/java/teammates/ui/webapi/FeedbackSessionOpeningSoonRemindersActionTest.java
4,src/main/java/teammates/ui/output/AccountsData.java
20,src/test/java/teammates/common/datatransfer/attributes/AccountAttributesTest.java
29,src/main/java/teammates/ui/servlets/WebSecurityHeaderFilter.java
77,src/test/java/teammates/logic/core/AccountsLogicTest.java
158,src/main/java/teammates/common/datatransfer/logs/FeedbackSessionLogType.java
5,src/main/java/teammates/ui/output/package-info.java
77,src/test/java/teammates/logic/api/MockAuthProxy.java
22,src/main/java/teammates/ui/request/FeedbackResponseCommentBasicRequest.java
16,src/e2e/java/teammates/e2e/cases/axe/InstructorCourseEditPageAxeTest.java
85,src/main/java/teammates/ui/webapi/StudentSearchIndexingWorkerAction.java
188,src/e2e/java/teammates/e2e/cases/axe/StudentHomePageAxeTest.java
194,src/client/java/teammates/client/scripts/package-info.java
127,src/main/java/teammates/common/util/FileHelper.java
159,src/main/java/teammates/common/util/SanitizationHelper.java
85,src/main/java/teammates/ui/constants/QuestionTypeStructures.java
85,src/test/java/teammates/ui/webapi/CreateFeedbackSessionActionTest.java
198,src/client/java/teammates/client/scripts/statistics/CursorIterator.java
127,src/main/java/teammates/common/datatransfer/logs/DefaultLogDetails.java
133,src/test/java/teammates/storage/api/InstructorsDbTest.java
125,src/main/java/teammates/storage/entity/Instructor.java
16,src/e2e/java/teammates/e2e/pageobjects/StudentCourseDetailsPage.java
1,src/test/java/teammates/ui/webapi/GetOngoingSessionsActionTest.java
7,src/main/java/teammates/ui/request/FeedbackSessionBasicRequest.java
7,src/main/java/teammates/ui/webapi/ResetAccountRequestAction.java
188,src/e2e/java/teammates/e2e/cases/FeedbackMcqQuestionE2ETest.java
22,src/main/java/teammates/ui/servlets/WebApiServlet.java
174,src/main/java/teammates/common/datatransfer/logs/QueryLogsParams.java
17,src/e2e/java/teammates/e2e/cases/InstructorCourseEnrollPageE2ETest.java
25,src/test/java/teammates/ui/webapi/GetAccountRequestActionTest.java
85,src/main/java/teammates/ui/webapi/JoinCourseAction.java
20,src/main/java/teammates/common/datatransfer/questions/FeedbackMsqResponseDetails.java
7,src/main/java/teammates/ui/output/ReadNotificationsData.java
25,src/main/java/teammates/ui/output/InstructorsData.java
4,src/main/java/teammates/ui/webapi/DeleteInstructorAction.java
87,src/test/java/teammates/logic/core/BaseLogicTest.java
1,src/main/java/teammates/ui/webapi/DeleteNotificationAction.java
157,src/main/java/teammates/common/datatransfer/InstructorPrivilegesLegacy.java
29,src/main/java/teammates/ui/webapi/DeleteFeedbackSessionAction.java
81,src/main/java/teammates/ui/webapi/FeedbackSessionClosedRemindersAction.java
175,src/main/java/teammates/common/datatransfer/questions/FeedbackConstantSumResponseDetails.java
97,src/main/java/teammates/ui/output/CoursesData.java
4,src/client/java/teammates/client/scripts/SingleAccountGoogleIdMigrationScript.java
174,src/main/java/teammates/common/datatransfer/NotificationStyle.java
23,src/test/java/teammates/ui/webapi/RegenerateInstructorKeyActionTest.java
25,src/test/java/teammates/ui/webapi/ArchiveCourseActionTest.java
5,src/main/java/teammates/ui/webapi/GetCoursesAction.java
5,src/test/java/teammates/ui/webapi/CalculateUsageStatisticsActionTest.java
23,src/test/java/teammates/ui/webapi/FeedbackSessionPublishedEmailWorkerActionTest.java
20,src/test/java/teammates/common/datatransfer/UserInfoCookieTest.java
25,src/main/java/teammates/ui/webapi/FeedbackSessionOpeningSoonRemindersAction.java
22,src/main/java/teammates/ui/webapi/SendJoinReminderEmailAction.java
5,src/main/java/teammates/ui/webapi/CreateAccountRequestAction.java
1,src/main/java/teammates/common/exception/EntityAlreadyExistsException.java
189,src/e2e/java/teammates/e2e/cases/axe/InstructorFeedbackSessionsPageAxeTest.java
22,src/test/java/teammates/ui/webapi/FeedbackSessionUnpublishedEmailWorkerActionTest.java
160,src/test/java/teammates/common/datatransfer/questions/FeedbackRankRecipientsQuestionDetailsTest.java
176,src/test/java/teammates/logic/core/DeadlineExtensionsLogicTest.java
97,src/main/java/teammates/ui/webapi/DatastoreBackupAction.java
97,src/test/java/teammates/ui/webapi/RegenerateStudentKeyActionTest.java
23,src/main/java/teammates/ui/webapi/StudentSearchIndexingWorkerAction.java
5,src/test/java/teammates/ui/webapi/GetAuthInfoActionTest.java
5,src/test/java/teammates/ui/request/StudentsEnrollRequestTest.java
84,src/main/java/teammates/logic/core/package-info.java
22,src/test/java/teammates/ui/webapi/InstructorCourseJoinEmailWorkerActionTest.java
23,src/test/java/teammates/ui/webapi/ResetAccountRequestActionTest.java
1,src/main/java/teammates/ui/request/ErrorReportRequest.java
157,src/main/java/teammates/common/datatransfer/questions/FeedbackMcqQuestionDetails.java
1,src/main/java/teammates/storage/entity/FeedbackResponse.java
85,src/main/java/teammates/ui/webapi/GetFeedbackSessionLogsAction.java
158,src/main/java/teammates/common/datatransfer/questions/FeedbackTextResponseDetails.java
22,src/main/java/teammates/ui/webapi/CreateFeedbackSessionAction.java
158,src/test/java/teammates/common/datatransfer/questions/FeedbackRankRecipientsQuestionDetailsTest.java
7,src/main/java/teammates/logic/api/package-info.java
7,src/main/java/teammates/logic/external/GoogleCloudTasksService.java
23,src/main/java/teammates/ui/constants/QuestionTypeStructures.java
16,src/e2e/java/teammates/e2e/pageobjects/InstructorCourseEnrollPage.java
25,src/test/java/teammates/ui/webapi/GetAuthInfoActionTest.java
175,src/test/java/teammates/common/datatransfer/attributes/StudentAttributesTest.java
1,src/test/java/teammates/storage/api/FeedbackSessionsDbTest.java
155,src/main/java/teammates/common/datatransfer/attributes/StudentAttributes.java
157,src/test/java/teammates/common/datatransfer/questions/FeedbackRankOptionsQuestionDetailsTest.java
25,src/main/java/teammates/ui/output/UsageStatisticsRangeData.java
8,src/main/java/teammates/logic/core/LogicStarter.java
5,src/main/java/teammates/ui/output/SendLoginEmailResponseData.java
159,src/test/java/teammates/common/util/StringHelperTest.java
157,src/main/java/teammates/common/exception/EntityDoesNotExistException.java
4,src/main/java/teammates/ui/webapi/SearchStudentsAction.java
156,src/main/java/teammates/common/exception/InstructorUpdateException.java
15,src/e2e/java/teammates/e2e/pageobjects/AppPage.java
157,src/test/java/teammates/common/datatransfer/attributes/FeedbackResponseCommentAttributesTest.java
122,src/main/java/teammates/logic/external/package-info.java
86,src/test/java/teammates/logic/core/StudentsLogicTest.java
97,src/main/java/teammates/ui/output/SendLoginEmailResponseData.java
129,src/main/java/teammates/logic/external/TaskQueueService.java
85,src/test/java/teammates/ui/webapi/GetFeedbackQuestionsActionTest.java
15,src/e2e/java/teammates/e2e/util/TestDataValidityTest.java
176,src/test/java/teammates/logic/core/package-info.java
176,src/main/java/teammates/logic/api/AuthProxy.java
174,src/main/java/teammates/common/datatransfer/AttributesDeletionQuery.java
5,src/main/java/teammates/ui/constants/QuestionTypeStructures.java
185,src/test/java/teammates/logic/api/UserProvisionTest.java
133,src/test/java/teammates/storage/api/NotificationsDbTest.java
22,src/main/java/teammates/ui/output/AccountRequestData.java
1,src/test/java/teammates/storage/api/NotificationsDbTest.java
189,src/e2e/java/teammates/e2e/cases/axe/InstructorCourseJoinConfirmationPageAxeTest.java
26,src/main/java/teammates/ui/servlets/WebApiServlet.java
1,src/main/java/teammates/ui/request/FeedbackResponseCommentBasicRequest.java
1,src/test/java/teammates/ui/webapi/GetAccountRequestActionTest.java
156,src/main/java/teammates/common/util/TaskWrapper.java
22,src/main/java/teammates/ui/output/CommentVisibilityType.java
4,src/test/java/teammates/ui/webapi/EnrollStudentsActionTest.java
25,src/main/java/teammates/ui/webapi/UpdateFeedbackResponseCommentAction.java
117,src/main/java/teammates/logic/external/GoogleCloudTasksService.java
185,src/e2e/java/teammates/e2e/cases/StudentNotificationsPageE2ETest.java
85,src/main/java/teammates/ui/request/FeedbackSessionBasicRequest.java
26,src/test/java/teammates/ui/webapi/GetStudentActionTest.java
85,src/test/java/teammates/ui/webapi/ArchiveCourseActionTest.java
25,src/test/java/teammates/ui/webapi/UpdateFeedbackResponseCommentActionTest.java
7,src/test/java/teammates/ui/servlets/package-info.java
77,src/main/java/teammates/logic/core/AccountsLogic.java
16,src/e2e/java/teammates/e2e/cases/axe/InstructorCourseEnrollPageAxeTest.java
174,src/main/java/teammates/common/datatransfer/questions/FeedbackRankRecipientsQuestionDetails.java
131,src/main/java/teammates/storage/api/DatastoreEmulatorRunner.java
22,src/main/java/teammates/ui/output/FeedbackResponseCommentData.java
22,src/test/java/teammates/logic/core/AccountsLogicTest.java
85,src/main/java/teammates/ui/webapi/FeedbackSessionPublishedEmailWorkerAction.java
7,src/test/java/teammates/logic/api/BaseLogicTest.java
1,src/main/java/teammates/common/datatransfer/attributes/FeedbackSessionAttributes.java
22,src/main/java/teammates/ui/webapi/GenerateEmailAction.java
25,src/main/java/teammates/ui/webapi/GetCourseJoinStatusAction.java
1,src/test/java/teammates/logic/core/FeedbackQuestionsLogicTest.java
22,src/test/java/teammates/ui/webapi/UpdateFeedbackQuestionActionTest.java
177,src/main/java/teammates/storage/api/InstructorsDb.java
5,src/test/java/teammates/ui/webapi/GetUsageStatisticsActionTest.java
85,src/main/java/teammates/logic/external/GoogleRecaptchaService.java
7,src/main/java/teammates/ui/output/NotificationData.java
5,src/main/java/teammates/ui/webapi/StudentSearchIndexingWorkerAction.java
187,src/e2e/java/teammates/e2e/cases/InstructorFeedbackSessionsPageE2ETest.java
84,src/main/java/teammates/logic/external/RecaptchaService.java
1,src/main/java/teammates/logic/external/MailgunService.java
15,src/e2e/java/teammates/e2e/pageobjects/CourseJoinConfirmationPage.java
26,src/test/java/teammates/ui/webapi/GetFeedbackSessionActionTest.java
155,src/main/java/teammates/common/datatransfer/questions/FeedbackConstantSumResponseDetails.java
7,src/main/java/teammates/ui/webapi/RestoreCourseAction.java
79,src/main/java/teammates/logic/api/TaskQueuer.java
1,src/main/java/teammates/ui/request/FeedbackSessionRemindRequest.java
23,src/main/java/teammates/ui/webapi/FeedbackSessionClosingRemindersAction.java
122,src/main/java/teammates/logic/api/RecaptchaVerifier.java
25,src/main/java/teammates/ui/output/SessionVisibleSetting.java
87,src/main/java/teammates/logic/external/FirebaseAuthService.java
20,src/test/java/teammates/common/util/TimeHelperTest.java
155,src/main/java/teammates/common/datatransfer/UserInfo.java
194,src/client/java/teammates/client/scripts/DataMigrationForSampleGoogleIdInStudentAttributes.java
26,src/main/java/teammates/ui/request/FeedbackSessionRemindRequest.java
9,src/main/java/teammates/storage/entity/UsageStatistics.java
1,src/main/java/teammates/common/util/EmailWrapper.java
85,src/main/java/teammates/logic/external/LogService.java
85,src/main/java/teammates/ui/webapi/CreateAccountAction.java
47,src/test/java/teammates/logic/external/package-info.java
47,src/test/java/teammates/logic/core/CoursesLogicTest.java
5,src/main/java/teammates/ui/webapi/UpdateCourseAction.java
79,src/main/java/teammates/logic/external/GoogleCloudTasksService.java
175,src/main/java/teammates/common/datatransfer/FeedbackSessionLogEntry.java
23,src/main/java/teammates/ui/output/MessageOutput.java
118,src/main/java/teammates/storage/api/package-info.java
174,src/main/java/teammates/common/datatransfer/logs/DefaultLogDetails.java
85,src/main/java/teammates/logic/external/FirebaseAuthService.java
10,src/test/java/teammates/test/AssertHelper.java
128,src/main/java/teammates/storage/entity/FeedbackSession.java
17,src/e2e/java/teammates/e2e/cases/axe/InstructorFeedbackReportPageAxeTest.java
101,src/test/java/teammates/storage/api/InstructorsDbTest.java
29,src/test/java/teammates/ui/webapi/RestoreFeedbackSessionActionTest.java
189,src/e2e/java/teammates/e2e/cases/TimezoneSyncerTest.java
198,src/client/java/teammates/client/scripts/DataMigrationForSampleGoogleIdInStudentAttributes.java
47,src/test/java/teammates/logic/core/DeadlineExtensionsLogicTest.java
23,src/main/java/teammates/ui/output/FeedbackSessionLogEntryData.java
1,src/test/java/teammates/ui/webapi/FeedbackSessionOpeningRemindersActionTest.java
130,src/main/java/teammates/storage/api/package-info.java
22,src/main/java/teammates/ui/output/StudentsData.java
23,src/main/java/teammates/ui/webapi/GetDeadlineExtensionAction.java
196,src/client/java/teammates/client/scripts/DataMigrationForSanitizedDataInStudentAttributes.java
23,src/test/java/teammates/ui/webapi/JsonResultTest.java
29,src/main/java/teammates/ui/webapi/ResetAccountAction.java
22,src/main/java/teammates/ui/output/AccountsData.java
7,src/main/java/teammates/ui/request/FeedbackSessionRespondentRemindRequest.java
81,src/main/java/teammates/ui/constants/package-info.java
84,src/main/java/teammates/logic/core/CoursesLogic.java
9,src/main/java/teammates/storage/search/package-info.java
194,src/client/java/teammates/client/scripts/IndexFeedbackSessionFields.java
188,src/e2e/java/teammates/e2e/cases/FeedbackMsqQuestionE2ETest.java
29,src/main/java/teammates/ui/constants/DefaultInstructorPermissions.java
23,src/test/java/teammates/ui/webapi/CreateFeedbackSessionLogActionTest.java
7,src/test/java/teammates/logic/api/MockAuthProxy.java
22,src/main/java/teammates/ui/servlets/LegacyUrlMapper.java
197,src/client/java/teammates/client/scripts/statistics/FileStore.java
5,src/test/java/teammates/ui/webapi/GetAccountActionTest.java
5,src/main/java/teammates/ui/servlets/DevServerLoginServlet.java
188,src/e2e/java/teammates/e2e/pageobjects/AdminSearchPage.java
9,src/main/java/teammates/storage/search/SearchManager.java
198,src/client/java/teammates/client/scripts/DataMigrationForTeamNameInResponseGiver.java
85,src/main/java/teammates/ui/webapi/GateKeeper.java
17,src/e2e/java/teammates/e2e/pageobjects/AdminAccountsPage.java
196,src/client/java/teammates/client/util/ClientProperties.java
194,src/client/java/teammates/client/scripts/statistics/StatisticsPerInstitute.java
29,src/test/java/teammates/ui/webapi/GetSessionResponseStatsActionTest.java
173,src/test/java/teammates/test/TestNgXmlTest.java
196,src/client/java/teammates/client/scripts/package-info.java
1,src/test/java/teammates/common/datatransfer/attributes/AccountAttributesTest.java
25,src/main/java/teammates/ui/webapi/SendEmailWorkerAction.java
88,src/main/java/teammates/storage/search/SearchManagerFactory.java
5,src/main/java/teammates/ui/request/MarkNotificationAsReadRequest.java
4,src/client/java/teammates/client/scripts/DataMigrationForUnencryptedKeyForInstructors.java
1,src/main/java/teammates/ui/output/FeedbackSessionSubmissionStatus.java
157,src/test/java/teammates/common/util/TimeHelperTest.java
186,src/e2e/java/teammates/e2e/pageobjects/StudentHomePage.java
119,src/test/java/teammates/logic/core/FeedbackResponseCommentsLogicTest.java
159,src/main/java/teammates/common/util/Templates.java
81,src/test/java/teammates/ui/webapi/FeedbackSessionPublishedEmailWorkerActionTest.java
9,src/test/java/teammates/storage/api/FeedbackResponsesDbTest.java
4,src/test/java/teammates/ui/webapi/BinCourseActionTest.java
8,src/main/java/teammates/logic/external/EmailSenderService.java
77,src/test/java/teammates/logic/external/GoogleRecaptchaServiceTest.java
79,src/test/java/teammates/logic/core/AccountsLogicTest.java
155,src/main/java/teammates/common/datatransfer/ErrorLogEntry.java
97,src/test/java/teammates/ui/webapi/GetTimeZonesActionTest.java
22,src/test/java/teammates/ui/webapi/UpdateStudentActionTest.java
133,src/main/java/teammates/storage/api/FeedbackSessionsDb.java
188,src/e2e/java/teammates/e2e/util/AxeUtil.java
1,src/e2e/java/teammates/e2e/pageobjects/DevServerLoginPage.java
198,src/client/java/teammates/client/scripts/DataMigrationForGoogleIdToGmail.java
185,src/main/java/teammates/logic/core/CoursesLogic.java
47,src/test/java/teammates/logic/api/package-info.java
85,src/test/java/teammates/logic/core/DataBundleLogicTest.java
22,src/main/java/teammates/ui/request/FeedbackResponsesRequest.java
26,src/main/java/teammates/ui/webapi/UpdateFeedbackSessionAction.java
175,src/main/java/teammates/common/datatransfer/package-info.java
175,src/main/java/teammates/common/util/HttpRequest.java
118,src/main/java/teammates/storage/search/StudentSearchManager.java
159,src/main/java/teammates/common/util/FieldValidator.java
7,src/main/java/teammates/ui/webapi/GetStudentsAction.java
16,src/e2e/java/teammates/e2e/cases/axe/StudentHomePageAxeTest.java
22,src/main/java/teammates/ui/request/FeedbackQuestionBasicRequest.java
4,src/main/java/teammates/ui/request/FeedbackSessionRespondentRemindRequest.java
47,src/test/java/teammates/logic/api/MockEmailSender.java
5,src/main/java/teammates/ui/webapi/BasicFeedbackSubmissionAction.java
4,src/main/java/teammates/ui/webapi/UpdateStudentAction.java
163,src/test/java/teammates/test/ThreadHelper.java
20,src/test/java/teammates/common/datatransfer/attributes/package-info.java
1,src/main/java/teammates/ui/webapi/DeleteStudentAction.java
5,src/test/java/teammates/ui/webapi/StudentSearchIndexingWorkerActionTest.java
187,src/e2e/java/teammates/e2e/pageobjects/ErrorReportingModal.java
15,src/e2e/java/teammates/e2e/cases/SystemErrorEmailReportE2ETest.java
22,src/main/java/teammates/ui/request/SendEmailRequest.java
189,src/e2e/java/teammates/e2e/cases/FeedbackContributionQuestionE2ETest.java
131,src/main/java/teammates/logic/core/FeedbackResponseCommentsLogic.java
123,src/main/java/teammates/storage/entity/Account.java
1,src/test/java/teammates/common/datatransfer/attributes/DeadlineExtensionAttributesTest.java
26,src/main/java/teammates/ui/output/TimeZonesData.java
1,src/e2e/java/teammates/e2e/cases/axe/InstructorCourseEnrollPageAxeTest.java
187,src/e2e/java/teammates/e2e/cases/FeedbackNumScaleQuestionE2ETest.java
130,src/test/java/teammates/storage/api/FeedbackQuestionsDbTest.java
131,src/main/java/teammates/logic/core/FeedbackSessionsLogic.java
155,src/main/java/teammates/common/util/SanitizationHelper.java
29,src/main/java/teammates/ui/request/SendEmailRequest.java
16,src/e2e/java/teammates/e2e/pageobjects/InstructorCourseEditPage.java
81,src/main/java/teammates/ui/webapi/GetOngoingSessionsAction.java
25,src/test/java/teammates/ui/webapi/package-info.java
7,src/main/java/teammates/ui/output/TimeZonesData.java
26,src/main/java/teammates/ui/webapi/DeleteAccountAction.java
1,src/test/java/teammates/ui/webapi/GetNotificationActionTest.java
16,src/e2e/java/teammates/e2e/cases/FeedbackContributionQuestionE2ETest.java
119,src/test/java/teammates/logic/api/EmailGeneratorTest.java
187,src/e2e/java/teammates/e2e/cases/axe/InstructorFeedbackReportPageAxeTest.java
86,src/test/java/teammates/logic/core/NotificationsLogicTest.java
9,src/test/java/teammates/storage/search/InstructorSearchTest.java
7,src/main/java/teammates/logic/core/AccountsLogic.java
190,src/e2e/java/teammates/e2e/pageobjects/StudentNotificationsPage.java
7,src/test/java/teammates/logic/api/EmailGeneratorTest.java
15,src/e2e/java/teammates/e2e/cases/InstructorFeedbackReportPageE2ETest.java
29,src/main/java/teammates/ui/webapi/ResetAccountRequestAction.java
128,src/test/java/teammates/storage/api/AccountsDbTest.java
7,src/main/java/teammates/logic/api/AuthProxy.java
159,src/main/java/teammates/common/util/JsonUtils.java
26,src/main/java/teammates/ui/output/FeedbackSessionSubmittedGiverSet.java
196,src/client/java/teammates/client/scripts/statistics/CursorIterator.java
127,src/test/java/teammates/common/datatransfer/AttributesDeletionQueryTest.java
185,src/test/java/teammates/logic/api/MockAuthProxy.java
4,src/main/java/teammates/ui/webapi/GetFeedbackSessionsAction.java
81,src/test/java/teammates/ui/webapi/GetFeedbackSessionSubmittedGiverSetActionTest.java
22,src/test/java/teammates/ui/webapi/FeedbackSessionClosingRemindersActionTest.java
123,src/main/java/teammates/storage/search/StudentSearchManager.java
189,src/e2e/java/teammates/e2e/cases/BaseFeedbackQuestionE2ETest.java
5,src/main/java/teammates/ui/webapi/AccountRequestSearchIndexingWorkerAction.java
88,src/main/java/teammates/storage/api/OfyHelper.java
88,src/main/java/teammates/logic/api/Logic.java
159,src/test/java/teammates/common/datatransfer/questions/FeedbackRankRecipientsQuestionDetailsTest.java
85,src/main/java/teammates/ui/request/FeedbackSessionCreateRequest.java
128,src/main/java/teammates/storage/entity/Instructor.java
156,src/test/java/teammates/common/datatransfer/questions/FeedbackMsqQuestionDetailsTest.java
77,src/main/java/teammates/logic/api/AuthProxy.java
20,src/main/java/teammates/common/util/package-info.java
26,src/main/java/teammates/ui/webapi/package-info.java
25,src/test/java/teammates/ui/webapi/RemindFeedbackSessionResultActionTest.java
131,src/main/java/teammates/logic/core/DeadlineExtensionsLogic.java
81,src/main/java/teammates/ui/webapi/GetUserCookieAction.java
8,src/test/java/teammates/logic/api/EmailSenderTest.java
8,src/test/java/teammates/logic/core/DataBundleLogicTest.java
97,src/main/java/teammates/ui/servlets/HealthCheckServlet.java
186,src/e2e/java/teammates/e2e/cases/AdminAccountsPageE2ETest.java
156,src/main/java/teammates/common/datatransfer/InstructorPrivileges.java
160,src/test/java/teammates/common/datatransfer/questions/FeedbackQuestionDetailsTest.java
101,src/main/java/teammates/storage/search/StudentSearchDocument.java
160,src/test/java/teammates/common/datatransfer/attributes/AccountAttributesTest.java
175,src/test/java/teammates/common/datatransfer/questions/package-info.java
23,src/main/java/teammates/ui/output/FeedbackQuestionRecipientsData.java
176,src/main/java/teammates/logic/core/LogicStarter.java
97,src/test/java/teammates/logic/api/MockEmailSender.java
29,src/main/java/teammates/ui/request/CourseCreateRequest.java
1,src/e2e/java/teammates/e2e/util/TestProperties.java
29,src/main/java/teammates/ui/webapi/CreateNotificationAction.java
85,src/test/java/teammates/logic/api/EmailGeneratorTest.java
188,src/e2e/java/teammates/e2e/cases/axe/InstructorStudentRecordsPageAxeTest.java
1,src/main/java/teammates/common/util/HttpRequest.java
159,src/test/java/teammates/common/datatransfer/attributes/FeedbackQuestionAttributesTest.java
7,src/main/java/teammates/ui/webapi/FeedbackSessionClosingRemindersAction.java
156,src/test/java/teammates/common/datatransfer/attributes/DeadlineExtensionAttributesTest.java
160,src/main/java/teammates/common/exception/InstructorUpdateException.java
177,src/main/java/teammates/storage/api/EntitiesDb.java
175,src/main/java/teammates/common/datatransfer/logs/LogDetails.java
5,src/main/java/teammates/ui/output/DeadlineExtensionData.java
133,src/main/java/teammates/storage/entity/Course.java
177,src/main/java/teammates/storage/entity/FeedbackResponseComment.java
22,src/main/java/teammates/ui/webapi/ArchiveCourseAction.java
29,src/main/java/teammates/ui/webapi/GetAccountRequestAction.java
129,src/main/java/teammates/logic/external/EmptyAuthService.java
25,src/main/java/teammates/ui/webapi/JsonResult.java
157,src/main/java/teammates/common/exception/InstructorUpdateException.java
97,src/test/java/teammates/ui/webapi/GetInstructorPrivilegeActionTest.java
4,src/test/java/teammates/ui/webapi/SendLoginEmailActionTest.java
1,src/e2e/java/teammates/e2e/cases/axe/FeedbackSubmitPageAxeTest.java
4,src/main/java/teammates/ui/output/InstructorPrivilegeData.java
85,src/main/java/teammates/ui/webapi/GetAuthInfoAction.java
17,src/e2e/java/teammates/e2e/cases/axe/InstructorHomePageAxeTest.java
85,src/test/java/teammates/ui/webapi/SearchAccountRequestsActionTest.java
7,src/test/java/teammates/ui/webapi/ActionFactoryTest.java
101,src/main/java/teammates/storage/api/FeedbackResponseCommentsDb.java
29,src/main/java/teammates/ui/webapi/GetFeedbackQuestionsAction.java
1,src/main/java/teammates/common/datatransfer/logs/RequestLogUser.java
155,src/main/java/teammates/common/datatransfer/attributes/UsageStatisticsAttributes.java
25,src/test/java/teammates/ui/webapi/CreateAccountActionTest.java
189,src/e2e/java/teammates/e2e/pageobjects/InstructorStudentListPage.java
125,src/main/java/teammates/storage/search/StudentSearchManager.java
187,src/e2e/java/teammates/e2e/cases/AutomatedSessionRemindersE2ETest.java
85,src/main/java/teammates/ui/request/FeedbackResponseCommentUpdateRequest.java
157,src/main/java/teammates/common/datatransfer/attributes/FeedbackResponseCommentAttributes.java
176,src/main/java/teammates/logic/external/GoogleCloudTasksService.java
156,src/main/java/teammates/common/datatransfer/ErrorLogEntry.java
22,src/main/java/teammates/ui/webapi/JsonResult.java
155,src/main/java/teammates/common/datatransfer/package-info.java
86,src/main/java/teammates/logic/external/AuthService.java
1,src/client/java/teammates/client/scripts/DataMigrationForSanitizedInstructorName.java
195,src/client/java/teammates/client/scripts/DataMigrationForSanitizedDataInStudentAttributes.java
81,src/main/java/teammates/ui/webapi/GetFeedbackQuestionRecipientsAction.java
25,src/main/java/teammates/ui/request/InstructorPrivilegeUpdateRequest.java
188,src/e2e/java/teammates/e2e/pageobjects/InstructorStudentActivityLogsPage.java
175,src/main/java/teammates/common/datatransfer/questions/FeedbackTextQuestionDetails.java
1,src/test/java/teammates/ui/webapi/BinFeedbackSessionActionTest.java
160,src/main/java/teammates/common/datatransfer/attributes/CourseAttributes.java
22,src/main/java/teammates/ui/request/NotificationCreateRequest.java
190,src/e2e/java/teammates/e2e/pageobjects/InstructorFeedbackResultsPage.java
5,src/test/java/teammates/ui/webapi/UpdateFeedbackResponseCommentActionTest.java
9,src/main/java/teammates/storage/api/AccountRequestsDb.java
189,src/e2e/java/teammates/e2e/pageobjects/InstructorStudentRecordsPage.java
17,src/e2e/java/teammates/e2e/cases/InstructorFeedbackEditPageE2ETest.java
5,src/test/java/teammates/ui/webapi/DeleteStudentsActionTest.java
163,src/test/java/teammates/test/BaseTestCase.java
26,src/main/java/teammates/ui/webapi/FeedbackSessionPublishedEmailWorkerAction.java
81,src/main/java/teammates/ui/webapi/FeedbackSessionResendPublishedEmailWorkerAction.java
131,src/main/java/teammates/storage/search/SearchDocument.java
25,src/test/java/teammates/ui/webapi/FeedbackSessionRemindParticularUsersEmailWorkerActionTest.java
188,src/e2e/java/teammates/e2e/pageobjects/FeedbackSubmitPage.java
7,src/main/java/teammates/ui/output/SessionResultsData.java
15,src/e2e/java/teammates/e2e/util/TestPropertiesTest.java
1,src/test/java/teammates/ui/webapi/GetFeedbackSessionLogsActionTest.java
117,src/main/java/teammates/logic/external/RecaptchaService.java
158,src/main/java/teammates/common/util/TzdbResourceZoneRulesProvider.java
125,src/main/java/teammates/storage/api/FeedbackQuestionsDb.java
26,src/main/java/teammates/ui/webapi/GetTimeZonesAction.java
16,src/e2e/java/teammates/e2e/cases/axe/FeedbackResultsPageAxeTest.java
1,src/main/java/teammates/logic/core/UsageStatisticsLogic.java
190,src/e2e/java/teammates/e2e/pageobjects/AdminHomePage.java
25,src/main/java/teammates/ui/webapi/ResetAccountAction.java
187,src/e2e/java/teammates/e2e/cases/FeedbackResultsPageE2ETest.java
77,src/main/java/teammates/logic/external/LocalLoggingService.java
5,src/test/java/teammates/ui/webapi/ResetAccountRequestActionTest.java
155,src/test/java/teammates/common/datatransfer/CourseRosterTest.java
174,src/main/java/teammates/common/datatransfer/questions/FeedbackMsqQuestionDetails.java
196,src/client/java/teammates/client/scripts/DataMigrationForInstructorNullIsArchivedField.java
22,src/main/java/teammates/ui/output/CoursesData.java
26,src/main/java/teammates/ui/constants/ApiConst.java
177,src/main/java/teammates/storage/entity/FeedbackResponse.java
97,src/main/java/teammates/ui/servlets/WebApiServlet.java
185,src/e2e/java/teammates/e2e/pageobjects/InstructorFeedbackEditPage.java
127,src/test/java/teammates/common/util/UrlTest.java
26,src/main/java/teammates/ui/webapi/AuthType.java
9,src/main/java/teammates/storage/entity/BaseEntity.java
1,src/e2e/java/teammates/e2e/cases/InstructorSessionIndividualExtensionPageE2ETest.java
26,src/test/java/teammates/ui/webapi/GetFeedbackSessionsActionTest.java
7,src/main/java/teammates/ui/request/MarkNotificationAsReadRequest.java
1,src/client/java/teammates/client/scripts/DataMigrationForSanitizedDataInCourseAttributes.java
158,src/main/java/teammates/common/util/Config.java
77,src/main/java/teammates/logic/external/LogService.java
25,src/test/java/teammates/ui/webapi/RestoreFeedbackSessionActionTest.java
187,src/e2e/java/teammates/e2e/util/TestNgXmlTest.java
1,src/e2e/java/teammates/e2e/cases/InstructorHomePageE2ETest.java
157,src/main/java/teammates/common/util/AppUrl.java
1,src/e2e/java/teammates/e2e/cases/axe/InstructorCourseEditPageAxeTest.java
123,src/main/java/teammates/storage/api/AccountRequestsDb.java
26,src/test/java/teammates/ui/webapi/UpdateFeedbackQuestionActionTest.java
174,src/main/java/teammates/common/datatransfer/InstructorPrivileges.java
22,src/main/java/teammates/logic/core/FeedbackSessionsLogic.java
97,src/main/java/teammates/ui/output/UsageStatisticsRangeData.java
22,src/main/java/teammates/ui/webapi/SendLoginEmailAction.java
155,src/test/java/teammates/common/datatransfer/questions/FeedbackNumericalScaleQuestionDetailsTest.java
17,src/e2e/java/teammates/e2e/cases/FeedbackRankRecipientQuestionE2ETest.java
177,src/test/java/teammates/storage/api/FeedbackResponseCommentsDbTest.java
190,src/e2e/java/teammates/e2e/util/EmailAccountTest.java
23,src/test/java/teammates/ui/webapi/GetFeedbackSessionActionTest.java
4,src/main/java/teammates/ui/webapi/UpdateInstructorAction.java
127,src/main/java/teammates/common/datatransfer/logs/InstanceLogDetails.java
22,src/test/java/teammates/ui/webapi/UpdateNotificationActionTest.java
23,src/main/java/teammates/ui/output/FeedbackSessionSubmittedGiverSet.java
97,src/main/java/teammates/ui/webapi/AuthType.java
22,src/main/java/teammates/ui/webapi/PutDataBundleDocumentsAction.java
128,src/test/java/teammates/storage/api/AccountRequestsDbTest.java
22,src/main/java/teammates/ui/webapi/CreateAccountAction.java
29,src/main/java/teammates/ui/webapi/BasicCommentSubmissionAction.java
1,src/main/java/teammates/common/datatransfer/attributes/StudentAttributes.java
7,src/main/java/teammates/ui/output/AuthInfo.java
85,src/main/java/teammates/logic/external/package-info.java
7,src/test/java/teammates/ui/webapi/GetRegkeyValidityActionTest.java
101,src/main/java/teammates/storage/entity/FeedbackSession.java
7,src/main/java/teammates/ui/request/BasicRequest.java
1,src/test/java/teammates/common/datatransfer/questions/FeedbackQuestionDetailsTest.java
127,src/test/java/teammates/common/datatransfer/attributes/InstructorAttributesTest.java
85,src/main/java/teammates/ui/output/InstructorData.java
187,src/e2e/java/teammates/e2e/cases/InstructorStudentActivityLogsPageE2ETest.java
18,src/client/java/teammates/client/util/LoopHelper.java
22,src/main/java/teammates/logic/external/package-info.java
68,src/main/java/teammates/logic/external/GoogleCloudTasksService.java
5,src/test/java/teammates/ui/servlets/LegacyUrlMapperTest.java
20,src/main/java/teammates/common/datatransfer/questions/FeedbackMcqResponseDetails.java
15,src/e2e/java/teammates/e2e/cases/axe/StudentCourseDetailsPageAxeTest.java
20,src/test/java/teammates/common/util/StringHelperExtension.java
1,src/e2e/java/teammates/e2e/cases/axe/StudentCourseJoinConfirmationPageAxeTest.java
81,src/main/java/teammates/ui/servlets/WebPageServlet.java
117,src/main/java/teammates/logic/external/SendgridService.java
157,src/main/java/teammates/common/util/EmailWrapper.java
85,src/main/java/teammates/ui/request/AccountCreateRequest.java
1,src/test/java/teammates/storage/api/DeadlineExtensionsDbTest.java
196,src/client/java/teammates/client/scripts/PopulateCourseSearchDocuments.java
5,src/test/java/teammates/ui/webapi/package-info.java
23,src/main/java/teammates/ui/webapi/GetFeedbackQuestionRecipientsAction.java
7,src/main/java/teammates/logic/external/LogService.java
25,src/main/java/teammates/ui/output/FeedbackResponseData.java
185,src/e2e/java/teammates/e2e/cases/package-info.java
188,src/e2e/java/teammates/e2e/cases/FeedbackConstSumOptionQuestionE2ETest.java
25,src/test/java/teammates/ui/webapi/GetFeedbackSessionsActionTest.java
85,src/test/java/teammates/ui/webapi/ResetAccountActionTest.java
88,src/main/java/teammates/logic/external/EmailSenderService.java
190,src/e2e/java/teammates/e2e/pageobjects/ErrorReportingModal.java
175,src/main/java/teammates/common/datatransfer/questions/FeedbackRankRecipientsResponseDetails.java
85,src/main/java/teammates/ui/output/EnrollStudentsData.java
157,src/main/java/teammates/common/datatransfer/FeedbackParticipantType.java
97,src/main/java/teammates/ui/servlets/WebSecurityHeaderFilter.java
97,src/main/java/teammates/ui/webapi/ResetAccountAction.java
101,src/main/java/teammates/storage/search/InstructorSearchDocument.java
97,src/main/java/teammates/ui/webapi/GetSessionResponseStatsAction.java
159,src/main/java/teammates/common/datatransfer/NotificationTargetUser.java
7,src/test/java/teammates/logic/external/GoogleRecaptchaServiceTest.java
188,src/e2e/java/teammates/e2e/util/Retryable.java
88,src/main/java/teammates/logic/external/LogService.java
160,src/main/java/teammates/common/datatransfer/FeedbackResultFetchType.java
7,src/test/java/teammates/ui/webapi/GetNotificationActionTest.java
4,src/main/java/teammates/ui/output/FeedbackSessionLogEntryData.java
188,src/e2e/java/teammates/e2e/cases/FeedbackContributionQuestionE2ETest.java
195,src/client/java/teammates/client/scripts/DataMigrationForTextQuestionDetailsFormat.java
1,src/e2e/java/teammates/e2e/pageobjects/StudentNotificationsPage.java
88,src/main/java/teammates/storage/entity/AccountRequest.java
85,src/main/java/teammates/ui/request/NotificationCreateRequest.java
17,src/e2e/java/teammates/e2e/cases/axe/FeedbackSubmitPageAxeTest.java
22,src/main/java/teammates/ui/webapi/UpdateFeedbackSessionAction.java
87,src/main/java/teammates/logic/external/EmptyAuthService.java
188,src/e2e/java/teammates/e2e/cases/InstructorStudentRecordsPageE2ETest.java
7,src/main/java/teammates/ui/webapi/CreateAccountAction.java
174,src/main/java/teammates/common/datatransfer/questions/FeedbackNumericalScaleResponseDetails.java
187,src/e2e/java/teammates/e2e/pageobjects/HomePage.java
185,src/e2e/java/teammates/e2e/cases/AdminHomePageE2ETest.java
26,src/test/java/teammates/ui/webapi/GetFeedbackQuestionRecipientsActionTest.java
186,src/e2e/java/teammates/e2e/util/TestNgXmlTest.java
85,src/main/java/teammates/ui/webapi/FeedbackSessionRemindParticularUsersEmailWorkerAction.java
1,src/main/java/teammates/ui/servlets/OriginCheckFilter.java
17,src/e2e/java/teammates/e2e/pageobjects/CourseJoinConfirmationPage.java
174,src/test/java/teammates/common/util/BuildPropertiesTest.java
177,src/main/java/teammates/storage/search/SearchDocument.java
97,src/main/java/teammates/ui/webapi/MarkNotificationAsReadAction.java
185,src/test/java/teammates/logic/core/DeadlineExtensionsLogicTest.java
23,src/main/java/teammates/ui/webapi/PublishFeedbackSessionAction.java
156,src/main/java/teammates/common/datatransfer/logs/DefaultLogDetails.java
175,src/main/java/teammates/common/datatransfer/attributes/AccountAttributes.java
188,src/e2e/java/teammates/e2e/pageobjects/StudentNotificationsPage.java
22,src/main/java/teammates/ui/constants/ResourceEndpoints.java
128,src/main/java/teammates/storage/api/AccountsDb.java
29,src/test/java/teammates/ui/webapi/UpdateStudentActionTest.java
1,src/main/java/teammates/logic/external/LocalLoggingService.java
159,src/main/java/teammates/common/datatransfer/questions/FeedbackRankRecipientsResponseDetails.java
81,src/test/java/teammates/ui/webapi/RemindFeedbackSessionSubmissionActionTest.java
26,src/test/java/teammates/ui/webapi/MarkNotificationAsReadActionTest.java
29,src/test/java/teammates/ui/webapi/GetInstructorActionTest.java
188,src/e2e/java/teammates/e2e/cases/axe/InstructorHomePageAxeTest.java
81,src/test/java/teammates/ui/webapi/DeleteFeedbackQuestionActionTest.java
156,src/main/java/teammates/common/exception/DeadlineExceededException.java
25,src/main/java/teammates/ui/webapi/CreateNotificationAction.java
131,src/test/java/teammates/storage/api/CoursesDbTest.java
7,src/main/java/teammates/ui/webapi/SendEmailWorkerAction.java
88,src/test/java/teammates/logic/core/package-info.java
1,src/test/java/teammates/ui/webapi/FeedbackSessionClosedRemindersActionTest.java
97,src/main/java/teammates/logic/external/GoogleCloudTasksService.java
174,src/test/java/teammates/common/datatransfer/questions/FeedbackContributionQuestionDetailsTest.java
20,src/main/java/teammates/common/util/EmailWrapper.java
88,src/main/java/teammates/logic/external/EmptyAuthService.java
187,src/e2e/java/teammates/e2e/cases/axe/InstructorCourseDetailsPageAxeTest.java
1,src/e2e/java/teammates/e2e/cases/AdminHomePageE2ETest.java
157,src/main/java/teammates/common/util/TimeHelper.java
1,src/client/java/teammates/client/scripts/DataMigrationForInstructorNullIsArchivedField.java
131,src/main/java/teammates/storage/api/FeedbackSessionsDb.java
22,src/main/java/teammates/ui/webapi/GetCourseSectionNamesAction.java
81,src/main/java/teammates/ui/webapi/GetStudentsAction.java
68,src/test/java/teammates/logic/api/UserProvisionTest.java
127,src/main/java/teammates/common/datatransfer/questions/FeedbackMcqResponseDetails.java
190,src/e2e/java/teammates/e2e/cases/axe/InstructorFeedbackSessionsPageAxeTest.java
4,src/main/java/teammates/ui/request/SendEmailRequest.java
127,src/test/java/teammates/common/datatransfer/UserInfoCookieTest.java
5,src/main/java/teammates/ui/webapi/StudentCourseJoinEmailWorkerAction.java
186,src/e2e/java/teammates/e2e/cases/InstructorFeedbackReportPageE2ETest.java
187,src/e2e/java/teammates/e2e/util/TestProperties.java
26,src/test/java/teammates/ui/webapi/UpdateInstructorPrivilegeActionTest.java
197,src/client/java/teammates/client/scripts/DataMigrationForTeamNameInResponseGiver.java
4,src/test/java/teammates/ui/webapi/SubmitFeedbackResponsesActionTest.java
47,src/main/java/teammates/logic/core/DeadlineExtensionsLogic.java
25,src/main/java/teammates/ui/output/FeedbackQuestionsData.java
131,src/main/java/teammates/storage/api/AccountRequestsDb.java
5,src/test/java/teammates/ui/webapi/UpdateStudentActionTest.java
174,src/main/java/teammates/common/datatransfer/logs/FeedbackSessionAuditLogDetails.java
22,src/main/java/teammates/logic/core/FeedbackResponsesLogic.java
187,src/e2e/java/teammates/e2e/util/Retryable.java
117,src/test/java/teammates/logic/core/FeedbackSessionsLogicTest.java
125,src/test/java/teammates/storage/search/package-info.java
81,src/main/java/teammates/ui/output/FeedbackQuestionRecipientsData.java
1,src/main/java/teammates/common/datatransfer/CourseRoster.java
174,src/main/java/teammates/common/datatransfer/UserInfoCookie.java
15,src/e2e/java/teammates/e2e/cases/axe/InstructorNotificationsPageAxeTest.java
26,src/main/java/teammates/ui/webapi/Action.java
195,src/client/java/teammates/client/scripts/DataMigrationForUnencryptedKeyForInstructors.java
15,src/e2e/java/teammates/e2e/cases/package-info.java
4,src/main/java/teammates/ui/webapi/UpdateFeedbackSessionAction.java
20,src/test/java/teammates/common/datatransfer/attributes/StudentAttributesTest.java
188,src/e2e/java/teammates/e2e/cases/axe/InstructorStudentActivityLogsPageAxeTest.java
131,src/main/java/teammates/logic/core/DataBundleLogic.java
5,src/main/java/teammates/ui/output/CourseData.java
17,src/e2e/java/teammates/e2e/util/TestDataValidityTest.java
1,src/test/java/teammates/ui/webapi/CreateFeedbackQuestionActionTest.java
7,src/main/java/teammates/ui/output/FeedbackResponseCommentData.java
88,src/main/java/teammates/logic/api/package-info.java
175,src/test/java/teammates/common/util/package-info.java
81,src/test/java/teammates/ui/webapi/CreateAccountRequestActionTest.java
127,src/main/java/teammates/common/exception/SearchServiceException.java
174,src/main/java/teammates/common/exception/package-info.java
29,src/test/java/teammates/ui/webapi/SearchInstructorsActionTest.java
22,src/main/java/teammates/logic/core/UsageStatisticsLogic.java
25,src/main/java/teammates/ui/webapi/GetReadNotificationsAction.java
5,src/test/java/teammates/ui/webapi/RegenerateInstructorKeyActionTest.java
174,src/main/java/teammates/common/datatransfer/FeedbackSessionLogEntry.java
1,src/main/java/teammates/ui/webapi/JsonResult.java
9,src/test/java/teammates/storage/api/FeedbackQuestionsDbTest.java
20,src/test/java/teammates/common/datatransfer/questions/FeedbackContributionQuestionDetailsTest.java
20,src/test/java/teammates/common/datatransfer/questions/FeedbackRubricQuestionDetailsTest.java
81,src/test/java/teammates/ui/webapi/GetFeedbackResponseCommentActionTest.java
29,src/main/java/teammates/ui/request/MarkNotificationAsReadRequest.java
20,src/test/java/teammates/common/datatransfer/attributes/FeedbackQuestionAttributesTest.java
23,src/test/java/teammates/ui/webapi/RemindFeedbackSessionSubmissionActionTest.java
189,src/e2e/java/teammates/e2e/cases/axe/AdminNotificationsPageAxeTest.java
1,src/main/java/teammates/ui/webapi/SubmitFeedbackResponsesAction.java
22,src/main/java/teammates/logic/external/EmailSenderService.java
22,src/main/java/teammates/ui/webapi/MarkNotificationAsReadAction.java
173,src/test/java/teammates/test/MockHttpServletRequest.java
85,src/main/java/teammates/ui/webapi/ResetAccountRequestAction.java
129,src/main/java/teammates/logic/external/package-info.java
185,src/main/java/teammates/logic/core/package-info.java
1,src/main/java/teammates/ui/webapi/GetAccountsAction.java
190,src/e2e/java/teammates/e2e/util/TestDataValidityTest.java
175,src/main/java/teammates/common/datatransfer/questions/FeedbackQuestionType.java
86,src/test/java/teammates/logic/core/InstructorsLogicTest.java
29,src/main/java/teammates/ui/output/EnrollStudentsData.java
81,src/main/java/teammates/ui/webapi/CalculateUsageStatisticsAction.java
123,src/main/java/teammates/storage/entity/FeedbackSession.java
157,src/main/java/teammates/common/util/Logger.java
77,src/main/java/teammates/logic/external/EmptyEmailService.java
7,src/test/java/teammates/ui/webapi/GetAccountActionTest.java
26,src/main/java/teammates/ui/output/ReadNotificationsData.java
20,src/main/java/teammates/common/datatransfer/FeedbackSessionLogEntry.java
88,src/main/java/teammates/logic/core/StudentsLogic.java
158,src/test/java/teammates/common/util/StringHelperExtension.java
177,src/test/java/teammates/storage/search/package-info.java
5,src/main/java/teammates/ui/output/CourseArchiveData.java
29,src/main/java/teammates/ui/constants/ResourceEndpoints.java
7,src/main/java/teammates/ui/webapi/RegenerateStudentKeyAction.java
119,src/test/java/teammates/logic/core/UsageStatisticsLogicTest.java
1,src/test/java/teammates/logic/api/MockLogsProcessor.java
185,src/e2e/java/teammates/e2e/cases/AdminSearchPageE2ETest.java
85,src/main/java/teammates/logic/api/UserProvision.java
18,src/client/java/teammates/client/scripts/DataMigrationForInstructorNullIsArchivedField.java
175,src/main/java/teammates/common/datatransfer/attributes/InstructorAttributes.java
20,src/main/java/teammates/common/datatransfer/attributes/package-info.java
117,src/test/java/teammates/logic/api/UserProvisionTest.java
7,src/test/java/teammates/ui/webapi/GetOngoingSessionsActionTest.java
175,src/test/java/teammates/common/datatransfer/InstructorPrivilegesTest.java
97,src/test/java/teammates/logic/core/DeadlineExtensionsLogicTest.java
88,src/main/java/teammates/storage/entity/Notification.java
77,src/test/java/teammates/logic/api/MockLogsProcessor.java
88,src/test/java/teammates/storage/api/DeadlineExtensionsDbTest.java
16,src/e2e/java/teammates/e2e/pageobjects/AdminSessionsPage.java
23,src/main/java/teammates/ui/webapi/AdminOnlyAction.java
88,src/main/java/teammates/logic/external/FirebaseAuthService.java
119,src/test/java/teammates/logic/api/LogicExtension.java
185,src/e2e/java/teammates/e2e/cases/FeedbackConstSumRecipientQuestionE2ETest.java
23,src/main/java/teammates/ui/webapi/GetCourseSectionNamesAction.java
131,src/main/java/teammates/storage/api/UsageStatisticsDb.java
127,src/main/java/teammates/common/datatransfer/attributes/FeedbackResponseCommentAttributes.java
7,src/main/java/teammates/ui/webapi/GenerateEmailAction.java
22,src/main/java/teammates/ui/output/FeedbackResponseData.java
26,src/main/java/teammates/ui/webapi/GetFeedbackSessionLogsAction.java
1,src/test/java/teammates/ui/webapi/CompileLogsActionTest.java
128,src/main/java/teammates/storage/search/AccountRequestSearchDocument.java
1,src/main/java/teammates/ui/output/ResponseVisibleSetting.java
23,src/main/java/teammates/ui/servlets/WebSecurityHeaderFilter.java
7,src/main/java/teammates/ui/request/NotificationUpdateRequest.java
1,src/main/java/teammates/common/datatransfer/AttributesDeletionQuery.java
159,src/main/java/teammates/common/datatransfer/questions/FeedbackRankOptionsResponseDetails.java
77,src/main/java/teammates/logic/api/package-info.java
97,src/main/java/teammates/ui/constants/package-info.java
175,src/main/java/teammates/common/datatransfer/questions/package-info.java
159,src/test/java/teammates/common/datatransfer/attributes/NotificationAttributesTest.java
25,src/test/java/teammates/ui/webapi/FeedbackSessionOpeningSoonRemindersActionTest.java
22,src/test/java/teammates/ui/webapi/GetCourseActionTest.java
185,src/e2e/java/teammates/e2e/cases/axe/InstructorSearchPageAxeTest.java
177,src/main/java/teammates/storage/api/NotificationsDb.java
128,src/main/java/teammates/storage/search/SearchManagerStarter.java
4,src/main/java/teammates/ui/constants/QuestionTypeStructures.java
1,src/client/java/teammates/client/util/package-info.java
85,src/main/java/teammates/ui/servlets/LogoutServlet.java
1,src/e2e/java/teammates/e2e/pageobjects/HomePage.java
84,src/main/java/teammates/logic/external/GoogleCloudLoggingService.java
7,src/test/java/teammates/ui/webapi/DeleteCourseActionTest.java
158,src/main/java/teammates/common/exception/InstructorUpdateException.java
47,src/main/java/teammates/logic/api/TaskQueuer.java
197,src/client/java/teammates/client/scripts/statistics/StatisticsPerInstitute.java
97,src/main/java/teammates/logic/core/CoursesLogic.java
85,src/main/java/teammates/logic/core/LogicStarter.java
86,src/main/java/teammates/logic/core/DeadlineExtensionsLogic.java
5,src/main/java/teammates/ui/output/FeedbackSessionSubmissionStatus.java
159,src/main/java/teammates/common/util/FileHelper.java
174,src/test/java/teammates/common/datatransfer/InstructorPrivilegesTest.java
133,src/main/java/teammates/storage/entity/FeedbackSession.java
131,src/main/java/teammates/storage/entity/FeedbackResponseComment.java
85,src/main/java/teammates/ui/output/InstructorsData.java
130,src/main/java/teammates/storage/entity/package-info.java
29,src/main/java/teammates/ui/output/EmailData.java
26,src/test/java/teammates/ui/webapi/GetCourseSectionNamesActionTest.java
10,src/test/java/teammates/test/FileHelper.java
20,src/main/java/teammates/common/exception/DeadlineExceededException.java
97,src/main/java/teammates/ui/request/BasicRequest.java
17,src/e2e/java/teammates/e2e/cases/axe/FeedbackResultsPageAxeTest.java
123,src/main/java/teammates/storage/api/InstructorsDb.java
29,src/test/java/teammates/ui/webapi/GetInstructorsActionTest.java
29,src/test/java/teammates/ui/webapi/CreateFeedbackQuestionActionTest.java
185,src/e2e/java/teammates/e2e/cases/FeedbackMsqQuestionE2ETest.java
7,src/test/java/teammates/ui/request/package-info.java
23,src/main/java/teammates/ui/webapi/GetNotificationsAction.java
187,src/e2e/java/teammates/e2e/pageobjects/InstructorFeedbackEditPage.java
16,src/e2e/java/teammates/e2e/cases/FeedbackSubmitPageE2ETest.java
187,src/e2e/java/teammates/e2e/pageobjects/package-info.java
29,src/main/java/teammates/ui/webapi/SendJoinReminderEmailAction.java
29,src/main/java/teammates/ui/request/FeedbackSessionUpdateRequest.java
158,src/test/java/teammates/common/datatransfer/attributes/DeadlineExtensionAttributesTest.java
1,src/test/java/teammates/logic/api/MockAuthProxy.java
185,src/e2e/java/teammates/e2e/pageobjects/InstructorCourseStudentDetailsEditPage.java
81,src/main/java/teammates/ui/output/ResponseVisibleSetting.java
23,src/main/java/teammates/ui/webapi/GetInstructorAction.java
85,src/main/java/teammates/ui/webapi/CreateFeedbackResponseCommentAction.java
7,src/main/java/teammates/ui/webapi/ActionResult.java
25,src/test/java/teammates/ui/webapi/GetCoursesActionTest.java
119,src/main/java/teammates/logic/external/MailjetService.java
189,src/e2e/java/teammates/e2e/cases/AdminAccountsPageE2ETest.java
1,src/test/java/teammates/ui/webapi/CreateAccountActionTest.java
185,src/e2e/java/teammates/e2e/cases/InstructorStudentActivityLogsPageE2ETest.java
195,src/client/java/teammates/client/util/ClientProperties.java
5,src/main/java/teammates/ui/webapi/FeedbackSessionRemindParticularUsersEmailWorkerAction.java
26,src/main/java/teammates/ui/webapi/RestoreCourseAction.java
29,src/main/java/teammates/ui/request/CourseUpdateRequest.java
68,src/main/java/teammates/logic/external/FirebaseAuthService.java
130,src/main/java/teammates/storage/search/AccountRequestSearchManager.java
20,src/test/java/teammates/common/datatransfer/questions/FeedbackMsqQuestionDetailsTest.java
4,src/main/java/teammates/ui/request/FeedbackResponseCommentBasicRequest.java
81,src/main/java/teammates/ui/webapi/GetFeedbackResponsesAction.java
127,src/main/java/teammates/common/util/TaskWrapper.java
117,src/main/java/teammates/logic/core/LogicStarter.java
23,src/test/java/teammates/ui/webapi/SendErrorReportActionTest.java
5,src/main/java/teammates/ui/output/StudentData.java
15,src/e2e/java/teammates/e2e/util/RetryManager.java
119,src/test/java/teammates/logic/api/EmailSenderTest.java
4,src/main/java/teammates/ui/output/ApiOutput.java
1,src/main/java/teammates/ui/output/FeedbackSessionLogData.java
159,src/test/java/teammates/common/datatransfer/questions/package-info.java
85,src/main/java/teammates/ui/output/ApiOutput.java
26,src/main/java/teammates/ui/output/NotificationData.java
4,src/main/java/teammates/ui/webapi/FeedbackSessionRemindParticularUsersEmailWorkerAction.java
155,src/main/java/teammates/common/exception/EntityDoesNotExistException.java
85,src/main/java/teammates/ui/webapi/FeedbackSessionRemindEmailWorkerAction.java
85,src/test/java/teammates/ui/webapi/RemindFeedbackSessionSubmissionActionTest.java
196,src/client/java/teammates/client/scripts/IndexFeedbackSessionFields.java
5,src/main/java/teammates/ui/webapi/CreateFeedbackResponseCommentAction.java
5,src/test/java/teammates/ui/webapi/GetInstructorPrivilegeActionTest.java
190,src/e2e/java/teammates/e2e/cases/InstructorCourseStudentDetailsPageE2ETest.java
68,src/main/java/teammates/logic/external/LogService.java
87,src/main/java/teammates/logic/core/FeedbackResponsesLogic.java
1,src/e2e/java/teammates/e2e/pageobjects/InstructorSessionIndividualExtensionPage.java
127,src/main/java/teammates/common/util/TimeHelper.java
185,src/main/java/teammates/logic/external/EmptyEmailService.java
157,src/test/java/teammates/common/datatransfer/questions/FeedbackConstantSumQuestionDetailsTest.java
197,src/client/java/teammates/client/util/ClientProperties.java
22,src/main/java/teammates/logic/external/FirebaseAuthService.java
156,src/test/java/teammates/common/datatransfer/questions/FeedbackRubricQuestionDetailsTest.java
85,src/test/java/teammates/ui/webapi/GetReadNotificationsActionTest.java
26,src/main/java/teammates/ui/output/UsageStatisticsRangeData.java
158,src/test/java/teammates/common/datatransfer/questions/FeedbackQuestionDetailsTest.java
29,src/test/java/teammates/ui/webapi/SessionLinksRecoveryActionTest.java
97,src/main/java/teammates/ui/webapi/SendLoginEmailAction.java
81,src/test/java/teammates/ui/webapi/CalculateUsageStatisticsActionTest.java
118,src/main/java/teammates/storage/api/AccountsDb.java
22,src/main/java/teammates/ui/request/FeedbackSessionRespondentRemindRequest.java
1,src/test/java/teammates/ui/webapi/SearchAccountRequestsActionTest.java
125,src/test/java/teammates/storage/api/AccountRequestsDbTest.java
17,src/e2e/java/teammates/e2e/cases/FeedbackSubmitPageE2ETest.java
7,src/test/java/teammates/ui/webapi/PublishFeedbackSessionActionTest.java
7,src/main/java/teammates/logic/external/LocalTaskQueueService.java
189,src/e2e/java/teammates/e2e/cases/InstructorSearchPageE2ETest.java
157,src/main/java/teammates/common/datatransfer/questions/FeedbackConstantSumDistributePointsType.java
129,src/test/java/teammates/logic/core/DataBundleLogicTest.java
29,src/test/java/teammates/ui/webapi/CreateFeedbackResponseCommentActionTest.java
85,src/test/java/teammates/ui/webapi/GetNotificationsActionTest.java
1,src/main/java/teammates/logic/external/MailjetService.java
189,src/e2e/java/teammates/e2e/util/TestDataValidityTest.java
20,src/test/java/teammates/common/datatransfer/attributes/FeedbackResponseCommentAttributesTest.java
188,src/e2e/java/teammates/e2e/cases/InstructorStudentListPageE2ETest.java
85,src/main/java/teammates/ui/output/SessionResultsData.java
7,src/main/java/teammates/ui/webapi/FeedbackSessionRemindEmailWorkerAction.java
186,src/e2e/java/teammates/e2e/pageobjects/AdminSessionsPage.java
97,src/test/java/teammates/ui/webapi/BinFeedbackSessionActionTest.java
18,src/client/java/teammates/client/scripts/DataMigrationForContributionQuestionDetailsIsZeroSum.java
1,src/main/java/teammates/ui/output/InstructorPrivilegeData.java
174,src/test/java/teammates/common/datatransfer/UserInfoCookieTest.java
81,src/main/java/teammates/ui/webapi/BasicFeedbackSubmissionAction.java
118,src/main/java/teammates/storage/api/StudentsDb.java
7,src/test/java/teammates/ui/webapi/GetFeedbackResponseCommentActionTest.java
131,src/test/java/teammates/logic/core/UsageStatisticsLogicTest.java
29,src/main/java/teammates/ui/servlets/OriginCheckFilter.java
127,src/main/java/teammates/common/datatransfer/attributes/AccountAttributes.java
18,src/client/java/teammates/client/util/BackDoor.java
97,src/test/java/teammates/ui/servlets/package-info.java
156,src/main/java/teammates/common/datatransfer/questions/FeedbackRubricResponseDetails.java
117,src/test/java/teammates/logic/api/MockTaskQueuer.java
25,src/test/java/teammates/ui/webapi/ResetAccountRequestActionTest.java
85,src/main/java/teammates/ui/webapi/GetStudentAction.java
1,src/main/java/teammates/logic/core/DeadlineExtensionsLogic.java
22,src/main/java/teammates/ui/request/ErrorReportRequest.java
155,src/main/java/teammates/common/datatransfer/questions/FeedbackTextQuestionDetails.java
85,src/test/java/teammates/ui/webapi/GetFeedbackSessionLogsActionTest.java
85,src/main/java/teammates/ui/servlets/WebApiServlet.java
175,src/test/java/teammates/common/datatransfer/questions/FeedbackConstantSumQuestionDetailsTest.java
7,src/main/java/teammates/ui/webapi/GetAccountRequestAction.java
160,src/main/java/teammates/common/util/package-info.java
97,src/test/java/teammates/ui/webapi/DeleteStudentsActionTest.java
85,src/main/java/teammates/ui/output/ActionClasses.java
130,src/test/java/teammates/storage/search/InstructorSearchTest.java
174,src/main/java/teammates/common/util/EmailType.java
7,src/test/java/teammates/ui/webapi/package-info.java
1,src/test/java/teammates/ui/webapi/UpdateFeedbackQuestionActionTest.java
119,src/main/java/teammates/logic/core/DeadlineExtensionsLogic.java
4,src/main/java/teammates/ui/webapi/GetStudentsAction.java
1,src/test/java/teammates/storage/search/InstructorSearchTest.java
85,src/test/java/teammates/ui/webapi/GetRegkeyValidityActionTest.java
5,src/main/java/teammates/ui/webapi/DeleteAccountAction.java
7,src/main/java/teammates/ui/request/StudentsEnrollRequest.java
128,src/main/java/teammates/storage/search/SearchDocument.java
187,src/e2e/java/teammates/e2e/cases/InstructorCourseJoinConfirmationPageE2ETest.java
190,src/e2e/java/teammates/e2e/pageobjects/InstructorCoursesPage.java
158,src/main/java/teammates/common/datatransfer/questions/FeedbackRankOptionsQuestionDetails.java
16,src/e2e/java/teammates/e2e/pageobjects/IanaTimezonePage.java
156,src/test/java/teammates/common/datatransfer/ErrorLogEntryTest.java
22,src/main/java/teammates/ui/request/MarkNotificationAsReadRequest.java
130,src/test/java/teammates/storage/api/FeedbackResponsesDbTest.java
1,src/main/java/teammates/common/datatransfer/attributes/FeedbackResponseCommentAttributes.java
155,src/test/java/teammates/common/datatransfer/questions/FeedbackContributionQuestionDetailsTest.java
87,src/main/java/teammates/logic/external/GoogleCloudLoggingService.java
159,src/main/java/teammates/common/datatransfer/questions/FeedbackRankQuestionDetails.java
29,src/main/java/teammates/ui/webapi/StudentCourseJoinEmailWorkerAction.java
175,src/main/java/teammates/common/exception/package-info.java
29,src/test/java/teammates/ui/webapi/ResetAccountRequestActionTest.java
155,src/test/java/teammates/common/datatransfer/UserInfoCookieTest.java
7,src/main/java/teammates/ui/webapi/GetFeedbackSessionsAction.java
97,src/test/java/teammates/ui/webapi/CompileLogsActionTest.java
22,src/test/java/teammates/ui/webapi/GetInstructorActionTest.java
158,src/test/java/teammates/common/datatransfer/TeamEvalResultTest.java
1,src/test/java/teammates/ui/webapi/GetInstructorPrivilegeActionTest.java
85,src/test/java/teammates/ui/webapi/GetUsageStatisticsActionTest.java
81,src/test/java/teammates/ui/webapi/GetFeedbackSessionsActionTest.java
79,src/test/java/teammates/logic/core/DeadlineExtensionsLogicTest.java
5,src/main/java/teammates/ui/webapi/FeedbackSessionClosingRemindersAction.java
29,src/main/java/teammates/ui/webapi/JoinCourseAction.java
1,src/main/java/teammates/ui/output/FeedbackVisibilityType.java
25,src/test/java/teammates/ui/webapi/RestoreCourseActionTest.java
29,src/test/java/teammates/ui/webapi/GetFeedbackQuestionRecipientsActionTest.java
85,src/main/java/teammates/ui/constants/package-info.java
157,src/main/java/teammates/common/datatransfer/attributes/EntityAttributes.java
174,src/main/java/teammates/common/datatransfer/logs/EmailSentLogDetails.java
97,src/test/java/teammates/logic/external/package-info.java
97,src/main/java/teammates/logic/external/AuthService.java
4,src/main/java/teammates/ui/webapi/GetInstructorAction.java
25,src/test/java/teammates/ui/webapi/GetInstructorActionTest.java
22,src/test/java/teammates/logic/api/MockEmailSender.java
97,src/test/java/teammates/logic/core/AccountRequestsLogicTest.java
97,src/test/java/teammates/ui/request/StudentsEnrollRequestTest.java
163,src/test/java/teammates/test/BaseTestCaseWithLocalDatabaseAccess.java
4,src/client/java/teammates/client/scripts/DataMigrationForStudentsAndTeamsRecipientType.java
25,src/main/java/teammates/ui/output/FeedbackSessionSubmittedGiverSet.java
7,src/test/java/teammates/ui/webapi/CreateFeedbackSessionLogActionTest.java
133,src/main/java/teammates/storage/api/OfyHelper.java
20,src/main/java/teammates/common/datatransfer/package-info.java
97,src/test/java/teammates/logic/api/MockRecaptchaVerifier.java
85,src/test/java/teammates/ui/webapi/FeedbackSessionClosedRemindersActionTest.java
1,src/test/java/teammates/ui/webapi/FeedbackSessionRemindParticularUsersEmailWorkerActionTest.java
156,src/main/java/teammates/common/datatransfer/questions/FeedbackQuestionType.java
1,src/test/java/teammates/ui/webapi/GetStudentsActionTest.java
7,src/main/java/teammates/ui/webapi/CreateNotificationAction.java
8,src/main/java/teammates/logic/api/EmailSender.java
127,src/main/java/teammates/common/datatransfer/questions/FeedbackTextResponseDetails.java
122,src/test/java/teammates/logic/external/package-info.java
158,src/main/java/teammates/common/exception/EntityDoesNotExistException.java
85,src/main/java/teammates/ui/webapi/package-info.java
175,src/main/java/teammates/common/util/FieldValidator.java
127,src/main/java/teammates/common/datatransfer/questions/FeedbackResponseDetails.java
160,src/main/java/teammates/common/exception/package-info.java
81,src/test/java/teammates/ui/webapi/UpdateCourseActionTest.java
26,src/main/java/teammates/ui/webapi/UpdateInstructorAction.java
1,src/main/java/teammates/ui/webapi/SearchAccountRequestsAction.java
130,src/test/java/teammates/storage/search/StudentSearchTest.java
7,src/main/java/teammates/ui/webapi/GetFeedbackSessionSubmittedGiverSetAction.java
16,src/e2e/java/teammates/e2e/cases/InstructorHomePageE2ETest.java
86,src/main/java/teammates/logic/external/LogService.java
101,src/main/java/teammates/storage/entity/package-info.java
17,src/e2e/java/teammates/e2e/cases/axe/InstructorCourseJoinConfirmationPageAxeTest.java
47,src/main/java/teammates/logic/api/AuthProxy.java
1,src/main/java/teammates/ui/output/InstructorData.java
132,src/main/java/teammates/storage/search/StudentSearchDocument.java
29,src/main/java/teammates/ui/request/ErrorReportRequest.java
16,src/e2e/java/teammates/e2e/pageobjects/InstructorFeedbackEditPage.java
26,src/main/java/teammates/ui/webapi/FeedbackSessionOpeningRemindersAction.java
29,src/test/java/teammates/ui/webapi/CreateAccountRequestActionTest.java
1,src/main/java/teammates/storage/entity/FeedbackQuestion.java
186,src/e2e/java/teammates/e2e/util/TestPropertiesTest.java
1,src/client/java/teammates/client/scripts/DataMigrationEntitiesBaseScript.java
1,src/main/java/teammates/ui/output/SessionResultsData.java
8,src/main/java/teammates/logic/core/DeadlineExtensionsLogic.java
186,src/e2e/java/teammates/e2e/cases/FeedbackContributionQuestionE2ETest.java
25,src/test/java/teammates/ui/webapi/GetTimeZonesActionTest.java
157,src/main/java/teammates/common/exception/AuthException.java
5,src/main/java/teammates/ui/webapi/SendEmailWorkerAction.java
23,src/test/java/teammates/ui/webapi/GetAuthInfoActionTest.java
29,src/main/java/teammates/ui/webapi/UpdateFeedbackQuestionAction.java
8,src/test/java/teammates/logic/api/LogicExtension.java
156,src/main/java/teammates/common/exception/HttpRequestFailedException.java
26,src/test/java/teammates/ui/webapi/GetFeedbackResponseCommentActionTest.java
85,src/test/java/teammates/ui/webapi/InstructorCourseJoinEmailWorkerActionTest.java
29,src/main/java/teammates/ui/webapi/SearchAccountRequestsAction.java
128,src/main/java/teammates/storage/entity/AccountRequest.java
189,src/e2e/java/teammates/e2e/util/MaximumRetriesExceededException.java
185,src/main/java/teammates/logic/core/FeedbackResponsesLogic.java
4,src/main/java/teammates/ui/webapi/CreateAccountAction.java
155,src/main/java/teammates/common/datatransfer/logs/RequestLogDetails.java
22,src/main/java/teammates/ui/request/CourseArchiveRequest.java
97,src/main/java/teammates/ui/webapi/GetAccountRequestAction.java
25,src/main/java/teammates/ui/request/package-info.java
123,src/main/java/teammates/storage/api/CoursesDb.java
26,src/main/java/teammates/ui/output/DeadlineExtensionData.java
17,src/e2e/java/teammates/e2e/util/RetryManager.java
22,src/main/java/teammates/ui/output/FeedbackQuestionRecipientData.java
20,src/main/java/teammates/common/datatransfer/logs/package-info.java
157,src/test/java/teammates/common/datatransfer/attributes/CourseAttributesTest.java
131,src/test/java/teammates/storage/api/StudentsDbTest.java
101,src/main/java/teammates/storage/entity/CourseStudent.java
25,src/main/java/teammates/ui/webapi/DeleteAccountAction.java
4,src/test/java/teammates/ui/webapi/UpdateFeedbackQuestionActionTest.java
22,src/main/java/teammates/ui/webapi/GetAuthInfoAction.java
158,src/main/java/teammates/common/datatransfer/questions/FeedbackConstantSumResponseDetails.java
86,src/main/java/teammates/logic/external/FirebaseAuthService.java
86,src/test/java/teammates/logic/core/package-info.java
4,src/main/java/teammates/ui/webapi/ResetAccountAction.java
26,src/test/java/teammates/ui/webapi/CreateCourseActionTest.java
1,src/main/java/teammates/ui/output/CoursesData.java
97,src/main/java/teammates/ui/webapi/RestoreCourseAction.java
20,src/main/java/teammates/common/datatransfer/logs/LogSeverity.java
97,src/main/java/teammates/ui/webapi/UpdateInstructorPrivilegeAction.java
4,src/client/java/teammates/client/scripts/DataBundleRegenerator.java
25,src/main/java/teammates/ui/webapi/FeedbackSessionClosedRemindersAction.java
160,src/main/java/teammates/common/datatransfer/AttributesDeletionQuery.java
81,src/test/java/teammates/ui/webapi/QueryLogsActionTest.java
86,src/test/java/teammates/logic/core/CoursesLogicTest.java
47,src/main/java/teammates/logic/core/DataBundleLogic.java
198,src/client/java/teammates/client/util/LoopHelper.java
22,src/main/java/teammates/logic/external/LocalTaskQueueService.java
26,src/main/java/teammates/ui/webapi/GetAuthInfoAction.java
85,src/main/java/teammates/ui/webapi/RestoreFeedbackSessionAction.java
20,src/test/java/teammates/common/datatransfer/attributes/NotificationAttributesTest.java
157,src/test/java/teammates/common/datatransfer/attributes/BaseAttributesTest.java
4,src/main/java/teammates/ui/webapi/CreateInstructorAction.java
84,src/main/java/teammates/logic/core/FeedbackResponseCommentsLogic.java
85,src/test/java/teammates/ui/webapi/AccountRequestSearchIndexingWorkerActionTest.java
7,src/test/java/teammates/logic/core/package-info.java
26,src/main/java/teammates/ui/webapi/CreateCourseAction.java
79,src/main/java/teammates/logic/external/AuthService.java
185,src/e2e/java/teammates/e2e/cases/StudentCourseDetailsPageE2ETest.java
187,src/e2e/java/teammates/e2e/cases/AdminSessionsPageE2ETest.java
188,src/e2e/java/teammates/e2e/pageobjects/InstructorFeedbackSessionsPage.java
23,src/main/java/teammates/ui/webapi/GetSessionResultsAction.java
1,src/e2e/java/teammates/e2e/cases/package-info.java
5,src/test/java/teammates/ui/webapi/CreateAccountActionTest.java
81,src/main/java/teammates/ui/request/SendEmailRequest.java
194,src/client/java/teammates/client/scripts/DataMigrationForSanitizedDataInInstructorAttributes.java
1,src/main/java/teammates/common/datatransfer/attributes/NotificationAttributes.java
188,src/e2e/java/teammates/e2e/cases/axe/InstructorCourseJoinConfirmationPageAxeTest.java
29,src/main/java/teammates/ui/constants/ApiConst.java
97,src/main/java/teammates/ui/webapi/InvalidHttpParameterException.java
4,src/test/java/teammates/ui/webapi/BinFeedbackSessionActionTest.java
158,src/main/java/teammates/common/datatransfer/attributes/StudentAttributes.java
23,src/main/java/teammates/ui/output/FeedbackResponseData.java
160,src/test/java/teammates/common/datatransfer/questions/FeedbackTextQuestionDetailsTest.java
97,src/test/java/teammates/logic/core/NotificationsLogicTest.java
22,src/test/java/teammates/ui/webapi/CreateCourseActionTest.java
185,src/main/java/teammates/logic/external/EmptyRecaptchaService.java
127,src/test/java/teammates/common/datatransfer/questions/FeedbackContributionQuestionDetailsTest.java
22,src/main/java/teammates/ui/request/StudentsEnrollRequest.java
157,src/main/java/teammates/common/exception/package-info.java
22,src/test/java/teammates/logic/api/package-info.java
187,src/e2e/java/teammates/e2e/pageobjects/InstructorCourseDetailsPage.java
97,src/main/java/teammates/ui/request/StudentUpdateRequest.java
17,src/e2e/java/teammates/e2e/cases/StudentNotificationsPageE2ETest.java
118,src/main/java/teammates/storage/api/FeedbackQuestionsDb.java
16,src/e2e/java/teammates/e2e/pageobjects/package-info.java
97,src/main/java/teammates/ui/webapi/RestoreFeedbackSessionAction.java
189,src/e2e/java/teammates/e2e/cases/FeedbackSubmitPageE2ETest.java
159,src/main/java/teammates/common/datatransfer/ErrorLogEntry.java
5,src/main/java/teammates/ui/webapi/UpdateStudentAction.java
156,src/main/java/teammates/common/datatransfer/attributes/CourseAttributes.java
26,src/main/java/teammates/ui/output/FeedbackSessionLogEntryData.java
101,src/test/java/teammates/storage/api/FeedbackSessionsDbTest.java
157,src/main/java/teammates/common/datatransfer/attributes/NotificationAttributes.java
25,src/main/java/teammates/ui/webapi/SendLoginEmailAction.java
190,src/e2e/java/teammates/e2e/cases/FeedbackRankRecipientQuestionE2ETest.java
68,src/main/java/teammates/logic/external/TaskQueueService.java
16,src/e2e/java/teammates/e2e/pageobjects/CourseJoinConfirmationPage.java
22,src/main/java/teammates/ui/webapi/DeleteFeedbackQuestionAction.java
81,src/test/java/teammates/ui/webapi/PublishFeedbackSessionActionTest.java
79,src/main/java/teammates/logic/external/EmailSenderService.java
47,src/test/java/teammates/logic/external/GoogleRecaptchaServiceTest.java
81,src/test/java/teammates/ui/webapi/ResetAccountRequestActionTest.java
22,src/test/java/teammates/ui/request/StudentsEnrollRequestTest.java
97,src/main/java/teammates/logic/external/GoogleCloudLoggingService.java
198,src/client/java/teammates/client/scripts/DataMigrationForTextQuestionDetailsFormat.java
26,src/main/java/teammates/ui/webapi/SearchStudentsAction.java
7,src/main/java/teammates/ui/output/FeedbackVisibilityType.java
189,src/e2e/java/teammates/e2e/pageobjects/InstructorSessionIndividualExtensionPage.java
16,src/e2e/java/teammates/e2e/cases/axe/StudentCourseJoinConfirmationPageAxeTest.java
23,src/test/java/teammates/ui/webapi/PublishFeedbackSessionActionTest.java
4,src/test/java/teammates/ui/webapi/RemindFeedbackSessionSubmissionActionTest.java
1,src/test/java/teammates/common/datatransfer/attributes/NotificationAttributesTest.java
29,src/main/java/teammates/ui/constants/package-info.java
1,src/test/java/teammates/ui/webapi/GetSessionResultsActionTest.java
15,src/e2e/java/teammates/e2e/cases/StudentCourseDetailsPageE2ETest.java
157,src/main/java/teammates/common/datatransfer/UserInfoCookie.java
25,src/main/java/teammates/ui/request/CourseCreateRequest.java
117,src/test/java/teammates/logic/core/InstructorsLogicTest.java
1,src/main/java/teammates/common/util/SanitizationHelper.java
22,src/main/java/teammates/ui/webapi/GetFeedbackSessionLogsAction.java
5,src/main/java/teammates/ui/request/StudentsEnrollRequest.java
81,src/main/java/teammates/ui/output/OngoingSession.java
160,src/main/java/teammates/common/datatransfer/questions/FeedbackMsqQuestionDetails.java
185,src/test/java/teammates/logic/core/StudentsLogicTest.java
29,src/test/java/teammates/ui/webapi/SendJoinReminderEmailActionTest.java
175,src/test/java/teammates/common/datatransfer/attributes/AccountRequestAttributesTest.java
185,src/test/java/teammates/logic/api/BaseLogicTest.java
87,src/main/java/teammates/logic/core/DeadlineExtensionsLogic.java
159,src/test/java/teammates/common/util/SanitizationHelperTest.java
85,src/main/java/teammates/ui/webapi/GetInstructorPrivilegeAction.java
29,src/main/java/teammates/ui/output/NumberOfEntitiesToGiveFeedbackToSetting.java
132,src/main/java/teammates/storage/entity/package-info.java
159,src/main/java/teammates/common/datatransfer/questions/FeedbackMsqResponseDetails.java
4,src/main/java/teammates/ui/webapi/SubmitFeedbackResponsesAction.java
123,src/main/java/teammates/storage/search/AccountRequestSearchDocument.java
20,src/main/java/teammates/common/datatransfer/questions/FeedbackRankOptionsResponseDetails.java
156,src/main/java/teammates/common/util/SanitizationHelper.java
5,src/main/java/teammates/ui/request/FeedbackResponsesRequest.java
20,src/main/java/teammates/common/datatransfer/attributes/UsageStatisticsAttributes.java
5,src/test/java/teammates/ui/webapi/ArchiveCourseActionTest.java
187,src/e2e/java/teammates/e2e/pageobjects/StudentCourseDetailsPage.java
97,src/test/java/teammates/ui/webapi/FeedbackSessionClosedRemindersActionTest.java
119,src/main/java/teammates/logic/core/package-info.java
7,src/main/java/teammates/ui/output/NotificationsData.java
7,src/test/java/teammates/ui/webapi/GetFeedbackQuestionsActionTest.java
177,src/main/java/teammates/storage/search/StudentSearchDocument.java
185,src/e2e/java/teammates/e2e/cases/axe/InstructorStudentRecordsPageAxeTest.java
26,src/main/java/teammates/ui/output/FeedbackSessionSubmissionStatus.java
81,src/test/java/teammates/ui/webapi/StudentSearchIndexingWorkerActionTest.java
5,src/main/java/teammates/ui/request/NotificationUpdateRequest.java
26,src/test/java/teammates/ui/webapi/GetNotificationActionTest.java
68,src/main/java/teammates/logic/core/FeedbackSessionsLogic.java
22,src/main/java/teammates/logic/api/EmailSender.java
5,src/main/java/teammates/ui/servlets/LegacyUrlMapper.java
188,src/e2e/java/teammates/e2e/cases/axe/AdminAccountsPageAxeTest.java
26,src/main/java/teammates/ui/request/BasicRequest.java
185,src/e2e/java/teammates/e2e/pageobjects/AdminAccountsPage.java
85,src/main/java/teammates/ui/webapi/PutDataBundleAction.java
85,src/test/java/teammates/ui/servlets/WebApiServletTest.java
22,src/test/java/teammates/ui/webapi/CompileLogsActionTest.java
26,src/main/java/teammates/ui/output/MessageOutput.java
77,src/main/java/teammates/logic/core/LogicStarter.java
4,src/client/java/teammates/client/scripts/DataMigrationForGoogleIdToGmail.java
177,src/main/java/teammates/storage/api/package-info.java
198,src/client/java/teammates/client/scripts/statistics/FileStore.java
129,src/main/java/teammates/logic/api/AuthProxy.java
29,src/main/java/teammates/ui/servlets/WebPageServlet.java
22,src/main/java/teammates/ui/webapi/GetSessionResponseStatsAction.java
26,src/main/java/teammates/ui/webapi/CreateAccountAction.java
79,src/test/java/teammates/logic/core/FeedbackSessionsLogicTest.java
174,src/main/java/teammates/common/datatransfer/questions/FeedbackResponseDetails.java
22,src/main/java/teammates/ui/webapi/ResetAccountRequestAction.java
128,src/main/java/teammates/storage/search/SearchManager.java
87,src/main/java/teammates/logic/core/InstructorsLogic.java
157,src/main/java/teammates/common/datatransfer/questions/FeedbackRankQuestionDetails.java
155,src/main/java/teammates/common/util/FieldValidator.java
4,src/test/java/teammates/ui/webapi/UpdateStudentActionTest.java
155,src/main/java/teammates/common/datatransfer/NotificationTargetUser.java
118,src/main/java/teammates/storage/search/package-info.java
23,src/main/java/teammates/ui/webapi/SendErrorReportAction.java
158,src/main/java/teammates/common/datatransfer/QueryLogsResults.java
22,src/test/java/teammates/ui/webapi/CreateNotificationActionTest.java
7,src/test/java/teammates/ui/webapi/CreateFeedbackQuestionActionTest.java
127,src/main/java/teammates/common/datatransfer/attributes/FeedbackResponseAttributes.java
189,src/e2e/java/teammates/e2e/cases/InstructorSessionIndividualExtensionPageE2ETest.java
189,src/e2e/java/teammates/e2e/pageobjects/InstructorFeedbackResultsPage.java
22,src/main/java/teammates/ui/output/FeedbackVisibilityType.java
156,src/main/java/teammates/common/datatransfer/questions/package-info.java
85,src/main/java/teammates/ui/output/package-info.java
1,src/main/java/teammates/ui/output/FeedbackSessionsData.java
157,src/main/java/teammates/common/datatransfer/attributes/CourseAttributes.java
1,src/main/java/teammates/ui/output/UsageStatisticsRangeData.java
125,src/main/java/teammates/storage/entity/CourseStudent.java
25,src/main/java/teammates/ui/webapi/InstructorSearchIndexingWorkerAction.java
158,src/main/java/teammates/common/util/FileHelper.java
85,src/main/java/teammates/ui/request/FeedbackQuestionCreateRequest.java
185,src/e2e/java/teammates/e2e/cases/axe/InstructorStudentActivityLogsPageAxeTest.java
4,src/main/java/teammates/ui/output/FeedbackSessionLogsData.java
20,src/main/java/teammates/common/datatransfer/attributes/FeedbackResponseCommentAttributes.java
160,src/test/java/teammates/common/datatransfer/ErrorLogEntryTest.java
160,src/main/java/teammates/common/util/EmailType.java
5,src/main/java/teammates/ui/webapi/GetAccountRequestAction.java
7,src/main/java/teammates/ui/webapi/SendErrorReportAction.java
23,src/test/java/teammates/ui/webapi/UpdateFeedbackQuestionActionTest.java
97,src/test/java/teammates/ui/webapi/UpdateNotificationActionTest.java
77,src/test/java/teammates/logic/core/FeedbackResponsesLogicTest.java
29,src/test/java/teammates/ui/webapi/GetFeedbackSessionLogsActionTest.java
175,src/main/java/teammates/common/util/TimeHelper.java
22,src/main/java/teammates/logic/external/EmptyEmailService.java
4,src/test/java/teammates/ui/webapi/FeedbackSessionUnpublishedEmailWorkerActionTest.java
1,src/main/java/teammates/logic/core/package-info.java
29,src/main/java/teammates/ui/webapi/GetFeedbackSessionAction.java
156,src/main/java/teammates/common/datatransfer/logs/LogSeverity.java
1,src/test/java/teammates/storage/search/AccountRequestSearchTest.java
8,src/test/java/teammates/logic/core/FeedbackQuestionsLogicTest.java
20,src/main/java/teammates/common/datatransfer/attributes/CourseAttributes.java
174,src/main/java/teammates/common/util/Templates.java
97,src/main/java/teammates/logic/external/LocalTaskQueueService.java
29,src/test/java/teammates/ui/webapi/EnrollStudentsActionTest.java
156,src/test/java/teammates/common/util/package-info.java
29,src/test/java/teammates/ui/webapi/DeleteFeedbackQuestionActionTest.java
23,src/test/java/teammates/ui/webapi/EnrollStudentsActionTest.java
129,src/main/java/teammates/logic/external/LogService.java
1,src/main/java/teammates/ui/webapi/GetFeedbackSessionLogsAction.java
5,src/main/java/teammates/ui/webapi/GetAuthInfoAction.java
25,src/main/java/teammates/ui/webapi/GetInstructorsAction.java
1,src/e2e/java/teammates/e2e/cases/TimezoneSyncerTest.java
8,src/test/java/teammates/logic/api/BaseLogicTest.java
97,src/main/java/teammates/ui/webapi/GetOngoingSessionsAction.java
97,src/test/java/teammates/ui/webapi/GetAccountsActionTest.java
175,src/main/java/teammates/common/datatransfer/questions/FeedbackConstantSumQuestionDetails.java
7,src/test/java/teammates/ui/webapi/MarkNotificationAsReadActionTest.java
97,src/main/java/teammates/ui/webapi/AdminExceptionTestAction.java
187,src/e2e/java/teammates/e2e/cases/axe/InstructorCourseJoinConfirmationPageAxeTest.java
29,src/main/java/teammates/ui/output/FeedbackSessionSubmittedGiverSet.java
1,src/main/java/teammates/ui/output/NotificationData.java
4,src/test/java/teammates/ui/webapi/DeleteInstructorActionTest.java
25,src/main/java/teammates/ui/webapi/GetAccountAction.java
1,src/main/java/teammates/ui/webapi/FeedbackSessionPublishedEmailWorkerAction.java
25,src/test/java/teammates/ui/webapi/UnpublishFeedbackSessionActionTest.java
174,src/main/java/teammates/common/datatransfer/InstructorPrivilegesLegacy.java
177,src/test/java/teammates/storage/api/AccountRequestsDbTest.java
22,src/main/java/teammates/ui/webapi/CreateFeedbackQuestionAction.java
97,src/main/java/teammates/ui/webapi/UnpublishFeedbackSessionAction.java
7,src/main/java/teammates/ui/webapi/GetCourseJoinStatusAction.java
158,src/main/java/teammates/common/datatransfer/logs/GeneralLogEntry.java
174,src/main/java/teammates/common/datatransfer/questions/FeedbackMcqQuestionDetails.java
85,src/main/java/teammates/ui/output/CourseSectionNamesData.java
16,src/e2e/java/teammates/e2e/pageobjects/InstructorSearchPage.java
81,src/test/java/teammates/ui/webapi/SubmitFeedbackResponsesActionTest.java
190,src/e2e/java/teammates/e2e/cases/FeedbackMsqQuestionE2ETest.java
175,src/test/java/teammates/common/datatransfer/attributes/FeedbackQuestionAttributesTest.java
189,src/e2e/java/teammates/e2e/cases/axe/package-info.java
25,src/main/java/teammates/ui/servlets/WebApiServlet.java
97,src/main/java/teammates/ui/output/FeedbackQuestionRecipientsData.java
157,src/main/java/teammates/common/datatransfer/FeedbackQuestionRecipient.java
189,src/e2e/java/teammates/e2e/cases/axe/InstructorCourseDetailsPageAxeTest.java
132,src/main/java/teammates/storage/api/InstructorsDb.java
29,src/test/java/teammates/ui/webapi/ResetAccountActionTest.java
5,src/test/java/teammates/ui/webapi/JsonResultTest.java
1,src/test/java/teammates/storage/api/AccountRequestsDbTest.java
189,src/e2e/java/teammates/e2e/pageobjects/CourseJoinConfirmationPage.java
176,src/main/java/teammates/logic/core/UsageStatisticsLogic.java
4,src/main/java/teammates/ui/output/FeedbackVisibilityType.java
86,src/main/java/teammates/logic/core/StudentsLogic.java
97,src/main/java/teammates/ui/webapi/GetStudentAction.java
85,src/test/java/teammates/ui/webapi/DeleteAccountActionTest.java
127,src/main/java/teammates/common/datatransfer/questions/FeedbackNumericalScaleQuestionDetails.java
157,src/test/java/teammates/common/util/TimeHelperExtension.java
158,src/main/java/teammates/common/datatransfer/questions/FeedbackConstantSumDistributePointsType.java
22,src/test/java/teammates/ui/webapi/DeleteAccountRequestActionTest.java
84,src/test/java/teammates/logic/api/MockRecaptchaVerifier.java
5,src/main/java/teammates/ui/output/InstructorsData.java
132,src/main/java/teammates/storage/api/FeedbackResponseCommentsDb.java
127,src/test/java/teammates/common/datatransfer/attributes/CourseAttributesTest.java
175,src/test/java/teammates/common/datatransfer/SessionResultsBundleTest.java
22,src/main/java/teammates/logic/core/AccountsLogic.java
15,src/e2e/java/teammates/e2e/pageobjects/AdminAccountsPage.java
88,src/main/java/teammates/logic/core/FeedbackResponsesLogic.java
26,src/main/java/teammates/ui/output/FeedbackQuestionRecipientsData.java
85,src/test/java/teammates/ui/webapi/UpdateInstructorPrivilegeActionTest.java
23,src/main/java/teammates/ui/output/ResponseVisibleSetting.java
81,src/main/java/teammates/ui/webapi/PutDataBundleDocumentsAction.java
1,src/test/java/teammates/ui/webapi/GetFeedbackQuestionRecipientsActionTest.java
131,src/test/java/teammates/logic/api/MockUserProvision.java
16,src/e2e/java/teammates/e2e/cases/AdminSearchPageE2ETest.java
188,src/e2e/java/teammates/e2e/cases/InstructorNotificationsPageE2ETest.java
118,src/main/java/teammates/storage/search/InstructorSearchDocument.java
87,src/main/java/teammates/logic/external/RecaptchaService.java
88,src/main/java/teammates/storage/search/SearchManagerStarter.java
26,src/test/java/teammates/ui/request/package-info.java
155,src/main/java/teammates/common/datatransfer/logs/ExceptionLogDetails.java
23,src/main/java/teammates/ui/request/Intent.java
185,src/e2e/java/teammates/e2e/pageobjects/InstructorStudentListPage.java
127,src/test/java/teammates/common/datatransfer/questions/FeedbackMsqQuestionDetailsTest.java
119,src/test/java/teammates/logic/api/package-info.java
118,src/test/java/teammates/storage/search/AccountRequestSearchTest.java
119,src/main/java/teammates/logic/external/LocalTaskQueueService.java
16,src/e2e/java/teammates/e2e/cases/InstructorFeedbackSessionsPageE2ETest.java
131,src/main/java/teammates/logic/core/NotificationsLogic.java
7,src/test/java/teammates/ui/webapi/DeleteInstructorActionTest.java
81,src/main/java/teammates/ui/output/InstructorPrivilegeData.java
119,src/main/java/teammates/logic/core/CoursesLogic.java
1,src/main/java/teammates/ui/webapi/CreateFeedbackQuestionAction.java
176,src/test/java/teammates/logic/core/NotificationsLogicTest.java
85,src/main/java/teammates/ui/webapi/GetFeedbackResponseCommentAction.java
1,src/test/java/teammates/ui/webapi/ResetAccountRequestActionTest.java
87,src/test/java/teammates/logic/core/UsageStatisticsLogicTest.java
157,src/main/java/teammates/common/util/TaskWrapper.java
1,src/client/java/teammates/client/scripts/DataMigrationForFeedbackSessionMismatchedTimezone.java
187,src/e2e/java/teammates/e2e/pageobjects/AdminTimezonePage.java
81,src/main/java/teammates/ui/webapi/CreateAccountAction.java
17,src/e2e/java/teammates/e2e/util/GmailServiceMaker.java
159,src/main/java/teammates/common/datatransfer/questions/FeedbackRankOptionsQuestionDetails.java
185,src/main/java/teammates/logic/core/FeedbackSessionsLogic.java
8,src/test/java/teammates/logic/core/FeedbackResponseCommentsLogicTest.java
25,src/test/java/teammates/ui/webapi/SearchInstructorsActionTest.java
1,src/client/java/teammates/client/scripts/statistics/StatisticsPerInstitute.java
156,src/main/java/teammates/common/datatransfer/SessionResultsBundle.java
29,src/test/java/teammates/ui/webapi/GetFeedbackSessionsActionTest.java
81,src/test/java/teammates/ui/webapi/EnrollStudentsActionTest.java
186,src/e2e/java/teammates/e2e/util/RetryManager.java
97,src/main/java/teammates/ui/constants/DefaultInstructorPermissions.java
186,src/e2e/java/teammates/e2e/cases/FeedbackConstSumRecipientQuestionE2ETest.java
156,src/main/java/teammates/common/util/Logger.java
185,src/e2e/java/teammates/e2e/pageobjects/StudentCourseDetailsPage.java
189,src/e2e/java/teammates/e2e/cases/axe/StudentHomePageAxeTest.java
197,src/client/java/teammates/client/connector/DatastoreClient.java
22,src/main/java/teammates/ui/webapi/UpdateFeedbackResponseCommentAction.java
29,src/test/java/teammates/ui/webapi/GetActionClassesActionTest.java
22,src/main/java/teammates/ui/request/InstructorPrivilegeUpdateRequest.java
125,src/test/java/teammates/storage/api/InstructorsDbTest.java
26,src/main/java/teammates/ui/webapi/UpdateFeedbackResponseCommentAction.java
127,src/main/java/teammates/common/datatransfer/UserInfo.java
47,src/main/java/teammates/logic/external/GoogleCloudLoggingService.java
198,src/client/java/teammates/client/util/BackDoor.java
29,src/test/java/teammates/ui/webapi/FeedbackSessionPublishedEmailWorkerActionTest.java
4,src/test/java/teammates/ui/webapi/SearchAccountRequestsActionTest.java
22,src/test/java/teammates/ui/webapi/RegenerateInstructorKeyActionTest.java
1,src/e2e/java/teammates/e2e/cases/axe/InstructorCourseStudentDetailsPageAxeTest.java
101,src/main/java/teammates/storage/entity/AccountRequest.java
159,src/main/java/teammates/common/exception/HttpRequestFailedException.java
7,src/test/java/teammates/ui/webapi/GetFeedbackResponsesActionTest.java
1,src/test/java/teammates/ui/webapi/GetNotificationsActionTest.java
97,src/test/java/teammates/ui/webapi/RegenerateInstructorKeyActionTest.java
88,src/main/java/teammates/logic/external/MailjetService.java
155,src/test/java/teammates/common/datatransfer/attributes/StudentAttributesTest.java
122,src/test/java/teammates/logic/api/BaseLogicTest.java
15,src/e2e/java/teammates/e2e/pageobjects/InstructorNotificationsPage.java
7,src/main/java/teammates/ui/request/FeedbackQuestionCreateRequest.java
8,src/test/java/teammates/logic/external/GoogleRecaptchaServiceTest.java
160,src/test/java/teammates/common/datatransfer/attributes/NotificationAttributesTest.java
7,src/main/java/teammates/ui/output/FeedbackQuestionRecipientsData.java
125,src/main/java/teammates/storage/api/InstructorsDb.java
87,src/main/java/teammates/logic/external/MailjetService.java
186,src/e2e/java/teammates/e2e/cases/InstructorSessionIndividualExtensionPageE2ETest.java
5,src/main/java/teammates/ui/webapi/GetSessionResponseStatsAction.java
26,src/main/java/teammates/ui/output/InstructorPrivilegeData.java
85,src/main/java/teammates/ui/servlets/WebSecurityHeaderFilter.java
4,src/test/java/teammates/ui/webapi/CreateFeedbackSessionActionTest.java
81,src/main/java/teammates/ui/webapi/RemindFeedbackSessionResultAction.java
1,src/main/java/teammates/ui/webapi/GetInstructorsAction.java
8,src/main/java/teammates/logic/api/LogsProcessor.java
174,src/main/java/teammates/common/datatransfer/questions/FeedbackQuestionDetails.java
156,src/test/java/teammates/common/datatransfer/attributes/FeedbackResponseAttributesTest.java
118,src/test/java/teammates/storage/api/EntitiesDbTest.java
4,src/main/java/teammates/ui/output/InstructorPermissionRole.java
97,src/test/java/teammates/ui/webapi/GetFeedbackQuestionsActionTest.java
132,src/main/java/teammates/storage/entity/UsageStatistics.java
176,src/main/java/teammates/logic/external/GoogleCloudLoggingService.java
159,src/main/java/teammates/common/util/Config.java
1,src/test/java/teammates/ui/webapi/SendJoinReminderEmailActionTest.java
7,src/test/java/teammates/ui/webapi/GetStudentsActionTest.java
5,src/main/java/teammates/ui/webapi/GetCourseSectionNamesAction.java
1,src/main/java/teammates/ui/request/CourseArchiveRequest.java
189,src/e2e/java/teammates/e2e/pageobjects/InstructorFeedbackEditPage.java
81,src/test/java/teammates/ui/webapi/UpdateInstructorActionTest.java
22,src/main/java/teammates/ui/webapi/DeleteDataBundleAction.java
1,src/main/java/teammates/ui/request/StudentsEnrollRequest.java
22,src/main/java/teammates/logic/core/LogicStarter.java
7,src/main/java/teammates/logic/core/LogicStarter.java
16,src/e2e/java/teammates/e2e/cases/axe/InstructorStudentRecordsPageAxeTest.java
81,src/main/java/teammates/ui/request/InstructorPrivilegeUpdateRequest.java
155,src/main/java/teammates/common/datatransfer/FeedbackSessionLogEntry.java
22,src/test/java/teammates/ui/webapi/RestoreCourseActionTest.java
97,src/main/java/teammates/ui/request/CourseBasicRequest.java
23,src/test/java/teammates/ui/webapi/GetCoursesActionTest.java
17,src/e2e/java/teammates/e2e/cases/InstructorHomePageE2ETest.java
26,src/main/java/teammates/ui/webapi/DeleteFeedbackSessionAction.java
97,src/main/java/teammates/ui/webapi/InstructorCourseJoinEmailWorkerAction.java
187,src/e2e/java/teammates/e2e/cases/axe/InstructorNotificationsPageAxeTest.java
25,src/main/java/teammates/ui/request/StudentsEnrollRequest.java
4,src/main/java/teammates/ui/webapi/GetFeedbackSessionSubmittedGiverSetAction.java
7,src/main/java/teammates/logic/external/package-info.java
5,src/test/java/teammates/ui/webapi/GetDeadlineExtensionActionTest.java
25,src/main/java/teammates/ui/webapi/SearchInstructorsAction.java
17,src/e2e/java/teammates/e2e/cases/BaseFeedbackQuestionE2ETest.java
185,src/main/java/teammates/logic/external/LocalTaskQueueService.java
17,src/e2e/java/teammates/e2e/cases/axe/InstructorCourseStudentDetailsEditPageAxeTest.java
85,src/test/java/teammates/ui/webapi/CreateNotificationActionTest.java
186,src/e2e/java/teammates/e2e/cases/InstructorFeedbackSessionsPageE2ETest.java
20,src/main/java/teammates/common/datatransfer/logs/EmailSentLogDetails.java
85,src/main/java/teammates/ui/webapi/GetSessionResultsAction.java
7,src/main/java/teammates/ui/servlets/HealthCheckServlet.java
18,src/client/java/teammates/client/scripts/DataMigrationForTeamNameInResponseGiver.java
81,src/test/java/teammates/ui/webapi/GetAccountActionTest.java
176,src/test/java/teammates/logic/core/FeedbackSessionsLogicTest.java
81,src/main/java/teammates/ui/webapi/EntityNotFoundException.java
130,src/main/java/teammates/storage/entity/Account.java
29,src/main/java/teammates/ui/webapi/GetCourseSectionNamesAction.java
185,src/main/java/teammates/logic/core/StudentsLogic.java
23,src/main/java/teammates/ui/output/FeedbackQuestionData.java
7,src/main/java/teammates/ui/servlets/AuthServlet.java
7,src/main/java/teammates/ui/webapi/ResetAccountAction.java
15,src/e2e/java/teammates/e2e/cases/FeedbackMsqQuestionE2ETest.java
16,src/e2e/java/teammates/e2e/cases/FeedbackResultsPageE2ETest.java
25,src/main/java/teammates/ui/output/FeedbackResponsesData.java
185,src/main/java/teammates/logic/external/EmptyAuthService.java
7,src/main/java/teammates/ui/output/CoursesData.java
1,src/main/java/teammates/ui/webapi/RegenerateInstructorKeyAction.java
187,src/e2e/java/teammates/e2e/cases/axe/StudentHomePageAxeTest.java
129,src/main/java/teammates/logic/core/FeedbackResponsesLogic.java
132,src/test/java/teammates/storage/api/DeadlineExtensionsDbTest.java
97,src/test/java/teammates/ui/webapi/GetFeedbackSessionLogsActionTest.java
68,src/main/java/teammates/logic/external/EmptyAuthService.java
26,src/main/java/teammates/ui/webapi/JoinCourseAction.java
23,src/main/java/teammates/ui/request/InvalidHttpRequestBodyException.java
119,src/test/java/teammates/logic/core/FeedbackQuestionsLogicTest.java
81,src/main/java/teammates/ui/webapi/UpdateNotificationAction.java
17,src/e2e/java/teammates/e2e/cases/axe/InstructorCourseEditPageAxeTest.java
1,src/main/java/teammates/ui/webapi/UnpublishFeedbackSessionAction.java
190,src/e2e/java/teammates/e2e/cases/axe/InstructorSessionIndividualExtensionPageAxeTest.java
186,src/e2e/java/teammates/e2e/cases/InstructorCourseEditPageE2ETest.java
119,src/test/java/teammates/logic/core/FeedbackResponsesLogicTest.java
117,src/test/java/teammates/logic/core/FeedbackResponsesLogicTest.java
29,src/main/java/teammates/ui/webapi/UpdateInstructorAction.java
86,src/main/java/teammates/logic/core/FeedbackSessionsLogic.java
156,src/main/java/teammates/common/datatransfer/attributes/FeedbackResponseAttributes.java
25,src/main/java/teammates/ui/output/JoinStatus.java
86,src/main/java/teammates/logic/api/EmailGenerator.java
7,src/main/java/teammates/ui/output/FeedbackSessionLogsData.java
127,src/main/java/teammates/common/datatransfer/questions/FeedbackRankQuestionDetails.java
7,src/test/java/teammates/ui/webapi/GetStudentActionTest.java
119,src/main/java/teammates/logic/external/EmptyEmailService.java
23,src/test/java/teammates/ui/webapi/UpdateInstructorActionTest.java
175,src/test/java/teammates/common/datatransfer/questions/FeedbackRubricQuestionDetailsTest.java
22,src/test/java/teammates/logic/core/UsageStatisticsLogicTest.java
129,src/main/java/teammates/logic/core/FeedbackQuestionsLogic.java
1,src/test/java/teammates/ui/servlets/OriginCheckFilterTest.java
4,src/main/java/teammates/ui/webapi/GetAccountRequestAction.java
23,src/main/java/teammates/ui/webapi/ResetAccountRequestAction.java
189,src/e2e/java/teammates/e2e/cases/InstructorCourseEnrollPageE2ETest.java
5,src/main/java/teammates/ui/webapi/CreateCourseAction.java
22,src/main/java/teammates/ui/request/StudentUpdateRequest.java
79,src/main/java/teammates/logic/core/DeadlineExtensionsLogic.java
175,src/main/java/teammates/common/datatransfer/questions/FeedbackContributionQuestionDetails.java
186,src/e2e/java/teammates/e2e/cases/axe/InstructorNotificationsPageAxeTest.java
160,src/main/java/teammates/common/datatransfer/questions/FeedbackTextResponseDetails.java
23,src/main/java/teammates/ui/request/CourseArchiveRequest.java
25,src/main/java/teammates/ui/webapi/FeedbackSessionRemindParticularUsersEmailWorkerAction.java
97,src/test/java/teammates/ui/webapi/GetRegkeyValidityActionTest.java
7,src/main/java/teammates/ui/servlets/WebApiServlet.java
97,src/test/java/teammates/ui/webapi/BaseActionTest.java
186,src/e2e/java/teammates/e2e/pageobjects/AdminAccountsPage.java
25,src/main/java/teammates/ui/webapi/GetAuthInfoAction.java
176,src/test/java/teammates/logic/api/package-info.java
7,src/main/java/teammates/logic/core/package-info.java
20,src/main/java/teammates/common/datatransfer/InstructorPrivileges.java
85,src/test/java/teammates/ui/webapi/DeleteCourseActionTest.java
97,src/main/java/teammates/ui/webapi/SessionLinksRecoveryAction.java
190,src/e2e/java/teammates/e2e/cases/InstructorFeedbackSessionsPageE2ETest.java
118,src/main/java/teammates/storage/api/DatastoreEmulatorRunner.java
23,src/test/java/teammates/ui/webapi/BinFeedbackSessionActionTest.java
26,src/test/java/teammates/ui/webapi/UpdateNotificationActionTest.java
174,src/main/java/teammates/common/datatransfer/InstructorPermissionSet.java
25,src/main/java/teammates/ui/webapi/FeedbackSessionPublishedRemindersAction.java
26,src/test/java/teammates/ui/webapi/package-info.java
1,src/main/java/teammates/common/datatransfer/questions/FeedbackRankRecipientsResponseDetails.java
20,src/main/java/teammates/common/datatransfer/logs/LogDetails.java
85,src/main/java/teammates/ui/webapi/FeedbackSessionResendPublishedEmailWorkerAction.java
186,src/e2e/java/teammates/e2e/pageobjects/AppPage.java
159,src/main/java/teammates/common/datatransfer/questions/FeedbackRubricQuestionDetails.java
84,src/test/java/teammates/logic/core/DataBundleLogicTest.java
23,src/main/java/teammates/ui/webapi/CompileLogsAction.java
86,src/main/java/teammates/logic/core/AccountRequestsLogic.java
1,src/e2e/java/teammates/e2e/pageobjects/Browser.java
84,src/test/java/teammates/logic/api/LogicExtension.java
23,src/main/java/teammates/ui/webapi/GetCourseJoinStatusAction.java
158,src/main/java/teammates/common/datatransfer/questions/FeedbackMsqQuestionDetails.java
1,src/test/java/teammates/ui/webapi/GetAccountsActionTest.java
5,src/main/java/teammates/ui/output/FeedbackSessionData.java
85,src/main/java/teammates/logic/core/DataBundleLogic.java
119,src/main/java/teammates/logic/external/TaskQueueService.java
85,src/main/java/teammates/ui/output/GeneralLogsData.java
1,src/main/java/teammates/common/datatransfer/logs/LogDetails.java
175,src/main/java/teammates/common/datatransfer/FeedbackQuestionRecipient.java
81,src/main/java/teammates/ui/output/JoinLinkData.java
26,src/main/java/teammates/ui/webapi/CompileLogsAction.java
1,src/test/java/teammates/ui/webapi/UpdateNotificationActionTest.java
174,src/test/java/teammates/common/datatransfer/attributes/DeadlineExtensionAttributesTest.java
1,src/test/java/teammates/storage/api/FeedbackQuestionsDbTest.java
174,src/test/java/teammates/common/datatransfer/ErrorLogEntryTest.java
81,src/main/java/teammates/ui/webapi/DeleteInstructorAction.java
1,src/main/java/teammates/ui/webapi/InstructorCourseJoinEmailWorkerAction.java
85,src/test/java/teammates/ui/servlets/package-info.java
1,src/test/java/teammates/ui/webapi/InstructorCourseJoinEmailWorkerActionTest.java
7,src/test/java/teammates/ui/webapi/GetDeadlineExtensionActionTest.java
68,src/test/java/teammates/logic/external/GoogleRecaptchaServiceTest.java
85,src/main/java/teammates/logic/external/EmptyEmailService.java
85,src/main/java/teammates/ui/webapi/DeleteFeedbackResponseCommentAction.java
26,src/main/java/teammates/ui/servlets/package-info.java
1,src/test/java/teammates/storage/api/InstructorsDbTest.java
190,src/e2e/java/teammates/e2e/cases/TimezoneSyncerTest.java
1,src/main/java/teammates/ui/webapi/CreateFeedbackSessionLogAction.java
189,src/e2e/java/teammates/e2e/cases/axe/InstructorSessionIndividualExtensionPageAxeTest.java
85,src/test/java/teammates/ui/webapi/StudentSearchIndexingWorkerActionTest.java
97,src/main/java/teammates/logic/external/FirebaseAuthService.java
7,src/test/java/teammates/ui/servlets/WebPageServletTest.java
158,src/test/java/teammates/common/util/SanitizationHelperTest.java
4,src/test/java/teammates/ui/servlets/package-info.java
26,src/test/java/teammates/ui/servlets/package-info.java
155,src/test/java/teammates/common/datatransfer/attributes/NotificationAttributesTest.java
187,src/e2e/java/teammates/e2e/pageobjects/InstructorCourseEditPage.java
185,src/main/java/teammates/logic/external/MailjetService.java
157,src/test/java/teammates/common/util/UrlTest.java
85,src/main/java/teammates/ui/request/CourseBasicRequest.java
175,src/test/java/teammates/common/datatransfer/attributes/FeedbackResponseAttributesTest.java
8,src/main/java/teammates/logic/core/InstructorsLogic.java
7,src/test/java/teammates/ui/webapi/FeedbackSessionOpeningRemindersActionTest.java
97,src/main/java/teammates/ui/webapi/SendEmailWorkerAction.java
174,src/main/java/teammates/common/datatransfer/questions/FeedbackContributionQuestionDetails.java
175,src/test/java/teammates/common/datatransfer/questions/FeedbackNumericalScaleQuestionDetailsTest.java
185,src/e2e/java/teammates/e2e/cases/axe/AdminSessionsPageAxeTest.java
81,src/test/java/teammates/ui/request/StudentsEnrollRequestTest.java
23,src/main/java/teammates/ui/webapi/GetCoursesAction.java
157,src/main/java/teammates/common/datatransfer/questions/FeedbackNumericalScaleResponseDetails.java
131,src/test/java/teammates/logic/api/MockRecaptchaVerifier.java
77,src/main/java/teammates/logic/external/TaskQueueService.java
17,src/e2e/java/teammates/e2e/cases/FeedbackMcqQuestionE2ETest.java
85,src/main/java/teammates/ui/webapi/AdminOnlyAction.java
86,src/main/java/teammates/logic/external/GoogleCloudLoggingService.java
23,src/main/java/teammates/ui/webapi/PutDataBundleDocumentsAction.java
1,src/main/java/teammates/ui/constants/QuestionTypeStructures.java
157,src/main/java/teammates/common/datatransfer/questions/FeedbackConstantSumQuestionDetails.java
97,src/test/java/teammates/ui/webapi/RemindFeedbackSessionSubmissionActionTest.java
190,src/e2e/java/teammates/e2e/cases/axe/AdminHomePageAxeTest.java
15,src/e2e/java/teammates/e2e/util/EmailAccount.java
85,src/test/java/teammates/logic/api/MockAuthProxy.java
26,src/test/java/teammates/ui/webapi/GetUsageStatisticsActionTest.java
188,src/e2e/java/teammates/e2e/pageobjects/AppPage.java
22,src/main/java/teammates/logic/api/package-info.java
1,src/main/java/teammates/storage/entity/package-info.java
157,src/main/java/teammates/common/datatransfer/logs/FeedbackSessionAuditLogDetails.java
197,src/client/java/teammates/client/scripts/DataMigrationForFeedbackSessionMismatchedTimezone.java
23,src/main/java/teammates/ui/output/AccountRequestsData.java
188,src/e2e/java/teammates/e2e/cases/axe/AdminNotificationsPageAxeTest.java
85,src/test/java/teammates/ui/webapi/BinCourseActionTest.java
29,src/main/java/teammates/ui/webapi/FeedbackSessionPublishedEmailWorkerAction.java
127,src/main/java/teammates/common/datatransfer/NotificationStyle.java
127,src/test/java/teammates/common/datatransfer/TeamEvalResultTest.java
188,src/e2e/java/teammates/e2e/cases/InstructorFeedbackEditPageE2ETest.java
189,src/e2e/java/teammates/e2e/cases/AutomatedSessionRemindersE2ETest.java
16,src/e2e/java/teammates/e2e/util/TestPropertiesTest.java
29,src/main/java/teammates/ui/output/SessionLinksRecoveryResponseData.java
97,src/main/java/teammates/ui/request/FeedbackSessionRespondentRemindRequest.java
101,src/test/java/teammates/storage/api/FeedbackQuestionsDbTest.java
29,src/test/java/teammates/ui/webapi/RemindFeedbackSessionSubmissionActionTest.java
29,src/main/java/teammates/ui/request/StudentsEnrollRequest.java
23,src/main/java/teammates/ui/output/CourseData.java
131,src/main/java/teammates/storage/entity/UsageStatistics.java
186,src/e2e/java/teammates/e2e/cases/FeedbackResultsPageE2ETest.java
194,src/client/java/teammates/client/scripts/TeamEvalResultCalculations.java
7,src/main/java/teammates/ui/webapi/GetInstructorPrivilegeAction.java
132,src/main/java/teammates/storage/search/package-info.java
174,src/main/java/teammates/common/datatransfer/attributes/FeedbackResponseCommentAttributes.java
4,src/test/java/teammates/ui/webapi/GetAccountRequestActionTest.java
68,src/main/java/teammates/logic/api/RecaptchaVerifier.java
47,src/test/java/teammates/logic/core/StudentsLogicTest.java
127,src/main/java/teammates/common/datatransfer/attributes/StudentAttributes.java
85,src/main/java/teammates/ui/webapi/GetUserCookieAction.java
1,src/main/java/teammates/common/datatransfer/logs/InstanceLogDetails.java
159,src/main/java/teammates/common/datatransfer/QueryLogsResults.java
185,src/main/java/teammates/logic/external/SendgridService.java
123,src/test/java/teammates/storage/search/package-info.java
25,src/test/java/teammates/ui/webapi/JoinCourseActionTest.java
23,src/test/java/teammates/ui/webapi/GetCourseJoinStatusActionTest.java
196,src/client/java/teammates/client/scripts/DataMigrationForSanitizedInstructorName.java
85,src/main/java/teammates/ui/servlets/AuthServlet.java
29,src/main/java/teammates/ui/output/FeedbackResponseCommentData.java
1,src/main/java/teammates/ui/output/AuthInfo.java
125,src/main/java/teammates/storage/entity/Course.java
158,src/main/java/teammates/common/datatransfer/questions/FeedbackRankQuestionDetails.java
177,src/main/java/teammates/storage/entity/Course.java
174,src/test/java/teammates/common/datatransfer/package-info.java
25,src/main/java/teammates/ui/output/HasResponsesData.java
16,src/e2e/java/teammates/e2e/cases/FeedbackRankRecipientQuestionE2ETest.java
157,src/test/java/teammates/common/datatransfer/questions/FeedbackMcqQuestionDetailsTest.java
133,src/test/java/teammates/storage/api/FeedbackSessionsDbTest.java
81,src/test/java/teammates/ui/webapi/package-info.java
132,src/test/java/teammates/storage/api/EntitiesDbTest.java
1,src/test/java/teammates/logic/core/AccountsLogicTest.java
86,src/main/java/teammates/logic/core/AccountsLogic.java
9,src/main/java/teammates/storage/api/InstructorsDb.java
81,src/test/java/teammates/ui/webapi/GetOngoingSessionsActionTest.java
4,src/main/java/teammates/ui/output/SessionVisibleSetting.java
127,src/test/java/teammates/common/datatransfer/questions/FeedbackRubricQuestionDetailsTest.java
158,src/main/java/teammates/common/exception/EntityAlreadyExistsException.java
15,src/e2e/java/teammates/e2e/pageobjects/InstructorStudentActivityLogsPage.java
81,src/test/java/teammates/ui/webapi/FeedbackSessionClosedRemindersActionTest.java
175,src/test/java/teammates/common/datatransfer/AttributesDeletionQueryTest.java
127,src/test/java/teammates/common/datatransfer/attributes/AccountAttributesTest.java
119,src/test/java/teammates/logic/core/package-info.java
127,src/main/java/teammates/common/datatransfer/logs/RequestLogUser.java
4,src/main/java/teammates/ui/webapi/SearchInstructorsAction.java
17,src/e2e/java/teammates/e2e/cases/AdminSessionsPageE2ETest.java
29,src/main/java/teammates/ui/webapi/DeleteAccountRequestAction.java
8,src/test/java/teammates/logic/core/AccountRequestsLogicTest.java
23,src/main/java/teammates/ui/webapi/FeedbackSessionResendPublishedEmailWorkerAction.java
158,src/main/java/teammates/common/datatransfer/AttributesDeletionQuery.java
127,src/main/java/teammates/common/datatransfer/questions/FeedbackTextQuestionDetails.java
197,src/client/java/teammates/client/scripts/DataMigrationForTextQuestionDetailsFormat.java
81,src/main/java/teammates/ui/request/FeedbackQuestionBasicRequest.java
20,src/main/java/teammates/common/datatransfer/questions/FeedbackContributionQuestionDetails.java
156,src/main/java/teammates/common/datatransfer/QueryLogsResults.java
88,src/main/java/teammates/logic/core/UsageStatisticsLogic.java
23,src/main/java/teammates/ui/webapi/SessionLinksRecoveryAction.java
1,src/test/java/teammates/ui/webapi/GetCourseSectionNamesActionTest.java
22,src/main/java/teammates/ui/webapi/FeedbackSessionClosingRemindersAction.java
1,src/main/java/teammates/ui/output/SendLoginEmailResponseData.java
7,src/main/java/teammates/ui/output/EnrollStudentsData.java
1,src/e2e/java/teammates/e2e/cases/FeedbackTextQuestionE2ETest.java
1,src/test/java/teammates/ui/webapi/CreateFeedbackSessionActionTest.java
23,src/main/java/teammates/ui/output/package-info.java
119,src/test/java/teammates/logic/core/FeedbackSessionsLogicTest.java
132,src/test/java/teammates/storage/api/CoursesDbTest.java
85,src/test/java/teammates/logic/api/MockRecaptchaVerifier.java
17,src/e2e/java/teammates/e2e/pageobjects/StudentCourseDetailsPage.java
23,src/test/java/teammates/ui/webapi/GetCourseSectionNamesActionTest.java
20,src/test/java/teammates/common/datatransfer/questions/FeedbackRankRecipientsQuestionDetailsTest.java
131,src/test/java/teammates/logic/api/MockAuthProxy.java
4,src/test/java/teammates/ui/webapi/GetCourseJoinStatusActionTest.java
29,src/test/java/teammates/ui/webapi/UpdateFeedbackResponseCommentActionTest.java
132,src/test/java/teammates/storage/api/InstructorsDbTest.java
97,src/main/java/teammates/ui/webapi/GetInstructorsAction.java
5,src/test/java/teammates/ui/webapi/InstructorSearchIndexingWorkerActionTest.java
85,src/main/java/teammates/ui/webapi/SearchInstructorsAction.java
81,src/main/java/teammates/ui/webapi/GetCourseSectionNamesAction.java
156,src/main/java/teammates/common/util/TimeHelper.java
157,src/main/java/teammates/common/exception/EmailSendingException.java
84,src/main/java/teammates/logic/api/TaskQueuer.java
133,src/test/java/teammates/storage/api/package-info.java
160,src/main/java/teammates/common/datatransfer/questions/FeedbackRankQuestionDetails.java
88,src/test/java/teammates/logic/api/BaseLogicTest.java
26,src/main/java/teammates/ui/servlets/WebPageServlet.java
8,src/test/java/teammates/logic/core/AccountsLogicTest.java
97,src/main/java/teammates/ui/webapi/GetFeedbackQuestionRecipientsAction.java
158,src/main/java/teammates/common/util/TaskWrapper.java
1,src/main/java/teammates/ui/webapi/GetFeedbackQuestionRecipientsAction.java
1,src/test/java/teammates/ui/webapi/GetCourseActionTest.java
22,src/main/java/teammates/ui/request/FeedbackQuestionCreateRequest.java
26,src/test/java/teammates/ui/webapi/DeleteFeedbackSessionActionTest.java
85,src/main/java/teammates/logic/external/MailgunService.java
22,src/test/java/teammates/ui/webapi/CreateFeedbackSessionActionTest.java
131,src/main/java/teammates/storage/search/package-info.java
157,src/main/java/teammates/common/datatransfer/questions/FeedbackQuestionDetails.java
23,src/test/java/teammates/ui/webapi/InstructorSearchIndexingWorkerActionTest.java
188,src/e2e/java/teammates/e2e/cases/StudentHomePageE2ETest.java
22,src/main/java/teammates/logic/core/CoursesLogic.java
81,src/main/java/teammates/ui/webapi/BinCourseAction.java
7,src/test/java/teammates/ui/webapi/BinCourseActionTest.java
1,src/main/java/teammates/ui/webapi/QueryLogsAction.java
81,src/main/java/teammates/ui/webapi/GetSessionResultsAction.java
47,src/test/java/teammates/logic/api/UserProvisionTest.java
26,src/test/java/teammates/ui/webapi/ResetAccountRequestActionTest.java
29,src/test/java/teammates/ui/webapi/GetHasResponsesActionTest.java
97,src/main/java/teammates/ui/webapi/RegenerateStudentKeyAction.java
29,src/main/java/teammates/ui/webapi/SendErrorReportAction.java
117,src/main/java/teammates/logic/core/CoursesLogic.java
22,src/main/java/teammates/ui/output/InstructorsData.java
5,src/main/java/teammates/ui/webapi/RegenerateStudentKeyAction.java
122,src/main/java/teammates/logic/external/MailgunService.java
1,src/e2e/java/teammates/e2e/pageobjects/InstructorCourseStudentDetailsViewPage.java
97,src/test/java/teammates/ui/webapi/PublishFeedbackSessionActionTest.java
15,src/e2e/java/teammates/e2e/util/BackDoor.java
160,src/main/java/teammates/common/exception/EntityDoesNotExistException.java
85,src/main/java/teammates/logic/core/NotificationsLogic.java
188,src/e2e/java/teammates/e2e/cases/axe/FeedbackResultsPageAxeTest.java
122,src/main/java/teammates/logic/core/LogicStarter.java
29,src/main/java/teammates/ui/request/NotificationBasicRequest.java
97,src/main/java/teammates/ui/output/NotificationData.java
188,src/e2e/java/teammates/e2e/pageobjects/InstructorCourseEnrollPage.java
187,src/e2e/java/teammates/e2e/cases/TimezoneSyncerTest.java
185,src/e2e/java/teammates/e2e/cases/InstructorCoursesPageE2ETest.java
22,src/test/java/teammates/ui/webapi/SessionLinksRecoveryActionTest.java
125,src/test/java/teammates/storage/api/AccountsDbTest.java
176,src/main/java/teammates/logic/external/EmptyEmailService.java
194,src/client/java/teammates/client/scripts/DataMigrationForStudentsAndTeamsRecipientType.java
25,src/main/java/teammates/ui/webapi/GetStudentsAction.java
81,src/main/java/teammates/ui/webapi/FeedbackSessionUnpublishedEmailWorkerAction.java
79,src/test/java/teammates/logic/core/UsageStatisticsLogicTest.java
175,src/main/java/teammates/common/datatransfer/SessionResultsBundle.java
129,src/main/java/teammates/logic/external/MailjetService.java
26,src/test/java/teammates/ui/webapi/GetRegkeyValidityActionTest.java
25,src/main/java/teammates/ui/webapi/SessionLinksRecoveryAction.java
189,src/e2e/java/teammates/e2e/cases/axe/StudentCourseDetailsPageAxeTest.java
26,src/test/java/teammates/ui/webapi/GetActionClassesActionTest.java
176,src/test/java/teammates/logic/api/UserProvisionTest.java
131,src/test/java/teammates/logic/core/InstructorsLogicTest.java
26,src/test/java/teammates/ui/webapi/RemindFeedbackSessionSubmissionActionTest.java
7,src/main/java/teammates/ui/webapi/GetSessionResponseStatsAction.java
25,src/main/java/teammates/ui/webapi/CreateCourseAction.java
4,src/test/java/teammates/ui/webapi/CreateCourseActionTest.java
175,src/main/java/teammates/common/datatransfer/logs/RequestLogDetails.java
26,src/test/java/teammates/ui/webapi/DeleteNotificationActionTest.java
81,src/main/java/teammates/ui/output/AccountsData.java
29,src/test/java/teammates/ui/webapi/JoinCourseActionTest.java
16,src/e2e/java/teammates/e2e/cases/FeedbackMsqQuestionE2ETest.java
79,src/test/java/teammates/logic/core/NotificationsLogicTest.java
1,src/test/java/teammates/ui/webapi/SearchInstructorsActionTest.java
1,src/main/java/teammates/ui/webapi/CreateFeedbackSessionAction.java
9,src/test/java/teammates/storage/search/package-info.java
81,src/main/java/teammates/ui/webapi/SessionLinksRecoveryAction.java
16,src/e2e/java/teammates/e2e/cases/package-info.java
190,src/e2e/java/teammates/e2e/cases/InstructorCourseEditPageE2ETest.java
131,src/test/java/teammates/logic/core/DataBundleLogicTest.java
17,src/e2e/java/teammates/e2e/pageobjects/InstructorCourseEditPage.java
188,src/e2e/java/teammates/e2e/cases/InstructorCoursesPageE2ETest.java
160,src/main/java/teammates/common/datatransfer/attributes/StudentAttributes.java
123,src/main/java/teammates/storage/entity/FeedbackQuestion.java
1,src/test/java/teammates/ui/webapi/SendErrorReportActionTest.java
25,src/main/java/teammates/ui/request/BasicRequest.java
97,src/test/java/teammates/ui/webapi/DeleteStudentActionTest.java
198,src/client/java/teammates/client/scripts/IndexFeedbackSessionFields.java
25,src/main/java/teammates/ui/webapi/GetRegkeyValidityAction.java
8,src/main/java/teammates/logic/core/StudentsLogic.java
1,src/test/java/teammates/common/datatransfer/attributes/FeedbackResponseCommentAttributesTest.java
1,src/test/java/teammates/logic/core/StudentsLogicTest.java
174,src/test/java/teammates/common/datatransfer/attributes/AccountRequestAttributesTest.java
118,src/test/java/teammates/storage/api/NotificationsDbTest.java
117,src/test/java/teammates/logic/api/LogicExtension.java
190,src/e2e/java/teammates/e2e/cases/FeedbackContributionQuestionE2ETest.java
17,src/e2e/java/teammates/e2e/cases/FeedbackNumScaleQuestionE2ETest.java
188,src/e2e/java/teammates/e2e/cases/FeedbackConstSumRecipientQuestionE2ETest.java
155,src/main/java/teammates/common/datatransfer/attributes/EntityAttributes.java
29,src/main/java/teammates/ui/output/AccountsData.java
85,src/main/java/teammates/ui/request/NotificationUpdateRequest.java
25,src/main/java/teammates/ui/webapi/GetCourseSectionNamesAction.java
97,src/main/java/teammates/ui/webapi/GetHasResponsesAction.java
25,src/main/java/teammates/ui/webapi/RegenerateInstructorKeyAction.java
29,src/test/java/teammates/ui/webapi/DeleteFeedbackResponseCommentActionTest.java
8,src/main/java/teammates/logic/external/package-info.java
81,src/main/java/teammates/ui/output/FeedbackSessionSubmittedGiverSet.java
97,src/main/java/teammates/ui/request/FeedbackQuestionBasicRequest.java
22,src/main/java/teammates/ui/webapi/AccountRequestSearchIndexingWorkerAction.java
97,src/main/java/teammates/ui/webapi/DeleteAccountAction.java
129,src/main/java/teammates/logic/external/GoogleRecaptchaService.java
22,src/main/java/teammates/ui/output/InstructorPermissionRole.java
20,src/main/java/teammates/common/datatransfer/ErrorLogEntry.java
185,src/test/java/teammates/logic/core/FeedbackQuestionsLogicTest.java
190,src/e2e/java/teammates/e2e/cases/FeedbackMcqQuestionE2ETest.java
158,src/test/java/teammates/common/datatransfer/questions/FeedbackNumericalScaleQuestionDetailsTest.java
26,src/main/java/teammates/ui/constants/package-info.java
160,src/test/java/teammates/common/datatransfer/questions/FeedbackContributionQuestionDetailsTest.java
29,src/main/java/teammates/ui/output/AccountRequestsData.java
26,src/test/java/teammates/ui/webapi/CreateNotificationActionTest.java
25,src/test/java/teammates/ui/webapi/FeedbackSessionUnpublishedEmailWorkerActionTest.java
7,src/test/java/teammates/ui/webapi/FeedbackSessionUnpublishedEmailWorkerActionTest.java
132,src/test/java/teammates/storage/search/BaseSearchTest.java
5,src/main/java/teammates/ui/webapi/GetFeedbackSessionSubmittedGiverSetAction.java
17,src/e2e/java/teammates/e2e/cases/axe/InstructorStudentListPageAxeTest.java
1,src/main/java/teammates/common/datatransfer/UserInfoCookie.java
25,src/test/java/teammates/ui/webapi/DeleteStudentActionTest.java
160,src/main/java/teammates/common/datatransfer/QueryLogsResults.java
189,src/e2e/java/teammates/e2e/cases/InstructorStudentRecordsPageE2ETest.java
156,src/main/java/teammates/common/exception/AuthException.java
4,src/main/java/teammates/ui/webapi/FeedbackSessionOpeningRemindersAction.java
10,src/test/java/teammates/test/TestPropertiesTest.java
17,src/e2e/java/teammates/e2e/pageobjects/UserNotificationsPage.java
155,src/main/java/teammates/common/util/Const.java
79,src/main/java/teammates/logic/api/LogsProcessor.java
1,src/test/java/teammates/ui/webapi/DeleteCourseActionTest.java
130,src/main/java/teammates/storage/search/AccountRequestSearchDocument.java
189,src/e2e/java/teammates/e2e/cases/InstructorStudentActivityLogsPageE2ETest.java
20,src/main/java/teammates/common/datatransfer/attributes/InstructorAttributes.java
97,src/test/java/teammates/logic/core/FeedbackResponsesLogicTest.java
4,src/main/java/teammates/ui/servlets/HealthCheckServlet.java
123,src/test/java/teammates/storage/search/AccountRequestSearchTest.java
5,src/main/java/teammates/ui/request/InvalidHttpRequestBodyException.java
187,src/e2e/java/teammates/e2e/cases/StudentNotificationsPageE2ETest.java
190,src/e2e/java/teammates/e2e/pageobjects/AppPage.java
1,src/main/java/teammates/common/datatransfer/SessionResultsBundle.java
88,src/main/java/teammates/logic/core/package-info.java
97,src/main/java/teammates/ui/output/EnrollStudentsData.java
68,src/test/java/teammates/logic/core/BaseLogicTest.java
185,src/e2e/java/teammates/e2e/cases/FeedbackResultsPageE2ETest.java
25,src/test/java/teammates/ui/webapi/FeedbackSessionRemindEmailWorkerActionTest.java
159,src/main/java/teammates/common/datatransfer/UserInfoCookie.java
26,src/main/java/teammates/ui/webapi/DeleteCourseAction.java
1,src/e2e/java/teammates/e2e/pageobjects/FeedbackResultsPage.java
189,src/e2e/java/teammates/e2e/pageobjects/FeedbackResultsPage.java
131,src/test/java/teammates/logic/core/DeadlineExtensionsLogicTest.java
118,src/main/java/teammates/storage/api/EntitiesDb.java
176,src/main/java/teammates/logic/api/EmailGenerator.java
196,src/client/java/teammates/client/scripts/DataMigrationForNullCommentGiverType.java
5,src/main/java/teammates/ui/output/FeedbackSessionLogsData.java
185,src/e2e/java/teammates/e2e/cases/axe/FeedbackSubmitPageAxeTest.java
128,src/main/java/teammates/storage/api/OfyHelper.java
20,src/main/java/teammates/common/datatransfer/TeamEvalResult.java
189,src/e2e/java/teammates/e2e/util/Retryable.java
127,src/main/java/teammates/common/datatransfer/logs/QueryLogsParams.java
20,src/main/java/teammates/common/exception/AuthException.java
174,src/main/java/teammates/common/exception/DeadlineExceededException.java
22,src/test/java/teammates/ui/webapi/FeedbackSessionRemindParticularUsersEmailWorkerActionTest.java
23,src/main/java/teammates/ui/webapi/GetFeedbackSessionsAction.java
22,src/main/java/teammates/ui/webapi/UpdateCourseAction.java
4,src/main/java/teammates/ui/servlets/LoginServlet.java
18,src/client/java/teammates/client/util/ClientProperties.java
47,src/main/java/teammates/logic/external/SendgridService.java
9,src/main/java/teammates/storage/api/CoursesDb.java
186,src/e2e/java/teammates/e2e/cases/FeedbackRubricQuestionE2ETest.java
158,src/main/java/teammates/common/datatransfer/NotificationTargetUser.java
23,src/main/java/teammates/ui/request/FeedbackSessionUpdateRequest.java
5,src/main/java/teammates/ui/output/NotificationsData.java
156,src/main/java/teammates/common/datatransfer/InstructorPermissionSet.java
127,src/main/java/teammates/common/util/Logger.java
131,src/main/java/teammates/storage/entity/Course.java
158,src/main/java/teammates/common/datatransfer/attributes/AccountAttributes.java
81,src/main/java/teammates/ui/webapi/DeleteStudentsAction.java
190,src/e2e/java/teammates/e2e/cases/InstructorCourseDetailsPageE2ETest.java
157,src/main/java/teammates/common/datatransfer/CourseRoster.java
7,src/main/java/teammates/ui/webapi/DeleteDataBundleAction.java
1,src/test/java/teammates/logic/api/MockTaskQueuer.java
127,src/test/java/teammates/common/datatransfer/questions/FeedbackMcqQuestionDetailsTest.java
97,src/main/java/teammates/ui/servlets/LogoutServlet.java
133,src/main/java/teammates/storage/entity/Notification.java
81,src/main/java/teammates/ui/output/FeedbackSessionStatsData.java
81,src/main/java/teammates/ui/webapi/GetActionClassesAction.java
196,src/client/java/teammates/client/util/LoopHelper.java
97,src/test/java/teammates/ui/webapi/StudentCourseJoinEmailWorkerActionTest.java
1,src/e2e/java/teammates/e2e/cases/FeedbackConstSumRecipientQuestionE2ETest.java
131,src/test/java/teammates/storage/api/EntitiesDbTest.java
29,src/main/java/teammates/ui/request/StudentUpdateRequest.java
22,src/main/java/teammates/ui/webapi/GetAccountAction.java
156,src/test/java/teammates/common/datatransfer/questions/FeedbackRankRecipientsQuestionDetailsTest.java
4,src/main/java/teammates/ui/output/NumberOfEntitiesToGiveFeedbackToSetting.java
101,src/main/java/teammates/storage/api/InstructorsDb.java
185,src/e2e/java/teammates/e2e/pageobjects/UserNotificationsPage.java
23,src/main/java/teammates/ui/webapi/GetTimeZonesAction.java
131,src/main/java/teammates/storage/entity/DeadlineExtension.java
25,src/main/java/teammates/ui/servlets/LoginServlet.java
20,src/test/java/teammates/common/datatransfer/questions/FeedbackTextQuestionDetailsTest.java
88,src/main/java/teammates/storage/entity/FeedbackSession.java
118,src/test/java/teammates/storage/api/FeedbackSessionsDbTest.java
23,src/test/java/teammates/ui/webapi/QueryLogsActionTest.java
5,src/main/java/teammates/ui/output/HasResponsesData.java
16,src/e2e/java/teammates/e2e/pageobjects/Browser.java
127,src/test/java/teammates/common/datatransfer/InstructorPrivilegesTest.java
17,src/e2e/java/teammates/e2e/pageobjects/AdminSessionsPage.java
5,src/main/java/teammates/ui/webapi/InvalidHttpParameterException.java
175,src/test/java/teammates/common/datatransfer/package-info.java
185,src/main/java/teammates/logic/external/GoogleCloudLoggingService.java
26,src/test/java/teammates/ui/webapi/FeedbackSessionOpeningSoonRemindersActionTest.java
29,src/main/java/teammates/ui/webapi/AdminExceptionTestAction.java
4,src/client/java/teammates/client/scripts/statistics/FileStore.java
26,src/test/java/teammates/ui/webapi/BinCourseActionTest.java
123,src/main/java/teammates/storage/entity/UsageStatistics.java
196,src/client/java/teammates/client/scripts/DataMigrationForUnencryptedKeyForInstructors.java
127,src/test/java/teammates/common/datatransfer/questions/FeedbackNumericalScaleQuestionDetailsTest.java
188,src/e2e/java/teammates/e2e/pageobjects/InstructorCourseDetailsPage.java
26,src/test/java/teammates/ui/webapi/PublishFeedbackSessionActionTest.java
1,src/main/java/teammates/ui/webapi/FeedbackSessionRemindEmailWorkerAction.java
16,src/e2e/java/teammates/e2e/util/AxeUtil.java
4,src/client/java/teammates/client/scripts/DataMigrationForTeamNameInResponseGiver.java
189,src/e2e/java/teammates/e2e/cases/InstructorFeedbackEditPageE2ETest.java
26,src/main/java/teammates/ui/request/NotificationCreateRequest.java
25,src/main/java/teammates/ui/output/UsageStatisticsData.java
85,src/main/java/teammates/ui/output/InstructorPrivilegeData.java
131,src/test/java/teammates/logic/core/FeedbackResponseCommentsLogicTest.java
128,src/main/java/teammates/storage/api/FeedbackResponseCommentsDb.java
1,src/test/java/teammates/ui/webapi/MarkNotificationAsReadActionTest.java
1,src/test/java/teammates/common/datatransfer/attributes/CourseAttributesTest.java
29,src/main/java/teammates/ui/request/CourseBasicRequest.java
187,src/e2e/java/teammates/e2e/cases/axe/InstructorStudentActivityLogsPageAxeTest.java
189,src/e2e/java/teammates/e2e/util/EmailAccountTest.java
1,src/main/java/teammates/ui/output/RegkeyValidityData.java
4,src/test/java/teammates/ui/webapi/DeleteFeedbackQuestionActionTest.java
1,src/main/java/teammates/common/util/EmailSendingStatus.java
87,src/main/java/teammates/logic/core/FeedbackResponseCommentsLogic.java
29,src/test/java/teammates/ui/request/package-info.java
26,src/main/java/teammates/ui/webapi/FeedbackSessionClosingRemindersAction.java
155,src/main/java/teammates/common/datatransfer/questions/FeedbackRubricQuestionDetails.java
97,src/test/java/teammates/ui/webapi/GetCoursesActionTest.java
174,src/main/java/teammates/common/util/TzdbResourceZoneRulesProvider.java
97,src/test/java/teammates/ui/webapi/GetFeedbackResponseCommentActionTest.java
187,src/e2e/java/teammates/e2e/pageobjects/FeedbackResultsPage.java
7,src/main/java/teammates/ui/webapi/RemindFeedbackSessionResultAction.java
97,src/main/java/teammates/ui/output/ApiOutput.java
7,src/test/java/teammates/ui/webapi/SearchStudentsActionTest.java
22,src/main/java/teammates/ui/webapi/SearchInstructorsAction.java
22,src/main/java/teammates/ui/webapi/UpdateInstructorPrivilegeAction.java
118,src/main/java/teammates/storage/search/AccountRequestSearchManager.java
123,src/main/java/teammates/storage/api/NotificationsDb.java
129,src/test/java/teammates/logic/api/MockAuthProxy.java
7,src/test/java/teammates/ui/webapi/GetActionClassesActionTest.java
189,src/e2e/java/teammates/e2e/cases/axe/InstructorNotificationsPageAxeTest.java
156,src/main/java/teammates/common/datatransfer/FeedbackQuestionRecipient.java
130,src/main/java/teammates/storage/api/UsageStatisticsDb.java
81,src/test/java/teammates/ui/webapi/CreateFeedbackSessionActionTest.java
156,src/test/java/teammates/common/datatransfer/questions/FeedbackQuestionDetailsTest.java
157,src/main/java/teammates/common/util/EmailSendingStatus.java
190,src/e2e/java/teammates/e2e/pageobjects/InstructorSearchPage.java
119,src/test/java/teammates/logic/core/StudentsLogicTest.java
85,src/test/java/teammates/logic/core/UsageStatisticsLogicTest.java
22,src/main/java/teammates/ui/webapi/FeedbackSessionPublishedEmailWorkerAction.java
186,src/e2e/java/teammates/e2e/pageobjects/AdminHomePage.java
160,src/main/java/teammates/common/datatransfer/logs/LogSeverity.java
85,src/test/java/teammates/ui/webapi/SessionLinksRecoveryActionTest.java
25,src/main/java/teammates/ui/webapi/DeleteInstructorAction.java
29,src/test/java/teammates/ui/webapi/GetCourseJoinStatusActionTest.java
22,src/main/java/teammates/ui/webapi/BinFeedbackSessionAction.java
1,src/main/java/teammates/ui/output/SessionVisibleSetting.java
132,src/test/java/teammates/storage/search/InstructorSearchTest.java
156,src/main/java/teammates/common/datatransfer/attributes/InstructorAttributes.java
87,src/main/java/teammates/logic/api/LogsProcessor.java
157,src/main/java/teammates/common/datatransfer/attributes/FeedbackResponseAttributes.java
1,src/main/java/teammates/ui/output/FeedbackSessionLogEntryData.java
127,src/main/java/teammates/common/datatransfer/attributes/EntityAttributes.java
97,src/main/java/teammates/ui/webapi/FeedbackSessionPublishedRemindersAction.java
117,src/test/java/teammates/logic/api/MockAuthProxy.java
22,src/test/java/teammates/ui/webapi/FeedbackSessionPublishedEmailWorkerActionTest.java
26,src/test/java/teammates/ui/webapi/DeleteInstructorActionTest.java
97,src/main/java/teammates/ui/webapi/BinFeedbackSessionAction.java
4,src/main/java/teammates/ui/output/HasResponsesData.java
85,src/test/java/teammates/ui/webapi/DeleteFeedbackQuestionActionTest.java
160,src/main/java/teammates/common/util/TzdbResourceZoneRulesProvider.java
81,src/main/java/teammates/ui/webapi/DeleteFeedbackQuestionAction.java
16,src/e2e/java/teammates/e2e/cases/InstructorStudentActivityLogsPageE2ETest.java
128,src/main/java/teammates/storage/api/InstructorsDb.java
7,src/main/java/teammates/logic/core/FeedbackResponseCommentsLogic.java
4,src/main/java/teammates/ui/output/CoursesData.java
97,src/main/java/teammates/ui/request/NotificationUpdateRequest.java
4,src/test/java/teammates/ui/webapi/StudentCourseJoinEmailWorkerActionTest.java
79,src/main/java/teammates/logic/core/package-info.java
155,src/main/java/teammates/common/datatransfer/logs/DefaultLogDetails.java
22,src/main/java/teammates/ui/webapi/DeleteAccountAction.java
86,src/main/java/teammates/logic/core/NotificationsLogic.java
187,src/e2e/java/teammates/e2e/cases/axe/StudentNotificationsPageAxeTest.java
1,src/main/java/teammates/logic/core/AccountsLogic.java
25,src/test/java/teammates/ui/webapi/CreateNotificationActionTest.java
85,src/main/java/teammates/ui/output/FeedbackSessionLogEntryData.java
117,src/test/java/teammates/logic/api/EmailGeneratorTest.java
158,src/test/java/teammates/common/datatransfer/attributes/InstructorAttributesTest.java
97,src/main/java/teammates/ui/request/InvalidHttpRequestBodyException.java
85,src/main/java/teammates/ui/webapi/UpdateNotificationAction.java
17,src/e2e/java/teammates/e2e/cases/FeedbackTextQuestionE2ETest.java
1,src/test/java/teammates/ui/webapi/UnpublishFeedbackSessionActionTest.java
1,src/main/java/teammates/ui/request/InstructorPrivilegeUpdateRequest.java
131,src/main/java/teammates/logic/core/AccountRequestsLogic.java
1,src/test/java/teammates/storage/api/StudentsDbTest.java
25,src/test/java/teammates/ui/webapi/GetActionClassesActionTest.java
7,src/main/java/teammates/ui/webapi/UpdateFeedbackResponseCommentAction.java
131,src/main/java/teammates/storage/entity/FeedbackResponse.java
185,src/e2e/java/teammates/e2e/cases/TimezoneSyncerTest.java
84,src/main/java/teammates/logic/core/AccountsLogic.java
22,src/test/java/teammates/ui/webapi/GetFeedbackResponsesActionTest.java
77,src/main/java/teammates/logic/core/UsageStatisticsLogic.java
17,src/e2e/java/teammates/e2e/cases/InstructorNotificationsPageE2ETest.java
25,src/main/java/teammates/ui/webapi/GetFeedbackSessionLogsAction.java
190,src/e2e/java/teammates/e2e/pageobjects/InstructorFeedbackEditPage.java
97,src/main/java/teammates/ui/output/FeedbackResponsesData.java
26,src/main/java/teammates/ui/webapi/StudentSearchIndexingWorkerAction.java
85,src/main/java/teammates/ui/request/FeedbackSessionRespondentRemindRequest.java
129,src/main/java/teammates/logic/core/AccountsLogic.java
174,src/main/java/teammates/common/datatransfer/DataBundle.java
174,src/test/java/teammates/common/datatransfer/questions/FeedbackRankRecipientsQuestionDetailsTest.java
5,src/main/java/teammates/ui/output/SessionLinksRecoveryResponseData.java
131,src/main/java/teammates/logic/api/AuthProxy.java
119,src/test/java/teammates/logic/api/MockEmailSender.java
1,src/main/java/teammates/ui/webapi/SendLoginEmailAction.java
185,src/e2e/java/teammates/e2e/pageobjects/AppPage.java
25,src/test/java/teammates/ui/webapi/SendLoginEmailActionTest.java
85,src/main/java/teammates/ui/output/JoinLinkData.java
26,src/test/java/teammates/ui/webapi/GetCourseActionTest.java
85,src/main/java/teammates/logic/external/LocalTaskQueueService.java
86,src/main/java/teammates/logic/api/LogsProcessor.java
9,src/main/java/teammates/storage/api/FeedbackSessionsDb.java
4,src/main/java/teammates/ui/request/FeedbackResponseCommentUpdateRequest.java
88,src/main/java/teammates/storage/api/UsageStatisticsDb.java
26,src/main/java/teammates/ui/webapi/FeedbackSessionUnpublishedEmailWorkerAction.java
175,src/main/java/teammates/common/util/EmailWrapper.java
15,src/e2e/java/teammates/e2e/cases/axe/InstructorCourseJoinConfirmationPageAxeTest.java
122,src/test/java/teammates/logic/api/MockUserProvision.java
81,src/test/java/teammates/ui/webapi/GetCourseJoinStatusActionTest.java
88,src/test/java/teammates/storage/search/package-info.java
1,src/e2e/java/teammates/e2e/cases/axe/InstructorHomePageAxeTest.java
29,src/main/java/teammates/ui/request/InstructorCreateRequest.java
97,src/main/java/teammates/ui/webapi/RemindFeedbackSessionResultAction.java
174,src/main/java/teammates/common/datatransfer/attributes/package-info.java
198,src/client/java/teammates/client/scripts/statistics/StatisticsPerInstitute.java
189,src/e2e/java/teammates/e2e/cases/StudentNotificationsPageE2ETest.java
131,src/test/java/teammates/storage/api/AccountRequestsDbTest.java
187,src/e2e/java/teammates/e2e/cases/package-info.java
85,src/test/java/teammates/logic/core/FeedbackQuestionsLogicTest.java
79,src/test/java/teammates/logic/api/LogicExtension.java
29,src/main/java/teammates/ui/webapi/FeedbackSessionClosedRemindersAction.java
190,src/e2e/java/teammates/e2e/cases/FeedbackRubricQuestionE2ETest.java
26,src/main/java/teammates/ui/output/FeedbackSessionLogsData.java
26,src/main/java/teammates/ui/webapi/MarkNotificationAsReadAction.java
5,src/main/java/teammates/ui/output/OngoingSessionsData.java
81,src/main/java/teammates/ui/output/CourseSectionNamesData.java
158,src/test/java/teammates/common/util/TimeHelperExtension.java
68,src/main/java/teammates/logic/core/NotificationsLogic.java
77,src/main/java/teammates/logic/api/RecaptchaVerifier.java
159,src/main/java/teammates/common/util/TaskWrapper.java
129,src/main/java/teammates/logic/core/DeadlineExtensionsLogic.java
185,src/e2e/java/teammates/e2e/pageobjects/StudentHomePage.java
157,src/main/java/teammates/common/datatransfer/FeedbackResultFetchType.java
97,src/test/java/teammates/ui/request/package-info.java
119,src/test/java/teammates/logic/api/MockTaskQueuer.java
4,src/main/java/teammates/ui/webapi/BasicCommentSubmissionAction.java
97,src/test/java/teammates/ui/webapi/UpdateInstructorActionTest.java
4,src/main/java/teammates/ui/webapi/InvalidHttpParameterException.java
185,src/test/java/teammates/logic/external/package-info.java
20,src/test/java/teammates/common/datatransfer/CourseRosterTest.java
9,src/test/java/teammates/storage/api/NotificationsDbTest.java
7,src/main/java/teammates/ui/webapi/Action.java
156,src/test/java/teammates/common/datatransfer/questions/FeedbackRankOptionsQuestionDetailsTest.java
1,src/main/java/teammates/logic/external/LocalTaskQueueService.java
85,src/main/java/teammates/ui/webapi/GetTimeZonesAction.java
157,src/main/java/teammates/common/datatransfer/package-info.java
185,src/test/java/teammates/logic/core/FeedbackResponsesLogicTest.java
85,src/main/java/teammates/ui/webapi/EntityNotFoundException.java
81,src/main/java/teammates/ui/webapi/UpdateInstructorAction.java
189,src/e2e/java/teammates/e2e/cases/FeedbackRankOptionQuestionE2ETest.java
117,src/main/java/teammates/logic/api/EmailGenerator.java
155,src/main/java/teammates/common/datatransfer/attributes/InstructorAttributes.java
8,src/main/java/teammates/logic/external/EmptyRecaptchaService.java
23,src/main/java/teammates/ui/output/UsageStatisticsRangeData.java
79,src/main/java/teammates/logic/core/DataBundleLogic.java
16,src/e2e/java/teammates/e2e/pageobjects/InstructorCourseStudentDetailsViewPage.java
155,src/main/java/teammates/common/datatransfer/logs/LogSeverity.java
125,src/main/java/teammates/storage/api/EntitiesDb.java
7,src/test/java/teammates/logic/api/EmailSenderTest.java
97,src/test/java/teammates/ui/webapi/GetCourseSectionNamesActionTest.java
187,src/e2e/java/teammates/e2e/cases/InstructorCoursesPageE2ETest.java
158,src/main/java/teammates/common/datatransfer/attributes/CourseAttributes.java
22,src/main/java/teammates/ui/webapi/FeedbackSessionPublishedRemindersAction.java
25,src/main/java/teammates/ui/request/SendEmailRequest.java
7,src/main/java/teammates/ui/webapi/PublishFeedbackSessionAction.java
7,src/main/java/teammates/ui/output/CommentVisibilityType.java
158,src/main/java/teammates/common/datatransfer/logs/RequestLogDetails.java
22,src/test/java/teammates/ui/webapi/SearchAccountRequestsActionTest.java
25,src/test/java/teammates/ui/webapi/GetFeedbackSessionActionTest.java
174,src/main/java/teammates/common/util/RequestTracer.java
156,src/test/java/teammates/common/datatransfer/attributes/BaseAttributesTest.java
23,src/main/java/teammates/ui/webapi/JoinCourseAction.java
127,src/main/java/teammates/common/exception/package-info.java
158,src/test/java/teammates/common/datatransfer/UserInfoCookieTest.java
26,src/main/java/teammates/ui/webapi/GetInstructorAction.java
4,src/main/java/teammates/ui/webapi/StudentCourseJoinEmailWorkerAction.java
1,src/test/java/teammates/logic/api/EmailGeneratorTest.java
1,src/test/java/teammates/test/AssertHelperTest.java
1,src/client/java/teammates/client/scripts/DataBundleRegenerator.java
133,src/main/java/teammates/storage/entity/Account.java
160,src/main/java/teammates/common/datatransfer/questions/FeedbackRubricQuestionDetails.java
160,src/main/java/teammates/common/exception/DeadlineExceededException.java
97,src/main/java/teammates/ui/request/StudentsEnrollRequest.java
20,src/main/java/teammates/common/util/AppUrl.java
159,src/main/java/teammates/common/util/StringHelper.java
4,src/main/java/teammates/ui/output/ReadNotificationsData.java
118,src/test/java/teammates/storage/api/FeedbackResponseCommentsDbTest.java
4,src/main/java/teammates/ui/output/UsageStatisticsRangeData.java
88,src/test/java/teammates/storage/api/CoursesDbTest.java
158,src/main/java/teammates/common/datatransfer/questions/FeedbackTextQuestionDetails.java
159,src/test/java/teammates/common/datatransfer/attributes/AccountRequestAttributesTest.java
26,src/main/java/teammates/ui/webapi/GetNotificationAction.java
176,src/main/java/teammates/logic/external/GoogleRecaptchaService.java
4,src/main/java/teammates/ui/webapi/ActionFactory.java
4,src/main/java/teammates/ui/output/OngoingSession.java
29,src/main/java/teammates/ui/webapi/AuthType.java
97,src/main/java/teammates/ui/output/MessageOutput.java
1,src/test/java/teammates/ui/webapi/FeedbackSessionClosingRemindersActionTest.java
1,src/main/java/teammates/common/datatransfer/questions/FeedbackTextResponseDetails.java
25,src/test/java/teammates/ui/request/package-info.java
81,src/main/java/teammates/ui/webapi/Action.java
186,src/e2e/java/teammates/e2e/util/TestProperties.java
188,src/e2e/java/teammates/e2e/cases/axe/InstructorCourseEnrollPageAxeTest.java
17,src/e2e/java/teammates/e2e/pageobjects/InstructorHomePage.java
23,src/main/java/teammates/ui/output/GeneralLogsData.java
29,src/main/java/teammates/ui/servlets/LogoutServlet.java
131,src/main/java/teammates/storage/api/FeedbackResponsesDb.java
186,src/e2e/java/teammates/e2e/cases/axe/package-info.java
29,src/main/java/teammates/ui/webapi/ArchiveCourseAction.java
25,src/test/java/teammates/ui/webapi/QueryLogsActionTest.java
123,src/test/java/teammates/storage/api/FeedbackResponsesDbTest.java
117,src/main/java/teammates/logic/external/EmptyAuthService.java
1,src/test/java/teammates/ui/webapi/DeleteStudentActionTest.java
97,src/main/java/teammates/ui/output/UsageStatisticsData.java
26,src/main/java/teammates/ui/request/NotificationUpdateRequest.java
185,src/e2e/java/teammates/e2e/pageobjects/InstructorFeedbackSessionsPage.java
5,src/main/java/teammates/ui/output/ActionClasses.java
97,src/main/java/teammates/ui/webapi/ActionResult.java
29,src/main/java/teammates/ui/webapi/GateKeeper.java
97,src/main/java/teammates/ui/webapi/DeleteFeedbackSessionAction.java
26,src/test/java/teammates/ui/webapi/ActionFactoryTest.java
156,src/main/java/teammates/common/datatransfer/UserInfo.java
188,src/e2e/java/teammates/e2e/cases/InstructorSessionIndividualExtensionPageE2ETest.java
23,src/main/java/teammates/ui/webapi/GetStudentsAction.java
131,src/test/java/teammates/logic/api/package-info.java
29,src/main/java/teammates/ui/webapi/CreateFeedbackQuestionAction.java
81,src/main/java/teammates/ui/webapi/PutDataBundleAction.java
1,src/test/java/teammates/common/util/BuildPropertiesTest.java
185,src/e2e/java/teammates/e2e/util/TestPropertiesTest.java
1,src/main/java/teammates/ui/output/TimeZonesData.java
123,src/main/java/teammates/storage/search/InstructorSearchManager.java
185,src/test/java/teammates/logic/core/FeedbackResponseCommentsLogicTest.java
26,src/test/java/teammates/ui/webapi/FeedbackSessionRemindEmailWorkerActionTest.java
97,src/test/java/teammates/ui/webapi/InstructorSearchIndexingWorkerActionTest.java
22,src/main/java/teammates/ui/webapi/RemindFeedbackSessionResultAction.java
1,src/main/java/teammates/ui/webapi/AdminExceptionTestAction.java
29,src/main/java/teammates/ui/request/FeedbackQuestionBasicRequest.java
87,src/main/java/teammates/logic/external/LogService.java
190,src/e2e/java/teammates/e2e/pageobjects/InstructorFeedbackSessionsPage.java
79,src/main/java/teammates/logic/api/RecaptchaVerifier.java
157,src/main/java/teammates/common/datatransfer/logs/EmailSentLogDetails.java
47,src/test/java/teammates/logic/core/AccountsLogicTest.java
185,src/e2e/java/teammates/e2e/pageobjects/InstructorCourseDetailsPage.java
85,src/test/java/teammates/logic/api/BaseLogicTest.java
5,src/test/java/teammates/ui/webapi/GetReadNotificationsActionTest.java
81,src/test/java/teammates/ui/webapi/GetFeedbackQuestionRecipientsActionTest.java
174,src/main/java/teammates/common/datatransfer/logs/GeneralLogEntry.java
85,src/main/java/teammates/ui/webapi/BasicCommentSubmissionAction.java
5,src/main/java/teammates/ui/request/FeedbackQuestionCreateRequest.java
158,src/main/java/teammates/common/util/Templates.java
4,src/main/java/teammates/ui/output/FeedbackQuestionRecipientData.java
77,src/main/java/teammates/logic/external/EmptyAuthService.java
197,src/client/java/teammates/client/scripts/statistics/package-info.java
155,src/test/java/teammates/common/datatransfer/attributes/InstructorAttributesTest.java
176,src/main/java/teammates/logic/core/FeedbackQuestionsLogic.java
7,src/main/java/teammates/ui/request/FeedbackResponsesRequest.java
5,src/main/java/teammates/ui/output/CourseSectionNamesData.java
157,src/main/java/teammates/common/exception/HttpRequestFailedException.java
129,src/main/java/teammates/logic/api/LogsProcessor.java
23,src/test/java/teammates/ui/webapi/GetNotificationsActionTest.java
186,src/e2e/java/teammates/e2e/pageobjects/InstructorFeedbackResultsPage.java
97,src/test/java/teammates/ui/webapi/GetStudentsActionTest.java
190,src/e2e/java/teammates/e2e/cases/axe/InstructorCoursesPageAxeTest.java
81,src/main/java/teammates/ui/request/NotificationBasicRequest.java
117,src/main/java/teammates/logic/api/RecaptchaVerifier.java
186,src/e2e/java/teammates/e2e/cases/FeedbackConstSumOptionQuestionE2ETest.java
15,src/e2e/java/teammates/e2e/cases/axe/InstructorCourseEnrollPageAxeTest.java
5,src/main/java/teammates/ui/output/FeedbackQuestionRecipientData.java
15,src/e2e/java/teammates/e2e/pageobjects/InstructorStudentListPage.java
1,src/e2e/java/teammates/e2e/util/AxeUtil.java
23,src/test/java/teammates/ui/webapi/package-info.java
7,src/main/java/teammates/ui/output/StudentData.java
188,src/e2e/java/teammates/e2e/cases/axe/package-info.java
131,src/main/java/teammates/logic/api/UserProvision.java
23,src/main/java/teammates/ui/webapi/RegenerateStudentKeyAction.java
29,src/test/java/teammates/ui/webapi/SearchAccountRequestsActionTest.java
23,src/main/java/teammates/ui/webapi/DeleteStudentsAction.java
4,src/main/java/teammates/ui/output/FeedbackSessionStatsData.java
4,src/test/java/teammates/ui/webapi/FeedbackSessionPublishedRemindersActionTest.java
85,src/main/java/teammates/ui/output/TimeZonesData.java
156,src/test/java/teammates/common/datatransfer/attributes/AccountAttributesTest.java
7,src/main/java/teammates/ui/output/FeedbackSessionLogEntryData.java
186,src/e2e/java/teammates/e2e/cases/axe/FeedbackResultsPageAxeTest.java
84,src/test/java/teammates/logic/external/GoogleRecaptchaServiceTest.java
159,src/main/java/teammates/common/util/Logger.java
127,src/main/java/teammates/common/datatransfer/questions/FeedbackMsqResponseDetails.java
23,src/main/java/teammates/ui/webapi/GetInstructorPrivilegeAction.java
132,src/main/java/teammates/storage/search/InstructorSearchDocument.java
23,src/test/java/teammates/ui/webapi/JoinCourseActionTest.java
128,src/main/java/teammates/storage/api/StudentsDb.java
81,src/main/java/teammates/ui/output/HasResponsesData.java
101,src/main/java/teammates/storage/search/SearchManagerStarter.java
185,src/e2e/java/teammates/e2e/cases/axe/StudentHomePageAxeTest.java
176,src/main/java/teammates/logic/api/RecaptchaVerifier.java
176,src/main/java/teammates/logic/api/TaskQueuer.java
159,src/main/java/teammates/common/datatransfer/questions/FeedbackMcqResponseDetails.java
5,src/main/java/teammates/ui/webapi/CreateFeedbackQuestionAction.java
186,src/e2e/java/teammates/e2e/cases/AdminNotificationsPageE2ETest.java
25,src/test/java/teammates/ui/webapi/UpdateInstructorActionTest.java
88,src/main/java/teammates/storage/api/FeedbackResponsesDb.java
1,src/test/java/teammates/ui/webapi/GetCoursesActionTest.java
127,src/test/java/teammates/common/util/StringHelperExtension.java
22,src/main/java/teammates/ui/webapi/GetDeadlineExtensionAction.java
29,src/main/java/teammates/ui/request/FeedbackQuestionCreateRequest.java
122,src/main/java/teammates/logic/external/TaskQueueService.java
23,src/main/java/teammates/ui/output/FeedbackSessionPublishStatus.java
84,src/test/java/teammates/logic/core/DeadlineExtensionsLogicTest.java
97,src/main/java/teammates/ui/servlets/DevServerLoginServlet.java
198,src/client/java/teammates/client/connector/package-info.java
158,src/test/java/teammates/common/datatransfer/questions/FeedbackResponseDetailsTest.java
157,src/test/java/teammates/common/datatransfer/attributes/DeadlineExtensionAttributesTest.java
159,src/main/java/teammates/common/exception/EntityAlreadyExistsException.java
22,src/main/java/teammates/ui/webapi/DeleteFeedbackSessionAction.java
1,src/e2e/java/teammates/e2e/cases/axe/StudentHomePageAxeTest.java
194,src/client/java/teammates/client/scripts/DataMigrationForSanitizedDataInCourseAttributes.java
23,src/main/java/teammates/ui/servlets/AuthServlet.java
190,src/e2e/java/teammates/e2e/util/TestPropertiesTest.java
79,src/main/java/teammates/logic/api/package-info.java
156,src/main/java/teammates/common/datatransfer/AttributesDeletionQuery.java
97,src/main/java/teammates/ui/webapi/GetReadNotificationsAction.java
4,src/main/java/teammates/ui/output/CommentVisibilityType.java
79,src/main/java/teammates/logic/api/EmailSender.java
157,src/test/java/teammates/common/util/JsonUtilsTest.java
85,src/main/java/teammates/ui/constants/ApiConst.java
7,src/main/java/teammates/ui/output/MessageOutput.java
127,src/test/java/teammates/common/datatransfer/attributes/package-info.java
26,src/main/java/teammates/ui/request/ErrorReportRequest.java
1,src/main/java/teammates/storage/search/package-info.java
16,src/e2e/java/teammates/e2e/pageobjects/InstructorCourseDetailsPage.java
189,src/e2e/java/teammates/e2e/cases/InstructorStudentListPageE2ETest.java
123,src/main/java/teammates/storage/search/AccountRequestSearchManager.java
7,src/test/java/teammates/ui/webapi/ResetAccountRequestActionTest.java
25,src/test/java/teammates/ui/webapi/DeleteAccountActionTest.java
84,src/test/java/teammates/logic/core/FeedbackResponseCommentsLogicTest.java
85,src/main/java/teammates/ui/webapi/BinCourseAction.java
1,src/main/java/teammates/ui/output/HasResponsesData.java
5,src/test/java/teammates/ui/webapi/UnpublishFeedbackSessionActionTest.java
125,src/main/java/teammates/storage/api/UsageStatisticsDb.java
26,src/main/java/teammates/ui/request/FeedbackQuestionUpdateRequest.java
156,src/main/java/teammates/common/datatransfer/logs/LogEvent.java
22,src/test/java/teammates/logic/core/StudentsLogicTest.java
25,src/main/java/teammates/ui/request/FeedbackSessionRemindRequest.java
160,src/main/java/teammates/common/datatransfer/questions/FeedbackContributionResponseDetails.java
47,src/test/java/teammates/logic/core/BaseLogicTest.java
88,src/main/java/teammates/logic/external/GoogleRecaptchaService.java
81,src/main/java/teammates/ui/webapi/GenerateEmailAction.java
5,src/main/java/teammates/ui/webapi/DatastoreBackupAction.java
163,src/test/java/teammates/test/TestProperties.java
1,src/main/java/teammates/ui/webapi/InvalidOperationException.java
81,src/main/java/teammates/ui/output/CourseArchiveData.java
195,src/client/java/teammates/client/scripts/DataMigrationForSampleGoogleIdInStudentAttributes.java
29,src/test/java/teammates/ui/webapi/CreateInstructorActionTest.java
1,src/test/java/teammates/common/util/JsonUtilsTest.java
177,src/main/java/teammates/storage/entity/DeadlineExtension.java
129,src/test/java/teammates/logic/core/package-info.java
130,src/main/java/teammates/storage/api/DatastoreEmulatorRunner.java
81,src/test/java/teammates/ui/webapi/CreateFeedbackSessionLogActionTest.java
131,src/main/java/teammates/storage/entity/FeedbackQuestion.java
79,src/main/java/teammates/logic/external/EmptyEmailService.java
81,src/test/java/teammates/ui/webapi/DeleteAccountRequestActionTest.java
190,src/e2e/java/teammates/e2e/cases/package-info.java
97,src/main/java/teammates/ui/request/MarkNotificationAsReadRequest.java
97,src/test/java/teammates/logic/api/UserProvisionTest.java
87,src/test/java/teammates/logic/api/UserProvisionTest.java
160,src/main/java/teammates/common/datatransfer/CourseRoster.java
22,src/main/java/teammates/ui/output/InstructorData.java
7,src/test/java/teammates/logic/core/AccountRequestsLogicTest.java
85,src/test/java/teammates/ui/webapi/CompileLogsActionTest.java
128,src/main/java/teammates/storage/entity/UsageStatistics.java
127,src/main/java/teammates/common/util/TzdbResourceZoneRulesProvider.java
22,src/main/java/teammates/ui/webapi/ActionMappingException.java
85,src/main/java/teammates/ui/webapi/GetInstructorAction.java
7,src/test/java/teammates/ui/webapi/GetFeedbackSessionLogsActionTest.java
97,src/main/java/teammates/logic/api/RecaptchaVerifier.java
29,src/main/java/teammates/ui/output/SessionResultsData.java
4,src/main/java/teammates/ui/servlets/OAuth2CallbackServlet.java
175,src/main/java/teammates/common/datatransfer/logs/RequestLogUser.java
47,src/test/java/teammates/logic/core/FeedbackResponsesLogicTest.java
132,src/main/java/teammates/storage/api/FeedbackSessionsDb.java
185,src/test/java/teammates/logic/api/MockRecaptchaVerifier.java
23,src/main/java/teammates/ui/webapi/DeleteInstructorAction.java
187,src/e2e/java/teammates/e2e/cases/axe/AdminAccountsPageAxeTest.java
25,src/main/java/teammates/ui/output/DeadlineExtensionData.java
155,src/main/java/teammates/common/util/HttpRequestHelper.java
1,src/test/java/teammates/ui/webapi/GetActionClassesActionTest.java
5,src/main/java/teammates/ui/request/CourseCreateRequest.java
86,src/main/java/teammates/logic/core/FeedbackQuestionsLogic.java
4,src/client/java/teammates/client/util/LoopHelper.java
20,src/main/java/teammates/common/datatransfer/questions/FeedbackConstantSumDistributePointsType.java
97,src/test/java/teammates/ui/webapi/ArchiveCourseActionTest.java
1,src/main/java/teammates/ui/request/NotificationBasicRequest.java
160,src/test/java/teammates/common/datatransfer/attributes/FeedbackResponseCommentAttributesTest.java
29,src/test/java/teammates/ui/webapi/package-info.java
156,src/test/java/teammates/common/datatransfer/questions/package-info.java
4,src/main/java/teammates/ui/webapi/GetAuthInfoAction.java
22,src/main/java/teammates/ui/webapi/InvalidOperationException.java
189,src/e2e/java/teammates/e2e/pageobjects/InstructorCourseEnrollPage.java
29,src/test/java/teammates/ui/webapi/FeedbackSessionResendPublishedEmailWorkerActionTest.java
84,src/main/java/teammates/logic/api/Logic.java
22,src/main/java/teammates/ui/output/ReadNotificationsData.java
1,src/main/java/teammates/ui/request/Intent.java
29,src/main/java/teammates/ui/output/FeedbackSessionData.java
155,src/main/java/teammates/common/util/Url.java
81,src/test/java/teammates/ui/servlets/OriginCheckFilterTest.java
176,src/main/java/teammates/logic/core/NotificationsLogic.java
190,src/e2e/java/teammates/e2e/pageobjects/HomePage.java
85,src/main/java/teammates/ui/request/FeedbackSessionUpdateRequest.java
85,src/main/java/teammates/ui/request/MarkNotificationAsReadRequest.java
22,src/main/java/teammates/logic/core/package-info.java
86,src/test/java/teammates/logic/core/FeedbackSessionsLogicTest.java
25,src/test/java/teammates/ui/webapi/GetHasResponsesActionTest.java
131,src/main/java/teammates/logic/external/LogService.java
1,src/main/java/teammates/common/datatransfer/QueryLogsResults.java
85,src/main/java/teammates/ui/webapi/AuthType.java
122,src/test/java/teammates/logic/api/MockRecaptchaVerifier.java
1,src/client/java/teammates/client/scripts/statistics/StatisticsBundle.java
1,src/test/java/teammates/logic/core/DataBundleLogicTest.java
155,src/main/java/teammates/common/datatransfer/logs/LogDetails.java
101,src/main/java/teammates/storage/api/DatastoreEmulatorRunner.java
175,src/main/java/teammates/common/datatransfer/questions/FeedbackRubricQuestionDetails.java
7,src/main/java/teammates/ui/webapi/PutDataBundleDocumentsAction.java
88,src/test/java/teammates/storage/api/InstructorsDbTest.java
1,src/client/java/teammates/client/util/ClientProperties.java
97,src/main/java/teammates/ui/webapi/ActionFactory.java
4,src/main/java/teammates/ui/webapi/UpdateInstructorPrivilegeAction.java
1,src/main/java/teammates/ui/webapi/SearchInstructorsAction.java
88,src/main/java/teammates/logic/external/GoogleCloudLoggingService.java
16,src/e2e/java/teammates/e2e/pageobjects/UserNotificationsPage.java
155,src/test/java/teammates/common/datatransfer/attributes/CourseAttributesTest.java
97,src/main/java/teammates/ui/webapi/SearchInstructorsAction.java
81,src/main/java/teammates/ui/webapi/FeedbackSessionClosingRemindersAction.java
190,src/e2e/java/teammates/e2e/cases/SystemErrorEmailReportE2ETest.java
81,src/test/java/teammates/ui/webapi/InstructorSearchIndexingWorkerActionTest.java
1,src/e2e/java/teammates/e2e/pageobjects/InstructorFeedbackSessionsPage.java
160,src/main/java/teammates/common/datatransfer/questions/FeedbackMcqResponseDetails.java
198,src/client/java/teammates/client/scripts/DataMigrationForConstSumForceUnevenDistribution.java
195,src/client/java/teammates/client/scripts/TeamEvalResultCalculations.java
4,src/main/java/teammates/ui/webapi/RestoreFeedbackSessionAction.java
131,src/test/java/teammates/logic/core/StudentsLogicTest.java
129,src/main/java/teammates/logic/external/GoogleCloudLoggingService.java
22,src/main/java/teammates/ui/webapi/RemindFeedbackSessionSubmissionAction.java
26,src/main/java/teammates/ui/webapi/SubmitFeedbackResponsesAction.java
88,src/main/java/teammates/logic/external/LocalLoggingService.java
16,src/e2e/java/teammates/e2e/cases/StudentCourseDetailsPageE2ETest.java
1,src/test/java/teammates/logic/core/FeedbackSessionsLogicTest.java
7,src/test/java/teammates/logic/core/FeedbackSessionsLogicTest.java
85,src/main/java/teammates/ui/webapi/UpdateFeedbackSessionAction.java
15,src/e2e/java/teammates/e2e/pageobjects/InstructorCoursesPage.java
29,src/test/java/teammates/ui/webapi/GetAuthInfoActionTest.java
1,src/main/java/teammates/logic/core/FeedbackResponsesLogic.java
133,src/main/java/teammates/storage/search/SearchManagerFactory.java
160,src/test/java/teammates/common/datatransfer/InstructorPrivilegesTest.java
155,src/test/java/teammates/common/datatransfer/questions/FeedbackRubricQuestionDetailsTest.java
156,src/main/java/teammates/common/datatransfer/questions/FeedbackResponseDetails.java
129,src/main/java/teammates/logic/core/UsageStatisticsLogic.java
23,src/test/java/teammates/ui/webapi/CreateFeedbackQuestionActionTest.java
156,src/main/java/teammates/common/datatransfer/CourseRoster.java
160,src/test/java/teammates/common/datatransfer/attributes/FeedbackQuestionAttributesTest.java
29,src/main/java/teammates/ui/webapi/QueryLogsAction.java
122,src/main/java/teammates/logic/api/TaskQueuer.java
127,src/main/java/teammates/common/datatransfer/ErrorLogEntry.java
176,src/test/java/teammates/logic/api/EmailGeneratorTest.java
88,src/test/java/teammates/logic/core/StudentsLogicTest.java
8,src/test/java/teammates/logic/api/MockAuthProxy.java
159,src/main/java/teammates/common/datatransfer/SessionResultsBundle.java
5,src/main/java/teammates/ui/webapi/GetFeedbackSessionLogsAction.java
1,src/main/java/teammates/storage/entity/Course.java
29,src/main/java/teammates/ui/webapi/GetSessionResponseStatsAction.java
29,src/test/java/teammates/ui/webapi/InstructorSearchIndexingWorkerActionTest.java
29,src/main/java/teammates/ui/output/MessageOutput.java
4,src/test/java/teammates/ui/webapi/UnpublishFeedbackSessionActionTest.java
9,src/test/java/teammates/storage/api/DeadlineExtensionsDbTest.java
127,src/main/java/teammates/common/exception/DeadlineExceededException.java
29,src/main/java/teammates/ui/request/package-info.java
175,src/main/java/teammates/common/datatransfer/logs/LogSeverity.java
1,src/e2e/java/teammates/e2e/cases/FeedbackMcqQuestionE2ETest.java
26,src/main/java/teammates/ui/webapi/CreateFeedbackQuestionAction.java
160,src/main/java/teammates/common/datatransfer/attributes/FeedbackQuestionAttributes.java
1,src/client/java/teammates/client/connector/package-info.java
85,src/main/java/teammates/ui/webapi/InvalidOperationException.java
185,src/e2e/java/teammates/e2e/pageobjects/CourseJoinConfirmationPage.java
128,src/test/java/teammates/storage/search/StudentSearchTest.java
188,src/e2e/java/teammates/e2e/pageobjects/UserNotificationsPage.java
188,src/e2e/java/teammates/e2e/cases/axe/InstructorFeedbackSessionsPageAxeTest.java
159,src/main/java/teammates/common/datatransfer/AttributesDeletionQuery.java
185,src/e2e/java/teammates/e2e/cases/axe/InstructorCourseStudentDetailsEditPageAxeTest.java
85,src/test/java/teammates/ui/webapi/ActionFactoryTest.java
25,src/test/java/teammates/ui/webapi/SearchStudentsActionTest.java
15,src/e2e/java/teammates/e2e/cases/axe/InstructorStudentActivityLogsPageAxeTest.java
101,src/test/java/teammates/storage/search/package-info.java
26,src/main/java/teammates/ui/webapi/GetRegkeyValidityAction.java
186,src/e2e/java/teammates/e2e/pageobjects/Browser.java
4,src/test/java/teammates/ui/webapi/GetNotificationsActionTest.java
156,src/main/java/teammates/common/datatransfer/NotificationTargetUser.java
127,src/main/java/teammates/common/datatransfer/questions/FeedbackRubricQuestionDetails.java
81,src/main/java/teammates/ui/output/FeedbackResponsesData.java
1,src/e2e/java/teammates/e2e/cases/axe/AdminSearchPageAxeTest.java
186,src/e2e/java/teammates/e2e/cases/axe/StudentHomePageAxeTest.java
68,src/main/java/teammates/logic/external/EmptyRecaptchaService.java
155,src/test/java/teammates/common/datatransfer/attributes/FeedbackResponseAttributesTest.java
159,src/main/java/teammates/common/datatransfer/questions/FeedbackMsqQuestionDetails.java
29,src/main/java/teammates/ui/request/FeedbackSessionRemindRequest.java
4,src/main/java/teammates/ui/output/StudentsData.java
29,src/main/java/teammates/ui/output/ResponseVisibleSetting.java
16,src/e2e/java/teammates/e2e/pageobjects/InstructorStudentActivityLogsPage.java
101,src/test/java/teammates/storage/api/package-info.java
187,src/e2e/java/teammates/e2e/util/EmailAccount.java
23,src/test/java/teammates/ui/webapi/DeleteNotificationActionTest.java
23,src/main/java/teammates/ui/output/JoinLinkData.java
15,src/e2e/java/teammates/e2e/pageobjects/InstructorFeedbackResultsPage.java
187,src/e2e/java/teammates/e2e/pageobjects/InstructorSessionIndividualExtensionPage.java
4,src/main/java/teammates/ui/request/InstructorPrivilegeUpdateRequest.java
88,src/main/java/teammates/storage/entity/Course.java
175,src/main/java/teammates/common/datatransfer/logs/InstanceLogDetails.java
119,src/main/java/teammates/logic/external/EmailSenderService.java
175,src/main/java/teammates/common/util/package-info.java
1,src/test/java/teammates/ui/webapi/RemindFeedbackSessionSubmissionActionTest.java
7,src/main/java/teammates/ui/output/FeedbackSessionPublishStatus.java
1,src/main/java/teammates/ui/webapi/GetNotificationsAction.java
5,src/main/java/teammates/ui/webapi/GetStudentAction.java
85,src/main/java/teammates/ui/webapi/RegenerateStudentKeyAction.java
156,src/test/java/teammates/common/datatransfer/TeamEvalResultTest.java
1,src/e2e/java/teammates/e2e/cases/StudentNotificationsPageE2ETest.java
22,src/test/java/teammates/ui/webapi/UnpublishFeedbackSessionActionTest.java
22,src/main/java/teammates/ui/webapi/PublishFeedbackSessionAction.java
26,src/main/java/teammates/ui/servlets/LoginServlet.java
22,src/test/java/teammates/ui/webapi/StudentCourseJoinEmailWorkerActionTest.java
195,src/client/java/teammates/client/scripts/DataMigrationForGoogleIdToGmail.java
97,src/main/java/teammates/ui/output/RegenerateKeyData.java
1,src/main/java/teammates/common/datatransfer/NotificationTargetUser.java
163,src/test/java/teammates/test/EmailCheckerTest.java
194,src/client/java/teammates/client/scripts/DataMigrationForNullCommentGiverType.java
4,src/test/java/teammates/ui/servlets/OriginCheckFilterTest.java
189,src/e2e/java/teammates/e2e/cases/AdminNotificationsPageE2ETest.java
5,src/main/java/teammates/ui/servlets/RequestTraceFilter.java
23,src/main/java/teammates/ui/webapi/GetRegkeyValidityAction.java
22,src/main/java/teammates/ui/output/FeedbackSessionLogData.java
26,src/test/java/teammates/ui/webapi/RegenerateStudentKeyActionTest.java
1,src/main/java/teammates/logic/api/EmailGenerator.java
7,src/test/java/teammates/ui/webapi/CreateNotificationActionTest.java
7,src/main/java/teammates/ui/output/FeedbackSessionStatsData.java
160,src/main/java/teammates/common/datatransfer/attributes/FeedbackSessionAttributes.java
197,src/client/java/teammates/client/scripts/DataMigrationForConstSumForceUnevenDistribution.java
156,src/main/java/teammates/common/util/JsonUtils.java
8,src/main/java/teammates/logic/core/FeedbackResponsesLogic.java
155,src/main/java/teammates/common/datatransfer/questions/FeedbackContributionQuestionDetails.java
127,src/main/java/teammates/common/datatransfer/questions/FeedbackRankOptionsResponseDetails.java
127,src/main/java/teammates/common/datatransfer/logs/LogSeverity.java
187,src/e2e/java/teammates/e2e/cases/axe/InstructorCourseEnrollPageAxeTest.java
4,src/test/java/teammates/ui/webapi/GetReadNotificationsActionTest.java
16,src/e2e/java/teammates/e2e/cases/BaseFeedbackQuestionE2ETest.java
1,src/main/java/teammates/ui/webapi/GetFeedbackResponseCommentAction.java
174,src/main/java/teammates/common/exception/SearchServiceException.java
81,src/main/java/teammates/ui/output/AuthInfo.java
23,src/main/java/teammates/ui/webapi/GetAccountsAction.java
97,src/main/java/teammates/ui/output/SessionResultsData.java
97,src/test/java/teammates/ui/webapi/CreateFeedbackSessionActionTest.java
131,src/main/java/teammates/logic/api/LogsProcessor.java
17,src/e2e/java/teammates/e2e/pageobjects/InstructorStudentActivityLogsPage.java
156,src/main/java/teammates/common/util/package-info.java
1,src/main/java/teammates/common/datatransfer/logs/ExceptionLogDetails.java
85,src/main/java/teammates/ui/webapi/UnauthorizedAccessException.java
175,src/test/java/teammates/common/datatransfer/questions/FeedbackTextResponseDetailsTest.java
1,src/main/java/teammates/ui/request/MarkNotificationAsReadRequest.java
4,src/main/java/teammates/ui/webapi/BinCourseAction.java
155,src/test/java/teammates/common/datatransfer/attributes/FeedbackResponseCommentAttributesTest.java
133,src/main/java/teammates/storage/api/CoursesDb.java
117,src/test/java/teammates/logic/core/DeadlineExtensionsLogicTest.java
77,src/main/java/teammates/logic/core/package-info.java
156,src/test/java/teammates/common/datatransfer/attributes/AccountRequestAttributesTest.java
85,src/main/java/teammates/ui/webapi/EnrollStudentsAction.java
85,src/test/java/teammates/ui/webapi/CreateAccountActionTest.java
155,src/test/java/teammates/common/datatransfer/questions/FeedbackQuestionDetailsTest.java
25,src/main/java/teammates/ui/request/FeedbackResponseCommentUpdateRequest.java
127,src/test/java/teammates/common/datatransfer/attributes/BaseAttributesTest.java
16,src/e2e/java/teammates/e2e/util/RetryManager.java
26,src/main/java/teammates/ui/webapi/BasicCommentSubmissionAction.java
186,src/e2e/java/teammates/e2e/cases/BaseFeedbackQuestionE2ETest.java
195,src/client/java/teammates/client/scripts/DataMigrationForConstSumForceUnevenDistribution.java
7,src/main/java/teammates/ui/output/UsageStatisticsData.java
17,src/e2e/java/teammates/e2e/pageobjects/StudentHomePage.java
158,src/main/java/teammates/common/util/AppUrl.java
1,src/e2e/java/teammates/e2e/cases/AdminAccountsPageE2ETest.java
26,src/main/java/teammates/ui/output/FeedbackResponseCommentData.java
175,src/test/java/teammates/common/util/BuildPropertiesTest.java
23,src/main/java/teammates/ui/webapi/SendJoinReminderEmailAction.java
9,src/test/java/teammates/storage/search/StudentSearchTest.java
15,src/e2e/java/teammates/e2e/cases/InstructorNotificationsPageE2ETest.java
185,src/e2e/java/teammates/e2e/cases/AutomatedSessionRemindersE2ETest.java
5,src/main/java/teammates/ui/request/CourseArchiveRequest.java
160,src/test/java/teammates/common/datatransfer/TeamEvalResultTest.java
26,src/main/java/teammates/ui/webapi/InvalidOperationException.java
25,src/main/java/teammates/ui/output/CourseArchiveData.java
1,src/main/java/teammates/logic/external/SendgridService.java
5,src/main/java/teammates/ui/webapi/SearchAccountRequestsAction.java
1,src/main/java/teammates/ui/output/FeedbackResponseCommentData.java
29,src/test/java/teammates/ui/webapi/RegenerateInstructorKeyActionTest.java
26,src/main/java/teammates/ui/webapi/GetFeedbackSessionAction.java
123,src/test/java/teammates/storage/api/CoursesDbTest.java
17,src/e2e/java/teammates/e2e/cases/InstructorCourseStudentDetailsPageE2ETest.java
25,src/main/java/teammates/ui/output/FeedbackQuestionRecipientData.java
29,src/main/java/teammates/ui/webapi/UnauthorizedAccessException.java
22,src/test/java/teammates/ui/webapi/FeedbackSessionOpeningRemindersActionTest.java
4,src/main/java/teammates/ui/webapi/ResetAccountRequestAction.java
160,src/main/java/teammates/common/util/FieldValidator.java
158,src/main/java/teammates/common/datatransfer/logs/DefaultLogDetails.java
29,src/test/java/teammates/ui/webapi/JsonResultTest.java
85,src/main/java/teammates/ui/webapi/UpdateFeedbackResponseCommentAction.java
188,src/e2e/java/teammates/e2e/cases/InstructorCourseJoinConfirmationPageE2ETest.java
97,src/main/java/teammates/ui/webapi/CreateFeedbackSessionAction.java
29,src/main/java/teammates/ui/webapi/RegenerateStudentKeyAction.java
22,src/main/java/teammates/logic/core/StudentsLogic.java
25,src/main/java/teammates/ui/output/FeedbackSessionStatsData.java
25,src/main/java/teammates/ui/output/AccountsData.java
7,src/main/java/teammates/ui/output/FeedbackSessionLogData.java
160,src/main/java/teammates/common/util/TaskWrapper.java
81,src/test/java/teammates/ui/webapi/GetFeedbackSessionLogsActionTest.java
185,src/e2e/java/teammates/e2e/cases/AdminNotificationsPageE2ETest.java
16,src/e2e/java/teammates/e2e/cases/AdminHomePageE2ETest.java
97,src/main/java/teammates/logic/external/MailjetService.java
22,src/main/java/teammates/ui/webapi/FeedbackSessionResendPublishedEmailWorkerAction.java
174,src/test/java/teammates/common/datatransfer/questions/FeedbackRankQuestionDetailsTest.java
131,src/test/java/teammates/logic/core/NotificationsLogicTest.java
1,src/test/java/teammates/test/AbstractBackDoor.java
25,src/main/java/teammates/ui/servlets/OAuth2CallbackServlet.java
17,src/e2e/java/teammates/e2e/cases/InstructorStudentListPageE2ETest.java
189,src/e2e/java/teammates/e2e/util/package-info.java
156,src/main/java/teammates/common/util/StringHelper.java
1,src/test/java/teammates/ui/webapi/FeedbackSessionPublishedRemindersActionTest.java
22,src/main/java/teammates/logic/core/InstructorsLogic.java
25,src/main/java/teammates/ui/webapi/GetSessionResponseStatsAction.java
5,src/main/java/teammates/ui/webapi/DeleteFeedbackResponseCommentAction.java
84,src/test/java/teammates/logic/core/NotificationsLogicTest.java
157,src/test/java/teammates/common/datatransfer/package-info.java
175,src/main/java/teammates/common/util/TzdbResourceZoneRulesProvider.java
4,src/main/java/teammates/ui/servlets/package-info.java
186,src/e2e/java/teammates/e2e/cases/axe/InstructorStudentActivityLogsPageAxeTest.java
26,src/test/java/teammates/ui/webapi/GetInstructorActionTest.java
174,src/main/java/teammates/common/datatransfer/logs/ExceptionLogDetails.java
185,src/test/java/teammates/logic/core/CoursesLogicTest.java
29,src/main/java/teammates/ui/webapi/InvalidOperationException.java
23,src/main/java/teammates/ui/request/FeedbackSessionRespondentRemindRequest.java
7,src/main/java/teammates/ui/output/EmailData.java
1,src/main/java/teammates/ui/webapi/FeedbackSessionRemindParticularUsersEmailWorkerAction.java
4,src/test/java/teammates/ui/webapi/FeedbackSessionClosedRemindersActionTest.java
1,src/main/java/teammates/ui/webapi/GetNotificationAction.java
187,src/e2e/java/teammates/e2e/cases/axe/AdminSessionsPageAxeTest.java
127,src/main/java/teammates/common/datatransfer/InstructorPrivileges.java
177,src/main/java/teammates/storage/api/StudentsDb.java
81,src/main/java/teammates/ui/webapi/AccountRequestSearchIndexingWorkerAction.java
174,src/main/java/teammates/common/datatransfer/package-info.java
127,src/test/java/teammates/common/datatransfer/questions/FeedbackRankRecipientsQuestionDetailsTest.java
81,src/main/java/teammates/ui/webapi/SendEmailWorkerAction.java
81,src/main/java/teammates/ui/webapi/CreateFeedbackResponseCommentAction.java
1,src/main/java/teammates/storage/api/FeedbackResponsesDb.java
1,src/e2e/java/teammates/e2e/util/TestNgXmlTest.java
1,src/test/java/teammates/ui/webapi/GetTimeZonesActionTest.java
87,src/main/java/teammates/logic/core/AccountsLogic.java
97,src/main/java/teammates/ui/webapi/GetCoursesAction.java
157,src/test/java/teammates/common/datatransfer/questions/FeedbackTextQuestionDetailsTest.java
160,src/test/java/teammates/common/datatransfer/questions/FeedbackRubricQuestionDetailsTest.java
5,src/main/java/teammates/ui/webapi/GetSessionResultsAction.java
1,src/main/java/teammates/logic/external/RecaptchaService.java
190,src/e2e/java/teammates/e2e/cases/AdminHomePageE2ETest.java
47,src/test/java/teammates/logic/core/FeedbackResponseCommentsLogicTest.java
8,src/main/java/teammates/logic/external/LocalLoggingService.java
29,src/test/java/teammates/ui/webapi/StudentSearchIndexingWorkerActionTest.java
18,src/client/java/teammates/client/scripts/TeamEvalResultCalculations.java
4,src/test/java/teammates/ui/webapi/InstructorCourseJoinEmailWorkerActionTest.java
7,src/main/java/teammates/ui/output/AccountData.java
4,src/test/java/teammates/ui/webapi/CalculateUsageStatisticsActionTest.java
97,src/main/java/teammates/ui/request/FeedbackResponseCommentCreateRequest.java
25,src/main/java/teammates/ui/request/NotificationBasicRequest.java
85,src/main/java/teammates/ui/webapi/SendErrorReportAction.java
4,src/main/java/teammates/ui/webapi/GetSessionResponseStatsAction.java
160,src/test/java/teammates/common/datatransfer/AttributesDeletionQueryTest.java
68,src/main/java/teammates/logic/api/TaskQueuer.java
101,src/main/java/teammates/storage/search/StudentSearchManager.java
23,src/main/java/teammates/ui/webapi/DatastoreBackupAction.java
156,src/main/java/teammates/common/datatransfer/logs/LogDetails.java
155,src/main/java/teammates/common/datatransfer/NotificationStyle.java
133,src/main/java/teammates/storage/entity/package-info.java
97,src/test/java/teammates/ui/webapi/DeleteInstructorActionTest.java
97,src/main/java/teammates/ui/output/NotificationsData.java
22,src/main/java/teammates/ui/webapi/GetNotificationAction.java
7,src/test/java/teammates/ui/webapi/GetHasResponsesActionTest.java
1,src/main/java/teammates/storage/entity/AccountRequest.java
176,src/main/java/teammates/logic/core/AccountsLogic.java
189,src/e2e/java/teammates/e2e/pageobjects/DevServerLoginPage.java
25,src/test/java/teammates/ui/webapi/UpdateNotificationActionTest.java
5,src/test/java/teammates/ui/webapi/FeedbackSessionResendPublishedEmailWorkerActionTest.java
22,src/main/java/teammates/ui/servlets/LogoutServlet.java
1,src/test/java/teammates/common/datatransfer/AttributesDeletionQueryTest.java
68,src/test/java/teammates/logic/api/EmailSenderTest.java
175,src/main/java/teammates/common/util/TaskWrapper.java
8,src/main/java/teammates/logic/api/AuthProxy.java
85,src/main/java/teammates/ui/output/RegkeyValidityData.java
157,src/test/java/teammates/common/datatransfer/InstructorPrivilegesTest.java
26,src/test/java/teammates/ui/webapi/GetDeadlineExtensionActionTest.java
25,src/test/java/teammates/ui/webapi/DeleteCourseActionTest.java
190,src/e2e/java/teammates/e2e/util/TestProperties.java
15,src/e2e/java/teammates/e2e/pageobjects/FeedbackResultsPage.java
5,src/test/java/teammates/ui/webapi/GetHasResponsesActionTest.java
97,src/test/java/teammates/ui/webapi/AccountRequestSearchIndexingWorkerActionTest.java
47,src/main/java/teammates/logic/api/LogsProcessor.java
47,src/main/java/teammates/logic/external/AuthService.java
26,src/main/java/teammates/ui/webapi/DatastoreBackupAction.java
188,src/e2e/java/teammates/e2e/cases/axe/InstructorSessionIndividualExtensionPageAxeTest.java
20,src/main/java/teammates/common/datatransfer/attributes/NotificationAttributes.java
22,src/test/java/teammates/logic/api/LogicExtension.java
1,src/main/java/teammates/common/util/Url.java
23,src/main/java/teammates/ui/output/CommentVisibilityType.java
1,src/client/java/teammates/client/scripts/IndexFeedbackSessionFields.java
1,src/main/java/teammates/storage/entity/CourseStudent.java
4,src/main/java/teammates/ui/webapi/GetTimeZonesAction.java
8,src/main/java/teammates/logic/external/EmptyAuthService.java
7,src/main/java/teammates/ui/output/GeneralLogsData.java
5,src/test/java/teammates/ui/webapi/DeleteFeedbackResponseCommentActionTest.java
125,src/main/java/teammates/storage/api/AccountRequestsDb.java
129,src/test/java/teammates/logic/api/MockEmailSender.java
188,src/e2e/java/teammates/e2e/util/GmailServiceMaker.java
188,src/e2e/java/teammates/e2e/cases/BaseE2ETestCase.java
7,src/main/java/teammates/ui/request/AccountCreateRequest.java
1,src/test/java/teammates/ui/webapi/GetFeedbackSessionActionTest.java
194,src/client/java/teammates/client/scripts/PopulateCourseSearchDocuments.java
194,src/client/java/teammates/client/util/LoopHelper.java
7,src/main/java/teammates/ui/webapi/CreateFeedbackSessionLogAction.java
97,src/test/java/teammates/logic/core/FeedbackSessionsLogicTest.java
128,src/main/java/teammates/storage/entity/FeedbackResponseComment.java
1,src/main/java/teammates/ui/output/EmailData.java
15,src/e2e/java/teammates/e2e/cases/axe/InstructorFeedbackReportPageAxeTest.java
20,src/main/java/teammates/common/datatransfer/logs/RequestLogDetails.java
87,src/test/java/teammates/logic/core/AccountRequestsLogicTest.java
25,src/main/java/teammates/ui/output/FeedbackQuestionData.java
23,src/main/java/teammates/ui/webapi/CreateCourseAction.java
85,src/test/java/teammates/ui/webapi/GetFeedbackResponsesActionTest.java
26,src/main/java/teammates/ui/webapi/ArchiveCourseAction.java
122,src/main/java/teammates/logic/core/AccountRequestsLogic.java
22,src/test/java/teammates/ui/webapi/FeedbackSessionOpeningSoonRemindersActionTest.java
47,src/main/java/teammates/logic/core/package-info.java
160,src/main/java/teammates/common/datatransfer/attributes/NotificationAttributes.java
1,src/e2e/java/teammates/e2e/pageobjects/InstructorStudentListPage.java
4,src/main/java/teammates/ui/webapi/GetRegkeyValidityAction.java
68,src/test/java/teammates/logic/core/InstructorsLogicTest.java
177,src/main/java/teammates/storage/entity/Notification.java
23,src/main/java/teammates/ui/request/NotificationCreateRequest.java
22,src/main/java/teammates/ui/request/BasicRequest.java
7,src/test/java/teammates/ui/webapi/FeedbackSessionClosedRemindersActionTest.java
23,src/test/java/teammates/ui/webapi/CreateAccountActionTest.java
7,src/main/java/teammates/ui/output/JoinState.java
8,src/test/java/teammates/logic/api/EmailGeneratorTest.java
25,src/main/java/teammates/ui/webapi/FeedbackSessionResendPublishedEmailWorkerAction.java
5,src/test/java/teammates/ui/webapi/RemindFeedbackSessionResultActionTest.java
16,src/e2e/java/teammates/e2e/cases/SystemErrorEmailReportE2ETest.java
16,src/e2e/java/teammates/e2e/cases/StudentHomePageE2ETest.java
175,src/main/java/teammates/common/util/Const.java
186,src/e2e/java/teammates/e2e/cases/axe/InstructorFeedbackEditPageAxeTest.java
97,src/main/java/teammates/ui/output/FeedbackResponseData.java
1,src/main/java/teammates/ui/output/FeedbackResponseData.java
125,src/main/java/teammates/storage/entity/Account.java
189,src/e2e/java/teammates/e2e/util/TestPropertiesTest.java
118,src/test/java/teammates/storage/api/DeadlineExtensionsDbTest.java
155,src/test/java/teammates/common/util/StringHelperTest.java
22,src/main/java/teammates/logic/api/Logic.java
189,src/e2e/java/teammates/e2e/cases/FeedbackTextQuestionE2ETest.java
20,src/main/java/teammates/common/datatransfer/questions/FeedbackConstantSumResponseDetails.java
175,src/main/java/teammates/common/datatransfer/questions/FeedbackRankQuestionDetails.java
1,src/test/java/teammates/test/ThreadHelper.java
29,src/main/java/teammates/ui/webapi/ActionMappingException.java
160,src/main/java/teammates/common/datatransfer/InstructorPrivileges.java
1,src/test/java/teammates/common/datatransfer/package-info.java
29,src/test/java/teammates/ui/request/StudentsEnrollRequestTest.java
101,src/main/java/teammates/storage/entity/DeadlineExtension.java
177,src/main/java/teammates/storage/api/AccountRequestsDb.java
4,src/client/java/teammates/client/util/BackDoor.java
173,src/test/java/teammates/test/FileHelper.java
26,src/main/java/teammates/ui/webapi/GetHasResponsesAction.java
23,src/main/java/teammates/ui/request/CourseBasicRequest.java
87,src/main/java/teammates/logic/core/package-info.java
85,src/main/java/teammates/logic/api/AuthProxy.java
5,src/test/java/teammates/ui/webapi/DeleteAccountRequestActionTest.java
8,src/main/java/teammates/logic/api/RecaptchaVerifier.java
25,src/test/java/teammates/ui/servlets/OriginCheckFilterTest.java
186,src/e2e/java/teammates/e2e/cases/FeedbackRankOptionQuestionE2ETest.java
174,src/test/java/teammates/common/util/TimeHelperExtension.java
175,src/main/java/teammates/common/datatransfer/InstructorPrivilegesLegacy.java
131,src/test/java/teammates/logic/api/BaseLogicTest.java
68,src/test/java/teammates/logic/core/UsageStatisticsLogicTest.java
186,src/e2e/java/teammates/e2e/cases/InstructorCourseStudentDetailsEditPageE2ETest.java
79,src/main/java/teammates/logic/api/EmailGenerator.java
132,src/main/java/teammates/storage/entity/Course.java
26,src/main/java/teammates/ui/request/FeedbackResponsesRequest.java
5,src/test/java/teammates/ui/webapi/SearchInstructorsActionTest.java
5,src/main/java/teammates/ui/webapi/AuthType.java
26,src/main/java/teammates/ui/output/JoinState.java
77,src/main/java/teammates/logic/core/InstructorsLogic.java
26,src/main/java/teammates/ui/output/ApiOutput.java
25,src/main/java/teammates/ui/webapi/FeedbackSessionOpeningRemindersAction.java
4,src/test/java/teammates/ui/webapi/GetInstructorActionTest.java
26,src/main/java/teammates/ui/output/UsageStatisticsData.java
5,src/test/java/teammates/ui/webapi/FeedbackSessionOpeningRemindersActionTest.java
22,src/main/java/teammates/ui/request/FeedbackSessionBasicRequest.java
23,src/main/java/teammates/ui/constants/package-info.java
29,src/main/java/teammates/ui/webapi/GenerateEmailAction.java
185,src/e2e/java/teammates/e2e/util/AxeUtil.java
23,src/main/java/teammates/ui/webapi/SendLoginEmailAction.java
189,src/e2e/java/teammates/e2e/pageobjects/package-info.java
119,src/main/java/teammates/logic/core/LogicStarter.java
79,src/main/java/teammates/logic/core/FeedbackResponseCommentsLogic.java
5,src/main/java/teammates/ui/webapi/GetInstructorsAction.java
7,src/main/java/teammates/ui/servlets/WebPageServlet.java
26,src/main/java/teammates/ui/webapi/CalculateUsageStatisticsAction.java
25,src/test/java/teammates/ui/webapi/GetCourseSectionNamesActionTest.java
25,src/test/java/teammates/ui/webapi/CreateCourseActionTest.java
158,src/main/java/teammates/common/datatransfer/FeedbackSessionLogEntry.java
174,src/main/java/teammates/common/util/HttpRequest.java
47,src/test/java/teammates/logic/core/UsageStatisticsLogicTest.java
1,src/main/java/teammates/ui/webapi/GetAccountAction.java
9,src/main/java/teammates/storage/search/AccountRequestSearchManager.java
1,src/main/java/teammates/common/util/Const.java
68,src/test/java/teammates/logic/core/FeedbackSessionsLogicTest.java
18,src/client/java/teammates/client/scripts/PopulateCourseSearchDocuments.java
26,src/test/java/teammates/ui/webapi/CreateInstructorActionTest.java
127,src/main/java/teammates/common/util/JsonUtils.java
119,src/test/java/teammates/logic/core/DeadlineExtensionsLogicTest.java
157,src/main/java/teammates/common/util/EmailType.java
16,src/e2e/java/teammates/e2e/util/MaximumRetriesExceededException.java
26,src/main/java/teammates/ui/webapi/DeleteStudentAction.java
4,src/client/java/teammates/client/scripts/DataMigrationForSanitizedDataInCourseAttributes.java
88,src/main/java/teammates/storage/entity/CourseStudent.java
85,src/main/java/teammates/logic/core/AccountRequestsLogic.java
86,src/main/java/teammates/logic/api/EmailSender.java
163,src/test/java/teammates/test/AbstractBackDoor.java
81,src/main/java/teammates/ui/request/InstructorCreateRequest.java
97,src/main/java/teammates/ui/output/GeneralLogsData.java
7,src/main/java/teammates/ui/request/FeedbackSessionRemindRequest.java
1,src/main/java/teammates/ui/webapi/DeleteFeedbackSessionAction.java
25,src/test/java/teammates/ui/webapi/CreateInstructorActionTest.java
22,src/test/java/teammates/ui/webapi/GetFeedbackSessionLogsActionTest.java
157,src/main/java/teammates/common/datatransfer/questions/FeedbackRubricQuestionDetails.java
97,src/main/java/teammates/ui/output/FeedbackSessionData.java
133,src/main/java/teammates/storage/entity/FeedbackQuestion.java
156,src/main/java/teammates/common/datatransfer/attributes/DeadlineExtensionAttributes.java
174,src/main/java/teammates/common/util/StringHelper.java
174,src/main/java/teammates/common/datatransfer/QueryLogsResults.java
1,src/e2e/java/teammates/e2e/cases/AdminSessionsPageE2ETest.java
4,src/main/java/teammates/ui/webapi/RestoreCourseAction.java
176,src/main/java/teammates/logic/api/EmailSender.java
194,src/client/java/teammates/client/util/package-info.java
185,src/e2e/java/teammates/e2e/cases/FeedbackRankRecipientQuestionE2ETest.java
186,src/e2e/java/teammates/e2e/cases/InstructorFeedbackEditPageE2ETest.java
185,src/e2e/java/teammates/e2e/pageobjects/InstructorHomePage.java
189,src/e2e/java/teammates/e2e/pageobjects/AdminTimezonePage.java
1,src/main/java/teammates/storage/search/SearchManagerStarter.java
22,src/main/java/teammates/ui/webapi/FeedbackSessionRemindEmailWorkerAction.java
132,src/main/java/teammates/storage/entity/DeadlineExtension.java
155,src/main/java/teammates/common/datatransfer/questions/FeedbackRankQuestionDetails.java
185,src/e2e/java/teammates/e2e/util/TestNgXmlTest.java
128,src/main/java/teammates/storage/search/SearchManagerFactory.java
188,src/e2e/java/teammates/e2e/pageobjects/ErrorReportingModal.java
186,src/e2e/java/teammates/e2e/util/GmailServiceMaker.java
101,src/main/java/teammates/storage/api/AccountsDb.java
23,src/main/java/teammates/ui/output/InstructorPrivilegeData.java
4,src/main/java/teammates/ui/webapi/StudentSearchIndexingWorkerAction.java
4,src/test/java/teammates/ui/webapi/FeedbackSessionRemindEmailWorkerActionTest.java
186,src/e2e/java/teammates/e2e/pageobjects/IanaTimezonePage.java
22,src/main/java/teammates/ui/output/UsageStatisticsData.java
29,src/test/java/teammates/ui/webapi/AccountRequestSearchIndexingWorkerActionTest.java
15,src/e2e/java/teammates/e2e/cases/InstructorCoursesPageE2ETest.java
118,src/main/java/teammates/storage/search/SearchManagerStarter.java
23,src/main/java/teammates/ui/webapi/DeleteDataBundleAction.java
5,src/main/java/teammates/ui/webapi/UpdateInstructorPrivilegeAction.java
189,src/e2e/java/teammates/e2e/pageobjects/AdminAccountsPage.java
7,src/main/java/teammates/ui/webapi/BasicFeedbackSubmissionAction.java
25,src/test/java/teammates/ui/webapi/SendJoinReminderEmailActionTest.java
22,src/main/java/teammates/ui/webapi/GateKeeper.java
190,src/e2e/java/teammates/e2e/pageobjects/InstructorStudentActivityLogsPage.java
15,src/e2e/java/teammates/e2e/cases/axe/InstructorFeedbackEditPageAxeTest.java
23,src/main/java/teammates/ui/webapi/ArchiveCourseAction.java
175,src/main/java/teammates/common/util/HttpRequestHelper.java
88,src/main/java/teammates/logic/external/GoogleCloudTasksService.java
1,src/main/java/teammates/ui/output/FeedbackQuestionRecipientsData.java
20,src/main/java/teammates/common/datatransfer/questions/FeedbackConstantSumQuestionDetails.java
125,src/main/java/teammates/storage/entity/BaseEntity.java
7,src/main/java/teammates/ui/webapi/FeedbackSessionResendPublishedEmailWorkerAction.java
159,src/main/java/teammates/common/datatransfer/logs/RequestLogUser.java
5,src/main/java/teammates/ui/servlets/WebSecurityHeaderFilter.java
117,src/main/java/teammates/logic/core/package-info.java
160,src/test/java/teammates/common/datatransfer/questions/FeedbackTextResponseDetailsTest.java
186,src/e2e/java/teammates/e2e/util/EmailAccountTest.java
15,src/e2e/java/teammates/e2e/cases/axe/InstructorFeedbackSessionsPageAxeTest.java
1,src/e2e/java/teammates/e2e/cases/InstructorCourseJoinConfirmationPageE2ETest.java
133,src/test/java/teammates/storage/search/StudentSearchTest.java
159,src/main/java/teammates/common/datatransfer/logs/LogEvent.java
159,src/main/java/teammates/common/datatransfer/logs/FeedbackSessionLogType.java
81,src/main/java/teammates/ui/webapi/InstructorCourseJoinEmailWorkerAction.java
16,src/e2e/java/teammates/e2e/cases/FeedbackConstSumRecipientQuestionE2ETest.java
188,src/e2e/java/teammates/e2e/cases/SystemErrorEmailReportE2ETest.java
15,src/e2e/java/teammates/e2e/cases/InstructorCourseStudentDetailsEditPageE2ETest.java
195,src/client/java/teammates/client/scripts/DataMigrationForUnencryptedKeyForStudents.java
5,src/main/java/teammates/ui/output/TimeZonesData.java
188,src/e2e/java/teammates/e2e/cases/FeedbackSubmitPageE2ETest.java
29,src/test/java/teammates/ui/webapi/GetFeedbackResponseCommentActionTest.java
189,src/e2e/java/teammates/e2e/cases/InstructorCoursesPageE2ETest.java
119,src/main/java/teammates/logic/api/EmailSender.java
23,src/test/java/teammates/ui/servlets/OriginCheckFilterTest.java
186,src/e2e/java/teammates/e2e/util/TestDataValidityTest.java
119,src/main/java/teammates/logic/external/FirebaseAuthService.java
77,src/main/java/teammates/logic/api/UserProvision.java
7,src/test/java/teammates/ui/webapi/UpdateCourseActionTest.java
123,src/main/java/teammates/storage/entity/Instructor.java
190,src/e2e/java/teammates/e2e/cases/axe/InstructorHomePageAxeTest.java
81,src/test/java/teammates/ui/webapi/RestoreFeedbackSessionActionTest.java
23,src/main/java/teammates/ui/output/JoinStatus.java
20,src/test/java/teammates/common/util/SanitizationHelperTest.java
155,src/main/java/teammates/common/util/AppUrl.java
127,src/main/java/teammates/common/datatransfer/logs/FeedbackSessionAuditLogDetails.java
97,src/main/java/teammates/ui/webapi/CreateFeedbackResponseCommentAction.java
4,src/main/java/teammates/ui/webapi/CompileLogsAction.java
195,src/client/java/teammates/client/scripts/statistics/CursorIterator.java
25,src/main/java/teammates/ui/constants/ResourceEndpoints.java
1,src/main/java/teammates/common/util/HttpRequestHelper.java
29,src/test/java/teammates/ui/webapi/BaseActionTest.java
97,src/main/java/teammates/ui/webapi/GetCourseJoinStatusAction.java
132,src/main/java/teammates/storage/api/EntitiesDb.java
1,src/test/java/teammates/ui/webapi/UpdateInstructorActionTest.java
186,src/e2e/java/teammates/e2e/cases/axe/InstructorCourseEnrollPageAxeTest.java
26,src/main/java/teammates/ui/output/CommentVisibilityType.java
47,src/test/java/teammates/logic/api/MockLogsProcessor.java
7,src/test/java/teammates/ui/webapi/UpdateInstructorActionTest.java
190,src/e2e/java/teammates/e2e/cases/axe/InstructorStudentRecordsPageAxeTest.java
81,src/main/java/teammates/ui/webapi/GetFeedbackSessionSubmittedGiverSetAction.java
23,src/main/java/teammates/ui/request/FeedbackResponseCommentCreateRequest.java
190,src/e2e/java/teammates/e2e/cases/BaseFeedbackQuestionE2ETest.java
4,src/main/java/teammates/ui/request/FeedbackSessionCreateRequest.java
97,src/main/java/teammates/ui/webapi/GetFeedbackResponseCommentAction.java
29,src/main/java/teammates/ui/webapi/EnrollStudentsAction.java
117,src/test/java/teammates/logic/api/MockEmailSender.java
25,src/main/java/teammates/ui/output/ResponseVisibleSetting.java
85,src/test/java/teammates/logic/core/FeedbackSessionsLogicTest.java
85,src/test/java/teammates/ui/webapi/GetAccountRequestActionTest.java
97,src/main/java/teammates/ui/webapi/SearchAccountRequestsAction.java
97,src/main/java/teammates/ui/request/FeedbackSessionCreateRequest.java
4,src/main/java/teammates/ui/output/SendLoginEmailResponseData.java
159,src/main/java/teammates/common/datatransfer/logs/EmailSentLogDetails.java
81,src/main/java/teammates/ui/request/Intent.java
159,src/main/java/teammates/common/datatransfer/logs/DefaultLogDetails.java
185,src/main/java/teammates/logic/external/LogService.java
159,src/test/java/teammates/common/util/UrlTest.java
187,src/e2e/java/teammates/e2e/pageobjects/InstructorNotificationsPage.java
97,src/main/java/teammates/logic/external/TaskQueueService.java
4,src/main/java/teammates/ui/webapi/GetFeedbackResponsesAction.java
1,src/client/java/teammates/client/util/BackDoor.java
158,src/main/java/teammates/common/datatransfer/NotificationStyle.java
125,src/test/java/teammates/storage/api/EntitiesDbTest.java
133,src/main/java/teammates/storage/search/SearchManager.java
85,src/main/java/teammates/ui/webapi/GetAccountRequestAction.java
186,src/e2e/java/teammates/e2e/cases/StudentNotificationsPageE2ETest.java
7,src/main/java/teammates/ui/webapi/MarkNotificationAsReadAction.java
157,src/test/java/teammates/common/util/FieldValidatorTest.java
1,src/e2e/java/teammates/e2e/cases/InstructorFeedbackEditPageE2ETest.java
176,src/test/java/teammates/logic/api/BaseLogicTest.java
156,src/test/java/teammates/common/util/BuildPropertiesTest.java
158,src/test/java/teammates/common/datatransfer/questions/FeedbackTextQuestionDetailsTest.java
118,src/main/java/teammates/storage/search/SearchDocument.java
17,src/e2e/java/teammates/e2e/pageobjects/InstructorCourseDetailsPage.java
1,src/main/java/teammates/common/exception/InstructorUpdateException.java
156,src/test/java/teammates/common/util/TimeHelperExtension.java
5,src/test/java/teammates/ui/webapi/GetFeedbackResponsesActionTest.java
81,src/main/java/teammates/ui/servlets/LogoutServlet.java
1,src/main/java/teammates/ui/webapi/EntityNotFoundException.java
4,src/test/java/teammates/ui/webapi/QueryLogsActionTest.java
97,src/main/java/teammates/ui/webapi/GetCourseSectionNamesAction.java
1,src/client/java/teammates/client/scripts/DataMigrationForStudentsAndTeamsRecipientType.java
1,src/test/java/teammates/ui/webapi/CreateNotificationActionTest.java
187,src/e2e/java/teammates/e2e/cases/InstructorCourseEditPageE2ETest.java
7,src/main/java/teammates/ui/request/package-info.java
198,src/client/java/teammates/client/scripts/MockCourseWithLargeResponseScript.java
88,src/test/java/teammates/logic/api/EmailGeneratorTest.java
160,src/main/java/teammates/common/util/StringHelper.java
189,src/e2e/java/teammates/e2e/cases/FeedbackMcqQuestionE2ETest.java
1,src/test/java/teammates/storage/api/package-info.java
127,src/main/java/teammates/common/datatransfer/NotificationTargetUser.java
15,src/e2e/java/teammates/e2e/cases/axe/AdminSearchPageAxeTest.java
25,src/main/java/teammates/ui/webapi/CalculateUsageStatisticsAction.java
1,src/test/java/teammates/storage/search/StudentSearchTest.java
23,src/test/java/teammates/ui/webapi/DeleteFeedbackSessionActionTest.java
97,src/test/java/teammates/ui/webapi/DeleteAccountActionTest.java
1,src/main/java/teammates/ui/webapi/UpdateFeedbackResponseCommentAction.java
86,src/test/java/teammates/logic/core/DataBundleLogicTest.java
4,src/main/java/teammates/ui/output/ActionClasses.java
159,src/main/java/teammates/common/datatransfer/questions/FeedbackContributionQuestionDetails.java
16,src/e2e/java/teammates/e2e/cases/AdminAccountsPageE2ETest.java
17,src/e2e/java/teammates/e2e/pageobjects/StudentNotificationsPage.java
85,src/main/java/teammates/logic/external/EmailSenderService.java
125,src/main/java/teammates/storage/api/OfyHelper.java
1,src/main/java/teammates/ui/webapi/InvalidHttpParameterException.java
15,src/e2e/java/teammates/e2e/cases/axe/FeedbackSubmitPageAxeTest.java
5,src/test/java/teammates/ui/webapi/GetFeedbackSessionActionTest.java
189,src/e2e/java/teammates/e2e/cases/axe/InstructorSearchPageAxeTest.java
158,src/main/java/teammates/common/util/Const.java
23,src/main/java/teammates/ui/webapi/UpdateFeedbackQuestionAction.java
26,src/main/java/teammates/ui/request/CourseCreateRequest.java
17,src/e2e/java/teammates/e2e/pageobjects/Browser.java
131,src/main/java/teammates/storage/api/AccountsDb.java
7,src/main/java/teammates/ui/output/SessionLinksRecoveryResponseData.java
7,src/test/java/teammates/ui/webapi/JoinCourseActionTest.java
1,src/test/java/teammates/test/BaseTestCaseWithLocalDatabaseAccess.java
17,src/e2e/java/teammates/e2e/cases/axe/AdminAccountsPageAxeTest.java
26,src/main/java/teammates/ui/request/AccountCreateRequest.java
97,src/test/java/teammates/ui/webapi/SubmitFeedbackResponsesActionTest.java
122,src/main/java/teammates/logic/core/FeedbackResponsesLogic.java
20,src/main/java/teammates/common/util/Config.java
29,src/main/java/teammates/ui/webapi/UpdateInstructorPrivilegeAction.java
1,src/e2e/java/teammates/e2e/pageobjects/AdminSessionsPage.java
176,src/test/java/teammates/logic/core/BaseLogicTest.java
29,src/main/java/teammates/ui/request/InvalidHttpRequestBodyException.java
1,src/main/java/teammates/ui/request/FeedbackSessionCreateRequest.java
7,src/test/java/teammates/ui/servlets/LegacyUrlMapperTest.java
1,src/test/java/teammates/common/datatransfer/questions/FeedbackContributionQuestionDetailsTest.java
196,src/client/java/teammates/client/scripts/statistics/package-info.java
122,src/test/java/teammates/logic/api/LogicExtension.java
68,src/main/java/teammates/logic/core/AccountRequestsLogic.java
155,src/test/java/teammates/common/datatransfer/InstructorPrivilegesTest.java
23,src/test/java/teammates/ui/webapi/CreateCourseActionTest.java
85,src/main/java/teammates/ui/webapi/PublishFeedbackSessionAction.java
97,src/main/java/teammates/ui/request/CourseArchiveRequest.java
4,src/test/java/teammates/ui/webapi/MarkNotificationAsReadActionTest.java
155,src/main/java/teammates/common/datatransfer/questions/package-info.java
1,src/test/java/teammates/test/TestProperties.java
18,src/client/java/teammates/client/scripts/DataMigrationForUnencryptedKeyForStudents.java
26,src/main/java/teammates/ui/webapi/DeleteInstructorAction.java
101,src/test/java/teammates/storage/api/NotificationsDbTest.java
1,src/test/java/teammates/ui/webapi/ActionFactoryTest.java
157,src/main/java/teammates/common/exception/DeadlineExceededException.java
26,src/main/java/teammates/ui/webapi/GetReadNotificationsAction.java
7,src/main/java/teammates/ui/request/NotificationCreateRequest.java
1,src/client/java/teammates/client/scripts/DataMigrationForUnencryptedKeyForStudents.java
81,src/main/java/teammates/ui/webapi/DeleteFeedbackSessionAction.java
155,src/main/java/teammates/common/datatransfer/logs/FeedbackSessionAuditLogDetails.java
158,src/main/java/teammates/common/util/StdOutConsoleHandler.java
87,src/main/java/teammates/logic/core/NotificationsLogic.java
81,src/main/java/teammates/ui/output/OngoingSessionsData.java
87,src/main/java/teammates/logic/api/UserProvision.java
177,src/main/java/teammates/storage/entity/BaseEntity.java
5,src/test/java/teammates/ui/webapi/GetCourseJoinStatusActionTest.java
4,src/main/java/teammates/ui/webapi/CreateAccountRequestAction.java
160,src/test/java/teammates/common/util/StringHelperExtension.java
7,src/main/java/teammates/ui/webapi/FeedbackSessionUnpublishedEmailWorkerAction.java
97,src/main/java/teammates/ui/output/JoinLinkData.java
15,src/e2e/java/teammates/e2e/cases/axe/StudentHomePageAxeTest.java
117,src/main/java/teammates/logic/api/Logic.java
4,src/main/java/teammates/ui/webapi/DeleteAccountRequestAction.java
132,src/main/java/teammates/storage/entity/FeedbackQuestion.java
156,src/main/java/teammates/common/datatransfer/logs/QueryLogsParams.java
88,src/main/java/teammates/logic/api/UserProvision.java
81,src/test/java/teammates/ui/webapi/SearchInstructorsActionTest.java
5,src/main/java/teammates/ui/output/FeedbackVisibilityType.java
85,src/test/java/teammates/ui/webapi/SendErrorReportActionTest.java
17,src/e2e/java/teammates/e2e/cases/FeedbackRankOptionQuestionE2ETest.java
7,src/test/java/teammates/ui/webapi/BaseActionTest.java
26,src/test/java/teammates/ui/webapi/SearchStudentsActionTest.java
4,src/main/java/teammates/ui/webapi/ActionMappingException.java
174,src/main/java/teammates/common/util/HttpRequestHelper.java
128,src/main/java/teammates/storage/search/AccountRequestSearchManager.java
85,src/main/java/teammates/ui/output/FeedbackQuestionRecipientsData.java
5,src/test/java/teammates/ui/webapi/CompileLogsActionTest.java
119,src/test/java/teammates/logic/external/package-info.java
198,src/client/java/teammates/client/scripts/DataMigrationForTextQuestionRecommendedLength.java
174,src/main/java/teammates/common/util/SanitizationHelper.java
97,src/test/java/teammates/ui/webapi/CreateFeedbackResponseCommentActionTest.java
185,src/e2e/java/teammates/e2e/cases/InstructorSessionIndividualExtensionPageE2ETest.java
197,src/client/java/teammates/client/util/package-info.java
194,src/client/java/teammates/client/connector/DatastoreClient.java
88,src/main/java/teammates/storage/entity/UsageStatistics.java
23,src/main/java/teammates/ui/webapi/SubmitFeedbackResponsesAction.java
18,src/client/java/teammates/client/scripts/DataMigrationForFeedbackSessionMismatchedTimezone.java
160,src/test/java/teammates/common/datatransfer/attributes/package-info.java
26,src/test/java/teammates/ui/webapi/GetNotificationsActionTest.java
1,src/main/java/teammates/common/datatransfer/questions/FeedbackRubricQuestionDetails.java
23,src/main/java/teammates/ui/webapi/QueryLogsAction.java
160,src/main/java/teammates/common/util/RequestTracer.java
186,src/e2e/java/teammates/e2e/cases/FeedbackNumScaleQuestionE2ETest.java
81,src/main/java/teammates/ui/webapi/DeleteStudentAction.java
159,src/test/java/teammates/common/datatransfer/package-info.java
77,src/test/java/teammates/logic/core/FeedbackResponseCommentsLogicTest.java
7,src/main/java/teammates/ui/webapi/JoinCourseAction.java
47,src/test/java/teammates/logic/api/MockAuthProxy.java
85,src/main/java/teammates/ui/servlets/RequestTraceFilter.java
158,src/main/java/teammates/common/datatransfer/CourseRoster.java
29,src/main/java/teammates/ui/output/SendLoginEmailResponseData.java
7,src/test/java/teammates/ui/webapi/GetReadNotificationsActionTest.java
4,src/main/java/teammates/ui/webapi/UpdateCourseAction.java
7,src/main/java/teammates/ui/webapi/CreateInstructorAction.java
97,src/main/java/teammates/ui/output/FeedbackSessionSubmittedGiverSet.java
1,src/main/java/teammates/ui/webapi/GetFeedbackSessionSubmittedGiverSetAction.java
119,src/main/java/teammates/logic/api/TaskQueuer.java
174,src/test/java/teammates/common/datatransfer/attributes/NotificationAttributesTest.java
131,src/main/java/teammates/storage/search/SearchManagerStarter.java
97,src/main/java/teammates/ui/output/CourseData.java
85,src/main/java/teammates/ui/output/StudentData.java
81,src/main/java/teammates/ui/output/InstructorData.java
25,src/test/java/teammates/ui/webapi/EnrollStudentsActionTest.java
133,src/main/java/teammates/storage/entity/FeedbackResponseComment.java
86,src/main/java/teammates/logic/core/CoursesLogic.java
4,src/test/java/teammates/ui/webapi/GetActionClassesActionTest.java
185,src/e2e/java/teammates/e2e/pageobjects/InstructorFeedbackResultsPage.java
84,src/main/java/teammates/logic/external/SendgridService.java
177,src/main/java/teammates/storage/search/package-info.java
156,src/main/java/teammates/common/datatransfer/questions/FeedbackTextResponseDetails.java
1,src/main/java/teammates/common/datatransfer/questions/FeedbackMcqResponseDetails.java
85,src/main/java/teammates/ui/webapi/UpdateStudentAction.java
81,src/main/java/teammates/ui/webapi/BasicCommentSubmissionAction.java
25,src/test/java/teammates/ui/webapi/FeedbackSessionPublishedEmailWorkerActionTest.java
97,src/test/java/teammates/ui/webapi/SearchStudentsActionTest.java
176,src/main/java/teammates/logic/core/DataBundleLogic.java
29,src/main/java/teammates/ui/webapi/GetInstructorAction.java
23,src/main/java/teammates/ui/webapi/CreateFeedbackSessionAction.java
68,src/main/java/teammates/logic/external/LocalTaskQueueService.java
16,src/e2e/java/teammates/e2e/cases/InstructorCourseEditPageE2ETest.java
23,src/main/java/teammates/ui/webapi/GetOngoingSessionsAction.java
17,src/e2e/java/teammates/e2e/cases/InstructorFeedbackReportPageE2ETest.java
5,src/test/java/teammates/ui/webapi/GetFeedbackQuestionsActionTest.java
5,src/main/java/teammates/ui/webapi/GetCourseJoinStatusAction.java
127,src/main/java/teammates/common/exception/EnrollException.java
119,src/main/java/teammates/logic/external/EmptyRecaptchaService.java
1,src/main/java/teammates/common/datatransfer/UserInfo.java
131,src/main/java/teammates/storage/search/AccountRequestSearchDocument.java
187,src/e2e/java/teammates/e2e/cases/InstructorCourseDetailsPageE2ETest.java
158,src/main/java/teammates/common/datatransfer/questions/FeedbackRubricQuestionDetails.java
29,src/main/java/teammates/ui/webapi/GetFeedbackResponseCommentAction.java
190,src/e2e/java/teammates/e2e/util/BackDoor.java
4,src/test/java/teammates/ui/webapi/SessionLinksRecoveryActionTest.java
26,src/main/java/teammates/ui/request/FeedbackResponseCommentUpdateRequest.java
79,src/test/java/teammates/logic/api/EmailSenderTest.java
85,src/test/java/teammates/ui/webapi/FeedbackSessionRemindEmailWorkerActionTest.java
97,src/main/java/teammates/ui/output/FeedbackSessionPublishStatus.java
130,src/main/java/teammates/storage/api/FeedbackSessionsDb.java
188,src/e2e/java/teammates/e2e/cases/StudentNotificationsPageE2ETest.java
156,src/test/java/teammates/common/datatransfer/attributes/CourseAttributesTest.java
97,src/main/java/teammates/ui/webapi/UpdateInstructorAction.java
29,src/main/java/teammates/ui/webapi/DeleteFeedbackResponseCommentAction.java
17,src/e2e/java/teammates/e2e/pageobjects/FeedbackSubmitPage.java
22,src/main/java/teammates/ui/webapi/FeedbackSessionOpeningRemindersAction.java
4,src/main/java/teammates/ui/output/SessionLinksRecoveryResponseData.java
23,src/main/java/teammates/ui/request/package-info.java
125,src/main/java/teammates/storage/api/DeadlineExtensionsDb.java
26,src/main/java/teammates/ui/output/AccountRequestsData.java
156,src/main/java/teammates/common/datatransfer/logs/EmailSentLogDetails.java
173,src/test/java/teammates/test/BaseTestCaseWithDatabaseAccess.java
81,src/main/java/teammates/ui/output/package-info.java
17,src/e2e/java/teammates/e2e/util/EmailAccount.java
88,src/main/java/teammates/storage/api/EntitiesDb.java
186,src/e2e/java/teammates/e2e/cases/NotificationBannerE2ETest.java
1,src/main/java/teammates/logic/core/FeedbackResponseCommentsLogic.java
163,src/test/java/teammates/test/MockHttpServletRequest.java
159,src/test/java/teammates/common/datatransfer/questions/FeedbackQuestionDetailsTest.java
88,src/test/java/teammates/logic/core/FeedbackSessionsLogicTest.java
81,src/main/java/teammates/ui/webapi/GetUsageStatisticsAction.java
8,src/test/java/teammates/logic/api/UserProvisionTest.java
1,src/client/java/teammates/client/scripts/DataMigrationForNullCommentGiverType.java
26,src/test/java/teammates/ui/webapi/SearchInstructorsActionTest.java
1,src/main/java/teammates/ui/output/CommentVisibilityType.java
20,src/main/java/teammates/common/util/Logger.java
23,src/main/java/teammates/ui/webapi/CreateInstructorAction.java
26,src/main/java/teammates/ui/request/FeedbackResponseCommentCreateRequest.java
189,src/e2e/java/teammates/e2e/pageobjects/StudentHomePage.java
1,src/main/java/teammates/ui/output/AccountRequestsData.java
174,src/main/java/teammates/common/util/Url.java
186,src/e2e/java/teammates/e2e/cases/axe/StudentNotificationsPageAxeTest.java
97,src/main/java/teammates/ui/output/JoinState.java
16,src/e2e/java/teammates/e2e/cases/axe/AdminSessionsPageAxeTest.java
85,src/test/java/teammates/ui/webapi/DeleteAccountRequestActionTest.java
81,src/test/java/teammates/ui/webapi/GetSessionResultsActionTest.java
81,src/test/java/teammates/ui/webapi/FeedbackSessionRemindParticularUsersEmailWorkerActionTest.java
130,src/test/java/teammates/storage/search/package-info.java
5,src/main/java/teammates/ui/webapi/package-info.java
188,src/e2e/java/teammates/e2e/cases/AdminNotificationsPageE2ETest.java
23,src/main/java/teammates/ui/webapi/RemindFeedbackSessionResultAction.java
16,src/e2e/java/teammates/e2e/cases/axe/InstructorCourseStudentDetailsPageAxeTest.java
23,src/main/java/teammates/ui/output/TimeZonesData.java
175,src/main/java/teammates/common/datatransfer/attributes/StudentAttributes.java
131,src/main/java/teammates/logic/core/CoursesLogic.java
29,src/main/java/teammates/ui/request/CourseArchiveRequest.java
4,src/test/java/teammates/ui/webapi/SendJoinReminderEmailActionTest.java
117,src/main/java/teammates/logic/external/TaskQueueService.java
23,src/main/java/teammates/ui/servlets/WebPageServlet.java
85,src/test/java/teammates/ui/servlets/WebPageServletTest.java
1,src/test/java/teammates/common/datatransfer/questions/FeedbackRankOptionsQuestionDetailsTest.java
26,src/test/java/teammates/ui/webapi/CalculateUsageStatisticsActionTest.java
85,src/test/java/teammates/ui/webapi/GetCourseActionTest.java
17,src/e2e/java/teammates/e2e/cases/FeedbackMsqQuestionE2ETest.java
86,src/main/java/teammates/logic/api/package-info.java
159,src/main/java/teammates/common/datatransfer/questions/FeedbackTextQuestionDetails.java
85,src/test/java/teammates/logic/core/AccountRequestsLogicTest.java
16,src/e2e/java/teammates/e2e/cases/InstructorFeedbackEditPageE2ETest.java
131,src/test/java/teammates/storage/search/package-info.java
16,src/e2e/java/teammates/e2e/pageobjects/DevServerLoginPage.java
190,src/e2e/java/teammates/e2e/cases/InstructorStudentListPageE2ETest.java
174,src/test/java/teammates/common/datatransfer/attributes/FeedbackResponseAttributesTest.java
185,src/e2e/java/teammates/e2e/util/GmailServiceMaker.java
85,src/test/java/teammates/logic/core/FeedbackResponsesLogicTest.java
29,src/main/java/teammates/ui/webapi/GetHasResponsesAction.java
160,src/test/java/teammates/common/datatransfer/attributes/InstructorAttributesTest.java
4,src/main/java/teammates/ui/webapi/GetCourseSectionNamesAction.java
155,src/test/java/teammates/common/util/package-info.java
127,src/main/java/teammates/common/datatransfer/questions/FeedbackConstantSumQuestionDetails.java
7,src/main/java/teammates/ui/servlets/DevServerLoginServlet.java
1,src/test/java/teammates/common/util/FieldValidatorTest.java
7,src/main/java/teammates/ui/webapi/CreateFeedbackSessionAction.java
81,src/test/java/teammates/ui/webapi/GetFeedbackSessionActionTest.java
5,src/main/java/teammates/ui/request/FeedbackResponseCommentBasicRequest.java
9,src/main/java/teammates/storage/entity/DeadlineExtension.java
173,src/test/java/teammates/test/BaseTestCaseWithLocalDatabaseAccess.java
1,src/main/java/teammates/ui/output/FeedbackSessionSubmittedGiverSet.java
160,src/main/java/teammates/common/util/Logger.java
97,src/main/java/teammates/ui/webapi/AdminOnlyAction.java
155,src/main/java/teammates/common/util/EmailType.java
4,src/test/java/teammates/ui/webapi/JoinCourseActionTest.java
1,src/test/java/teammates/ui/webapi/DeleteNotificationActionTest.java
97,src/main/java/teammates/ui/output/AccountRequestsData.java
101,src/main/java/teammates/storage/search/AccountRequestSearchManager.java
1,src/test/java/teammates/ui/webapi/GetAuthInfoActionTest.java
20,src/main/java/teammates/common/datatransfer/questions/FeedbackNumericalScaleQuestionDetails.java
174,src/main/java/teammates/common/util/TaskWrapper.java
132,src/main/java/teammates/storage/api/AccountRequestsDb.java
15,src/e2e/java/teammates/e2e/pageobjects/AdminTimezonePage.java
190,src/e2e/java/teammates/e2e/pageobjects/AdminNotificationsPage.java
26,src/main/java/teammates/ui/webapi/SearchInstructorsAction.java
4,src/main/java/teammates/ui/webapi/InstructorCourseJoinEmailWorkerAction.java
22,src/main/java/teammates/ui/output/AccountData.java
81,src/main/java/teammates/ui/webapi/GetNotificationAction.java
156,src/main/java/teammates/common/datatransfer/attributes/FeedbackQuestionAttributes.java
86,src/main/java/teammates/logic/external/LocalLoggingService.java
23,src/main/java/teammates/ui/servlets/HealthCheckServlet.java
1,src/main/java/teammates/ui/servlets/LoginServlet.java
26,src/test/java/teammates/ui/webapi/CompileLogsActionTest.java
79,src/test/java/teammates/logic/api/MockLogsProcessor.java
29,src/main/java/teammates/ui/output/package-info.java
4,src/client/java/teammates/client/scripts/MockCourseWithLargeResponseScript.java
23,src/test/java/teammates/ui/servlets/package-info.java
97,src/test/java/teammates/logic/api/MockTaskQueuer.java
1,src/test/java/teammates/logic/core/UsageStatisticsLogicTest.java
85,src/main/java/teammates/ui/output/AuthInfo.java
97,src/test/java/teammates/ui/webapi/GetFeedbackSessionActionTest.java
22,src/main/java/teammates/ui/output/JoinStatus.java
18,src/client/java/teammates/client/scripts/DataMigrationForSampleGoogleIdInStudentAttributes.java
97,src/test/java/teammates/logic/core/UsageStatisticsLogicTest.java
22,src/main/java/teammates/ui/webapi/FeedbackSessionClosedRemindersAction.java
132,src/main/java/teammates/storage/search/AccountRequestSearchDocument.java
131,src/test/java/teammates/storage/api/NotificationsDbTest.java
23,src/main/java/teammates/ui/request/FeedbackQuestionUpdateRequest.java
25,src/main/java/teammates/ui/webapi/DatastoreBackupAction.java
156,src/main/java/teammates/common/util/FileHelper.java
88,src/main/java/teammates/logic/external/package-info.java
26,src/test/java/teammates/ui/webapi/GetFeedbackQuestionsActionTest.java
127,src/main/java/teammates/common/exception/AuthException.java
175,src/main/java/teammates/common/datatransfer/questions/FeedbackRankOptionsResponseDetails.java
88,src/main/java/teammates/storage/entity/DeadlineExtension.java
85,src/test/java/teammates/ui/webapi/ResetAccountRequestActionTest.java
129,src/main/java/teammates/logic/core/package-info.java
79,src/test/java/teammates/logic/core/FeedbackResponseCommentsLogicTest.java
157,src/main/java/teammates/common/datatransfer/attributes/DeadlineExtensionAttributes.java
84,src/main/java/teammates/logic/api/package-info.java
20,src/main/java/teammates/common/util/TaskWrapper.java
77,src/test/java/teammates/logic/core/CoursesLogicTest.java
156,src/main/java/teammates/common/datatransfer/logs/FeedbackSessionAuditLogDetails.java
29,src/main/java/teammates/ui/output/FeedbackQuestionsData.java
23,src/test/java/teammates/ui/webapi/DeleteFeedbackQuestionActionTest.java
1,src/test/java/teammates/ui/webapi/InstructorSearchIndexingWorkerActionTest.java
26,src/main/java/teammates/ui/webapi/FeedbackSessionClosedRemindersAction.java
22,src/main/java/teammates/logic/core/DeadlineExtensionsLogic.java
1,src/test/java/teammates/ui/webapi/CreateInstructorActionTest.java
159,src/test/java/teammates/common/datatransfer/attributes/InstructorAttributesTest.java
26,src/test/java/teammates/ui/webapi/SendLoginEmailActionTest.java
133,src/main/java/teammates/storage/api/FeedbackResponseCommentsDb.java
85,src/test/java/teammates/ui/webapi/GetOngoingSessionsActionTest.java
157,src/main/java/teammates/common/datatransfer/logs/GeneralLogEntry.java
1,src/client/java/teammates/client/scripts/DataMigrationForContributionQuestionDetailsIsZeroSum.java
22,src/main/java/teammates/logic/external/MailjetService.java
177,src/test/java/teammates/storage/search/StudentSearchTest.java
84,src/test/java/teammates/logic/core/package-info.java
1,src/main/java/teammates/storage/api/NotificationsDb.java
1,src/main/java/teammates/storage/api/FeedbackQuestionsDb.java
20,src/main/java/teammates/common/exception/SearchServiceException.java
1,src/main/java/teammates/storage/entity/FeedbackResponseComment.java
159,src/main/java/teammates/common/exception/DeadlineExceededException.java
8,src/main/java/teammates/logic/core/NotificationsLogic.java
81,src/main/java/teammates/ui/webapi/GetFeedbackSessionsAction.java
185,src/e2e/java/teammates/e2e/pageobjects/DevServerLoginPage.java
158,src/main/java/teammates/common/datatransfer/logs/EmailSentLogDetails.java
1,src/test/java/teammates/common/datatransfer/ErrorLogEntryTest.java
81,src/test/java/teammates/ui/webapi/GetFeedbackQuestionsActionTest.java
175,src/main/java/teammates/common/datatransfer/QueryLogsResults.java
25,src/main/java/teammates/ui/servlets/AuthServlet.java
26,src/main/java/teammates/ui/constants/ResourceEndpoints.java
160,src/main/java/teammates/common/datatransfer/FeedbackParticipantType.java
77,src/test/java/teammates/logic/core/BaseLogicTest.java
29,src/test/java/teammates/ui/webapi/RestoreCourseActionTest.java
1,src/test/java/teammates/test/package-info.java
81,src/main/java/teammates/ui/servlets/OriginCheckFilter.java
5,src/main/java/teammates/ui/webapi/RestoreFeedbackSessionAction.java
190,src/e2e/java/teammates/e2e/cases/axe/InstructorCourseStudentDetailsEditPageAxeTest.java
155,src/main/java/teammates/common/datatransfer/questions/FeedbackQuestionType.java
23,src/main/java/teammates/ui/webapi/InvalidHttpParameterException.java
156,src/main/java/teammates/common/exception/EmailSendingException.java
29,src/main/java/teammates/ui/webapi/DeleteCourseAction.java
85,src/main/java/teammates/logic/api/LogsProcessor.java
188,src/e2e/java/teammates/e2e/pageobjects/AdminAccountsPage.java
5,src/main/java/teammates/ui/output/CoursesData.java
129,src/main/java/teammates/logic/core/LogicStarter.java
176,src/main/java/teammates/logic/core/DeadlineExtensionsLogic.java
79,src/main/java/teammates/logic/external/package-info.java
157,src/test/java/teammates/common/datatransfer/questions/FeedbackMsqQuestionDetailsTest.java
29,src/main/java/teammates/ui/output/CourseData.java
5,src/test/java/teammates/ui/webapi/CreateFeedbackResponseCommentActionTest.java
17,src/e2e/java/teammates/e2e/cases/axe/StudentCourseDetailsPageAxeTest.java
17,src/e2e/java/teammates/e2e/cases/InstructorCourseDetailsPageE2ETest.java
81,src/main/java/teammates/ui/webapi/DeleteDataBundleAction.java
157,src/main/java/teammates/common/util/Templates.java
159,src/main/java/teammates/common/datatransfer/attributes/package-info.java
4,src/main/java/teammates/ui/constants/package-info.java
187,src/e2e/java/teammates/e2e/cases/axe/InstructorStudentRecordsPageAxeTest.java
101,src/test/java/teammates/storage/api/DeadlineExtensionsDbTest.java
189,src/e2e/java/teammates/e2e/pageobjects/AdminSessionsPage.java
7,src/main/java/teammates/ui/webapi/FeedbackSessionPublishedEmailWorkerAction.java
130,src/main/java/teammates/storage/entity/Course.java
158,src/main/java/teammates/common/exception/EmailSendingException.java
29,src/main/java/teammates/ui/webapi/GetRegkeyValidityAction.java
87,src/main/java/teammates/logic/external/package-info.java
1,src/test/java/teammates/common/datatransfer/attributes/FeedbackSessionAttributesTest.java
7,src/test/java/teammates/ui/webapi/QueryLogsActionTest.java
97,src/main/java/teammates/ui/webapi/RemindFeedbackSessionSubmissionAction.java
23,src/test/java/teammates/ui/webapi/CreateInstructorActionTest.java
189,src/e2e/java/teammates/e2e/cases/FeedbackConstSumRecipientQuestionE2ETest.java
1,src/main/java/teammates/ui/constants/package-info.java
23,src/main/java/teammates/ui/webapi/UpdateInstructorPrivilegeAction.java
1,src/e2e/java/teammates/e2e/cases/axe/InstructorFeedbackSessionsPageAxeTest.java
1,src/main/java/teammates/common/util/Logger.java
97,src/test/java/teammates/ui/webapi/DeleteCourseActionTest.java
8,src/test/java/teammates/logic/api/MockTaskQueuer.java
22,src/test/java/teammates/ui/webapi/GetUsageStatisticsActionTest.java
26,src/main/java/teammates/ui/output/StudentsData.java
8,src/main/java/teammates/logic/core/CoursesLogic.java
159,src/test/java/teammates/common/datatransfer/UserInfoCookieTest.java
7,src/main/java/teammates/logic/external/EmptyAuthService.java
22,src/test/java/teammates/ui/webapi/SendErrorReportActionTest.java
85,src/test/java/teammates/ui/webapi/SubmitFeedbackResponsesActionTest.java
85,src/main/java/teammates/logic/external/AuthService.java
81,src/main/java/teammates/ui/webapi/AdminOnlyAction.java
88,src/main/java/teammates/logic/api/EmailSender.java
20,src/main/java/teammates/common/datatransfer/FeedbackParticipantType.java
156,src/main/java/teammates/common/datatransfer/logs/FeedbackSessionLogType.java
88,src/main/java/teammates/logic/external/SendgridService.java
29,src/main/java/teammates/ui/output/FeedbackSessionStatsData.java
87,src/main/java/teammates/logic/external/LocalTaskQueueService.java
22,src/main/java/teammates/ui/webapi/DeleteCourseAction.java
81,src/main/java/teammates/ui/output/FeedbackResponseCommentData.java
68,src/main/java/teammates/logic/external/GoogleCloudLoggingService.java
175,src/main/java/teammates/common/exception/InstructorUpdateException.java
23,src/test/java/teammates/ui/webapi/CreateAccountRequestActionTest.java
1,src/main/java/teammates/ui/request/package-info.java
7,src/main/java/teammates/ui/webapi/AccountRequestSearchIndexingWorkerAction.java
5,src/main/java/teammates/ui/webapi/CreateInstructorAction.java
1,src/test/java/teammates/ui/webapi/JsonResultTest.java
8,src/main/java/teammates/logic/external/LogService.java
18,src/client/java/teammates/client/scripts/DataMigrationForUnencryptedKeyForInstructors.java
85,src/main/java/teammates/ui/output/AccountsData.java
15,src/e2e/java/teammates/e2e/pageobjects/InstructorCourseEnrollPage.java
87,src/test/java/teammates/logic/core/FeedbackResponseCommentsLogicTest.java
133,src/main/java/teammates/storage/entity/DeadlineExtension.java
68,src/main/java/teammates/logic/external/LocalLoggingService.java
176,src/test/java/teammates/logic/core/AccountsLogicTest.java
97,src/test/java/teammates/ui/webapi/JsonResultTest.java
85,src/main/java/teammates/ui/constants/DefaultInstructorPermissions.java
17,src/e2e/java/teammates/e2e/cases/AdminNotificationsPageE2ETest.java
47,src/main/java/teammates/logic/core/FeedbackResponseCommentsLogic.java
188,src/e2e/java/teammates/e2e/util/EmailAccountTest.java
26,src/main/java/teammates/ui/webapi/CreateFeedbackSessionAction.java
23,src/main/java/teammates/ui/request/SendEmailRequest.java
1,src/test/java/teammates/logic/external/GoogleRecaptchaServiceTest.java
22,src/main/java/teammates/ui/output/ResponseVisibleSetting.java
1,src/test/java/teammates/common/datatransfer/InstructorPrivilegesTest.java
26,src/test/java/teammates/ui/webapi/RestoreFeedbackSessionActionTest.java
1,src/main/java/teammates/ui/webapi/FeedbackSessionOpeningSoonRemindersAction.java
7,src/test/java/teammates/ui/webapi/GetInstructorPrivilegeActionTest.java
1,src/client/java/teammates/client/scripts/DataMigrationForTextQuestionRecommendedLength.java
88,src/main/java/teammates/storage/search/AccountRequestSearchManager.java
81,src/main/java/teammates/ui/webapi/BinFeedbackSessionAction.java
85,src/test/java/teammates/ui/webapi/UpdateInstructorActionTest.java
17,src/e2e/java/teammates/e2e/cases/InstructorStudentActivityLogsPageE2ETest.java
160,src/main/java/teammates/common/datatransfer/questions/FeedbackRankRecipientsResponseDetails.java
123,src/main/java/teammates/storage/search/StudentSearchDocument.java
158,src/main/java/teammates/common/datatransfer/questions/FeedbackResponseDetails.java
87,src/test/java/teammates/logic/core/CoursesLogicTest.java
128,src/test/java/teammates/storage/api/FeedbackResponseCommentsDbTest.java
158,src/test/java/teammates/common/datatransfer/attributes/FeedbackResponseCommentAttributesTest.java
158,src/main/java/teammates/common/datatransfer/attributes/FeedbackSessionAttributes.java
29,src/test/java/teammates/ui/webapi/ArchiveCourseActionTest.java
81,src/main/java/teammates/ui/request/MarkNotificationAsReadRequest.java
158,src/main/java/teammates/common/datatransfer/UserInfo.java
81,src/main/java/teammates/ui/webapi/CompileLogsAction.java
15,src/e2e/java/teammates/e2e/pageobjects/InstructorCourseDetailsPage.java
85,src/main/java/teammates/ui/webapi/FeedbackSessionPublishedRemindersAction.java
130,src/main/java/teammates/storage/entity/BaseEntity.java
1,src/main/java/teammates/storage/api/StudentsDb.java
26,src/test/java/teammates/ui/webapi/ArchiveCourseActionTest.java
29,src/test/java/teammates/ui/webapi/GetInstructorPrivilegeActionTest.java
81,src/test/java/teammates/ui/webapi/CreateCourseActionTest.java
20,src/test/java/teammates/common/datatransfer/questions/FeedbackNumericalScaleQuestionDetailsTest.java
16,src/e2e/java/teammates/e2e/cases/InstructorStudentRecordsPageE2ETest.java
1,src/main/java/teammates/ui/webapi/CreateNotificationAction.java
5,src/test/java/teammates/ui/webapi/CreateFeedbackSessionActionTest.java
159,src/test/java/teammates/common/datatransfer/questions/FeedbackMsqQuestionDetailsTest.java
4,src/client/java/teammates/client/scripts/ListActiveInstructors.java
97,src/main/java/teammates/logic/external/RecaptchaService.java
155,src/main/java/teammates/common/datatransfer/questions/FeedbackMcqQuestionDetails.java
131,src/test/java/teammates/logic/core/AccountRequestsLogicTest.java
4,src/main/java/teammates/ui/webapi/RegenerateStudentKeyAction.java
158,src/main/java/teammates/common/datatransfer/ErrorLogEntry.java
1,src/test/java/teammates/logic/core/NotificationsLogicTest.java
16,src/e2e/java/teammates/e2e/cases/FeedbackNumScaleQuestionE2ETest.java
22,src/main/java/teammates/ui/webapi/AdminExceptionTestAction.java
155,src/main/java/teammates/common/datatransfer/questions/FeedbackTextResponseDetails.java
157,src/main/java/teammates/common/util/RequestTracer.java
16,src/e2e/java/teammates/e2e/util/EmailAccountTest.java
81,src/main/java/teammates/ui/output/FeedbackSessionLogsData.java
159,src/test/java/teammates/common/datatransfer/TeamEvalResultTest.java
123,src/test/java/teammates/storage/api/FeedbackQuestionsDbTest.java
7,src/main/java/teammates/ui/output/FeedbackSessionData.java
47,src/test/java/teammates/logic/api/MockTaskQueuer.java
101,src/main/java/teammates/storage/search/package-info.java
15,src/e2e/java/teammates/e2e/cases/FeedbackConstSumRecipientQuestionE2ETest.java
1,src/e2e/java/teammates/e2e/cases/axe/InstructorStudentActivityLogsPageAxeTest.java
189,src/e2e/java/teammates/e2e/cases/axe/StudentNotificationsPageAxeTest.java
81,src/main/java/teammates/ui/request/FeedbackSessionBasicRequest.java
22,src/main/java/teammates/ui/output/SessionLinksRecoveryResponseData.java
22,src/test/java/teammates/ui/webapi/GetFeedbackSessionsActionTest.java
25,src/test/java/teammates/ui/webapi/GetDeadlineExtensionActionTest.java
176,src/main/java/teammates/logic/external/MailgunService.java
77,src/main/java/teammates/logic/external/MailjetService.java
86,src/main/java/teammates/logic/api/TaskQueuer.java
29,src/test/java/teammates/ui/servlets/LegacyUrlMapperTest.java
18,src/client/java/teammates/client/scripts/package-info.java
86,src/test/java/teammates/logic/api/EmailSenderTest.java
189,src/e2e/java/teammates/e2e/pageobjects/InstructorCourseStudentDetailsEditPage.java
131,src/test/java/teammates/logic/api/EmailSenderTest.java
4,src/main/java/teammates/ui/webapi/AccountRequestSearchIndexingWorkerAction.java
5,src/main/java/teammates/ui/request/CourseUpdateRequest.java
68,src/test/java/teammates/logic/core/DeadlineExtensionsLogicTest.java
25,src/main/java/teammates/ui/output/AccountRequestsData.java
97,src/main/java/teammates/ui/webapi/Action.java
22,src/test/java/teammates/ui/webapi/PublishFeedbackSessionActionTest.java
132,src/main/java/teammates/storage/entity/CourseStudent.java
29,src/main/java/teammates/ui/webapi/FeedbackSessionResendPublishedEmailWorkerAction.java
185,src/main/java/teammates/logic/core/AccountsLogic.java
22,src/main/java/teammates/ui/webapi/DeleteInstructorAction.java
81,src/main/java/teammates/ui/output/FeedbackSessionData.java
25,src/main/java/teammates/ui/output/ApiOutput.java
119,src/main/java/teammates/logic/external/MailgunService.java
132,src/main/java/teammates/storage/api/StudentsDb.java
174,src/main/java/teammates/common/datatransfer/SessionResultsBundle.java
158,src/main/java/teammates/common/util/SanitizationHelper.java
158,src/main/java/teammates/common/exception/AuthException.java
1,src/main/java/teammates/logic/api/LogsProcessor.java
22,src/test/java/teammates/ui/webapi/DeleteStudentsActionTest.java
97,src/test/java/teammates/ui/webapi/CreateInstructorActionTest.java
97,src/test/java/teammates/ui/webapi/GetFeedbackSessionSubmittedGiverSetActionTest.java
132,src/main/java/teammates/storage/api/CoursesDb.java
131,src/test/java/teammates/logic/core/BaseLogicTest.java
97,src/test/java/teammates/ui/webapi/CreateAccountActionTest.java
23,src/main/java/teammates/ui/webapi/GetSessionResponseStatsAction.java
5,src/main/java/teammates/ui/request/FeedbackResponseCommentCreateRequest.java
23,src/test/java/teammates/ui/webapi/GetNotificationActionTest.java
156,src/test/java/teammates/common/util/StringHelperTest.java
97,src/main/java/teammates/logic/core/FeedbackSessionsLogic.java
22,src/main/java/teammates/ui/output/FeedbackResponsesData.java
97,src/main/java/teammates/ui/output/package-info.java
163,src/test/java/teammates/test/MockFilterChain.java
117,src/main/java/teammates/logic/core/FeedbackSessionsLogic.java
23,src/main/java/teammates/ui/output/CoursesData.java
128,src/test/java/teammates/storage/search/InstructorSearchTest.java
16,src/e2e/java/teammates/e2e/cases/axe/InstructorCourseDetailsPageAxeTest.java
7,src/test/java/teammates/logic/external/package-info.java
29,src/main/java/teammates/ui/webapi/ActionResult.java
7,src/main/java/teammates/ui/output/ActionClasses.java
97,src/main/java/teammates/ui/webapi/FeedbackSessionClosedRemindersAction.java
4,src/main/java/teammates/ui/webapi/CreateNotificationAction.java
29,src/main/java/teammates/ui/output/AccountRequestData.java
29,src/main/java/teammates/ui/webapi/RegenerateInstructorKeyAction.java
85,src/main/java/teammates/ui/output/SendLoginEmailResponseData.java
81,src/main/java/teammates/ui/output/InstructorPermissionRole.java
5,src/test/java/teammates/ui/webapi/DeleteCourseActionTest.java
185,src/e2e/java/teammates/e2e/cases/FeedbackContributionQuestionE2ETest.java
26,src/main/java/teammates/ui/webapi/SendJoinReminderEmailAction.java
20,src/main/java/teammates/common/exception/EntityDoesNotExistException.java
79,src/main/java/teammates/logic/api/Logic.java
88,src/main/java/teammates/storage/entity/FeedbackQuestion.java
1,src/main/java/teammates/logic/api/Logic.java
81,src/main/java/teammates/ui/output/ReadNotificationsData.java
15,src/e2e/java/teammates/e2e/pageobjects/StudentNotificationsPage.java
197,src/client/java/teammates/client/scripts/DataMigrationForTextQuestionRecommendedLength.java
158,src/test/java/teammates/common/datatransfer/attributes/NotificationAttributesTest.java
5,src/test/java/teammates/ui/webapi/DeleteFeedbackSessionActionTest.java
131,src/main/java/teammates/storage/entity/AccountRequest.java
175,src/test/java/teammates/common/util/UrlTest.java
23,src/main/java/teammates/ui/webapi/ActionResult.java
17,src/e2e/java/teammates/e2e/cases/StudentHomePageE2ETest.java
195,src/client/java/teammates/client/util/LoopHelper.java
26,src/main/java/teammates/ui/output/HasResponsesData.java
4,src/main/java/teammates/ui/request/CourseUpdateRequest.java
25,src/main/java/teammates/ui/webapi/GetUsageStatisticsAction.java
4,src/main/java/teammates/ui/webapi/ArchiveCourseAction.java
128,src/test/java/teammates/storage/api/package-info.java
1,src/main/java/teammates/ui/servlets/LogoutServlet.java
9,src/test/java/teammates/storage/api/InstructorsDbTest.java
85,src/test/java/teammates/ui/servlets/LegacyUrlMapperTest.java
85,src/main/java/teammates/ui/request/CourseCreateRequest.java
23,src/main/java/teammates/ui/webapi/MarkNotificationAsReadAction.java
5,src/test/java/teammates/ui/webapi/GetCourseSectionNamesActionTest.java
189,src/e2e/java/teammates/e2e/cases/axe/FeedbackResultsPageAxeTest.java
22,src/main/java/teammates/ui/webapi/SearchStudentsAction.java
187,src/e2e/java/teammates/e2e/cases/axe/InstructorSearchPageAxeTest.java
1,src/main/java/teammates/ui/request/FeedbackSessionUpdateRequest.java
186,src/e2e/java/teammates/e2e/cases/axe/AdminHomePageAxeTest.java
20,src/test/java/teammates/common/datatransfer/attributes/FeedbackSessionAttributesTest.java
1,src/main/java/teammates/common/datatransfer/questions/FeedbackMsqQuestionDetails.java
195,src/client/java/teammates/client/scripts/statistics/FileStore.java
97,src/main/java/teammates/ui/webapi/UpdateStudentAction.java
16,src/e2e/java/teammates/e2e/cases/InstructorStudentListPageE2ETest.java
4,src/main/java/teammates/ui/request/CourseCreateRequest.java
188,src/e2e/java/teammates/e2e/cases/InstructorSearchPageE2ETest.java
158,src/test/java/teammates/common/datatransfer/questions/package-info.java
128,src/main/java/teammates/storage/search/StudentSearchDocument.java
1,src/client/java/teammates/client/connector/DatastoreClient.java
131,src/test/java/teammates/storage/search/StudentSearchTest.java
119,src/main/java/teammates/logic/external/LocalLoggingService.java
15,src/e2e/java/teammates/e2e/cases/axe/StudentNotificationsPageAxeTest.java
156,src/main/java/teammates/common/datatransfer/questions/FeedbackConstantSumResponseDetails.java
81,src/main/java/teammates/ui/webapi/DatastoreBackupAction.java
25,src/test/java/teammates/ui/webapi/SubmitFeedbackResponsesActionTest.java
189,src/e2e/java/teammates/e2e/cases/axe/InstructorCourseEnrollPageAxeTest.java
4,src/main/java/teammates/ui/webapi/SendErrorReportAction.java
23,src/main/java/teammates/ui/servlets/package-info.java
25,src/main/java/teammates/ui/webapi/PutDataBundleAction.java
85,src/test/java/teammates/ui/webapi/GetAccountActionTest.java
25,src/main/java/teammates/ui/webapi/UpdateFeedbackSessionAction.java
81,src/main/java/teammates/ui/webapi/CreateFeedbackSessionLogAction.java
22,src/main/java/teammates/ui/output/FeedbackSessionPublishStatus.java
7,src/main/java/teammates/logic/external/FirebaseAuthService.java
1,src/main/java/teammates/common/util/RequestTracer.java
23,src/main/java/teammates/ui/output/FeedbackVisibilityType.java
174,src/test/java/teammates/common/datatransfer/questions/FeedbackQuestionDetailsTest.java
4,src/main/java/teammates/ui/output/InstructorsData.java
23,src/main/java/teammates/ui/webapi/DeleteFeedbackSessionAction.java
188,src/e2e/java/teammates/e2e/cases/FeedbackNumScaleQuestionE2ETest.java
189,src/e2e/java/teammates/e2e/pageobjects/InstructorFeedbackSessionsPage.java
26,src/main/java/teammates/ui/webapi/SearchAccountRequestsAction.java
20,src/test/java/teammates/common/util/StringHelperTest.java
22,src/main/java/teammates/logic/external/LogService.java
85,src/main/java/teammates/ui/webapi/DeleteNotificationAction.java
160,src/main/java/teammates/common/util/SanitizationHelper.java
174,src/main/java/teammates/common/util/package-info.java
26,src/test/java/teammates/ui/webapi/QueryLogsActionTest.java
26,src/main/java/teammates/ui/webapi/GetStudentAction.java
4,src/main/java/teammates/ui/output/TimeZonesData.java
123,src/main/java/teammates/storage/entity/Notification.java
101,src/main/java/teammates/storage/entity/BaseEntity.java
9,src/main/java/teammates/storage/entity/FeedbackQuestion.java
190,src/e2e/java/teammates/e2e/pageobjects/FeedbackResultsPage.java
160,src/test/java/teammates/common/datatransfer/questions/FeedbackConstantSumQuestionDetailsTest.java
85,src/main/java/teammates/ui/request/CourseUpdateRequest.java
81,src/test/java/teammates/ui/webapi/DeleteFeedbackResponseCommentActionTest.java
5,src/main/java/teammates/ui/request/FeedbackResponseCommentUpdateRequest.java
1,src/test/java/teammates/ui/webapi/RemindFeedbackSessionResultActionTest.java
25,src/main/java/teammates/ui/servlets/LegacyUrlMapper.java
85,src/test/java/teammates/ui/webapi/UpdateFeedbackSessionActionTest.java
5,src/main/java/teammates/ui/output/AccountRequestsData.java
85,src/main/java/teammates/ui/output/RegenerateKeyData.java
17,src/e2e/java/teammates/e2e/pageobjects/AdminSearchPage.java
97,src/test/java/teammates/logic/core/BaseLogicTest.java
26,src/main/java/teammates/ui/webapi/FeedbackSessionPublishedRemindersAction.java
177,src/main/java/teammates/storage/search/SearchManagerStarter.java
155,src/test/java/teammates/common/util/TimeHelperTest.java
175,src/main/java/teammates/common/datatransfer/attributes/UsageStatisticsAttributes.java
194,src/client/java/teammates/client/scripts/DataMigrationForTextQuestionDetailsFormat.java
187,src/e2e/java/teammates/e2e/cases/InstructorCourseStudentDetailsEditPageE2ETest.java
7,src/main/java/teammates/ui/request/CourseArchiveRequest.java
4,src/client/java/teammates/client/scripts/DataMigrationForInstructorNullIsArchivedField.java
20,src/main/java/teammates/common/datatransfer/UserInfoCookie.java
190,src/e2e/java/teammates/e2e/util/GmailServiceMaker.java
81,src/main/java/teammates/ui/request/FeedbackQuestionCreateRequest.java
22,src/main/java/teammates/ui/output/NumberOfEntitiesToGiveFeedbackToSetting.java
79,src/main/java/teammates/logic/core/AccountRequestsLogic.java
158,src/main/java/teammates/common/datatransfer/attributes/FeedbackResponseCommentAttributes.java
81,src/main/java/teammates/ui/webapi/GetStudentAction.java
131,src/test/java/teammates/logic/core/package-info.java
188,src/e2e/java/teammates/e2e/util/RetryManager.java
81,src/test/java/teammates/ui/webapi/UpdateNotificationActionTest.java
23,src/main/java/teammates/ui/output/FeedbackSessionLogsData.java
87,src/main/java/teammates/logic/external/AuthService.java
159,src/main/java/teammates/common/datatransfer/logs/LogSeverity.java
1,src/main/java/teammates/ui/webapi/InstructorSearchIndexingWorkerAction.java
97,src/main/java/teammates/ui/webapi/InvalidOperationException.java
15,src/e2e/java/teammates/e2e/cases/FeedbackContributionQuestionE2ETest.java
7,src/test/java/teammates/logic/api/MockRecaptchaVerifier.java
85,src/main/java/teammates/ui/webapi/GetCourseAction.java
5,src/test/java/teammates/ui/webapi/GetActionClassesActionTest.java
7,src/test/java/teammates/ui/webapi/UpdateFeedbackResponseCommentActionTest.java
189,src/e2e/java/teammates/e2e/cases/axe/InstructorStudentActivityLogsPageAxeTest.java
25,src/test/java/teammates/ui/webapi/FeedbackSessionClosedRemindersActionTest.java
22,src/test/java/teammates/ui/webapi/GetStudentsActionTest.java
188,src/e2e/java/teammates/e2e/util/TestDataValidityTest.java
4,src/main/java/teammates/ui/servlets/WebApiServlet.java
85,src/main/java/teammates/ui/webapi/CreateAccountRequestAction.java
122,src/main/java/teammates/logic/external/GoogleRecaptchaService.java
189,src/e2e/java/teammates/e2e/cases/AdminSessionsPageE2ETest.java
1,src/main/java/teammates/ui/webapi/GetStudentsAction.java
133,src/main/java/teammates/storage/api/StudentsDb.java
4,src/main/java/teammates/ui/webapi/GetFeedbackSessionLogsAction.java
127,src/main/java/teammates/common/datatransfer/attributes/CourseAttributes.java
25,src/test/java/teammates/ui/webapi/FeedbackSessionResendPublishedEmailWorkerActionTest.java
22,src/main/java/teammates/ui/webapi/ActionResult.java
81,src/main/java/teammates/ui/request/NotificationCreateRequest.java
1,src/e2e/java/teammates/e2e/pageobjects/AdminNotificationsPage.java
22,src/test/java/teammates/ui/webapi/EnrollStudentsActionTest.java
5,src/main/java/teammates/ui/webapi/CalculateUsageStatisticsAction.java
159,src/main/java/teammates/common/datatransfer/TeamEvalResult.java
85,src/main/java/teammates/ui/webapi/DeleteCourseAction.java
23,src/test/java/teammates/ui/webapi/SendJoinReminderEmailActionTest.java
23,src/test/java/teammates/ui/webapi/DeleteStudentActionTest.java
5,src/main/java/teammates/ui/output/ApiOutput.java
25,src/main/java/teammates/ui/webapi/FeedbackSessionRemindEmailWorkerAction.java
101,src/main/java/teammates/storage/api/FeedbackQuestionsDb.java
25,src/main/java/teammates/ui/output/JoinLinkData.java
8,src/main/java/teammates/logic/external/TaskQueueService.java
5,src/test/java/teammates/ui/webapi/FeedbackSessionRemindEmailWorkerActionTest.java
7,src/main/java/teammates/ui/request/CourseCreateRequest.java
1,src/main/java/teammates/ui/output/RegenerateKeyData.java
8,src/main/java/teammates/logic/core/AccountRequestsLogic.java
85,src/main/java/teammates/ui/webapi/CalculateUsageStatisticsAction.java
84,src/main/java/teammates/logic/core/InstructorsLogic.java
156,src/test/java/teammates/common/datatransfer/attributes/InstructorAttributesTest.java
1,src/main/java/teammates/ui/servlets/RequestTraceFilter.java
85,src/main/java/teammates/ui/servlets/LoginServlet.java
5,src/test/java/teammates/ui/webapi/DeleteAccountActionTest.java
123,src/main/java/teammates/storage/entity/BaseEntity.java
174,src/main/java/teammates/common/datatransfer/attributes/EntityAttributes.java
131,src/test/java/teammates/storage/api/FeedbackResponsesDbTest.java
23,src/main/java/teammates/ui/webapi/GenerateEmailAction.java
118,src/main/java/teammates/storage/api/UsageStatisticsDb.java
26,src/main/java/teammates/ui/webapi/PublishFeedbackSessionAction.java
25,src/test/java/teammates/ui/webapi/GetAccountsActionTest.java
129,src/test/java/teammates/logic/core/DeadlineExtensionsLogicTest.java
1,src/main/java/teammates/ui/webapi/DeleteAccountRequestAction.java
156,src/main/java/teammates/common/datatransfer/FeedbackParticipantType.java
174,src/main/java/teammates/common/exception/EntityDoesNotExistException.java
4,src/main/java/teammates/ui/output/GeneralLogsData.java
158,src/main/java/teammates/common/datatransfer/logs/package-info.java
101,src/main/java/teammates/storage/search/InstructorSearchManager.java
22,src/main/java/teammates/ui/webapi/UnpublishFeedbackSessionAction.java
1,src/main/java/teammates/ui/output/AccountRequestData.java
68,src/main/java/teammates/logic/core/package-info.java
5,src/test/java/teammates/ui/webapi/SendJoinReminderEmailActionTest.java
4,src/test/java/teammates/ui/webapi/GetInstructorPrivilegeActionTest.java
185,src/e2e/java/teammates/e2e/util/package-info.java
188,src/e2e/java/teammates/e2e/pageobjects/InstructorCourseEditPage.java
156,src/test/java/teammates/common/datatransfer/questions/FeedbackTextQuestionDetailsTest.java
81,src/main/java/teammates/ui/webapi/SubmitFeedbackResponsesAction.java
130,src/main/java/teammates/storage/entity/UsageStatistics.java
129,src/main/java/teammates/logic/external/SendgridService.java
23,src/main/java/teammates/ui/webapi/RemindFeedbackSessionSubmissionAction.java
5,src/main/java/teammates/ui/request/Intent.java
81,src/main/java/teammates/ui/output/UsageStatisticsData.java
117,src/main/java/teammates/logic/core/UsageStatisticsLogic.java
1,src/e2e/java/teammates/e2e/cases/StudentHomePageE2ETest.java
159,src/main/java/teammates/common/datatransfer/InstructorPrivileges.java
163,src/test/java/teammates/test/TestNgXmlTest.java
7,src/test/java/teammates/logic/api/MockTaskQueuer.java
159,src/test/java/teammates/common/datatransfer/questions/FeedbackTextQuestionDetailsTest.java
23,src/test/java/teammates/ui/webapi/GetActionClassesActionTest.java
25,src/main/java/teammates/ui/webapi/FeedbackSessionClosingRemindersAction.java
81,src/main/java/teammates/ui/output/TimeZonesData.java
174,src/main/java/teammates/common/exception/EntityAlreadyExistsException.java
1,src/test/java/teammates/ui/webapi/GetCourseJoinStatusActionTest.java
131,src/test/java/teammates/logic/api/UserProvisionTest.java
4,src/main/java/teammates/ui/webapi/GetHasResponsesAction.java
157,src/main/java/teammates/common/datatransfer/logs/QueryLogsParams.java
185,src/e2e/java/teammates/e2e/cases/InstructorCourseStudentDetailsEditPageE2ETest.java
128,src/main/java/teammates/storage/api/DatastoreEmulatorRunner.java
22,src/main/java/teammates/ui/webapi/GetFeedbackSessionSubmittedGiverSetAction.java
185,src/e2e/java/teammates/e2e/cases/axe/InstructorSessionIndividualExtensionPageAxeTest.java
175,src/main/java/teammates/common/datatransfer/NotificationStyle.java
1,src/main/java/teammates/ui/webapi/SendJoinReminderEmailAction.java
20,src/main/java/teammates/common/datatransfer/questions/FeedbackRankRecipientsResponseDetails.java
1,src/main/java/teammates/common/datatransfer/attributes/UsageStatisticsAttributes.java
25,src/main/java/teammates/ui/servlets/OriginCheckFilter.java
122,src/test/java/teammates/logic/api/package-info.java
29,src/main/java/teammates/ui/output/FeedbackSessionSubmissionStatus.java
160,src/main/java/teammates/common/util/EmailSendingStatus.java
29,src/main/java/teammates/ui/webapi/GetActionClassesAction.java
23,src/test/java/teammates/ui/webapi/SendLoginEmailActionTest.java
1,src/e2e/java/teammates/e2e/cases/axe/InstructorSearchPageAxeTest.java
85,src/test/java/teammates/ui/webapi/GetFeedbackResponseCommentActionTest.java
122,src/test/java/teammates/logic/core/FeedbackSessionsLogicTest.java
20,src/main/java/teammates/common/datatransfer/questions/package-info.java
88,src/main/java/teammates/storage/api/CoursesDb.java
97,src/test/java/teammates/logic/api/EmailSenderTest.java
160,src/test/java/teammates/common/datatransfer/attributes/FeedbackResponseAttributesTest.java
157,src/main/java/teammates/common/datatransfer/TeamEvalResult.java
1,src/test/java/teammates/ui/webapi/FeedbackSessionResendPublishedEmailWorkerActionTest.java
195,src/client/java/teammates/client/connector/package-info.java
88,src/main/java/teammates/storage/entity/FeedbackResponse.java
174,src/main/java/teammates/common/datatransfer/questions/FeedbackRankOptionsResponseDetails.java
20,src/main/java/teammates/common/datatransfer/logs/FeedbackSessionAuditLogDetails.java
29,src/test/java/teammates/ui/webapi/GetTimeZonesActionTest.java
159,src/main/java/teammates/common/datatransfer/UserInfo.java
127,src/main/java/teammates/common/datatransfer/questions/FeedbackRankRecipientsResponseDetails.java
5,src/test/java/teammates/ui/webapi/InstructorCourseJoinEmailWorkerActionTest.java
1,src/main/java/teammates/common/datatransfer/logs/LogSeverity.java
7,src/main/java/teammates/ui/output/CourseSectionNamesData.java
29,src/test/java/teammates/ui/webapi/GetStudentsActionTest.java
81,src/main/java/teammates/ui/request/CourseArchiveRequest.java
130,src/main/java/teammates/storage/api/CoursesDb.java
188,src/e2e/java/teammates/e2e/pageobjects/InstructorSearchPage.java
97,src/main/java/teammates/ui/webapi/GateKeeper.java
185,src/e2e/java/teammates/e2e/pageobjects/InstructorCourseEnrollPage.java
122,src/test/java/teammates/logic/core/BaseLogicTest.java
85,src/main/java/teammates/ui/webapi/GenerateEmailAction.java
23,src/main/java/teammates/ui/output/SessionVisibleSetting.java
189,src/e2e/java/teammates/e2e/cases/FeedbackNumScaleQuestionE2ETest.java
188,src/e2e/java/teammates/e2e/cases/axe/AdminSearchPageAxeTest.java
81,src/main/java/teammates/ui/request/AccountCreateRequest.java
85,src/main/java/teammates/ui/webapi/GetOngoingSessionsAction.java
29,src/test/java/teammates/ui/webapi/UpdateCourseActionTest.java
1,src/test/java/teammates/ui/webapi/DeleteAccountActionTest.java
1,src/test/java/teammates/ui/servlets/WebApiServletTest.java
5,src/test/java/teammates/ui/webapi/EnrollStudentsActionTest.java
157,src/main/java/teammates/common/datatransfer/questions/FeedbackConstantSumResponseDetails.java
85,src/test/java/teammates/ui/webapi/DeleteStudentsActionTest.java
1,src/test/java/teammates/common/datatransfer/questions/FeedbackNumericalScaleQuestionDetailsTest.java
130,src/main/java/teammates/storage/search/InstructorSearchManager.java
17,src/e2e/java/teammates/e2e/cases/axe/InstructorFeedbackEditPageAxeTest.java
16,src/e2e/java/teammates/e2e/cases/FeedbackRankOptionQuestionE2ETest.java
1,src/main/java/teammates/ui/request/FeedbackResponseCommentCreateRequest.java
4,src/main/java/teammates/ui/constants/ResourceEndpoints.java
85,src/main/java/teammates/ui/webapi/FeedbackSessionOpeningSoonRemindersAction.java
187,src/e2e/java/teammates/e2e/cases/axe/InstructorCourseEditPageAxeTest.java
187,src/e2e/java/teammates/e2e/cases/InstructorFeedbackReportPageE2ETest.java
127,src/main/java/teammates/common/datatransfer/attributes/InstructorAttributes.java
23,src/main/java/teammates/ui/output/RegkeyValidityData.java
23,src/test/java/teammates/ui/webapi/UpdateNotificationActionTest.java
17,src/e2e/java/teammates/e2e/pageobjects/ErrorReportingModal.java
174,src/test/java/teammates/common/datatransfer/questions/FeedbackRankOptionsQuestionDetailsTest.java
26,src/test/java/teammates/ui/webapi/RestoreCourseActionTest.java
22,src/main/java/teammates/ui/webapi/GetNotificationsAction.java
17,src/e2e/java/teammates/e2e/cases/axe/AdminSearchPageAxeTest.java
1,src/e2e/java/teammates/e2e/cases/axe/StudentNotificationsPageAxeTest.java
1,src/e2e/java/teammates/e2e/util/BackDoor.java
8,src/main/java/teammates/logic/api/Logic.java
7,src/test/java/teammates/ui/webapi/GetFeedbackSessionSubmittedGiverSetActionTest.java
87,src/test/java/teammates/logic/api/EmailGeneratorTest.java
26,src/main/java/teammates/ui/webapi/GetFeedbackSessionSubmittedGiverSetAction.java
8,src/test/java/teammates/logic/core/BaseLogicTest.java
4,src/client/java/teammates/client/scripts/DataMigrationForInstructorFeedbackResponseComments.java
1,src/e2e/java/teammates/e2e/pageobjects/ErrorReportingModal.java
122,src/main/java/teammates/logic/external/FirebaseAuthService.java
97,src/test/java/teammates/ui/webapi/DeleteFeedbackResponseCommentActionTest.java
1,src/e2e/java/teammates/e2e/pageobjects/InstructorCourseEditPage.java
5,src/test/java/teammates/ui/webapi/ActionFactoryTest.java
158,src/main/java/teammates/common/datatransfer/questions/FeedbackQuestionDetails.java
175,src/test/java/teammates/common/util/JsonUtilsTest.java
84,src/test/java/teammates/logic/core/BaseLogicTest.java
4,src/main/java/teammates/ui/servlets/AuthServlet.java
9,src/main/java/teammates/storage/entity/FeedbackResponse.java
68,src/test/java/teammates/logic/external/package-info.java
85,src/main/java/teammates/logic/external/GoogleCloudTasksService.java
175,src/main/java/teammates/common/datatransfer/attributes/FeedbackSessionAttributes.java
4,src/test/java/teammates/ui/webapi/GetTimeZonesActionTest.java
131,src/main/java/teammates/storage/api/EntitiesDb.java
20,src/test/java/teammates/common/util/FieldValidatorTest.java
97,src/main/java/teammates/logic/external/LocalLoggingService.java
196,src/client/java/teammates/client/scripts/DataMigrationForFeedbackSessionMismatchedTimezone.java
131,src/main/java/teammates/logic/core/FeedbackResponsesLogic.java
130,src/test/java/teammates/storage/api/NotificationsDbTest.java
81,src/main/java/teammates/ui/webapi/GetFeedbackQuestionsAction.java
4,src/main/java/teammates/ui/webapi/FeedbackSessionOpeningSoonRemindersAction.java
156,src/test/java/teammates/common/datatransfer/SessionResultsBundleTest.java
174,src/main/java/teammates/common/datatransfer/questions/FeedbackRankOptionsQuestionDetails.java
26,src/main/java/teammates/ui/output/OngoingSession.java
1,src/test/java/teammates/logic/external/package-info.java
22,src/main/java/teammates/ui/webapi/GetActionClassesAction.java
20,src/main/java/teammates/common/datatransfer/logs/GeneralLogEntry.java
4,src/client/java/teammates/client/scripts/DataMigrationForContributionQuestionDetailsIsZeroSum.java
81,src/main/java/teammates/ui/output/FeedbackResponseData.java
22,src/main/java/teammates/ui/webapi/SessionLinksRecoveryAction.java
1,src/test/java/teammates/logic/core/FeedbackResponseCommentsLogicTest.java
186,src/e2e/java/teammates/e2e/pageobjects/InstructorCourseDetailsPage.java
4,src/main/java/teammates/ui/webapi/SessionLinksRecoveryAction.java
15,src/e2e/java/teammates/e2e/cases/NotificationBannerE2ETest.java
16,src/e2e/java/teammates/e2e/cases/axe/InstructorStudentListPageAxeTest.java
15,src/e2e/java/teammates/e2e/pageobjects/AdminSessionsPage.java
1,src/test/java/teammates/ui/webapi/GetUsageStatisticsActionTest.java
186,src/e2e/java/teammates/e2e/pageobjects/UserNotificationsPage.java
29,src/main/java/teammates/ui/webapi/BasicFeedbackSubmissionAction.java
127,src/main/java/teammates/common/datatransfer/questions/FeedbackConstantSumDistributePointsType.java
5,src/test/java/teammates/ui/webapi/GetAccountRequestActionTest.java
25,src/main/java/teammates/ui/webapi/RestoreCourseAction.java
1,src/main/java/teammates/ui/webapi/SendEmailWorkerAction.java
4,src/main/java/teammates/ui/webapi/InstructorSearchIndexingWorkerAction.java
47,src/main/java/teammates/logic/external/EmailSenderService.java
117,src/main/java/teammates/logic/api/EmailSender.java
157,src/main/java/teammates/common/util/HttpRequestHelper.java
97,src/main/java/teammates/ui/request/FeedbackSessionBasicRequest.java
26,src/main/java/teammates/ui/webapi/GetFeedbackSessionsAction.java
1,src/test/java/teammates/common/datatransfer/attributes/InstructorAttributesTest.java
128,src/main/java/teammates/storage/search/InstructorSearchDocument.java
118,src/main/java/teammates/storage/entity/FeedbackResponse.java
7,src/test/java/teammates/ui/webapi/ResetAccountActionTest.java
88,src/main/java/teammates/storage/api/FeedbackSessionsDb.java
9,src/main/java/teammates/storage/entity/FeedbackResponseComment.java
1,src/main/java/teammates/ui/webapi/ActionMappingException.java
7,src/main/java/teammates/ui/webapi/GetAccountsAction.java
20,src/main/java/teammates/common/datatransfer/questions/FeedbackRubricQuestionDetails.java
81,src/main/java/teammates/ui/webapi/SearchAccountRequestsAction.java
187,src/e2e/java/teammates/e2e/pageobjects/StudentNotificationsPage.java
4,src/main/java/teammates/ui/webapi/SendLoginEmailAction.java
87,src/test/java/teammates/logic/external/GoogleRecaptchaServiceTest.java
5,src/main/java/teammates/ui/webapi/GateKeeper.java
176,src/main/java/teammates/logic/external/LocalTaskQueueService.java
127,src/main/java/teammates/common/datatransfer/questions/FeedbackRubricResponseDetails.java
1,src/test/java/teammates/ui/webapi/QueryLogsActionTest.java
160,src/main/java/teammates/common/exception/SearchServiceException.java
159,src/test/java/teammates/common/datatransfer/attributes/BaseAttributesTest.java
97,src/main/java/teammates/ui/request/NotificationCreateRequest.java
131,src/main/java/teammates/logic/api/TaskQueuer.java
156,src/main/java/teammates/common/datatransfer/attributes/EntityAttributes.java
174,src/test/java/teammates/common/datatransfer/questions/FeedbackConstantSumQuestionDetailsTest.java
85,src/test/java/teammates/logic/core/package-info.java
125,src/main/java/teammates/storage/entity/package-info.java
23,src/main/java/teammates/ui/webapi/BasicFeedbackSubmissionAction.java
87,src/test/java/teammates/logic/api/MockTaskQueuer.java
1,src/main/java/teammates/common/datatransfer/logs/DefaultLogDetails.java
29,src/main/java/teammates/ui/constants/QuestionTypeStructures.java
7,src/test/java/teammates/logic/core/BaseLogicTest.java
155,src/main/java/teammates/common/datatransfer/InstructorPrivilegesLegacy.java
29,src/main/java/teammates/ui/output/ApiOutput.java
158,src/main/java/teammates/common/util/EmailWrapper.java
88,src/test/java/teammates/logic/core/AccountsLogicTest.java
85,src/main/java/teammates/ui/servlets/DevServerLoginServlet.java
158,src/main/java/teammates/common/datatransfer/questions/package-info.java
4,src/test/java/teammates/ui/webapi/RestoreCourseActionTest.java
157,src/test/java/teammates/common/datatransfer/TeamEvalResultTest.java
155,src/main/java/teammates/common/util/package-info.java
26,src/main/java/teammates/ui/output/FeedbackSessionStatsData.java
132,src/main/java/teammates/storage/entity/FeedbackResponse.java
20,src/test/java/teammates/common/datatransfer/InstructorPrivilegesTest.java
1,src/test/java/teammates/common/datatransfer/questions/FeedbackTextResponseDetailsTest.java
23,src/main/java/teammates/ui/output/FeedbackQuestionsData.java
97,src/main/java/teammates/ui/webapi/DeleteFeedbackResponseCommentAction.java
158,src/main/java/teammates/common/util/Logger.java
133,src/main/java/teammates/storage/search/StudentSearchDocument.java
133,src/main/java/teammates/storage/search/AccountRequestSearchDocument.java
85,src/test/java/teammates/logic/api/EmailSenderTest.java
7,src/main/java/teammates/ui/webapi/SearchInstructorsAction.java
131,src/main/java/teammates/storage/api/DeadlineExtensionsDb.java
127,src/test/java/teammates/common/util/TimeHelperTest.java
17,src/e2e/java/teammates/e2e/cases/InstructorSessionIndividualExtensionPageE2ETest.java
81,src/test/java/teammates/ui/webapi/BinFeedbackSessionActionTest.java
122,src/main/java/teammates/logic/core/FeedbackResponseCommentsLogic.java
189,src/e2e/java/teammates/e2e/cases/axe/InstructorCourseStudentDetailsEditPageAxeTest.java
97,src/main/java/teammates/ui/webapi/CreateFeedbackSessionLogAction.java
122,src/test/java/teammates/logic/api/EmailGeneratorTest.java
22,src/main/java/teammates/ui/webapi/CreateAccountRequestAction.java
1,src/main/java/teammates/common/datatransfer/questions/FeedbackMsqResponseDetails.java
25,src/main/java/teammates/ui/webapi/DeleteStudentsAction.java
4,src/main/java/teammates/ui/request/Intent.java
175,src/main/java/teammates/common/datatransfer/ErrorLogEntry.java
18,src/client/java/teammates/client/scripts/GenerateUsageStatisticsObjects.java
158,src/main/java/teammates/common/datatransfer/DataBundle.java
26,src/main/java/teammates/ui/webapi/PutDataBundleDocumentsAction.java
23,src/main/java/teammates/ui/request/InstructorCreateRequest.java
4,src/main/java/teammates/ui/output/FeedbackQuestionData.java
23,src/test/java/teammates/ui/webapi/FeedbackSessionClosingRemindersActionTest.java
25,src/test/java/teammates/ui/webapi/BinFeedbackSessionActionTest.java
29,src/main/java/teammates/ui/webapi/GetFeedbackResponsesAction.java
88,src/test/java/teammates/storage/api/FeedbackSessionsDbTest.java
160,src/main/java/teammates/common/util/Templates.java
85,src/test/java/teammates/ui/webapi/GetFeedbackQuestionRecipientsActionTest.java
194,src/client/java/teammates/client/scripts/DataMigrationForConstSumForceUnevenDistribution.java
185,src/e2e/java/teammates/e2e/cases/InstructorCourseEditPageE2ETest.java
85,src/main/java/teammates/ui/output/EmailData.java
195,src/client/java/teammates/client/scripts/DataMigrationForSanitizedDataInCourseAttributes.java
130,src/main/java/teammates/storage/search/SearchManagerFactory.java
85,src/main/java/teammates/ui/webapi/GetCourseJoinStatusAction.java
1,src/test/java/teammates/ui/webapi/GetFeedbackSessionSubmittedGiverSetActionTest.java
26,src/main/java/teammates/ui/request/StudentsEnrollRequest.java
131,src/main/java/teammates/storage/search/AccountRequestSearchManager.java
9,src/main/java/teammates/storage/api/UsageStatisticsDb.java
123,src/test/java/teammates/storage/api/package-info.java
5,src/main/java/teammates/ui/servlets/HealthCheckServlet.java
97,src/main/java/teammates/ui/servlets/RequestTraceFilter.java
22,src/main/java/teammates/ui/constants/DefaultInstructorPermissions.java
25,src/main/java/teammates/ui/output/ReadNotificationsData.java
1,src/test/java/teammates/ui/webapi/JoinCourseActionTest.java
122,src/main/java/teammates/logic/external/EmptyEmailService.java
81,src/test/java/teammates/ui/webapi/DeleteCourseActionTest.java
155,src/main/java/teammates/common/datatransfer/FeedbackQuestionRecipient.java
155,src/main/java/teammates/common/util/FileHelper.java
155,src/main/java/teammates/common/datatransfer/attributes/FeedbackResponseAttributes.java
5,src/test/java/teammates/ui/webapi/SessionLinksRecoveryActionTest.java
68,src/main/java/teammates/logic/core/CoursesLogic.java
127,src/main/java/teammates/common/util/EmailSendingStatus.java
1,src/main/java/teammates/storage/api/InstructorsDb.java
155,src/test/java/teammates/common/datatransfer/questions/package-info.java
23,src/main/java/teammates/ui/servlets/OriginCheckFilter.java
157,src/main/java/teammates/common/util/StdOutConsoleHandler.java
8,src/test/java/teammates/logic/api/MockLogsProcessor.java
23,src/main/java/teammates/ui/output/CourseArchiveData.java
84,src/test/java/teammates/logic/core/InstructorsLogicTest.java
79,src/test/java/teammates/logic/api/MockEmailSender.java
97,src/test/java/teammates/ui/webapi/FeedbackSessionRemindEmailWorkerActionTest.java
117,src/main/java/teammates/logic/external/EmailSenderService.java
174,src/main/java/teammates/common/exception/EmailSendingException.java
25,src/main/java/teammates/ui/output/GeneralLogsData.java
1,src/main/java/teammates/common/util/TzdbResourceZoneRulesProvider.java
131,src/main/java/teammates/logic/external/package-info.java
17,src/e2e/java/teammates/e2e/cases/axe/StudentHomePageAxeTest.java
81,src/main/java/teammates/ui/servlets/AuthServlet.java
81,src/main/java/teammates/ui/webapi/GetInstructorsAction.java
81,src/main/java/teammates/ui/webapi/CreateFeedbackQuestionAction.java
158,src/main/java/teammates/common/datatransfer/attributes/NotificationAttributes.java
131,src/test/java/teammates/logic/api/MockTaskQueuer.java
7,src/test/java/teammates/logic/api/UserProvisionTest.java
5,src/main/java/teammates/ui/output/InstructorPermissionRole.java
177,src/main/java/teammates/storage/api/DeadlineExtensionsDb.java
4,src/main/java/teammates/ui/webapi/RegenerateInstructorKeyAction.java
17,src/e2e/java/teammates/e2e/pageobjects/InstructorFeedbackSessionsPage.java
127,src/main/java/teammates/common/datatransfer/questions/FeedbackConstantSumResponseDetails.java
85,src/main/java/teammates/ui/webapi/CreateInstructorAction.java
175,src/main/java/teammates/common/datatransfer/logs/GeneralLogEntry.java
158,src/main/java/teammates/common/datatransfer/questions/FeedbackRankOptionsResponseDetails.java
5,src/test/java/teammates/ui/webapi/FeedbackSessionClosedRemindersActionTest.java
18,src/client/java/teammates/client/scripts/DataMigrationForSanitizedDataInStudentAttributes.java
23,src/test/java/teammates/ui/webapi/FeedbackSessionUnpublishedEmailWorkerActionTest.java
7,src/main/java/teammates/ui/webapi/DeleteFeedbackSessionAction.java
4,src/main/java/teammates/ui/output/DeadlineExtensionData.java
4,src/test/java/teammates/ui/webapi/PublishFeedbackSessionActionTest.java
159,src/main/java/teammates/common/datatransfer/questions/FeedbackContributionResponseDetails.java
26,src/main/java/teammates/ui/output/AccountData.java
1,src/main/java/teammates/ui/webapi/SessionLinksRecoveryAction.java
23,src/test/java/teammates/ui/webapi/ArchiveCourseActionTest.java
88,src/main/java/teammates/storage/search/package-info.java
117,src/main/java/teammates/logic/external/GoogleRecaptchaService.java
195,src/client/java/teammates/client/scripts/ListActiveInstructors.java
97,src/main/java/teammates/ui/output/AccountData.java
1,src/main/java/teammates/storage/entity/BaseEntity.java
132,src/main/java/teammates/storage/api/NotificationsDb.java
22,src/test/java/teammates/ui/webapi/FeedbackSessionClosedRemindersActionTest.java
20,src/main/java/teammates/common/datatransfer/DataBundle.java
85,src/test/java/teammates/ui/webapi/GetCourseJoinStatusActionTest.java
185,src/e2e/java/teammates/e2e/cases/axe/InstructorCourseDetailsPageAxeTest.java
81,src/main/java/teammates/ui/request/StudentsEnrollRequest.java
157,src/main/java/teammates/common/datatransfer/attributes/AccountAttributes.java
1,src/main/java/teammates/ui/webapi/CreateAccountRequestAction.java
22,src/main/java/teammates/ui/servlets/WebPageServlet.java
29,src/main/java/teammates/ui/output/HasResponsesData.java
22,src/main/java/teammates/ui/output/CourseData.java
7,src/test/java/teammates/ui/webapi/GetSessionResultsActionTest.java
160,src/main/java/teammates/common/datatransfer/questions/FeedbackRankRecipientsQuestionDetails.java
23,src/main/java/teammates/ui/webapi/PutDataBundleAction.java
175,src/main/java/teammates/common/util/EmailSendingStatus.java
29,src/test/java/teammates/ui/webapi/GetReadNotificationsActionTest.java
23,src/main/java/teammates/ui/servlets/DevServerLoginServlet.java
1,src/main/java/teammates/ui/webapi/AuthType.java
1,src/e2e/java/teammates/e2e/cases/axe/InstructorCoursesPageAxeTest.java
22,src/main/java/teammates/ui/request/FeedbackSessionRemindRequest.java
86,src/test/java/teammates/logic/api/EmailGeneratorTest.java
158,src/main/java/teammates/common/datatransfer/logs/LogEvent.java
129,src/test/java/teammates/logic/core/NotificationsLogicTest.java
4,src/test/java/teammates/ui/webapi/GetAccountActionTest.java
131,src/main/java/teammates/storage/search/InstructorSearchManager.java
5,src/main/java/teammates/ui/output/NumberOfEntitiesToGiveFeedbackToSetting.java
1,src/main/java/teammates/common/datatransfer/logs/FeedbackSessionLogType.java
25,src/test/java/teammates/ui/webapi/SessionLinksRecoveryActionTest.java
97,src/main/java/teammates/ui/output/InstructorPermissionRole.java
133,src/test/java/teammates/storage/search/InstructorSearchTest.java
8,src/main/java/teammates/logic/core/AccountsLogic.java
7,src/main/java/teammates/ui/constants/ResourceEndpoints.java
81,src/test/java/teammates/ui/webapi/SendLoginEmailActionTest.java
128,src/test/java/teammates/storage/api/FeedbackResponsesDbTest.java
5,src/test/java/teammates/ui/webapi/GetRegkeyValidityActionTest.java
174,src/main/java/teammates/common/datatransfer/questions/FeedbackContributionResponseDetails.java
185,src/main/java/teammates/logic/api/AuthProxy.java
7,src/main/java/teammates/ui/output/FeedbackSessionSubmissionStatus.java
118,src/main/java/teammates/storage/api/FeedbackResponsesDb.java
23,src/main/java/teammates/ui/output/RegenerateKeyData.java
29,src/main/java/teammates/ui/output/FeedbackSessionPublishStatus.java
81,src/main/java/teammates/ui/servlets/WebSecurityHeaderFilter.java
159,src/test/java/teammates/common/datatransfer/attributes/StudentAttributesTest.java
84,src/test/java/teammates/logic/external/package-info.java
157,src/main/java/teammates/common/datatransfer/logs/LogEvent.java
5,src/test/java/teammates/ui/webapi/RestoreFeedbackSessionActionTest.java
185,src/main/java/teammates/logic/core/DataBundleLogic.java
195,src/client/java/teammates/client/scripts/DataMigrationForStudentsAndTeamsRecipientType.java
7,src/main/java/teammates/logic/external/GoogleRecaptchaService.java
188,src/e2e/java/teammates/e2e/util/TestProperties.java
7,src/main/java/teammates/ui/webapi/BasicCommentSubmissionAction.java
132,src/main/java/teammates/storage/entity/Account.java
132,src/main/java/teammates/storage/api/package-info.java
1,src/main/java/teammates/storage/api/DatastoreEmulatorRunner.java
127,src/main/java/teammates/common/datatransfer/questions/package-info.java
15,src/e2e/java/teammates/e2e/pageobjects/InstructorSessionIndividualExtensionPage.java
81,src/main/java/teammates/ui/webapi/GetHasResponsesAction.java
15,src/e2e/java/teammates/e2e/pageobjects/InstructorSearchPage.java
117,src/test/java/teammates/logic/core/BaseLogicTest.java
7,src/test/java/teammates/ui/webapi/SubmitFeedbackResponsesActionTest.java
97,src/main/java/teammates/ui/servlets/AuthServlet.java
7,src/test/java/teammates/ui/webapi/GetAccountRequestActionTest.java
79,src/test/java/teammates/logic/api/UserProvisionTest.java
8,src/main/java/teammates/logic/core/FeedbackResponseCommentsLogic.java
1,src/main/java/teammates/common/exception/package-info.java
101,src/test/java/teammates/storage/search/BaseSearchTest.java
4,src/main/java/teammates/ui/output/CourseArchiveData.java
131,src/test/java/teammates/storage/api/FeedbackSessionsDbTest.java
159,src/main/java/teammates/common/datatransfer/attributes/CourseAttributes.java
97,src/test/java/teammates/ui/webapi/GetUsageStatisticsActionTest.java
25,src/test/java/teammates/ui/webapi/CreateFeedbackSessionActionTest.java
174,src/main/java/teammates/common/util/FieldValidator.java
22,src/test/java/teammates/ui/webapi/MarkNotificationAsReadActionTest.java
22,src/main/java/teammates/ui/output/OngoingSessionsData.java
117,src/main/java/teammates/logic/core/FeedbackResponsesLogic.java
1,src/main/java/teammates/ui/webapi/RegenerateStudentKeyAction.java
29,src/main/java/teammates/ui/webapi/RestoreFeedbackSessionAction.java
1,src/main/java/teammates/ui/webapi/GetFeedbackSessionAction.java
1,src/client/java/teammates/client/scripts/GenerateUsageStatisticsObjects.java
23,src/main/java/teammates/ui/output/NotificationData.java
20,src/test/java/teammates/common/util/JsonUtilsTest.java
1,src/main/java/teammates/common/datatransfer/questions/FeedbackQuestionType.java
156,src/main/java/teammates/common/util/RequestTracer.java
123,src/test/java/teammates/storage/search/StudentSearchTest.java
4,src/main/java/teammates/ui/webapi/EnrollStudentsAction.java
185,src/e2e/java/teammates/e2e/cases/BaseE2ETestCase.java
187,src/e2e/java/teammates/e2e/pageobjects/FeedbackSubmitPage.java
4,src/main/java/teammates/ui/output/RegkeyValidityData.java
5,src/main/java/teammates/ui/webapi/FeedbackSessionRemindEmailWorkerAction.java
4,src/test/java/teammates/ui/webapi/GetHasResponsesActionTest.java
133,src/test/java/teammates/storage/search/package-info.java
158,src/main/java/teammates/common/datatransfer/attributes/DeadlineExtensionAttributes.java
1,src/e2e/java/teammates/e2e/cases/axe/InstructorCourseJoinConfirmationPageAxeTest.java
84,src/test/java/teammates/logic/api/MockEmailSender.java
15,src/e2e/java/teammates/e2e/util/Retryable.java
186,src/e2e/java/teammates/e2e/util/BackDoor.java
97,src/main/java/teammates/ui/webapi/DeleteStudentsAction.java
23,src/main/java/teammates/ui/webapi/package-info.java
25,src/main/java/teammates/ui/output/CourseData.java
1,src/test/java/teammates/ui/webapi/GetFeedbackResponsesActionTest.java
81,src/test/java/teammates/ui/webapi/RegenerateStudentKeyActionTest.java
174,src/main/java/teammates/common/datatransfer/questions/FeedbackRankQuestionDetails.java
189,src/e2e/java/teammates/e2e/cases/axe/AdminSessionsPageAxeTest.java
22,src/main/java/teammates/ui/webapi/ResetAccountAction.java
97,src/main/java/teammates/ui/output/EmailData.java
190,src/e2e/java/teammates/e2e/pageobjects/CourseJoinConfirmationPage.java
29,src/test/java/teammates/ui/webapi/BinFeedbackSessionActionTest.java
9,src/main/java/teammates/storage/api/DeadlineExtensionsDb.java
175,src/test/java/teammates/common/util/SanitizationHelperTest.java
97,src/main/java/teammates/ui/webapi/GetFeedbackSessionSubmittedGiverSetAction.java
173,src/test/java/teammates/test/AbstractBackDoor.java
15,src/e2e/java/teammates/e2e/pageobjects/StudentHomePage.java
5,src/test/java/teammates/ui/webapi/SearchAccountRequestsActionTest.java
5,src/test/java/teammates/ui/webapi/GetOngoingSessionsActionTest.java
1,src/main/java/teammates/common/datatransfer/ErrorLogEntry.java
25,src/main/java/teammates/ui/webapi/GetFeedbackQuestionRecipientsAction.java
97,src/main/java/teammates/ui/output/SessionVisibleSetting.java
4,src/main/java/teammates/ui/servlets/WebPageServlet.java
196,src/client/java/teammates/client/scripts/DataBundleRegenerator.java
29,src/main/java/teammates/ui/output/FeedbackQuestionRecipientData.java
4,src/main/java/teammates/ui/request/FeedbackQuestionBasicRequest.java
190,src/e2e/java/teammates/e2e/cases/InstructorCoursesPageE2ETest.java
26,src/main/java/teammates/ui/webapi/FeedbackSessionRemindEmailWorkerAction.java
156,src/main/java/teammates/common/util/HttpRequestHelper.java
17,src/e2e/java/teammates/e2e/pageobjects/InstructorFeedbackEditPage.java
20,src/main/java/teammates/common/datatransfer/NotificationTargetUser.java
190,src/e2e/java/teammates/e2e/cases/FeedbackRankOptionQuestionE2ETest.java
128,src/test/java/teammates/storage/api/InstructorsDbTest.java
185,src/e2e/java/teammates/e2e/util/MaximumRetriesExceededException.java
185,src/main/java/teammates/logic/core/DeadlineExtensionsLogic.java
23,src/main/java/teammates/ui/output/ApiOutput.java
26,src/test/java/teammates/ui/webapi/GetInstructorPrivilegeActionTest.java
119,src/test/java/teammates/logic/api/MockUserProvision.java
17,src/e2e/java/teammates/e2e/pageobjects/InstructorCoursesPage.java
81,src/main/java/teammates/ui/webapi/ResetAccountAction.java
86,src/test/java/teammates/logic/api/MockLogsProcessor.java
7,src/test/java/teammates/ui/webapi/SendJoinReminderEmailActionTest.java
127,src/test/java/teammates/common/datatransfer/package-info.java
1,src/main/java/teammates/logic/core/AccountRequestsLogic.java
5,src/main/java/teammates/ui/servlets/WebPageServlet.java
22,src/main/java/teammates/ui/webapi/UpdateNotificationAction.java
188,src/e2e/java/teammates/e2e/pageobjects/Browser.java
5,src/test/java/teammates/ui/webapi/GetAccountsActionTest.java
85,src/test/java/teammates/ui/webapi/package-info.java
23,src/test/java/teammates/ui/webapi/StudentCourseJoinEmailWorkerActionTest.java
97,src/main/java/teammates/ui/webapi/PublishFeedbackSessionAction.java
1,src/test/java/teammates/common/datatransfer/attributes/FeedbackQuestionAttributesTest.java
85,src/test/java/teammates/logic/core/NotificationsLogicTest.java
23,src/main/java/teammates/ui/output/EnrollStudentsData.java
10,src/test/java/teammates/test/BaseTestCase.java
160,src/main/java/teammates/common/datatransfer/attributes/FeedbackResponseCommentAttributes.java
1,src/main/java/teammates/logic/external/package-info.java
1,src/client/java/teammates/client/scripts/ListActiveInstructors.java
1,src/test/java/teammates/ui/webapi/UpdateFeedbackSessionActionTest.java
10,src/test/java/teammates/test/MockHttpServletResponse.java
25,src/main/java/teammates/ui/webapi/RemindFeedbackSessionResultAction.java
29,src/main/java/teammates/ui/servlets/AuthServlet.java
1,src/test/java/teammates/common/util/SanitizationHelperTest.java
84,src/test/java/teammates/logic/api/EmailGeneratorTest.java
7,src/main/java/teammates/logic/api/EmailSender.java
23,src/test/java/teammates/ui/webapi/SearchAccountRequestsActionTest.java
79,src/main/java/teammates/logic/api/UserProvision.java
7,src/test/java/teammates/ui/webapi/GetAuthInfoActionTest.java
187,src/e2e/java/teammates/e2e/pageobjects/InstructorCoursesPage.java
20,src/main/java/teammates/common/datatransfer/logs/FeedbackSessionLogType.java
22,src/test/java/teammates/ui/webapi/GetSessionResultsActionTest.java
127,src/main/java/teammates/common/util/Const.java
81,src/test/java/teammates/ui/webapi/StudentCourseJoinEmailWorkerActionTest.java
122,src/main/java/teammates/logic/core/DeadlineExtensionsLogic.java
16,src/e2e/java/teammates/e2e/cases/NotificationBannerE2ETest.java
84,src/main/java/teammates/logic/api/RecaptchaVerifier.java
87,src/main/java/teammates/logic/core/CoursesLogic.java
1,src/main/java/teammates/common/datatransfer/questions/FeedbackRankOptionsQuestionDetails.java
17,src/e2e/java/teammates/e2e/cases/axe/AdminNotificationsPageAxeTest.java
185,src/e2e/java/teammates/e2e/util/EmailAccountTest.java
196,src/client/java/teammates/client/scripts/DataMigrationForConstSumForceUnevenDistribution.java
23,src/main/java/teammates/ui/webapi/CalculateUsageStatisticsAction.java
25,src/main/java/teammates/ui/servlets/RequestTraceFilter.java
79,src/main/java/teammates/logic/external/GoogleRecaptchaService.java
22,src/main/java/teammates/ui/webapi/StudentCourseJoinEmailWorkerAction.java
4,src/test/java/teammates/ui/webapi/FeedbackSessionResendPublishedEmailWorkerActionTest.java
189,src/e2e/java/teammates/e2e/cases/axe/FeedbackSubmitPageAxeTest.java
29,src/test/java/teammates/ui/webapi/CreateNotificationActionTest.java
15,src/e2e/java/teammates/e2e/pageobjects/AdminSearchPage.java
177,src/main/java/teammates/storage/api/UsageStatisticsDb.java
197,src/client/java/teammates/client/scripts/TeamEvalResultCalculations.java
1,src/e2e/java/teammates/e2e/cases/InstructorCoursesPageE2ETest.java
20,src/main/java/teammates/common/exception/InstructorUpdateException.java
16,src/e2e/java/teammates/e2e/cases/axe/InstructorFeedbackReportPageAxeTest.java
26,src/main/java/teammates/ui/webapi/InstructorSearchIndexingWorkerAction.java
26,src/main/java/teammates/ui/output/CourseArchiveData.java
1,src/main/java/teammates/ui/request/FeedbackQuestionBasicRequest.java
97,src/main/java/teammates/ui/webapi/GetFeedbackResponsesAction.java
68,src/main/java/teammates/logic/core/StudentsLogic.java
26,src/main/java/teammates/ui/request/SendEmailRequest.java
81,src/test/java/teammates/ui/webapi/GetTimeZonesActionTest.java
127,src/test/java/teammates/common/util/package-info.java
174,src/main/java/teammates/common/datatransfer/TeamEvalResult.java
158,src/main/java/teammates/common/datatransfer/InstructorPermissionSet.java
23,src/test/java/teammates/ui/webapi/ResetAccountActionTest.java
4,src/main/java/teammates/ui/webapi/GetDeadlineExtensionAction.java
5,src/main/java/teammates/ui/output/AccountsData.java
159,src/main/java/teammates/common/util/EmailWrapper.java
1,src/test/java/teammates/common/datatransfer/attributes/BaseAttributesTest.java
22,src/main/java/teammates/logic/external/GoogleRecaptchaService.java
26,src/main/java/teammates/ui/webapi/SendLoginEmailAction.java
128,src/main/java/teammates/storage/api/EntitiesDb.java
7,src/main/java/teammates/ui/webapi/UnauthorizedAccessException.java
185,src/e2e/java/teammates/e2e/cases/axe/AdminNotificationsPageAxeTest.java
23,src/test/java/teammates/ui/webapi/MarkNotificationAsReadActionTest.java
1,src/main/java/teammates/logic/external/EmptyRecaptchaService.java
158,src/main/java/teammates/common/datatransfer/logs/ExceptionLogDetails.java
4,src/main/java/teammates/ui/webapi/FeedbackSessionPublishedEmailWorkerAction.java
176,src/test/java/teammates/logic/api/EmailSenderTest.java
5,src/test/java/teammates/ui/request/package-info.java
22,src/main/java/teammates/ui/webapi/GetFeedbackQuestionRecipientsAction.java
129,src/main/java/teammates/logic/external/EmptyRecaptchaService.java
175,src/main/java/teammates/common/datatransfer/questions/FeedbackQuestionDetails.java
189,src/e2e/java/teammates/e2e/pageobjects/UserNotificationsPage.java
23,src/main/java/teammates/ui/webapi/FeedbackSessionUnpublishedEmailWorkerAction.java
5,src/main/java/teammates/ui/output/OngoingSession.java
81,src/main/java/teammates/ui/servlets/HealthCheckServlet.java
85,src/main/java/teammates/ui/webapi/GetAccountAction.java
22,src/main/java/teammates/ui/webapi/GetTimeZonesAction.java
187,src/e2e/java/teammates/e2e/cases/FeedbackConstSumRecipientQuestionE2ETest.java
20,src/main/java/teammates/common/datatransfer/attributes/EntityAttributes.java
5,src/test/java/teammates/ui/webapi/DeleteStudentActionTest.java
81,src/main/java/teammates/ui/webapi/CreateFeedbackSessionAction.java
7,src/main/java/teammates/ui/webapi/RemindFeedbackSessionSubmissionAction.java
8,src/main/java/teammates/logic/api/TaskQueuer.java
127,src/test/java/teammates/common/datatransfer/attributes/FeedbackQuestionAttributesTest.java
5,src/main/java/teammates/ui/output/ResponseVisibleSetting.java
22,src/main/java/teammates/ui/webapi/GetCoursesAction.java
129,src/main/java/teammates/logic/external/AuthService.java
7,src/test/java/teammates/ui/webapi/GetCoursesActionTest.java
5,src/main/java/teammates/ui/request/FeedbackSessionRespondentRemindRequest.java
1,src/e2e/java/teammates/e2e/cases/axe/InstructorCourseDetailsPageAxeTest.java
118,src/test/java/teammates/storage/api/StudentsDbTest.java
68,src/test/java/teammates/logic/core/DataBundleLogicTest.java
155,src/main/java/teammates/common/util/TzdbResourceZoneRulesProvider.java
86,src/test/java/teammates/logic/api/MockUserProvision.java
97,src/test/java/teammates/ui/webapi/GetInstructorsActionTest.java
81,src/main/java/teammates/ui/webapi/UpdateCourseAction.java
68,src/main/java/teammates/logic/external/MailgunService.java
128,src/main/java/teammates/storage/api/CoursesDb.java
175,src/main/java/teammates/common/datatransfer/questions/FeedbackNumericalScaleResponseDetails.java
186,src/e2e/java/teammates/e2e/cases/FeedbackRankRecipientQuestionE2ETest.java
197,src/client/java/teammates/client/scripts/DataMigrationForSanitizedInstructorName.java
22,src/test/java/teammates/ui/webapi/GetSessionResponseStatsActionTest.java
77,src/main/java/teammates/logic/core/FeedbackSessionsLogic.java
88,src/main/java/teammates/logic/external/AuthService.java
85,src/test/java/teammates/ui/webapi/DeleteFeedbackResponseCommentActionTest.java
1,src/e2e/java/teammates/e2e/util/Retryable.java
85,src/test/java/teammates/ui/webapi/BaseActionTest.java
7,src/main/java/teammates/ui/webapi/InstructorSearchIndexingWorkerAction.java
1,src/main/java/teammates/ui/webapi/StudentCourseJoinEmailWorkerAction.java
101,src/main/java/teammates/storage/api/CoursesDb.java
16,src/e2e/java/teammates/e2e/cases/axe/InstructorNotificationsPageAxeTest.java
185,src/test/java/teammates/logic/core/AccountRequestsLogicTest.java
1,src/main/java/teammates/ui/webapi/PutDataBundleDocumentsAction.java
185,src/e2e/java/teammates/e2e/util/Retryable.java
122,src/main/java/teammates/logic/api/EmailGenerator.java
187,src/e2e/java/teammates/e2e/cases/FeedbackRubricQuestionE2ETest.java
174,src/main/java/teammates/common/datatransfer/attributes/FeedbackQuestionAttributes.java
23,src/test/java/teammates/ui/webapi/GetSessionResponseStatsActionTest.java
1,src/test/java/teammates/common/util/TimeHelperExtension.java
26,src/main/java/teammates/ui/output/package-info.java
47,src/main/java/teammates/logic/external/EmptyEmailService.java
87,src/main/java/teammates/logic/external/GoogleCloudTasksService.java
7,src/main/java/teammates/ui/webapi/CreateAccountRequestAction.java
26,src/main/java/teammates/ui/webapi/GetFeedbackQuestionRecipientsAction.java
127,src/main/java/teammates/common/datatransfer/AttributesDeletionQuery.java
156,src/main/java/teammates/common/datatransfer/questions/FeedbackMcqResponseDetails.java
1,src/main/java/teammates/ui/webapi/DeleteInstructorAction.java
81,src/main/java/teammates/ui/output/AccountRequestData.java
1,src/e2e/java/teammates/e2e/pageobjects/InstructorFeedbackEditPage.java
187,src/e2e/java/teammates/e2e/cases/FeedbackSubmitPageE2ETest.java
1,src/e2e/java/teammates/e2e/cases/InstructorCourseDetailsPageE2ETest.java
7,src/main/java/teammates/ui/request/StudentUpdateRequest.java
85,src/main/java/teammates/ui/webapi/DeleteDataBundleAction.java
22,src/main/java/teammates/ui/request/Intent.java
157,src/main/java/teammates/common/datatransfer/attributes/AccountRequestAttributes.java
158,src/main/java/teammates/common/util/Url.java
177,src/test/java/teammates/storage/api/package-info.java
156,src/test/java/teammates/common/datatransfer/attributes/FeedbackResponseCommentAttributesTest.java
157,src/main/java/teammates/common/datatransfer/logs/LogDetails.java
160,src/main/java/teammates/common/datatransfer/UserInfoCookie.java
22,src/test/java/teammates/logic/api/MockRecaptchaVerifier.java
23,src/test/java/teammates/ui/webapi/DeleteFeedbackResponseCommentActionTest.java
23,src/main/java/teammates/ui/servlets/LoginServlet.java
130,src/main/java/teammates/storage/entity/FeedbackQuestion.java
81,src/main/java/teammates/ui/webapi/StudentSearchIndexingWorkerAction.java
122,src/test/java/teammates/logic/core/AccountsLogicTest.java
4,src/main/java/teammates/ui/servlets/WebSecurityHeaderFilter.java
7,src/main/java/teammates/logic/external/GoogleCloudLoggingService.java
5,src/test/java/teammates/ui/webapi/GetInstructorsActionTest.java
159,src/main/java/teammates/common/datatransfer/logs/InstanceLogDetails.java
81,src/main/java/teammates/ui/output/DeadlineExtensionData.java
23,src/test/java/teammates/ui/webapi/GetRegkeyValidityActionTest.java
133,src/test/java/teammates/storage/api/AccountsDbTest.java
88,src/main/java/teammates/logic/core/FeedbackResponseCommentsLogic.java
8,src/test/java/teammates/logic/core/InstructorsLogicTest.java
23,src/main/java/teammates/ui/output/AuthInfo.java
4,src/main/java/teammates/ui/webapi/GetAccountsAction.java
26,src/main/java/teammates/ui/webapi/FeedbackSessionResendPublishedEmailWorkerAction.java
158,src/main/java/teammates/common/datatransfer/attributes/UsageStatisticsAttributes.java
1,src/test/java/teammates/ui/servlets/LegacyUrlMapperTest.java
26,src/main/java/teammates/ui/servlets/OAuth2CallbackServlet.java
1,src/test/java/teammates/ui/webapi/UpdateInstructorPrivilegeActionTest.java
155,src/main/java/teammates/common/util/EmailSendingStatus.java
84,src/test/java/teammates/logic/core/FeedbackSessionsLogicTest.java
186,src/e2e/java/teammates/e2e/cases/InstructorCourseEnrollPageE2ETest.java
155,src/main/java/teammates/common/exception/DeadlineExceededException.java
157,src/test/java/teammates/common/datatransfer/questions/FeedbackNumericalScaleQuestionDetailsTest.java
7,src/test/java/teammates/ui/webapi/DeleteAccountActionTest.java
97,src/main/java/teammates/ui/output/DeadlineExtensionData.java
1,src/main/java/teammates/common/datatransfer/attributes/EntityAttributes.java
85,src/main/java/teammates/ui/webapi/BinFeedbackSessionAction.java
97,src/main/java/teammates/logic/api/AuthProxy.java
190,src/e2e/java/teammates/e2e/cases/FeedbackConstSumOptionQuestionE2ETest.java
1,src/e2e/java/teammates/e2e/cases/InstructorNotificationsPageE2ETest.java
97,src/main/java/teammates/ui/webapi/GetFeedbackSessionAction.java
7,src/main/java/teammates/ui/output/JoinLinkData.java
4,src/test/java/teammates/ui/webapi/SendErrorReportActionTest.java
186,src/e2e/java/teammates/e2e/cases/AdminHomePageE2ETest.java
23,src/test/java/teammates/ui/webapi/StudentSearchIndexingWorkerActionTest.java
1,src/main/java/teammates/ui/request/FeedbackQuestionUpdateRequest.java
190,src/e2e/java/teammates/e2e/cases/axe/AdminAccountsPageAxeTest.java
156,src/main/java/teammates/common/datatransfer/questions/FeedbackRankQuestionDetails.java
85,src/test/java/teammates/logic/api/MockUserProvision.java
4,src/test/java/teammates/ui/webapi/FeedbackSessionOpeningRemindersActionTest.java
10,src/test/java/teammates/test/MockHttpServletRequest.java
155,src/main/java/teammates/common/util/EmailWrapper.java
97,src/test/java/teammates/ui/webapi/RemindFeedbackSessionResultActionTest.java
176,src/test/java/teammates/logic/core/CoursesLogicTest.java
127,src/main/java/teammates/common/datatransfer/questions/FeedbackQuestionType.java
174,src/main/java/teammates/common/datatransfer/NotificationTargetUser.java
155,src/main/java/teammates/common/datatransfer/logs/QueryLogsParams.java
156,src/main/java/teammates/common/datatransfer/questions/FeedbackRankOptionsQuestionDetails.java
26,src/test/java/teammates/ui/webapi/CreateFeedbackSessionLogActionTest.java
97,src/main/java/teammates/ui/request/AccountCreateRequest.java
26,src/main/java/teammates/ui/request/FeedbackResponseCommentBasicRequest.java
190,src/e2e/java/teammates/e2e/pageobjects/FeedbackSubmitPage.java
4,src/test/java/teammates/ui/request/package-info.java
185,src/e2e/java/teammates/e2e/cases/FeedbackNumScaleQuestionE2ETest.java
1,src/client/java/teammates/client/scripts/DataMigrationForUnencryptedKeyForInstructors.java
196,src/client/java/teammates/client/scripts/GoogleIdMigrationBaseScript.java
119,src/main/java/teammates/logic/external/RecaptchaService.java
15,src/e2e/java/teammates/e2e/cases/axe/InstructorSessionIndividualExtensionPageAxeTest.java
127,src/main/java/teammates/common/datatransfer/TeamEvalResult.java
85,src/main/java/teammates/logic/core/FeedbackResponsesLogic.java
175,src/test/java/teammates/common/datatransfer/CourseRosterTest.java
84,src/test/java/teammates/logic/api/MockTaskQueuer.java
97,src/test/java/teammates/ui/webapi/GetHasResponsesActionTest.java
5,src/main/java/teammates/ui/output/FeedbackSessionsData.java
22,src/test/java/teammates/ui/webapi/DeleteCourseActionTest.java
47,src/main/java/teammates/logic/external/LogService.java
22,src/test/java/teammates/ui/webapi/CreateAccountActionTest.java
25,src/test/java/teammates/ui/webapi/GetNotificationActionTest.java
25,src/main/java/teammates/ui/webapi/ActionFactory.java
119,src/test/java/teammates/logic/core/NotificationsLogicTest.java
22,src/main/java/teammates/ui/webapi/BinCourseAction.java
5,src/test/java/teammates/ui/webapi/RegenerateStudentKeyActionTest.java
189,src/e2e/java/teammates/e2e/cases/InstructorCourseStudentDetailsEditPageE2ETest.java
26,src/main/java/teammates/ui/webapi/ActionResult.java
176,src/test/java/teammates/logic/core/DataBundleLogicTest.java
22,src/main/java/teammates/logic/core/AccountRequestsLogic.java
81,src/test/java/teammates/ui/webapi/GetInstructorActionTest.java
23,src/main/java/teammates/ui/webapi/GetFeedbackSessionSubmittedGiverSetAction.java
133,src/main/java/teammates/storage/api/FeedbackResponsesDb.java
1,src/main/java/teammates/ui/output/FeedbackResponsesData.java
81,src/test/java/teammates/ui/webapi/CompileLogsActionTest.java
1,src/test/java/teammates/ui/webapi/StudentSearchIndexingWorkerActionTest.java
7,src/test/java/teammates/ui/webapi/RestoreFeedbackSessionActionTest.java
22,src/test/java/teammates/ui/webapi/DeleteNotificationActionTest.java
9,src/main/java/teammates/storage/entity/CourseStudent.java
160,src/main/java/teammates/common/util/StdOutConsoleHandler.java
25,src/test/java/teammates/ui/webapi/GetInstructorsActionTest.java
198,src/client/java/teammates/client/util/package-info.java
22,src/main/java/teammates/ui/webapi/GetInstructorPrivilegeAction.java
155,src/main/java/teammates/common/util/HttpRequest.java
125,src/main/java/teammates/storage/api/package-info.java
20,src/test/java/teammates/common/datatransfer/questions/FeedbackMcqQuestionDetailsTest.java
5,src/test/java/teammates/ui/servlets/OriginCheckFilterTest.java
174,src/main/java/teammates/common/datatransfer/attributes/StudentAttributes.java
119,src/main/java/teammates/logic/external/GoogleCloudLoggingService.java
97,src/main/java/teammates/ui/output/FeedbackSessionLogData.java
4,src/test/java/teammates/ui/servlets/WebApiServletTest.java
188,src/e2e/java/teammates/e2e/cases/StudentCourseDetailsPageE2ETest.java
81,src/main/java/teammates/ui/output/NumberOfEntitiesToGiveFeedbackToSetting.java
85,src/test/java/teammates/logic/api/LogicExtension.java
7,src/main/java/teammates/ui/webapi/GetCourseSectionNamesAction.java
81,src/main/java/teammates/ui/webapi/ActionFactory.java
26,src/main/java/teammates/ui/output/NotificationsData.java
123,src/main/java/teammates/storage/api/DatastoreEmulatorRunner.java
185,src/e2e/java/teammates/e2e/pageobjects/package-info.java
118,src/test/java/teammates/storage/api/FeedbackResponsesDbTest.java
156,src/main/java/teammates/common/datatransfer/questions/FeedbackContributionResponseDetails.java
97,src/test/java/teammates/ui/webapi/SendLoginEmailActionTest.java
156,src/test/java/teammates/common/util/SanitizationHelperTest.java
160,src/main/java/teammates/common/datatransfer/InstructorPermissionSet.java
77,src/test/java/teammates/logic/external/package-info.java
26,src/test/java/teammates/ui/webapi/GetFeedbackSessionLogsActionTest.java
176,src/main/java/teammates/logic/external/package-info.java
25,src/test/java/teammates/ui/webapi/PublishFeedbackSessionActionTest.java
97,src/main/java/teammates/logic/external/EmptyEmailService.java
26,src/test/java/teammates/ui/webapi/SubmitFeedbackResponsesActionTest.java
25,src/main/java/teammates/ui/output/CommentVisibilityType.java
175,src/test/java/teammates/common/util/StringHelperExtension.java
29,src/main/java/teammates/ui/request/InstructorPrivilegeUpdateRequest.java
29,src/main/java/teammates/ui/request/Intent.java
23,src/main/java/teammates/ui/webapi/InstructorSearchIndexingWorkerAction.java
97,src/test/java/teammates/ui/webapi/SendJoinReminderEmailActionTest.java
88,src/test/java/teammates/storage/api/FeedbackQuestionsDbTest.java
160,src/test/java/teammates/common/datatransfer/CourseRosterTest.java
127,src/test/java/teammates/common/util/StringHelperTest.java
97,src/main/java/teammates/ui/webapi/GetStudentsAction.java
4,src/test/java/teammates/ui/webapi/CreateAccountActionTest.java
29,src/main/java/teammates/ui/webapi/RemindFeedbackSessionResultAction.java
29,src/test/java/teammates/ui/webapi/GetSessionResultsActionTest.java
5,src/main/java/teammates/ui/webapi/JsonResult.java
160,src/main/java/teammates/common/datatransfer/UserInfo.java
101,src/main/java/teammates/storage/entity/FeedbackResponse.java
160,src/main/java/teammates/common/datatransfer/InstructorPrivilegesLegacy.java
81,src/test/java/teammates/ui/webapi/FeedbackSessionUnpublishedEmailWorkerActionTest.java
16,src/e2e/java/teammates/e2e/cases/InstructorSessionIndividualExtensionPageE2ETest.java
1,src/main/java/teammates/ui/constants/DefaultInstructorPermissions.java
85,src/test/java/teammates/ui/webapi/UnpublishFeedbackSessionActionTest.java
81,src/test/java/teammates/ui/webapi/GetCourseActionTest.java
25,src/main/java/teammates/ui/webapi/SendJoinReminderEmailAction.java
130,src/test/java/teammates/storage/api/AccountRequestsDbTest.java
4,src/main/java/teammates/ui/webapi/SendJoinReminderEmailAction.java
29,src/main/java/teammates/ui/output/FeedbackSessionLogsData.java
4,src/main/java/teammates/ui/webapi/FeedbackSessionClosedRemindersAction.java
81,src/main/java/teammates/ui/request/FeedbackSessionUpdateRequest.java
4,src/main/java/teammates/ui/webapi/FeedbackSessionResendPublishedEmailWorkerAction.java
81,src/test/java/teammates/ui/webapi/SendErrorReportActionTest.java
88,src/test/java/teammates/logic/api/MockUserProvision.java
160,src/main/java/teammates/common/datatransfer/NotificationStyle.java
7,src/test/java/teammates/ui/webapi/GetInstructorActionTest.java
160,src/test/java/teammates/common/datatransfer/questions/FeedbackRankOptionsQuestionDetailsTest.java
4,src/test/java/teammates/ui/webapi/DeleteStudentActionTest.java
77,src/main/java/teammates/logic/external/AuthService.java
25,src/main/java/teammates/ui/request/MarkNotificationAsReadRequest.java
88,src/test/java/teammates/storage/search/InstructorSearchTest.java
15,src/e2e/java/teammates/e2e/cases/FeedbackNumScaleQuestionE2ETest.java
7,src/test/java/teammates/ui/webapi/RegenerateInstructorKeyActionTest.java
187,src/e2e/java/teammates/e2e/cases/StudentCourseJoinConfirmationPageE2ETest.java
22,src/main/java/teammates/ui/servlets/WebSecurityHeaderFilter.java
5,src/main/java/teammates/ui/output/SessionVisibleSetting.java
47,src/main/java/teammates/logic/external/MailjetService.java
194,src/client/java/teammates/client/scripts/DataMigrationForContributionQuestionDetailsIsZeroSum.java
188,src/e2e/java/teammates/e2e/cases/axe/AdminSessionsPageAxeTest.java
5,src/main/java/teammates/ui/output/RegenerateKeyData.java
160,src/main/java/teammates/common/datatransfer/logs/GeneralLogEntry.java
68,src/test/java/teammates/logic/core/NotificationsLogicTest.java
158,src/test/java/teammates/common/datatransfer/attributes/FeedbackResponseAttributesTest.java
1,src/client/java/teammates/client/scripts/MockCourseWithLargeResponseScript.java
175,src/test/java/teammates/common/util/TimeHelperTest.java
125,src/test/java/teammates/storage/api/FeedbackQuestionsDbTest.java
88,src/main/java/teammates/logic/external/LocalTaskQueueService.java
160,src/main/java/teammates/common/datatransfer/questions/FeedbackResponseDetails.java
85,src/test/java/teammates/ui/webapi/UpdateCourseActionTest.java
7,src/test/java/teammates/ui/webapi/GetFeedbackSessionsActionTest.java
97,src/main/java/teammates/ui/output/HasResponsesData.java
159,src/test/java/teammates/common/datatransfer/InstructorPrivilegesTest.java
190,src/e2e/java/teammates/e2e/cases/InstructorHomePageE2ETest.java
85,src/main/java/teammates/ui/webapi/CreateFeedbackQuestionAction.java
1,src/test/java/teammates/test/FileHelper.java
85,src/test/java/teammates/ui/webapi/GetSessionResultsActionTest.java
155,src/main/java/teammates/common/util/TaskWrapper.java
4,src/main/java/teammates/ui/webapi/SendEmailWorkerAction.java
23,src/main/java/teammates/ui/webapi/SendEmailWorkerAction.java
186,src/e2e/java/teammates/e2e/cases/axe/InstructorFeedbackReportPageAxeTest.java
5,src/main/java/teammates/ui/constants/package-info.java
157,src/main/java/teammates/common/exception/EnrollException.java
187,src/e2e/java/teammates/e2e/pageobjects/AdminNotificationsPage.java
159,src/main/java/teammates/common/datatransfer/FeedbackQuestionRecipient.java
155,src/main/java/teammates/common/datatransfer/SessionResultsBundle.java
158,src/test/java/teammates/common/datatransfer/questions/FeedbackContributionQuestionDetailsTest.java
158,src/main/java/teammates/common/datatransfer/TeamEvalResult.java
118,src/main/java/teammates/storage/entity/Account.java
1,src/e2e/java/teammates/e2e/pageobjects/AdminTimezonePage.java
29,src/main/java/teammates/ui/webapi/GetDeadlineExtensionAction.java
79,src/test/java/teammates/logic/core/FeedbackQuestionsLogicTest.java
26,src/main/java/teammates/ui/output/ResponseVisibleSetting.java
175,src/test/java/teammates/common/util/StringHelperTest.java
85,src/main/java/teammates/ui/output/FeedbackResponseCommentData.java
131,src/main/java/teammates/logic/api/RecaptchaVerifier.java
97,src/test/java/teammates/ui/webapi/DeleteFeedbackSessionActionTest.java
156,src/test/java/teammates/common/datatransfer/attributes/FeedbackQuestionAttributesTest.java
190,src/e2e/java/teammates/e2e/pageobjects/InstructorStudentListPage.java
68,src/test/java/teammates/logic/core/StudentsLogicTest.java
68,src/main/java/teammates/logic/core/FeedbackResponseCommentsLogic.java
85,src/main/java/teammates/ui/webapi/AdminExceptionTestAction.java
187,src/e2e/java/teammates/e2e/cases/axe/InstructorCourseStudentDetailsPageAxeTest.java
25,src/main/java/teammates/ui/request/FeedbackSessionRespondentRemindRequest.java
187,src/e2e/java/teammates/e2e/cases/StudentHomePageE2ETest.java
176,src/main/java/teammates/logic/external/LogService.java
26,src/main/java/teammates/ui/request/FeedbackQuestionCreateRequest.java
25,src/main/java/teammates/ui/servlets/HealthCheckServlet.java
156,src/main/java/teammates/common/datatransfer/attributes/FeedbackSessionAttributes.java
131,src/main/java/teammates/logic/external/FirebaseAuthService.java
84,src/main/java/teammates/logic/external/EmptyEmailService.java
157,src/main/java/teammates/common/util/StringHelper.java
163,src/test/java/teammates/test/AssertHelperTest.java
85,src/main/java/teammates/ui/output/ResponseVisibleSetting.java
81,src/main/java/teammates/ui/webapi/GetReadNotificationsAction.java
5,src/main/java/teammates/ui/output/InstructorPrivilegeData.java
22,src/main/java/teammates/ui/output/ActionClasses.java
185,src/e2e/java/teammates/e2e/pageobjects/FeedbackSubmitPage.java
177,src/test/java/teammates/storage/search/BaseSearchTest.java
25,src/main/java/teammates/ui/webapi/GetHasResponsesAction.java
97,src/test/java/teammates/ui/webapi/GetCourseJoinStatusActionTest.java
22,src/test/java/teammates/ui/webapi/FeedbackSessionPublishedRemindersActionTest.java
81,src/test/java/teammates/ui/webapi/InstructorCourseJoinEmailWorkerActionTest.java
174,src/main/java/teammates/common/datatransfer/questions/FeedbackQuestionType.java
123,src/main/java/teammates/storage/api/FeedbackResponseCommentsDb.java
1,src/main/java/teammates/ui/webapi/BinCourseAction.java
187,src/e2e/java/teammates/e2e/cases/axe/InstructorSessionIndividualExtensionPageAxeTest.java
190,src/e2e/java/teammates/e2e/pageobjects/IanaTimezonePage.java
158,src/main/java/teammates/common/datatransfer/logs/RequestLogUser.java
79,src/main/java/teammates/logic/core/LogicStarter.java
196,src/client/java/teammates/client/scripts/DataMigrationForUnencryptedKeyForStudents.java
185,src/test/java/teammates/logic/core/NotificationsLogicTest.java
159,src/main/java/teammates/common/datatransfer/questions/FeedbackResponseDetails.java
190,src/e2e/java/teammates/e2e/cases/axe/package-info.java
97,src/test/java/teammates/ui/webapi/GetSessionResultsActionTest.java
1,src/e2e/java/teammates/e2e/cases/axe/AdminHomePageAxeTest.java
132,src/main/java/teammates/storage/entity/BaseEntity.java
84,src/test/java/teammates/logic/core/UsageStatisticsLogicTest.java
87,src/main/java/teammates/logic/core/LogicStarter.java
127,src/main/java/teammates/common/datatransfer/InstructorPermissionSet.java
26,src/main/java/teammates/ui/webapi/AdminOnlyAction.java
29,src/main/java/teammates/ui/webapi/GetUserCookieAction.java
22,src/test/java/teammates/ui/webapi/UpdateFeedbackSessionActionTest.java
85,src/main/java/teammates/ui/request/FeedbackQuestionBasicRequest.java
174,src/main/java/teammates/common/datatransfer/ErrorLogEntry.java
86,src/test/java/teammates/logic/api/package-info.java
23,src/test/java/teammates/ui/webapi/DeleteInstructorActionTest.java
4,src/client/java/teammates/client/scripts/DataMigrationForSanitizedDataInStudentAttributes.java
101,src/main/java/teammates/storage/api/StudentsDb.java
29,src/main/java/teammates/ui/webapi/CompileLogsAction.java
188,src/e2e/java/teammates/e2e/cases/axe/AdminHomePageAxeTest.java
156,src/main/java/teammates/common/datatransfer/attributes/FeedbackResponseCommentAttributes.java
23,src/main/java/teammates/ui/output/NumberOfEntitiesToGiveFeedbackToSetting.java
197,src/client/java/teammates/client/scripts/DataMigrationEntitiesBaseScript.java
8,src/main/java/teammates/logic/external/SendgridService.java
87,src/test/java/teammates/logic/api/BaseLogicTest.java
156,src/test/java/teammates/common/datatransfer/questions/FeedbackTextResponseDetailsTest.java
129,src/main/java/teammates/logic/api/package-info.java
25,src/main/java/teammates/ui/webapi/DeleteFeedbackSessionAction.java
85,src/test/java/teammates/ui/webapi/GetStudentsActionTest.java
160,src/test/java/teammates/common/util/TimeHelperTest.java
22,src/test/java/teammates/logic/core/BaseLogicTest.java
23,src/test/java/teammates/ui/webapi/GetOngoingSessionsActionTest.java
125,src/main/java/teammates/storage/search/StudentSearchDocument.java
81,src/test/java/teammates/ui/webapi/UnpublishFeedbackSessionActionTest.java
7,src/main/java/teammates/ui/webapi/GetRegkeyValidityAction.java
85,src/main/java/teammates/ui/output/NotificationData.java
85,src/main/java/teammates/logic/api/TaskQueuer.java
129,src/main/java/teammates/logic/external/LocalLoggingService.java
5,src/test/java/teammates/ui/webapi/GetTimeZonesActionTest.java
5,src/test/java/teammates/ui/webapi/GetCoursesActionTest.java
117,src/test/java/teammates/logic/core/UsageStatisticsLogicTest.java
1,src/main/java/teammates/common/datatransfer/questions/FeedbackRankOptionsResponseDetails.java
88,src/main/java/teammates/logic/external/MailgunService.java
1,src/e2e/java/teammates/e2e/pageobjects/InstructorSearchPage.java
159,src/main/java/teammates/common/datatransfer/attributes/FeedbackQuestionAttributes.java
119,src/main/java/teammates/logic/core/FeedbackResponsesLogic.java
81,src/main/java/teammates/ui/webapi/GetAccountsAction.java
1,src/main/java/teammates/ui/webapi/GetInstructorAction.java
15,src/e2e/java/teammates/e2e/cases/InstructorSessionIndividualExtensionPageE2ETest.java
130,src/test/java/teammates/storage/api/package-info.java
23,src/main/java/teammates/ui/webapi/CreateNotificationAction.java
5,src/main/java/teammates/ui/webapi/ActionFactory.java
122,src/test/java/teammates/logic/api/UserProvisionTest.java
25,src/main/java/teammates/ui/webapi/UpdateInstructorPrivilegeAction.java
15,src/e2e/java/teammates/e2e/pageobjects/InstructorCourseStudentDetailsEditPage.java
85,src/test/java/teammates/ui/webapi/MarkNotificationAsReadActionTest.java
26,src/test/java/teammates/ui/webapi/JsonResultTest.java
97,src/test/java/teammates/ui/webapi/CalculateUsageStatisticsActionTest.java
26,src/test/java/teammates/ui/webapi/JoinCourseActionTest.java
22,src/main/java/teammates/logic/core/FeedbackQuestionsLogic.java
97,src/test/java/teammates/ui/webapi/MarkNotificationAsReadActionTest.java
26,src/main/java/teammates/ui/output/SessionResultsData.java
4,src/test/java/teammates/ui/webapi/RestoreFeedbackSessionActionTest.java
174,src/test/java/teammates/common/util/JsonUtilsTest.java
29,src/main/java/teammates/ui/webapi/GetAccountsAction.java
25,src/test/java/teammates/ui/webapi/DeleteFeedbackSessionActionTest.java
125,src/main/java/teammates/storage/entity/AccountRequest.java
22,src/main/java/teammates/ui/webapi/SearchAccountRequestsAction.java
25,src/test/java/teammates/ui/servlets/WebApiServletTest.java
190,src/e2e/java/teammates/e2e/cases/axe/FeedbackSubmitPageAxeTest.java
156,src/test/java/teammates/common/datatransfer/InstructorPrivilegesTest.java
194,src/client/java/teammates/client/scripts/DataMigrationForGoogleIdToGmail.java
97,src/test/java/teammates/ui/webapi/ResetAccountRequestActionTest.java
1,src/test/java/teammates/ui/webapi/CreateFeedbackSessionLogActionTest.java
97,src/main/java/teammates/ui/webapi/JoinCourseAction.java
22,src/main/java/teammates/ui/webapi/GetUserCookieAction.java
8,src/test/java/teammates/logic/api/MockUserProvision.java
23,src/main/java/teammates/ui/output/InstructorData.java
29,src/main/java/teammates/ui/webapi/FeedbackSessionRemindParticularUsersEmailWorkerAction.java
160,src/main/java/teammates/common/exception/HttpRequestFailedException.java
17,src/e2e/java/teammates/e2e/cases/axe/AdminSessionsPageAxeTest.java
22,src/main/java/teammates/ui/webapi/DeleteStudentsAction.java
188,src/e2e/java/teammates/e2e/util/TestNgXmlTest.java
4,src/main/java/teammates/ui/request/FeedbackResponsesRequest.java
157,src/test/java/teammates/common/datatransfer/attributes/package-info.java
25,src/test/java/teammates/ui/webapi/GetStudentActionTest.java
7,src/main/java/teammates/ui/webapi/CreateCourseAction.java
196,src/client/java/teammates/client/scripts/DataMigrationForTextQuestionDetailsFormat.java
5,src/main/java/teammates/ui/output/GeneralLogsData.java
160,src/main/java/teammates/common/datatransfer/questions/FeedbackConstantSumDistributePointsType.java
155,src/test/java/teammates/common/util/UrlTest.java
97,src/main/java/teammates/ui/webapi/GetSessionResultsAction.java
131,src/main/java/teammates/storage/entity/Account.java
87,src/main/java/teammates/logic/core/DataBundleLogic.java
16,src/e2e/java/teammates/e2e/cases/InstructorCourseDetailsPageE2ETest.java
190,src/e2e/java/teammates/e2e/cases/FeedbackResultsPageE2ETest.java
131,src/test/java/teammates/logic/api/MockLogsProcessor.java
81,src/main/java/teammates/ui/request/CourseCreateRequest.java
85,src/test/java/teammates/ui/webapi/CalculateUsageStatisticsActionTest.java
97,src/main/java/teammates/ui/request/FeedbackResponseCommentBasicRequest.java
23,src/test/java/teammates/ui/webapi/GetInstructorPrivilegeActionTest.java
47,src/main/java/teammates/logic/core/CoursesLogic.java
156,src/test/java/teammates/common/datatransfer/CourseRosterTest.java
85,src/main/java/teammates/ui/output/FeedbackSessionSubmissionStatus.java
22,src/main/java/teammates/ui/webapi/EnrollStudentsAction.java
1,src/main/java/teammates/ui/webapi/CalculateUsageStatisticsAction.java
18,src/client/java/teammates/client/scripts/IndexFeedbackSessionFields.java
9,src/main/java/teammates/storage/entity/AccountRequest.java
5,src/main/java/teammates/ui/webapi/ArchiveCourseAction.java
1,src/main/java/teammates/ui/request/FeedbackResponseCommentUpdateRequest.java
186,src/e2e/java/teammates/e2e/cases/axe/InstructorStudentRecordsPageAxeTest.java
159,src/main/java/teammates/common/datatransfer/questions/FeedbackRubricResponseDetails.java
22,src/test/java/teammates/ui/webapi/GetHasResponsesActionTest.java
47,src/test/java/teammates/logic/core/package-info.java
5,src/main/java/teammates/ui/webapi/GetDeadlineExtensionAction.java
133,src/test/java/teammates/storage/api/AccountRequestsDbTest.java
97,src/test/java/teammates/ui/webapi/SearchAccountRequestsActionTest.java
29,src/test/java/teammates/ui/webapi/UnpublishFeedbackSessionActionTest.java
7,src/main/java/teammates/ui/webapi/GetTimeZonesAction.java
97,src/test/java/teammates/ui/webapi/UnpublishFeedbackSessionActionTest.java
117,src/main/java/teammates/logic/external/LocalLoggingService.java
16,src/e2e/java/teammates/e2e/cases/FeedbackConstSumOptionQuestionE2ETest.java
5,src/main/java/teammates/ui/request/NotificationBasicRequest.java
1,src/main/java/teammates/ui/request/InstructorCreateRequest.java
186,src/e2e/java/teammates/e2e/pageobjects/InstructorCourseEnrollPage.java
22,src/test/java/teammates/logic/api/MockUserProvision.java
190,src/e2e/java/teammates/e2e/cases/axe/InstructorCourseEnrollPageAxeTest.java
1,src/e2e/java/teammates/e2e/cases/axe/InstructorStudentListPageAxeTest.java
160,src/main/java/teammates/common/datatransfer/logs/LogDetails.java
188,src/e2e/java/teammates/e2e/pageobjects/AdminNotificationsPage.java
194,src/client/java/teammates/client/scripts/ListActiveInstructors.java
190,src/e2e/java/teammates/e2e/cases/InstructorFeedbackReportPageE2ETest.java
25,src/main/java/teammates/ui/request/FeedbackResponseCommentBasicRequest.java
198,src/client/java/teammates/client/util/ClientProperties.java
1,src/main/java/teammates/common/util/FieldValidator.java
127,src/main/java/teammates/common/datatransfer/questions/FeedbackContributionQuestionDetails.java
7,src/main/java/teammates/ui/output/ApiOutput.java
81,src/main/java/teammates/ui/webapi/UpdateFeedbackSessionAction.java
160,src/main/java/teammates/common/datatransfer/logs/QueryLogsParams.java
17,src/e2e/java/teammates/e2e/pageobjects/AppPage.java
7,src/test/java/teammates/ui/webapi/GetFeedbackSessionActionTest.java
81,src/test/java/teammates/ui/webapi/FeedbackSessionClosingRemindersActionTest.java
22,src/main/java/teammates/ui/webapi/CreateFeedbackSessionLogAction.java
1,src/test/java/teammates/common/datatransfer/attributes/AccountRequestAttributesTest.java
1,src/test/java/teammates/common/datatransfer/questions/FeedbackResponseDetailsTest.java
7,src/main/java/teammates/ui/request/FeedbackSessionUpdateRequest.java
29,src/main/java/teammates/ui/webapi/CreateFeedbackSessionLogAction.java
29,src/main/java/teammates/ui/output/OngoingSessionsData.java
117,src/main/java/teammates/logic/core/FeedbackResponseCommentsLogic.java
158,src/test/java/teammates/common/datatransfer/questions/FeedbackMcqQuestionDetailsTest.java
81,src/test/java/teammates/ui/webapi/FeedbackSessionOpeningSoonRemindersActionTest.java
23,src/main/java/teammates/ui/webapi/DeleteStudentAction.java
68,src/main/java/teammates/logic/external/RecaptchaService.java
4,src/main/java/teammates/ui/output/JoinState.java
47,src/test/java/teammates/logic/api/BaseLogicTest.java
81,src/main/java/teammates/ui/servlets/DevServerLoginServlet.java
159,src/test/java/teammates/common/util/JsonUtilsTest.java
4,src/main/java/teammates/ui/output/JoinStatus.java
4,src/main/java/teammates/ui/output/AccountData.java
156,src/test/java/teammates/common/datatransfer/attributes/NotificationAttributesTest.java
132,src/main/java/teammates/storage/search/SearchDocument.java
190,src/e2e/java/teammates/e2e/pageobjects/StudentCourseDetailsPage.java
5,src/main/java/teammates/ui/webapi/UnauthorizedAccessException.java
185,src/main/java/teammates/logic/core/NotificationsLogic.java
97,src/test/java/teammates/ui/webapi/GetFeedbackResponsesActionTest.java
26,src/main/java/teammates/ui/webapi/UpdateNotificationAction.java
155,src/main/java/teammates/common/util/StringHelper.java
174,src/main/java/teammates/common/util/TimeHelper.java
189,src/e2e/java/teammates/e2e/pageobjects/StudentCourseDetailsPage.java
8,src/test/java/teammates/logic/api/MockRecaptchaVerifier.java
81,src/test/java/teammates/ui/webapi/GetActionClassesActionTest.java
188,src/e2e/java/teammates/e2e/pageobjects/InstructorCourseStudentDetailsViewPage.java
173,src/test/java/teammates/test/AssertHelper.java
160,src/test/java/teammates/common/datatransfer/attributes/BaseAttributesTest.java
77,src/main/java/teammates/logic/core/FeedbackResponseCommentsLogic.java
23,src/test/java/teammates/ui/webapi/CompileLogsActionTest.java
1,src/e2e/java/teammates/e2e/cases/NotificationBannerE2ETest.java
15,src/e2e/java/teammates/e2e/cases/BaseFeedbackQuestionE2ETest.java
1,src/test/java/teammates/ui/webapi/GetSessionResponseStatsActionTest.java
26,src/main/java/teammates/ui/webapi/GetCourseJoinStatusAction.java
1,src/test/java/teammates/logic/api/MockRecaptchaVerifier.java
85,src/test/java/teammates/ui/webapi/CreateFeedbackResponseCommentActionTest.java
22,src/test/java/teammates/ui/webapi/JoinCourseActionTest.java
68,src/test/java/teammates/logic/api/MockUserProvision.java
4,src/main/java/teammates/ui/webapi/UnauthorizedAccessException.java
26,src/test/java/teammates/ui/webapi/GetFeedbackResponsesActionTest.java
157,src/main/java/teammates/common/datatransfer/questions/FeedbackMcqResponseDetails.java
25,src/main/java/teammates/ui/webapi/GetAccountsAction.java
81,src/test/java/teammates/ui/webapi/CreateNotificationActionTest.java
25,src/test/java/teammates/ui/webapi/DeleteInstructorActionTest.java
85,src/test/java/teammates/logic/api/MockLogsProcessor.java
20,src/main/java/teammates/common/exception/package-info.java
4,src/client/java/teammates/client/scripts/DataMigrationForSampleGoogleIdInStudentAttributes.java
174,src/test/java/teammates/common/datatransfer/attributes/FeedbackResponseCommentAttributesTest.java
16,src/e2e/java/teammates/e2e/pageobjects/InstructorFeedbackResultsPage.java
185,src/e2e/java/teammates/e2e/pageobjects/InstructorNotificationsPage.java
1,src/main/java/teammates/ui/constants/ApiConst.java
4,src/main/java/teammates/ui/webapi/GetReadNotificationsAction.java
5,src/test/java/teammates/ui/webapi/RestoreCourseActionTest.java
97,src/test/java/teammates/ui/webapi/CreateCourseActionTest.java
97,src/main/java/teammates/ui/webapi/GetFeedbackQuestionsAction.java
85,src/test/java/teammates/ui/request/StudentsEnrollRequestTest.java
22,src/main/java/teammates/ui/request/FeedbackSessionUpdateRequest.java
7,src/main/java/teammates/ui/webapi/EnrollStudentsAction.java
85,src/main/java/teammates/ui/webapi/GetReadNotificationsAction.java
25,src/main/java/teammates/ui/webapi/AuthType.java
1,src/main/java/teammates/storage/entity/Instructor.java
160,src/main/java/teammates/common/datatransfer/questions/FeedbackConstantSumQuestionDetails.java
81,src/main/java/teammates/ui/output/FeedbackQuestionRecipientData.java
159,src/main/java/teammates/common/datatransfer/attributes/DeadlineExtensionAttributes.java
88,src/test/java/teammates/storage/api/package-info.java
85,src/main/java/teammates/ui/output/NotificationsData.java
79,src/test/java/teammates/logic/external/package-info.java
155,src/main/java/teammates/common/exception/EnrollException.java
198,src/client/java/teammates/client/scripts/DataMigrationForSanitizedInstructorName.java
1,src/main/java/teammates/storage/api/package-info.java
20,src/test/java/teammates/common/datatransfer/package-info.java
22,src/main/java/teammates/ui/webapi/CreateCourseAction.java
185,src/main/java/teammates/logic/api/RecaptchaVerifier.java
7,src/main/java/teammates/ui/webapi/GetStudentAction.java
81,src/main/java/teammates/ui/output/NotificationData.java
5,src/main/java/teammates/ui/output/InstructorData.java
5,src/main/java/teammates/ui/webapi/UpdateNotificationAction.java
156,src/main/java/teammates/common/datatransfer/NotificationStyle.java
88,src/main/java/teammates/storage/api/AccountsDb.java
79,src/main/java/teammates/logic/external/LocalLoggingService.java
25,src/main/java/teammates/ui/output/AuthInfo.java
18,src/client/java/teammates/client/scripts/statistics/FileStore.java
29,src/test/java/teammates/ui/webapi/GetNotificationActionTest.java
7,src/main/java/teammates/ui/webapi/AuthType.java
160,src/main/java/teammates/common/datatransfer/logs/ExceptionLogDetails.java
129,src/test/java/teammates/logic/core/AccountsLogicTest.java
22,src/main/java/teammates/logic/api/TaskQueuer.java
81,src/test/java/teammates/ui/webapi/GetNotificationsActionTest.java
26,src/test/java/teammates/ui/webapi/UpdateFeedbackResponseCommentActionTest.java
132,src/main/java/teammates/storage/entity/FeedbackSession.java
17,src/e2e/java/teammates/e2e/cases/axe/StudentNotificationsPageAxeTest.java
156,src/main/java/teammates/common/datatransfer/FeedbackSessionLogEntry.java
5,src/main/java/teammates/ui/output/JoinLinkData.java
5,src/test/java/teammates/ui/webapi/FeedbackSessionUnpublishedEmailWorkerActionTest.java
129,src/main/java/teammates/logic/api/EmailGenerator.java
122,src/test/java/teammates/logic/core/FeedbackResponseCommentsLogicTest.java
175,src/main/java/teammates/common/datatransfer/logs/SourceLocation.java
196,src/client/java/teammates/client/scripts/DataMigrationForGoogleIdToGmail.java
176,src/main/java/teammates/logic/external/MailjetService.java
159,src/main/java/teammates/common/datatransfer/questions/FeedbackTextResponseDetails.java
195,src/client/java/teammates/client/scripts/statistics/package-info.java
22,src/test/java/teammates/ui/webapi/SubmitFeedbackResponsesActionTest.java
197,src/client/java/teammates/client/scripts/DataMigrationForUnencryptedKeyForInstructors.java
119,src/test/java/teammates/logic/core/AccountsLogicTest.java
23,src/main/java/teammates/ui/webapi/ActionMappingException.java
26,src/main/java/teammates/ui/webapi/ResetAccountAction.java
188,src/e2e/java/teammates/e2e/cases/InstructorFeedbackReportPageE2ETest.java
1,src/main/java/teammates/ui/output/CourseSectionNamesData.java
7,src/test/java/teammates/ui/webapi/InstructorCourseJoinEmailWorkerActionTest.java
187,src/e2e/java/teammates/e2e/util/AxeUtil.java
1,src/e2e/java/teammates/e2e/cases/InstructorCourseStudentDetailsPageE2ETest.java
159,src/main/java/teammates/common/datatransfer/attributes/NotificationAttributes.java
26,src/main/java/teammates/ui/servlets/LogoutServlet.java
1,src/main/java/teammates/logic/api/package-info.java
4,src/main/java/teammates/ui/webapi/GetFeedbackQuestionRecipientsAction.java
190,src/e2e/java/teammates/e2e/cases/InstructorSessionIndividualExtensionPageE2ETest.java
87,src/main/java/teammates/logic/api/TaskQueuer.java
160,src/test/java/teammates/common/datatransfer/attributes/StudentAttributesTest.java
29,src/test/java/teammates/ui/webapi/GetStudentActionTest.java
97,src/main/java/teammates/ui/webapi/FeedbackSessionRemindParticularUsersEmailWorkerAction.java
190,src/e2e/java/teammates/e2e/cases/axe/InstructorFeedbackEditPageAxeTest.java
186,src/e2e/java/teammates/e2e/pageobjects/AdminSearchPage.java
158,src/test/java/teammates/common/datatransfer/questions/FeedbackTextResponseDetailsTest.java
23,src/test/java/teammates/ui/webapi/GetFeedbackResponsesActionTest.java
85,src/main/java/teammates/ui/webapi/StudentCourseJoinEmailWorkerAction.java
23,src/main/java/teammates/ui/webapi/GetFeedbackResponseCommentAction.java
7,src/main/java/teammates/ui/webapi/StudentSearchIndexingWorkerAction.java
22,src/test/java/teammates/ui/webapi/SearchStudentsActionTest.java
123,src/main/java/teammates/storage/entity/FeedbackResponseComment.java
7,src/main/java/teammates/ui/webapi/GetUserCookieAction.java
20,src/test/java/teammates/common/datatransfer/SessionResultsBundleTest.java
5,src/main/java/teammates/ui/webapi/GetRegkeyValidityAction.java
97,src/main/java/teammates/ui/output/FeedbackSessionLogsData.java
1,src/main/java/teammates/common/datatransfer/questions/FeedbackNumericalScaleResponseDetails.java
85,src/test/java/teammates/ui/webapi/GetTimeZonesActionTest.java
1,src/main/java/teammates/storage/search/SearchDocument.java
29,src/main/java/teammates/ui/output/RegenerateKeyData.java
88,src/test/java/teammates/logic/core/DataBundleLogicTest.java
1,src/test/java/teammates/ui/webapi/GetReadNotificationsActionTest.java
196,src/client/java/teammates/client/util/BackDoor.java
195,src/client/java/teammates/client/scripts/GenerateUsageStatisticsObjects.java
10,src/test/java/teammates/test/EmailCheckerTest.java
5,src/main/java/teammates/ui/webapi/SendErrorReportAction.java
7,src/main/java/teammates/ui/request/FeedbackResponseCommentBasicRequest.java
1,src/e2e/java/teammates/e2e/cases/FeedbackNumScaleQuestionE2ETest.java
1,src/test/java/teammates/ui/webapi/RegenerateInstructorKeyActionTest.java
156,src/main/java/teammates/common/datatransfer/DataBundle.java
23,src/test/java/teammates/ui/webapi/GetCourseActionTest.java
1,src/test/java/teammates/common/datatransfer/SessionResultsBundleTest.java
1,src/main/java/teammates/ui/request/FeedbackSessionBasicRequest.java
155,src/test/java/teammates/common/datatransfer/TeamEvalResultTest.java
85,src/main/java/teammates/ui/webapi/SubmitFeedbackResponsesAction.java
125,src/main/java/teammates/storage/api/NotificationsDb.java
155,src/main/java/teammates/common/exception/InstructorUpdateException.java
25,src/main/java/teammates/ui/webapi/InvalidHttpParameterException.java
25,src/test/java/teammates/ui/webapi/GetRegkeyValidityActionTest.java
18,src/client/java/teammates/client/scripts/DataMigrationForTextQuestionDetailsFormat.java
47,src/main/java/teammates/logic/external/package-info.java
175,src/main/java/teammates/common/exception/EntityAlreadyExistsException.java
97,src/main/java/teammates/logic/core/DataBundleLogic.java
176,src/test/java/teammates/logic/core/StudentsLogicTest.java
85,src/main/java/teammates/ui/servlets/HealthCheckServlet.java
47,src/main/java/teammates/logic/core/StudentsLogic.java
85,src/test/java/teammates/ui/webapi/JsonResultTest.java
176,src/main/java/teammates/logic/external/RecaptchaService.java
196,src/client/java/teammates/client/scripts/DataMigrationForSanitizedDataInInstructorAttributes.java
1,src/main/java/teammates/common/util/StringHelper.java
157,src/main/java/teammates/common/datatransfer/questions/FeedbackRankRecipientsQuestionDetails.java
7,src/main/java/teammates/ui/webapi/GetUsageStatisticsAction.java
1,src/client/java/teammates/client/scripts/statistics/CursorIterator.java
7,src/test/java/teammates/ui/webapi/DeleteFeedbackQuestionActionTest.java
5,src/main/java/teammates/ui/webapi/RemindFeedbackSessionSubmissionAction.java
23,src/test/java/teammates/ui/webapi/SearchStudentsActionTest.java
77,src/main/java/teammates/logic/api/EmailGenerator.java
29,src/main/java/teammates/ui/output/OngoingSession.java
81,src/main/java/teammates/ui/request/CourseUpdateRequest.java
5,src/main/java/teammates/ui/webapi/GetNotificationAction.java
119,src/test/java/teammates/logic/core/BaseLogicTest.java
15,src/e2e/java/teammates/e2e/util/AxeUtil.java
22,src/main/java/teammates/ui/webapi/CompileLogsAction.java
5,src/main/java/teammates/ui/output/JoinState.java
117,src/main/java/teammates/logic/core/DeadlineExtensionsLogic.java
194,src/client/java/teammates/client/scripts/DataMigrationForSanitizedInstructorName.java
81,src/test/java/teammates/ui/webapi/DeleteStudentsActionTest.java
186,src/e2e/java/teammates/e2e/pageobjects/CourseJoinConfirmationPage.java
1,src/test/java/teammates/test/BaseTestCaseWithDatabaseAccess.java
81,src/main/java/teammates/ui/output/SendLoginEmailResponseData.java
117,src/main/java/teammates/logic/core/AccountRequestsLogic.java
26,src/main/java/teammates/ui/webapi/GetCourseAction.java
122,src/test/java/teammates/logic/api/MockLogsProcessor.java
1,src/main/java/teammates/ui/webapi/CompileLogsAction.java
186,src/e2e/java/teammates/e2e/cases/InstructorCourseJoinConfirmationPageE2ETest.java
155,src/main/java/teammates/common/util/Config.java
188,src/e2e/java/teammates/e2e/util/MaximumRetriesExceededException.java
22,src/main/java/teammates/ui/webapi/UpdateInstructorAction.java
5,src/test/java/teammates/ui/webapi/GetSessionResultsActionTest.java
22,src/main/java/teammates/ui/webapi/GetFeedbackSessionAction.java
1,src/test/java/teammates/ui/webapi/GetFeedbackSessionsActionTest.java
1,src/main/java/teammates/common/datatransfer/logs/EmailSentLogDetails.java
159,src/test/java/teammates/common/datatransfer/questions/FeedbackRankQuestionDetailsTest.java
133,src/main/java/teammates/storage/entity/UsageStatistics.java
25,src/main/java/teammates/ui/output/FeedbackVisibilityType.java
85,src/main/java/teammates/ui/request/FeedbackSessionRemindRequest.java
97,src/main/java/teammates/ui/output/ReadNotificationsData.java
187,src/e2e/java/teammates/e2e/cases/axe/AdminNotificationsPageAxeTest.java
4,src/main/java/teammates/ui/webapi/CreateFeedbackSessionAction.java
23,src/main/java/teammates/ui/request/CourseUpdateRequest.java
5,src/main/java/teammates/ui/servlets/package-info.java
159,src/main/java/teammates/common/datatransfer/questions/FeedbackNumericalScaleResponseDetails.java
22,src/main/java/teammates/ui/webapi/GetReadNotificationsAction.java
174,src/main/java/teammates/common/datatransfer/questions/FeedbackConstantSumQuestionDetails.java
81,src/main/java/teammates/ui/webapi/DeleteNotificationAction.java
1,src/e2e/java/teammates/e2e/pageobjects/package-info.java
118,src/main/java/teammates/storage/search/InstructorSearchManager.java
7,src/main/java/teammates/ui/webapi/DeleteInstructorAction.java
155,src/main/java/teammates/common/datatransfer/questions/FeedbackConstantSumDistributePointsType.java
7,src/main/java/teammates/ui/webapi/DeleteStudentsAction.java
25,src/main/java/teammates/ui/webapi/GetNotificationsAction.java
5,src/main/java/teammates/ui/request/FeedbackSessionCreateRequest.java
85,src/main/java/teammates/ui/output/FeedbackSessionData.java
128,src/main/java/teammates/storage/entity/BaseEntity.java
163,src/test/java/teammates/test/EmailChecker.java
79,src/test/java/teammates/logic/core/CoursesLogicTest.java
29,src/main/java/teammates/ui/output/StudentsData.java
7,src/main/java/teammates/ui/output/FeedbackQuestionsData.java
5,src/test/java/teammates/ui/webapi/BinFeedbackSessionActionTest.java
5,src/main/java/teammates/ui/webapi/BinFeedbackSessionAction.java
26,src/main/java/teammates/ui/output/SendLoginEmailResponseData.java
7,src/main/java/teammates/ui/webapi/GetFeedbackSessionAction.java
160,src/test/java/teammates/common/datatransfer/questions/FeedbackMsqQuestionDetailsTest.java
22,src/test/java/teammates/ui/webapi/CreateFeedbackQuestionActionTest.java
86,src/test/java/teammates/logic/api/MockRecaptchaVerifier.java
85,src/test/java/teammates/logic/api/MockTaskQueuer.java
23,src/main/java/teammates/ui/webapi/GetHasResponsesAction.java
23,src/main/java/teammates/ui/webapi/SearchStudentsAction.java
23,src/main/java/teammates/ui/webapi/FeedbackSessionRemindEmailWorkerAction.java
129,src/test/java/teammates/logic/api/UserProvisionTest.java
157,src/main/java/teammates/common/exception/EntityAlreadyExistsException.java
1,src/main/java/teammates/ui/webapi/GetCourseSectionNamesAction.java
7,src/main/java/teammates/logic/core/InstructorsLogic.java
190,src/e2e/java/teammates/e2e/cases/axe/StudentCourseJoinConfirmationPageAxeTest.java
97,src/main/java/teammates/ui/webapi/UpdateFeedbackSessionAction.java
156,src/main/java/teammates/common/util/Const.java
158,src/main/java/teammates/common/datatransfer/logs/SourceLocation.java
84,src/main/java/teammates/logic/core/AccountRequestsLogic.java
87,src/main/java/teammates/logic/external/EmptyRecaptchaService.java
23,src/main/java/teammates/ui/webapi/UpdateInstructorAction.java
15,src/e2e/java/teammates/e2e/cases/InstructorCourseDetailsPageE2ETest.java
15,src/e2e/java/teammates/e2e/cases/axe/InstructorCourseStudentDetailsEditPageAxeTest.java
23,src/test/java/teammates/ui/webapi/FeedbackSessionOpeningSoonRemindersActionTest.java
29,src/main/java/teammates/ui/webapi/GetUsageStatisticsAction.java
29,src/test/java/teammates/ui/webapi/UpdateFeedbackSessionActionTest.java
5,src/main/java/teammates/ui/servlets/OriginCheckFilter.java
97,src/main/java/teammates/ui/output/OngoingSession.java
160,src/main/java/teammates/common/exception/EntityAlreadyExistsException.java
85,src/main/java/teammates/ui/request/StudentsEnrollRequest.java
85,src/main/java/teammates/ui/request/CourseArchiveRequest.java
4,src/main/java/teammates/ui/webapi/GetInstructorsAction.java
16,src/e2e/java/teammates/e2e/cases/axe/InstructorCourseJoinConfirmationPageAxeTest.java
189,src/e2e/java/teammates/e2e/cases/package-info.java
1,src/test/java/teammates/storage/api/CoursesDbTest.java
128,src/test/java/teammates/storage/api/DeadlineExtensionsDbTest.java
101,src/test/java/teammates/storage/api/AccountRequestsDbTest.java
5,src/main/java/teammates/ui/request/FeedbackSessionRemindRequest.java
5,src/main/java/teammates/ui/webapi/FeedbackSessionUnpublishedEmailWorkerAction.java
7,src/main/java/teammates/logic/core/CoursesLogic.java
155,src/main/java/teammates/common/datatransfer/QueryLogsResults.java
196,src/client/java/teammates/client/connector/DatastoreClient.java
97,src/main/java/teammates/ui/webapi/GetRegkeyValidityAction.java
174,src/test/java/teammates/common/datatransfer/questions/FeedbackTextQuestionDetailsTest.java
23,src/main/java/teammates/ui/output/AccountData.java
85,src/main/java/teammates/ui/webapi/GetAccountsAction.java
186,src/e2e/java/teammates/e2e/cases/axe/InstructorCourseDetailsPageAxeTest.java
86,src/main/java/teammates/logic/external/MailjetService.java
133,src/main/java/teammates/storage/search/package-info.java
128,src/main/java/teammates/storage/api/FeedbackQuestionsDb.java
23,src/main/java/teammates/ui/output/FeedbackResponseCommentData.java
22,src/main/java/teammates/ui/webapi/RegenerateInstructorKeyAction.java
175,src/main/java/teammates/common/datatransfer/logs/DefaultLogDetails.java
29,src/test/java/teammates/ui/servlets/WebPageServletTest.java
157,src/test/java/teammates/common/datatransfer/attributes/StudentAttributesTest.java
85,src/main/java/teammates/ui/webapi/MarkNotificationAsReadAction.java
190,src/e2e/java/teammates/e2e/pageobjects/InstructorSessionIndividualExtensionPage.java
22,src/test/java/teammates/ui/webapi/GetActionClassesActionTest.java
5,src/main/java/teammates/ui/webapi/SearchStudentsAction.java
8,src/main/java/teammates/logic/core/package-info.java
175,src/main/java/teammates/common/exception/SearchServiceException.java
23,src/main/java/teammates/ui/webapi/GetStudentAction.java
25,src/test/java/teammates/ui/webapi/UpdateFeedbackQuestionActionTest.java
23,src/main/java/teammates/ui/webapi/GetNotificationAction.java
119,src/test/java/teammates/logic/api/UserProvisionTest.java
16,src/e2e/java/teammates/e2e/pageobjects/InstructorSessionIndividualExtensionPage.java
97,src/main/java/teammates/ui/webapi/GetNotificationAction.java
7,src/main/java/teammates/ui/request/InstructorCreateRequest.java
122,src/test/java/teammates/logic/core/DataBundleLogicTest.java
176,src/test/java/teammates/logic/core/FeedbackResponsesLogicTest.java
97,src/test/java/teammates/logic/external/GoogleRecaptchaServiceTest.java
81,src/test/java/teammates/ui/request/package-info.java
7,src/main/java/teammates/ui/webapi/StudentCourseJoinEmailWorkerAction.java
185,src/e2e/java/teammates/e2e/cases/InstructorStudentRecordsPageE2ETest.java
189,src/e2e/java/teammates/e2e/cases/axe/InstructorStudentListPageAxeTest.java
25,src/main/java/teammates/ui/webapi/GateKeeper.java
88,src/main/java/teammates/logic/external/TaskQueueService.java
125,src/main/java/teammates/storage/search/InstructorSearchManager.java
197,src/client/java/teammates/client/scripts/DataMigrationForUnencryptedKeyForStudents.java
23,src/test/java/teammates/ui/webapi/GetFeedbackSessionsActionTest.java
7,src/main/java/teammates/ui/output/FeedbackQuestionData.java
7,src/main/java/teammates/ui/webapi/GetCourseAction.java
29,src/main/java/teammates/ui/webapi/DatastoreBackupAction.java
22,src/main/java/teammates/ui/output/EmailData.java
160,src/test/java/teammates/common/datatransfer/package-info.java
1,src/main/java/teammates/ui/request/InvalidHttpRequestBodyException.java
29,src/test/java/teammates/ui/webapi/FeedbackSessionPublishedRemindersActionTest.java
185,src/e2e/java/teammates/e2e/cases/FeedbackRankOptionQuestionE2ETest.java
25,src/main/java/teammates/ui/request/CourseBasicRequest.java
7,src/test/java/teammates/ui/webapi/GetCourseJoinStatusActionTest.java
7,src/test/java/teammates/ui/webapi/UnpublishFeedbackSessionActionTest.java
119,src/main/java/teammates/logic/external/AuthService.java
22,src/main/java/teammates/ui/webapi/BasicCommentSubmissionAction.java
23,src/main/java/teammates/ui/output/SendLoginEmailResponseData.java
8,src/main/java/teammates/logic/core/FeedbackSessionsLogic.java
85,src/main/java/teammates/ui/webapi/UpdateCourseAction.java
190,src/e2e/java/teammates/e2e/cases/FeedbackNumScaleQuestionE2ETest.java
177,src/main/java/teammates/storage/api/FeedbackSessionsDb.java
29,src/main/java/teammates/ui/webapi/DeleteInstructorAction.java
133,src/main/java/teammates/storage/api/UsageStatisticsDb.java
22,src/test/java/teammates/ui/webapi/GetFeedbackResponseCommentActionTest.java
1,src/main/java/teammates/logic/external/EmailSenderService.java
29,src/main/java/teammates/ui/servlets/LoginServlet.java
29,src/main/java/teammates/ui/output/AccountData.java
85,src/test/java/teammates/ui/webapi/CreateAccountRequestActionTest.java
1,src/test/java/teammates/ui/webapi/UpdateFeedbackResponseCommentActionTest.java
23,src/main/java/teammates/ui/servlets/OAuth2CallbackServlet.java
97,src/main/java/teammates/ui/webapi/PutDataBundleAction.java
4,src/test/java/teammates/ui/webapi/GetAccountsActionTest.java
159,src/main/java/teammates/common/util/EmailSendingStatus.java
159,src/test/java/teammates/common/util/package-info.java
29,src/main/java/teammates/ui/output/FeedbackQuestionData.java
160,src/main/java/teammates/common/exception/InvalidParametersException.java
7,src/test/java/teammates/ui/webapi/DeleteFeedbackSessionActionTest.java
132,src/test/java/teammates/storage/api/FeedbackQuestionsDbTest.java
25,src/test/java/teammates/ui/webapi/CreateFeedbackQuestionActionTest.java
97,src/test/java/teammates/ui/webapi/FeedbackSessionPublishedRemindersActionTest.java
23,src/main/java/teammates/ui/webapi/UpdateNotificationAction.java
47,src/main/java/teammates/logic/external/MailgunService.java
15,src/e2e/java/teammates/e2e/cases/InstructorCourseStudentDetailsPageE2ETest.java
4,src/main/java/teammates/ui/webapi/ActionResult.java
186,src/e2e/java/teammates/e2e/cases/InstructorCourseDetailsPageE2ETest.java
29,src/main/java/teammates/ui/webapi/GetFeedbackSessionSubmittedGiverSetAction.java
84,src/main/java/teammates/logic/external/LocalLoggingService.java
127,src/main/java/teammates/common/datatransfer/package-info.java
97,src/main/java/teammates/ui/output/InstructorsData.java
22,src/main/java/teammates/ui/webapi/GetHasResponsesAction.java
85,src/test/java/teammates/logic/core/AccountsLogicTest.java
187,src/e2e/java/teammates/e2e/cases/StudentCourseDetailsPageE2ETest.java
129,src/main/java/teammates/logic/core/InstructorsLogic.java
7,src/main/java/teammates/ui/output/UsageStatisticsRangeData.java
190,src/e2e/java/teammates/e2e/pageobjects/InstructorCourseStudentDetailsEditPage.java
159,src/main/java/teammates/common/exception/EnrollException.java
176,src/main/java/teammates/logic/external/TaskQueueService.java
175,src/test/java/teammates/common/datatransfer/questions/FeedbackRankOptionsQuestionDetailsTest.java
186,src/e2e/java/teammates/e2e/cases/FeedbackSubmitPageE2ETest.java
85,src/main/java/teammates/ui/webapi/GetRegkeyValidityAction.java
26,src/test/java/teammates/ui/webapi/GetCoursesActionTest.java
4,src/main/java/teammates/ui/output/EmailData.java
117,src/test/java/teammates/logic/core/AccountsLogicTest.java
159,src/test/java/teammates/common/datatransfer/ErrorLogEntryTest.java
1,src/main/java/teammates/ui/webapi/CreateFeedbackResponseCommentAction.java
1,src/e2e/java/teammates/e2e/pageobjects/CourseJoinConfirmationPage.java
127,src/main/java/teammates/common/exception/EmailSendingException.java
15,src/e2e/java/teammates/e2e/cases/InstructorStudentListPageE2ETest.java
88,src/main/java/teammates/logic/api/RecaptchaVerifier.java
185,src/e2e/java/teammates/e2e/pageobjects/InstructorSessionIndividualExtensionPage.java
25,src/main/java/teammates/ui/webapi/ArchiveCourseAction.java
157,src/test/java/teammates/common/datatransfer/questions/FeedbackTextResponseDetailsTest.java
8,src/main/java/teammates/logic/external/EmptyEmailService.java
4,src/test/java/teammates/ui/webapi/CreateFeedbackQuestionActionTest.java
20,src/test/java/teammates/common/util/TimeHelperExtension.java
29,src/main/java/teammates/ui/output/JoinStatus.java
175,src/main/java/teammates/common/datatransfer/TeamEvalResult.java
160,src/main/java/teammates/common/datatransfer/attributes/DeadlineExtensionAttributes.java
22,src/main/java/teammates/ui/webapi/GetCourseAction.java
25,src/main/java/teammates/ui/webapi/StudentCourseJoinEmailWorkerAction.java
156,src/main/java/teammates/common/datatransfer/attributes/AccountAttributes.java
7,src/main/java/teammates/ui/webapi/GetHasResponsesAction.java
29,src/test/java/teammates/ui/webapi/GetFeedbackResponsesActionTest.java
85,src/main/java/teammates/logic/external/EmptyRecaptchaService.java
155,src/main/java/teammates/common/datatransfer/attributes/FeedbackResponseCommentAttributes.java
5,src/main/java/teammates/ui/webapi/GetReadNotificationsAction.java
174,src/main/java/teammates/common/datatransfer/questions/FeedbackTextResponseDetails.java
1,src/e2e/java/teammates/e2e/util/package-info.java
160,src/main/java/teammates/common/util/AppUrl.java
186,src/e2e/java/teammates/e2e/cases/InstructorCourseStudentDetailsPageE2ETest.java
187,src/e2e/java/teammates/e2e/cases/InstructorNotificationsPageE2ETest.java
15,src/e2e/java/teammates/e2e/cases/TimezoneSyncerTest.java
131,src/test/java/teammates/storage/api/InstructorsDbTest.java
5,src/main/java/teammates/ui/webapi/DeleteInstructorAction.java
88,src/main/java/teammates/logic/external/RecaptchaService.java
97,src/main/java/teammates/ui/webapi/JsonResult.java
1,src/test/java/teammates/storage/search/package-info.java
175,src/main/java/teammates/common/exception/HttpRequestFailedException.java
130,src/main/java/teammates/storage/entity/DeadlineExtension.java
5,src/main/java/teammates/ui/output/FeedbackResponsesData.java
123,src/main/java/teammates/storage/api/EntitiesDb.java
188,src/e2e/java/teammates/e2e/cases/axe/InstructorSearchPageAxeTest.java
97,src/test/java/teammates/logic/api/EmailGeneratorTest.java
88,src/test/java/teammates/logic/api/MockEmailSender.java
190,src/e2e/java/teammates/e2e/pageobjects/StudentHomePage.java
18,src/client/java/teammates/client/scripts/ListActiveInstructors.java
125,src/test/java/teammates/storage/api/FeedbackResponseCommentsDbTest.java
176,src/test/java/teammates/logic/api/MockLogsProcessor.java
88,src/main/java/teammates/storage/search/InstructorSearchDocument.java
119,src/test/java/teammates/logic/api/MockAuthProxy.java
160,src/test/java/teammates/common/datatransfer/SessionResultsBundleTest.java
188,src/e2e/java/teammates/e2e/pageobjects/InstructorCoursesPage.java
158,src/main/java/teammates/common/datatransfer/questions/FeedbackMcqQuestionDetails.java
22,src/main/java/teammates/ui/webapi/DatastoreBackupAction.java
97,src/test/java/teammates/logic/api/MockAuthProxy.java
5,src/test/java/teammates/ui/webapi/GetSessionResponseStatsActionTest.java
1,src/main/java/teammates/common/datatransfer/attributes/AccountAttributes.java
81,src/main/java/teammates/ui/webapi/MarkNotificationAsReadAction.java
22,src/test/java/teammates/ui/webapi/GetFeedbackQuestionRecipientsActionTest.java
198,src/client/java/teammates/client/scripts/SingleAccountGoogleIdMigrationScript.java
157,src/main/java/teammates/common/datatransfer/questions/FeedbackQuestionType.java
185,src/test/java/teammates/logic/api/package-info.java
174,src/main/java/teammates/common/exception/HttpRequestFailedException.java
8,src/test/java/teammates/logic/api/package-info.java
5,src/test/java/teammates/ui/servlets/WebPageServletTest.java
132,src/main/java/teammates/storage/api/UsageStatisticsDb.java
17,src/e2e/java/teammates/e2e/pageobjects/InstructorSearchPage.java
125,src/main/java/teammates/storage/entity/DeadlineExtension.java
156,src/main/java/teammates/common/datatransfer/questions/FeedbackConstantSumQuestionDetails.java
159,src/main/java/teammates/common/util/Url.java
68,src/main/java/teammates/logic/api/Logic.java
26,src/main/java/teammates/ui/webapi/CreateFeedbackResponseCommentAction.java
1,src/main/java/teammates/common/datatransfer/logs/package-info.java
157,src/test/java/teammates/common/datatransfer/questions/FeedbackQuestionDetailsTest.java
85,src/main/java/teammates/ui/output/FeedbackSessionSubmittedGiverSet.java
8,src/test/java/teammates/logic/core/StudentsLogicTest.java
85,src/main/java/teammates/ui/webapi/BasicFeedbackSubmissionAction.java
1,src/test/java/teammates/ui/webapi/CalculateUsageStatisticsActionTest.java
20,src/main/java/teammates/common/util/FieldValidator.java
1,src/test/java/teammates/test/MockHttpServletResponse.java
5,src/main/java/teammates/ui/output/FeedbackQuestionData.java
22,src/main/java/teammates/ui/webapi/UnauthorizedAccessException.java
97,src/test/java/teammates/ui/webapi/GetReadNotificationsActionTest.java
97,src/main/java/teammates/ui/webapi/InstructorSearchIndexingWorkerAction.java
15,src/e2e/java/teammates/e2e/util/package-info.java
1,src/e2e/java/teammates/e2e/cases/StudentCourseDetailsPageE2ETest.java
26,src/main/java/teammates/ui/webapi/GetAccountsAction.java
122,src/main/java/teammates/logic/external/LogService.java
119,src/main/java/teammates/logic/api/EmailGenerator.java
26,src/main/java/teammates/ui/request/CourseBasicRequest.java
127,src/main/java/teammates/common/datatransfer/logs/RequestLogDetails.java
101,src/test/java/teammates/storage/api/AccountsDbTest.java
187,src/e2e/java/teammates/e2e/cases/AdminSearchPageE2ETest.java
188,src/e2e/java/teammates/e2e/cases/InstructorCourseDetailsPageE2ETest.java
7,src/main/java/teammates/ui/webapi/JsonResult.java
156,src/main/java/teammates/common/datatransfer/questions/FeedbackTextQuestionDetails.java
175,src/main/java/teammates/common/datatransfer/questions/FeedbackMcqQuestionDetails.java
1,src/main/java/teammates/ui/request/StudentUpdateRequest.java
88,src/main/java/teammates/storage/search/AccountRequestSearchDocument.java
160,src/main/java/teammates/common/datatransfer/logs/package-info.java
186,src/e2e/java/teammates/e2e/cases/axe/StudentCourseDetailsPageAxeTest.java
25,src/main/java/teammates/ui/webapi/RemindFeedbackSessionSubmissionAction.java
16,src/e2e/java/teammates/e2e/pageobjects/AdminNotificationsPage.java
88,src/test/java/teammates/logic/api/UserProvisionTest.java
7,src/main/java/teammates/ui/request/CourseBasicRequest.java
129,src/test/java/teammates/logic/core/AccountRequestsLogicTest.java
26,src/main/java/teammates/ui/webapi/ActionMappingException.java
4,src/client/java/teammates/client/scripts/package-info.java
85,src/main/java/teammates/ui/webapi/DeleteFeedbackSessionAction.java
1,src/test/java/teammates/ui/request/package-info.java
25,src/main/java/teammates/ui/webapi/Action.java
129,src/main/java/teammates/logic/api/Logic.java
1,src/main/java/teammates/ui/output/DeadlineExtensionData.java
29,src/main/java/teammates/ui/webapi/UnpublishFeedbackSessionAction.java
22,src/test/java/teammates/ui/webapi/ArchiveCourseActionTest.java
22,src/main/java/teammates/ui/webapi/CreateInstructorAction.java
84,src/test/java/teammates/logic/core/CoursesLogicTest.java
155,src/main/java/teammates/common/util/Templates.java
81,src/main/java/teammates/ui/output/CoursesData.java
81,src/test/java/teammates/ui/webapi/CreateAccountActionTest.java
8,src/test/java/teammates/logic/core/FeedbackResponsesLogicTest.java
196,src/client/java/teammates/client/scripts/statistics/FileStore.java
127,src/main/java/teammates/common/util/EmailType.java
185,src/e2e/java/teammates/e2e/pageobjects/InstructorStudentRecordsPage.java
189,src/e2e/java/teammates/e2e/pageobjects/InstructorCoursesPage.java
25,src/test/java/teammates/ui/webapi/GetSessionResultsActionTest.java
85,src/test/java/teammates/ui/webapi/CreateInstructorActionTest.java
84,src/main/java/teammates/logic/api/EmailSender.java
86,src/main/java/teammates/logic/core/package-info.java
128,src/main/java/teammates/storage/entity/CourseStudent.java
23,src/main/java/teammates/ui/output/FeedbackQuestionRecipientData.java
176,src/main/java/teammates/logic/external/EmptyAuthService.java
29,src/test/java/teammates/ui/servlets/package-info.java
1,src/main/java/teammates/common/util/package-info.java
1,src/e2e/java/teammates/e2e/util/TestDataValidityTest.java
26,src/main/java/teammates/ui/webapi/InvalidHttpParameterException.java
7,src/main/java/teammates/ui/webapi/DatastoreBackupAction.java
185,src/e2e/java/teammates/e2e/cases/InstructorNotificationsPageE2ETest.java
157,src/main/java/teammates/common/datatransfer/FeedbackSessionLogEntry.java
127,src/test/java/teammates/common/datatransfer/attributes/DeadlineExtensionAttributesTest.java
101,src/main/java/teammates/storage/entity/Account.java
129,src/test/java/teammates/logic/api/BaseLogicTest.java
160,src/main/java/teammates/common/datatransfer/SessionResultsBundle.java
156,src/main/java/teammates/common/util/StdOutConsoleHandler.java
47,src/main/java/teammates/logic/core/FeedbackQuestionsLogic.java
25,src/main/java/teammates/ui/webapi/CreateFeedbackResponseCommentAction.java
131,src/main/java/teammates/storage/entity/CourseStudent.java
85,src/main/java/teammates/ui/servlets/package-info.java
159,src/main/java/teammates/common/datatransfer/questions/FeedbackRankRecipientsQuestionDetails.java
131,src/test/java/teammates/storage/api/FeedbackQuestionsDbTest.java
190,src/e2e/java/teammates/e2e/cases/InstructorStudentRecordsPageE2ETest.java
156,src/main/java/teammates/common/datatransfer/attributes/NotificationAttributes.java
77,src/test/java/teammates/logic/api/EmailSenderTest.java
101,src/test/java/teammates/storage/search/StudentSearchTest.java
22,src/main/java/teammates/ui/webapi/ActionFactory.java
22,src/main/java/teammates/ui/output/package-info.java
190,src/e2e/java/teammates/e2e/pageobjects/package-info.java
158,src/main/java/teammates/common/util/RequestTracer.java
4,src/test/java/teammates/ui/webapi/DeleteAccountRequestActionTest.java
87,src/test/java/teammates/logic/core/FeedbackSessionsLogicTest.java
84,src/main/java/teammates/logic/core/DeadlineExtensionsLogic.java
84,src/main/java/teammates/logic/api/LogsProcessor.java
1,src/test/java/teammates/common/datatransfer/questions/FeedbackRankRecipientsQuestionDetailsTest.java
85,src/main/java/teammates/ui/webapi/GetFeedbackQuestionsAction.java
197,src/client/java/teammates/client/scripts/statistics/CursorIterator.java
22,src/main/java/teammates/ui/webapi/RestoreFeedbackSessionAction.java
127,src/main/java/teammates/common/datatransfer/questions/FeedbackRankRecipientsQuestionDetails.java
174,src/main/java/teammates/common/datatransfer/questions/FeedbackRubricQuestionDetails.java
18,src/client/java/teammates/client/scripts/SingleAccountGoogleIdMigrationScript.java
177,src/main/java/teammates/storage/api/CoursesDb.java
7,src/main/java/teammates/ui/constants/DefaultInstructorPermissions.java
16,src/e2e/java/teammates/e2e/cases/axe/AdminAccountsPageAxeTest.java
22,src/test/java/teammates/logic/external/package-info.java
160,src/test/java/teammates/common/datatransfer/attributes/DeadlineExtensionAttributesTest.java
158,src/test/java/teammates/common/datatransfer/questions/FeedbackRankQuestionDetailsTest.java
128,src/main/java/teammates/storage/api/AccountRequestsDb.java
177,src/test/java/teammates/storage/api/NotificationsDbTest.java
122,src/test/java/teammates/logic/core/StudentsLogicTest.java
97,src/test/java/teammates/logic/core/CoursesLogicTest.java
16,src/e2e/java/teammates/e2e/cases/AutomatedSessionRemindersE2ETest.java
156,src/main/java/teammates/common/exception/package-info.java
26,src/main/java/teammates/ui/output/InstructorPermissionRole.java
4,src/test/java/teammates/ui/webapi/FeedbackSessionClosingRemindersActionTest.java
22,src/main/java/teammates/logic/api/EmailGenerator.java
1,src/main/java/teammates/common/util/TimeHelper.java
158,src/main/java/teammates/common/datatransfer/attributes/package-info.java
156,src/test/java/teammates/common/util/StringHelperExtension.java
159,src/main/java/teammates/common/datatransfer/attributes/InstructorAttributes.java
160,src/main/java/teammates/common/datatransfer/logs/RequestLogUser.java
156,src/test/java/teammates/common/datatransfer/questions/FeedbackResponseDetailsTest.java
81,src/main/java/teammates/ui/constants/ResourceEndpoints.java
185,src/main/java/teammates/logic/external/RecaptchaService.java
15,src/e2e/java/teammates/e2e/pageobjects/HomePage.java
97,src/main/java/teammates/logic/core/package-info.java
197,src/client/java/teammates/client/scripts/PopulateCourseSearchDocuments.java
25,src/main/java/teammates/ui/output/AccountRequestData.java
189,src/e2e/java/teammates/e2e/cases/axe/InstructorStudentRecordsPageAxeTest.java
86,src/main/java/teammates/logic/external/GoogleCloudTasksService.java
97,src/main/java/teammates/ui/webapi/DeleteInstructorAction.java
81,src/main/java/teammates/ui/webapi/GetAccountRequestAction.java
22,src/main/java/teammates/ui/webapi/SendErrorReportAction.java
7,src/test/java/teammates/ui/webapi/FeedbackSessionClosingRemindersActionTest.java
1,src/test/java/teammates/ui/webapi/BinCourseActionTest.java
1,src/main/java/teammates/storage/search/InstructorSearchDocument.java
18,src/client/java/teammates/client/scripts/DataMigrationForSanitizedDataInInstructorAttributes.java
158,src/main/java/teammates/common/datatransfer/logs/FeedbackSessionAuditLogDetails.java
1,src/main/java/teammates/common/datatransfer/questions/FeedbackConstantSumResponseDetails.java
22,src/test/java/teammates/logic/core/DataBundleLogicTest.java
25,src/test/java/teammates/ui/webapi/BinCourseActionTest.java
128,src/main/java/teammates/storage/entity/package-info.java
26,src/main/java/teammates/ui/output/NumberOfEntitiesToGiveFeedbackToSetting.java
155,src/main/java/teammates/common/datatransfer/logs/SourceLocation.java
185,src/main/java/teammates/logic/external/EmailSenderService.java
25,src/main/java/teammates/ui/webapi/MarkNotificationAsReadAction.java
97,src/main/java/teammates/ui/webapi/GenerateEmailAction.java
195,src/client/java/teammates/client/scripts/GoogleIdMigrationBaseScript.java
97,src/main/java/teammates/ui/constants/ApiConst.java
195,src/client/java/teammates/client/connector/DatastoreClient.java
174,src/main/java/teammates/common/datatransfer/logs/FeedbackSessionLogType.java
176,src/test/java/teammates/logic/core/FeedbackResponseCommentsLogicTest.java
131,src/main/java/teammates/storage/api/StudentsDb.java
20,src/main/java/teammates/common/datatransfer/UserInfo.java
15,src/e2e/java/teammates/e2e/cases/FeedbackResultsPageE2ETest.java
160,src/main/java/teammates/common/datatransfer/DataBundle.java
97,src/main/java/teammates/logic/core/NotificationsLogic.java
26,src/test/java/teammates/ui/servlets/LegacyUrlMapperTest.java
159,src/test/java/teammates/common/datatransfer/attributes/DeadlineExtensionAttributesTest.java
1,src/test/java/teammates/ui/webapi/FeedbackSessionUnpublishedEmailWorkerActionTest.java
25,src/test/java/teammates/ui/webapi/GetFeedbackQuestionRecipientsActionTest.java
81,src/test/java/teammates/ui/webapi/DeleteInstructorActionTest.java
1,src/main/java/teammates/ui/webapi/GetStudentAction.java
1,src/main/java/teammates/ui/webapi/DeleteFeedbackQuestionAction.java
4,src/client/java/teammates/client/scripts/DataMigrationForConstSumForceUnevenDistribution.java
22,src/main/java/teammates/logic/core/NotificationsLogic.java
88,src/test/java/teammates/logic/core/DeadlineExtensionsLogicTest.java
129,src/main/java/teammates/logic/api/TaskQueuer.java
9,src/main/java/teammates/storage/entity/Notification.java
119,src/main/java/teammates/logic/core/FeedbackResponseCommentsLogic.java
176,src/main/java/teammates/logic/core/StudentsLogic.java
159,src/main/java/teammates/common/util/EmailType.java
190,src/e2e/java/teammates/e2e/util/MaximumRetriesExceededException.java
4,src/main/java/teammates/ui/webapi/InvalidOperationException.java
17,src/e2e/java/teammates/e2e/cases/axe/InstructorSearchPageAxeTest.java
9,src/main/java/teammates/storage/api/FeedbackQuestionsDb.java
156,src/main/java/teammates/common/datatransfer/attributes/UsageStatisticsAttributes.java
97,src/test/java/teammates/ui/webapi/FeedbackSessionOpeningRemindersActionTest.java
4,src/client/java/teammates/client/scripts/GoogleIdMigrationBaseScript.java
77,src/test/java/teammates/logic/api/EmailGeneratorTest.java
7,src/test/java/teammates/ui/webapi/DeleteAccountRequestActionTest.java
1,src/main/java/teammates/common/datatransfer/questions/FeedbackConstantSumQuestionDetails.java
7,src/main/java/teammates/ui/request/SendEmailRequest.java
160,src/test/java/teammates/common/datatransfer/questions/FeedbackMcqQuestionDetailsTest.java
97,src/main/java/teammates/ui/output/FeedbackSessionLogEntryData.java
175,src/main/java/teammates/common/exception/InvalidParametersException.java
85,src/main/java/teammates/ui/webapi/GetHasResponsesAction.java
77,src/test/java/teammates/logic/api/MockRecaptchaVerifier.java
26,src/main/java/teammates/ui/webapi/GetCoursesAction.java
1,src/e2e/java/teammates/e2e/util/GmailServiceMaker.java
187,src/e2e/java/teammates/e2e/cases/axe/StudentCourseDetailsPageAxeTest.java
81,src/main/java/teammates/ui/request/FeedbackSessionRemindRequest.java
177,src/test/java/teammates/storage/search/InstructorSearchTest.java
85,src/test/java/teammates/logic/external/package-info.java
159,src/main/java/teammates/common/datatransfer/logs/FeedbackSessionAuditLogDetails.java
17,src/e2e/java/teammates/e2e/pageobjects/InstructorSessionIndividualExtensionPage.java
9,src/test/java/teammates/storage/api/FeedbackSessionsDbTest.java
175,src/main/java/teammates/common/datatransfer/questions/FeedbackRankRecipientsQuestionDetails.java
188,src/e2e/java/teammates/e2e/pageobjects/InstructorHomePage.java
1,src/e2e/java/teammates/e2e/pageobjects/AdminSearchPage.java
117,src/main/java/teammates/logic/core/AccountsLogic.java
20,src/main/java/teammates/common/util/FileHelper.java
101,src/main/java/teammates/storage/entity/Instructor.java
190,src/e2e/java/teammates/e2e/cases/AdminSearchPageE2ETest.java
87,src/test/java/teammates/logic/core/FeedbackQuestionsLogicTest.java
119,src/test/java/teammates/logic/api/BaseLogicTest.java
197,src/client/java/teammates/client/scripts/GoogleIdMigrationBaseScript.java
185,src/e2e/java/teammates/e2e/cases/axe/InstructorStudentListPageAxeTest.java
68,src/test/java/teammates/logic/core/FeedbackQuestionsLogicTest.java
25,src/main/java/teammates/ui/webapi/SearchStudentsAction.java
156,src/main/java/teammates/common/datatransfer/TeamEvalResult.java
20,src/main/java/teammates/common/datatransfer/attributes/AccountRequestAttributes.java
160,src/main/java/teammates/common/datatransfer/NotificationTargetUser.java
195,src/client/java/teammates/client/scripts/SingleAccountGoogleIdMigrationScript.java
25,src/main/java/teammates/ui/request/NotificationUpdateRequest.java
23,src/test/java/teammates/ui/webapi/SessionLinksRecoveryActionTest.java
81,src/main/java/teammates/ui/output/FeedbackQuestionData.java
26,src/main/java/teammates/ui/request/StudentUpdateRequest.java
158,src/main/java/teammates/common/datatransfer/FeedbackResultFetchType.java
85,src/main/java/teammates/ui/webapi/GetCourseSectionNamesAction.java
1,src/main/java/teammates/ui/webapi/FeedbackSessionUnpublishedEmailWorkerAction.java
25,src/test/java/teammates/ui/webapi/UpdateCourseActionTest.java
26,src/test/java/teammates/ui/webapi/FeedbackSessionPublishedRemindersActionTest.java
7,src/main/java/teammates/ui/output/CourseData.java
1,src/main/java/teammates/storage/api/AccountsDb.java
1,src/main/java/teammates/ui/webapi/GetRegkeyValidityAction.java
159,src/test/java/teammates/common/datatransfer/questions/FeedbackMcqQuestionDetailsTest.java
8,src/main/java/teammates/logic/external/AuthService.java
127,src/main/java/teammates/common/datatransfer/logs/LogEvent.java
160,src/main/java/teammates/common/datatransfer/logs/FeedbackSessionLogType.java
23,src/main/java/teammates/ui/webapi/BinCourseAction.java
97,src/main/java/teammates/ui/webapi/UpdateFeedbackQuestionAction.java
81,src/main/java/teammates/ui/webapi/DeleteCourseAction.java
29,src/main/java/teammates/ui/request/BasicRequest.java
68,src/main/java/teammates/logic/api/EmailSender.java
17,src/e2e/java/teammates/e2e/cases/InstructorFeedbackSessionsPageE2ETest.java
132,src/test/java/teammates/storage/search/StudentSearchTest.java
7,src/test/java/teammates/logic/api/MockLogsProcessor.java
81,src/test/java/teammates/ui/webapi/JsonResultTest.java
158,src/main/java/teammates/common/datatransfer/logs/LogDetails.java
198,src/client/java/teammates/client/scripts/DataMigrationForSanitizedDataInCourseAttributes.java
160,src/main/java/teammates/common/datatransfer/questions/package-info.java
4,src/client/java/teammates/client/connector/DatastoreClient.java
158,src/main/java/teammates/common/datatransfer/questions/FeedbackRankRecipientsResponseDetails.java
20,src/test/java/teammates/common/datatransfer/questions/FeedbackTextResponseDetailsTest.java
85,src/main/java/teammates/ui/output/FeedbackQuestionsData.java
22,src/test/java/teammates/ui/webapi/GetInstructorsActionTest.java
1,src/main/java/teammates/ui/servlets/WebPageServlet.java
189,src/e2e/java/teammates/e2e/cases/InstructorCourseStudentDetailsPageE2ETest.java
81,src/test/java/teammates/ui/webapi/BinCourseActionTest.java
85,src/main/java/teammates/ui/output/CommentVisibilityType.java
4,src/main/java/teammates/ui/webapi/BasicFeedbackSubmissionAction.java
119,src/main/java/teammates/logic/external/EmptyAuthService.java
5,src/main/java/teammates/ui/request/StudentUpdateRequest.java
47,src/main/java/teammates/logic/core/FeedbackSessionsLogic.java
1,src/main/java/teammates/common/datatransfer/questions/FeedbackTextQuestionDetails.java
5,src/test/java/teammates/ui/servlets/package-info.java
9,src/main/java/teammates/storage/api/NotificationsDb.java
187,src/e2e/java/teammates/e2e/pageobjects/InstructorSearchPage.java
156,src/test/java/teammates/common/util/TimeHelperTest.java
188,src/e2e/java/teammates/e2e/cases/AdminAccountsPageE2ETest.java
156,src/main/java/teammates/common/util/AppUrl.java
133,src/test/java/teammates/storage/search/BaseSearchTest.java
159,src/test/java/teammates/common/datatransfer/questions/FeedbackRankOptionsQuestionDetailsTest.java
125,src/main/java/teammates/storage/search/AccountRequestSearchManager.java
97,src/main/java/teammates/ui/request/InstructorCreateRequest.java
25,src/main/java/teammates/ui/webapi/FeedbackSessionUnpublishedEmailWorkerAction.java
1,src/main/java/teammates/logic/api/TaskQueuer.java
25,src/main/java/teammates/ui/output/RegenerateKeyData.java
22,src/main/java/teammates/ui/servlets/LoginServlet.java
7,src/main/java/teammates/ui/request/FeedbackQuestionUpdateRequest.java
16,src/e2e/java/teammates/e2e/pageobjects/InstructorCoursesPage.java
160,src/main/java/teammates/common/datatransfer/logs/EmailSentLogDetails.java
17,src/e2e/java/teammates/e2e/pageobjects/AdminTimezonePage.java
5,src/main/java/teammates/ui/webapi/GetUserCookieAction.java
188,src/e2e/java/teammates/e2e/cases/InstructorCourseStudentDetailsPageE2ETest.java
197,src/client/java/teammates/client/scripts/IndexFeedbackSessionFields.java
9,src/main/java/teammates/storage/entity/Course.java
7,src/test/java/teammates/logic/api/LogicExtension.java
5,src/main/java/teammates/ui/webapi/FeedbackSessionOpeningRemindersAction.java
194,src/client/java/teammates/client/scripts/DataMigrationForTeamNameInResponseGiver.java
5,src/main/java/teammates/ui/webapi/GetNotificationsAction.java
125,src/test/java/teammates/storage/api/FeedbackSessionsDbTest.java
198,src/client/java/teammates/client/scripts/DataBundleRegenerator.java
159,src/main/java/teammates/common/util/HttpRequest.java
4,src/client/java/teammates/client/scripts/DataMigrationForSanitizedDataInInstructorAttributes.java
4,src/client/java/teammates/client/scripts/DataMigrationForNullCommentGiverType.java
25,src/main/java/teammates/ui/output/NotificationData.java
4,src/test/java/teammates/ui/webapi/JsonResultTest.java
26,src/main/java/teammates/ui/webapi/GetInstructorPrivilegeAction.java
1,src/client/java/teammates/client/scripts/statistics/FileStore.java
5,src/main/java/teammates/ui/webapi/PutDataBundleDocumentsAction.java
97,src/main/java/teammates/ui/webapi/SubmitFeedbackResponsesAction.java
26,src/test/java/teammates/ui/webapi/FeedbackSessionOpeningRemindersActionTest.java
128,src/main/java/teammates/storage/api/package-info.java
86,src/main/java/teammates/logic/external/RecaptchaService.java
25,src/main/java/teammates/ui/constants/QuestionTypeStructures.java
22,src/test/java/teammates/logic/external/GoogleRecaptchaServiceTest.java
127,src/test/java/teammates/common/datatransfer/SessionResultsBundleTest.java
175,src/test/java/teammates/common/datatransfer/attributes/InstructorAttributesTest.java
23,src/main/java/teammates/ui/webapi/AccountRequestSearchIndexingWorkerAction.java
159,src/test/java/teammates/common/datatransfer/attributes/FeedbackResponseCommentAttributesTest.java
26,src/main/java/teammates/ui/webapi/GetUserCookieAction.java
7,src/main/java/teammates/ui/webapi/GetInstructorsAction.java
81,src/test/java/teammates/ui/webapi/UpdateStudentActionTest.java
4,src/test/java/teammates/ui/webapi/DeleteNotificationActionTest.java
7,src/main/java/teammates/ui/servlets/RequestTraceFilter.java
81,src/main/java/teammates/ui/webapi/SearchInstructorsAction.java
15,src/e2e/java/teammates/e2e/pageobjects/UserNotificationsPage.java
25,src/test/java/teammates/ui/webapi/GetCourseActionTest.java
7,src/main/java/teammates/ui/output/RegenerateKeyData.java
22,src/test/java/teammates/logic/core/AccountRequestsLogicTest.java
26,src/main/java/teammates/ui/request/FeedbackSessionCreateRequest.java
160,src/main/java/teammates/common/util/Const.java
25,src/main/java/teammates/ui/webapi/CreateFeedbackSessionAction.java
155,src/main/java/teammates/common/datatransfer/InstructorPrivileges.java
26,src/test/java/teammates/ui/webapi/InstructorCourseJoinEmailWorkerActionTest.java
22,src/test/java/teammates/ui/webapi/GetCourseSectionNamesActionTest.java
29,src/test/java/teammates/ui/webapi/DeleteNotificationActionTest.java
190,src/e2e/java/teammates/e2e/pageobjects/InstructorNotificationsPage.java
156,src/main/java/teammates/common/datatransfer/questions/FeedbackRankRecipientsResponseDetails.java
20,src/main/java/teammates/common/datatransfer/questions/FeedbackQuestionType.java
79,src/main/java/teammates/logic/external/LocalTaskQueueService.java
17,src/e2e/java/teammates/e2e/pageobjects/InstructorStudentListPage.java
5,src/test/java/teammates/ui/webapi/DeleteNotificationActionTest.java
16,src/e2e/java/teammates/e2e/cases/axe/StudentCourseDetailsPageAxeTest.java
17,src/e2e/java/teammates/e2e/cases/AdminHomePageE2ETest.java
26,src/main/java/teammates/ui/webapi/EntityNotFoundException.java
81,src/main/java/teammates/ui/webapi/AuthType.java
9,src/main/java/teammates/storage/search/StudentSearchDocument.java
174,src/main/java/teammates/common/datatransfer/attributes/FeedbackSessionAttributes.java
1,src/test/java/teammates/test/EmailCheckerTest.java
1,src/main/java/teammates/logic/core/CoursesLogic.java
194,src/client/java/teammates/client/scripts/DataMigrationForInstructorNullIsArchivedField.java
130,src/main/java/teammates/storage/api/OfyHelper.java
77,src/test/java/teammates/logic/core/DeadlineExtensionsLogicTest.java
156,src/test/java/teammates/common/datatransfer/package-info.java
197,src/client/java/teammates/client/util/LoopHelper.java
29,src/main/java/teammates/ui/output/FeedbackQuestionRecipientsData.java
159,src/main/java/teammates/common/exception/EntityDoesNotExistException.java
26,src/main/java/teammates/ui/request/FeedbackSessionUpdateRequest.java
185,src/e2e/java/teammates/e2e/pageobjects/AdminSearchPage.java
155,src/main/java/teammates/common/datatransfer/CourseRoster.java
185,src/e2e/java/teammates/e2e/cases/axe/AdminHomePageAxeTest.java
85,src/test/java/teammates/ui/webapi/JoinCourseActionTest.java
4,src/main/java/teammates/ui/webapi/GetStudentAction.java
23,src/main/java/teammates/ui/webapi/UnauthorizedAccessException.java
23,src/test/java/teammates/ui/webapi/GetUsageStatisticsActionTest.java
97,src/test/java/teammates/ui/webapi/InstructorCourseJoinEmailWorkerActionTest.java
127,src/main/java/teammates/common/datatransfer/logs/FeedbackSessionLogType.java
97,src/test/java/teammates/ui/webapi/GetAuthInfoActionTest.java
25,src/test/java/teammates/ui/webapi/MarkNotificationAsReadActionTest.java
15,src/e2e/java/teammates/e2e/pageobjects/AdminNotificationsPage.java
1,src/main/java/teammates/common/datatransfer/logs/LogEvent.java
1,src/main/java/teammates/common/exception/DeadlineExceededException.java
97,src/main/java/teammates/ui/output/NumberOfEntitiesToGiveFeedbackToSetting.java
20,src/main/java/teammates/common/datatransfer/attributes/FeedbackQuestionAttributes.java
26,src/main/java/teammates/ui/output/FeedbackSessionLogData.java
190,src/e2e/java/teammates/e2e/pageobjects/InstructorCourseDetailsPage.java
85,src/test/java/teammates/ui/webapi/StudentCourseJoinEmailWorkerActionTest.java
22,src/main/java/teammates/ui/servlets/OriginCheckFilter.java
97,src/main/java/teammates/logic/core/UsageStatisticsLogic.java
190,src/e2e/java/teammates/e2e/pageobjects/InstructorCourseEditPage.java
23,src/test/java/teammates/ui/webapi/FeedbackSessionRemindParticularUsersEmailWorkerActionTest.java
198,src/client/java/teammates/client/scripts/DataMigrationForInstructorFeedbackResponseComments.java
81,src/main/java/teammates/ui/output/StudentsData.java
160,src/test/java/teammates/common/datatransfer/attributes/CourseAttributesTest.java
159,src/test/java/teammates/common/datatransfer/attributes/package-info.java
4,src/main/java/teammates/ui/webapi/QueryLogsAction.java
187,src/e2e/java/teammates/e2e/cases/axe/InstructorFeedbackEditPageAxeTest.java
7,src/main/java/teammates/ui/webapi/UpdateStudentAction.java
20,src/main/java/teammates/common/util/TimeHelper.java
125,src/main/java/teammates/storage/search/SearchManagerFactory.java
22,src/main/java/teammates/ui/output/SessionResultsData.java
77,src/test/java/teammates/logic/api/UserProvisionTest.java
128,src/main/java/teammates/storage/api/NotificationsDb.java
29,src/main/java/teammates/ui/output/CourseSectionNamesData.java
159,src/test/java/teammates/common/util/StringHelperExtension.java
29,src/main/java/teammates/ui/webapi/GetCourseAction.java
4,src/main/java/teammates/ui/output/FeedbackSessionSubmissionStatus.java
5,src/main/java/teammates/ui/webapi/GetOngoingSessionsAction.java
97,src/test/java/teammates/logic/core/AccountsLogicTest.java
81,src/main/java/teammates/ui/output/StudentData.java
176,src/main/java/teammates/logic/core/FeedbackResponsesLogic.java
29,src/main/java/teammates/ui/webapi/GetInstructorsAction.java
86,src/test/java/teammates/logic/api/BaseLogicTest.java
29,src/main/java/teammates/ui/output/ReadNotificationsData.java
185,src/main/java/teammates/logic/core/FeedbackQuestionsLogic.java
87,src/test/java/teammates/logic/api/MockLogsProcessor.java
195,src/client/java/teammates/client/scripts/DataMigrationForContributionQuestionDetailsIsZeroSum.java
101,src/main/java/teammates/storage/api/FeedbackSessionsDb.java
160,src/main/java/teammates/common/datatransfer/logs/RequestLogDetails.java
174,src/main/java/teammates/common/util/StdOutConsoleHandler.java
97,src/main/java/teammates/ui/servlets/OAuth2CallbackServlet.java
186,src/e2e/java/teammates/e2e/cases/axe/InstructorCourseJoinConfirmationPageAxeTest.java
81,src/main/java/teammates/ui/webapi/AdminExceptionTestAction.java
7,src/main/java/teammates/ui/webapi/GetReadNotificationsAction.java
7,src/main/java/teammates/ui/output/ResponseVisibleSetting.java
47,src/test/java/teammates/logic/api/MockRecaptchaVerifier.java
157,src/main/java/teammates/common/exception/InvalidParametersException.java
4,src/test/java/teammates/ui/webapi/InstructorSearchIndexingWorkerActionTest.java
4,src/client/java/teammates/client/util/package-info.java
131,src/main/java/teammates/logic/external/MailjetService.java
7,src/main/java/teammates/ui/webapi/CreateFeedbackResponseCommentAction.java
186,src/e2e/java/teammates/e2e/util/MaximumRetriesExceededException.java
47,src/test/java/teammates/logic/core/FeedbackSessionsLogicTest.java
5,src/main/java/teammates/ui/webapi/FeedbackSessionPublishedEmailWorkerAction.java
175,src/main/java/teammates/common/datatransfer/questions/FeedbackRankOptionsQuestionDetails.java
20,src/main/java/teammates/common/util/StdOutConsoleHandler.java
22,src/test/java/teammates/ui/webapi/RestoreFeedbackSessionActionTest.java
16,src/e2e/java/teammates/e2e/cases/BaseE2ETestCase.java
174,src/test/java/teammates/common/util/StringHelperExtension.java
85,src/test/java/teammates/ui/webapi/EnrollStudentsActionTest.java
5,src/main/java/teammates/ui/output/RegkeyValidityData.java
81,src/main/java/teammates/ui/output/ActionClasses.java
81,src/main/java/teammates/ui/webapi/GateKeeper.java
26,src/main/java/teammates/ui/request/FeedbackSessionRespondentRemindRequest.java
22,src/main/java/teammates/ui/webapi/CalculateUsageStatisticsAction.java
84,src/test/java/teammates/logic/core/StudentsLogicTest.java
7,src/main/java/teammates/logic/api/RecaptchaVerifier.java
97,src/main/java/teammates/ui/webapi/GetFeedbackSessionLogsAction.java
132,src/test/java/teammates/storage/api/FeedbackSessionsDbTest.java
25,src/test/java/teammates/ui/webapi/DeleteFeedbackResponseCommentActionTest.java
186,src/e2e/java/teammates/e2e/pageobjects/DevServerLoginPage.java
189,src/e2e/java/teammates/e2e/pageobjects/InstructorSearchPage.java
159,src/main/java/teammates/common/util/TimeHelper.java
7,src/test/java/teammates/ui/webapi/UpdateStudentActionTest.java
5,src/main/java/teammates/ui/webapi/FeedbackSessionResendPublishedEmailWorkerAction.java
176,src/main/java/teammates/logic/core/package-info.java
175,src/main/java/teammates/common/datatransfer/CourseRoster.java
85,src/test/java/teammates/ui/webapi/GetAuthInfoActionTest.java
23,src/main/java/teammates/ui/request/FeedbackQuestionBasicRequest.java
177,src/main/java/teammates/storage/entity/Instructor.java
160,src/main/java/teammates/common/util/HttpRequestHelper.java
133,src/main/java/teammates/storage/api/DeadlineExtensionsDb.java
122,src/main/java/teammates/logic/core/FeedbackQuestionsLogic.java
1,src/main/java/teammates/ui/servlets/HealthCheckServlet.java
4,src/main/java/teammates/ui/request/ErrorReportRequest.java
187,src/e2e/java/teammates/e2e/pageobjects/InstructorStudentListPage.java
187,src/e2e/java/teammates/e2e/cases/BaseFeedbackQuestionE2ETest.java
81,src/main/java/teammates/ui/output/CourseData.java
4,src/main/java/teammates/ui/constants/ApiConst.java
177,src/main/java/teammates/storage/api/FeedbackResponsesDb.java
186,src/e2e/java/teammates/e2e/pageobjects/InstructorFeedbackSessionsPage.java
29,src/main/java/teammates/ui/output/NotificationData.java
1,src/main/java/teammates/ui/webapi/RemindFeedbackSessionSubmissionAction.java
26,src/main/java/teammates/ui/webapi/BasicFeedbackSubmissionAction.java
5,src/main/java/teammates/ui/webapi/GetInstructorPrivilegeAction.java
84,src/test/java/teammates/logic/api/MockUserProvision.java
1,src/main/java/teammates/common/util/StdOutConsoleHandler.java
1,src/main/java/teammates/ui/webapi/SearchStudentsAction.java
187,src/e2e/java/teammates/e2e/pageobjects/InstructorFeedbackResultsPage.java
174,src/test/java/teammates/common/datatransfer/attributes/StudentAttributesTest.java
1,src/main/java/teammates/common/datatransfer/logs/FeedbackSessionAuditLogDetails.java
5,src/main/java/teammates/ui/webapi/SendLoginEmailAction.java
190,src/e2e/java/teammates/e2e/util/TestNgXmlTest.java
81,src/main/java/teammates/ui/webapi/CreateNotificationAction.java
129,src/test/java/teammates/logic/api/LogicExtension.java
174,src/main/java/teammates/common/datatransfer/attributes/InstructorAttributes.java
189,src/e2e/java/teammates/e2e/pageobjects/InstructorCourseDetailsPage.java
4,src/main/java/teammates/ui/webapi/GetCourseJoinStatusAction.java
117,src/test/java/teammates/logic/api/EmailSenderTest.java
185,src/e2e/java/teammates/e2e/cases/StudentCourseJoinConfirmationPageE2ETest.java
7,src/test/java/teammates/ui/webapi/SendErrorReportActionTest.java
131,src/main/java/teammates/storage/entity/package-info.java
5,src/main/java/teammates/ui/servlets/OAuth2CallbackServlet.java
25,src/main/java/teammates/ui/webapi/UpdateInstructorAction.java
127,src/test/java/teammates/common/datatransfer/attributes/FeedbackSessionAttributesTest.java
1,src/e2e/java/teammates/e2e/cases/FeedbackConstSumOptionQuestionE2ETest.java
26,src/main/java/teammates/ui/request/InstructorCreateRequest.java
10,src/test/java/teammates/test/package-info.java
5,src/test/java/teammates/ui/webapi/SearchStudentsActionTest.java
157,src/main/java/teammates/common/util/Const.java
25,src/test/java/teammates/ui/webapi/StudentCourseJoinEmailWorkerActionTest.java
20,src/test/java/teammates/common/datatransfer/questions/FeedbackQuestionDetailsTest.java
5,src/test/java/teammates/ui/webapi/GetFeedbackQuestionRecipientsActionTest.java
1,src/main/java/teammates/ui/webapi/GetFeedbackResponsesAction.java
1,src/test/java/teammates/logic/core/AccountRequestsLogicTest.java
186,src/e2e/java/teammates/e2e/pageobjects/InstructorStudentRecordsPage.java
85,src/test/java/teammates/ui/webapi/DeleteStudentActionTest.java
86,src/test/java/teammates/logic/core/AccountsLogicTest.java
157,src/test/java/teammates/common/util/BuildPropertiesTest.java
177,src/main/java/teammates/storage/api/FeedbackResponseCommentsDb.java
26,src/main/java/teammates/ui/output/SessionVisibleSetting.java
186,src/e2e/java/teammates/e2e/cases/InstructorSearchPageE2ETest.java
26,src/test/java/teammates/ui/webapi/GetHasResponsesActionTest.java
25,src/main/java/teammates/ui/webapi/StudentSearchIndexingWorkerAction.java
188,src/e2e/java/teammates/e2e/pageobjects/AdminHomePage.java
1,src/main/java/teammates/logic/external/GoogleRecaptchaService.java
131,src/main/java/teammates/logic/external/AuthService.java
186,src/e2e/java/teammates/e2e/pageobjects/FeedbackSubmitPage.java
158,src/main/java/teammates/common/datatransfer/FeedbackParticipantType.java
122,src/main/java/teammates/logic/external/MailjetService.java
20,src/main/java/teammates/common/datatransfer/questions/FeedbackRankQuestionDetails.java
1,src/test/java/teammates/common/util/package-info.java
155,src/main/java/teammates/common/datatransfer/logs/FeedbackSessionLogType.java
157,src/main/java/teammates/common/datatransfer/logs/LogSeverity.java
4,src/test/java/teammates/ui/webapi/UpdateFeedbackResponseCommentActionTest.java
86,src/main/java/teammates/logic/api/AuthProxy.java
4,src/main/java/teammates/ui/webapi/AdminExceptionTestAction.java
157,src/test/java/teammates/common/datatransfer/questions/FeedbackRankQuestionDetailsTest.java
157,src/main/java/teammates/common/datatransfer/attributes/package-info.java
25,src/test/java/teammates/ui/webapi/DeleteAccountRequestActionTest.java
155,src/main/java/teammates/common/datatransfer/questions/FeedbackRankRecipientsResponseDetails.java
196,src/client/java/teammates/client/scripts/DataMigrationEntitiesBaseScript.java
1,src/main/java/teammates/ui/request/FeedbackResponsesRequest.java
118,src/main/java/teammates/storage/search/SearchManager.java
22,src/main/java/teammates/ui/output/StudentData.java
4,src/main/java/teammates/ui/request/InvalidHttpRequestBodyException.java
190,src/e2e/java/teammates/e2e/cases/axe/InstructorNotificationsPageAxeTest.java
25,src/main/java/teammates/ui/webapi/GetTimeZonesAction.java
155,src/main/java/teammates/common/datatransfer/questions/FeedbackConstantSumQuestionDetails.java
7,src/main/java/teammates/logic/external/AuthService.java
22,src/test/java/teammates/ui/webapi/SendJoinReminderEmailActionTest.java
1,src/main/java/teammates/common/datatransfer/logs/SourceLocation.java
85,src/main/java/teammates/ui/webapi/AccountRequestSearchIndexingWorkerAction.java
97,src/test/java/teammates/ui/webapi/JoinCourseActionTest.java
127,src/test/java/teammates/common/datatransfer/attributes/FeedbackResponseAttributesTest.java
97,src/main/java/teammates/ui/webapi/CreateAccountAction.java
97,src/test/java/teammates/ui/webapi/GetDeadlineExtensionActionTest.java
175,src/main/java/teammates/common/exception/AuthException.java
97,src/test/java/teammates/ui/webapi/UpdateFeedbackSessionActionTest.java
97,src/main/java/teammates/logic/external/SendgridService.java
8,src/test/java/teammates/logic/core/DeadlineExtensionsLogicTest.java
17,src/e2e/java/teammates/e2e/util/EmailAccountTest.java
18,src/client/java/teammates/client/scripts/DataMigrationForGoogleIdToGmail.java
97,src/main/java/teammates/logic/external/EmptyRecaptchaService.java
198,src/client/java/teammates/client/scripts/GenerateUsageStatisticsObjects.java
86,src/test/java/teammates/logic/external/GoogleRecaptchaServiceTest.java
189,src/e2e/java/teammates/e2e/util/BackDoor.java
101,src/test/java/teammates/storage/api/CoursesDbTest.java
119,src/test/java/teammates/logic/core/AccountRequestsLogicTest.java
4,src/test/java/teammates/ui/webapi/GetFeedbackSessionSubmittedGiverSetActionTest.java
7,src/main/java/teammates/ui/request/FeedbackQuestionBasicRequest.java
159,src/test/java/teammates/common/datatransfer/attributes/FeedbackResponseAttributesTest.java
160,src/test/java/teammates/common/util/UrlTest.java
175,src/test/java/teammates/common/util/FieldValidatorTest.java
188,src/e2e/java/teammates/e2e/pageobjects/InstructorSessionIndividualExtensionPage.java
190,src/e2e/java/teammates/e2e/util/AxeUtil.java
129,src/main/java/teammates/logic/external/RecaptchaService.java
7,src/test/java/teammates/ui/webapi/CreateCourseActionTest.java
4,src/main/java/teammates/ui/webapi/RemindFeedbackSessionSubmissionAction.java
81,src/test/java/teammates/ui/webapi/FeedbackSessionOpeningRemindersActionTest.java
189,src/e2e/java/teammates/e2e/cases/NotificationBannerE2ETest.java
9,src/main/java/teammates/storage/search/SearchDocument.java
22,src/test/java/teammates/ui/request/package-info.java
4,src/test/java/teammates/ui/webapi/UpdateInstructorActionTest.java
22,src/main/java/teammates/ui/constants/ApiConst.java
123,src/main/java/teammates/storage/entity/FeedbackResponse.java
85,src/main/java/teammates/ui/output/CourseData.java
175,src/main/java/teammates/common/exception/EmailSendingException.java
23,src/test/java/teammates/ui/webapi/GetStudentActionTest.java
131,src/main/java/teammates/logic/external/EmailSenderService.java
4,src/main/java/teammates/ui/webapi/DeleteNotificationAction.java
133,src/test/java/teammates/storage/api/FeedbackQuestionsDbTest.java
22,src/main/java/teammates/ui/output/FeedbackQuestionRecipientsData.java
187,src/e2e/java/teammates/e2e/cases/AdminHomePageE2ETest.java
5,src/main/java/teammates/ui/constants/DefaultInstructorPermissions.java
130,src/test/java/teammates/storage/api/DeadlineExtensionsDbTest.java
128,src/main/java/teammates/storage/entity/Course.java
85,src/test/java/teammates/ui/webapi/QueryLogsActionTest.java
7,src/test/java/teammates/ui/webapi/FeedbackSessionRemindParticularUsersEmailWorkerActionTest.java
185,src/main/java/teammates/logic/api/EmailSender.java
7,src/main/java/teammates/ui/output/HasResponsesData.java
186,src/e2e/java/teammates/e2e/cases/axe/InstructorCourseEditPageAxeTest.java
85,src/main/java/teammates/ui/webapi/DeleteStudentAction.java
175,src/main/java/teammates/common/datatransfer/questions/FeedbackRubricResponseDetails.java
22,src/main/java/teammates/ui/webapi/RestoreCourseAction.java
7,src/main/java/teammates/ui/webapi/DeleteAccountRequestAction.java
122,src/test/java/teammates/logic/api/MockAuthProxy.java
15,src/e2e/java/teammates/e2e/cases/AdminHomePageE2ETest.java
1,src/main/java/teammates/common/datatransfer/InstructorPrivilegesLegacy.java
175,src/main/java/teammates/common/util/SanitizationHelper.java
156,src/test/java/teammates/common/util/FieldValidatorTest.java
23,src/main/java/teammates/ui/webapi/UpdateStudentAction.java
186,src/e2e/java/teammates/e2e/cases/BaseE2ETestCase.java
158,src/main/java/teammates/common/datatransfer/questions/FeedbackNumericalScaleQuestionDetails.java
29,src/main/java/teammates/ui/request/FeedbackResponseCommentUpdateRequest.java
5,src/main/java/teammates/ui/webapi/FeedbackSessionClosedRemindersAction.java
88,src/test/java/teammates/storage/api/StudentsDbTest.java
122,src/test/java/teammates/logic/core/AccountRequestsLogicTest.java
187,src/e2e/java/teammates/e2e/cases/SystemErrorEmailReportE2ETest.java
155,src/main/java/teammates/common/util/RequestTracer.java
23,src/main/java/teammates/ui/request/BasicRequest.java
25,src/main/java/teammates/ui/webapi/UpdateNotificationAction.java
118,src/main/java/teammates/storage/entity/FeedbackQuestion.java
16,src/e2e/java/teammates/e2e/pageobjects/InstructorFeedbackSessionsPage.java
189,src/e2e/java/teammates/e2e/cases/axe/InstructorCourseStudentDetailsPageAxeTest.java
29,src/test/java/teammates/ui/webapi/UpdateInstructorPrivilegeActionTest.java
185,src/test/java/teammates/logic/core/package-info.java
29,src/main/java/teammates/ui/output/StudentData.java
1,src/client/java/teammates/client/scripts/TeamEvalResultCalculations.java
22,src/test/java/teammates/ui/webapi/GetCoursesActionTest.java
1,src/main/java/teammates/ui/webapi/GetFeedbackQuestionsAction.java
1,src/test/java/teammates/ui/webapi/GetInstructorActionTest.java
25,src/test/java/teammates/ui/servlets/package-info.java
177,src/main/java/teammates/storage/entity/UsageStatistics.java
22,src/main/java/teammates/logic/api/RecaptchaVerifier.java
86,src/test/java/teammates/logic/api/UserProvisionTest.java
81,src/test/java/teammates/ui/webapi/MarkNotificationAsReadActionTest.java
1,src/e2e/java/teammates/e2e/util/MaximumRetriesExceededException.java
97,src/main/java/teammates/ui/webapi/BasicFeedbackSubmissionAction.java
20,src/main/java/teammates/common/datatransfer/CourseRoster.java
156,src/test/java/teammates/common/datatransfer/questions/FeedbackContributionQuestionDetailsTest.java
155,src/main/java/teammates/common/datatransfer/FeedbackParticipantType.java
26,src/main/java/teammates/ui/output/FeedbackQuestionData.java
1,src/test/java/teammates/common/datatransfer/attributes/package-info.java
18,src/client/java/teammates/client/scripts/GoogleIdMigrationBaseScript.java
23,src/main/java/teammates/ui/output/AccountRequestData.java
79,src/test/java/teammates/logic/api/BaseLogicTest.java
118,src/main/java/teammates/storage/entity/BaseEntity.java
22,src/main/java/teammates/ui/output/FeedbackSessionLogEntryData.java
1,src/main/java/teammates/logic/core/FeedbackSessionsLogic.java
68,src/main/java/teammates/logic/external/SendgridService.java
25,src/main/java/teammates/ui/webapi/CreateInstructorAction.java
81,src/test/java/teammates/ui/webapi/GetUsageStatisticsActionTest.java
68,src/main/java/teammates/logic/api/AuthProxy.java
87,src/main/java/teammates/logic/external/SendgridService.java
26,src/main/java/teammates/ui/webapi/RegenerateInstructorKeyAction.java
26,src/main/java/teammates/ui/output/AccountsData.java
97,src/main/java/teammates/ui/webapi/StudentSearchIndexingWorkerAction.java
189,src/e2e/java/teammates/e2e/pageobjects/AdminHomePage.java
160,src/main/java/teammates/common/datatransfer/TeamEvalResult.java
25,src/main/java/teammates/ui/output/StudentsData.java
1,src/main/java/teammates/ui/servlets/WebSecurityHeaderFilter.java
5,src/main/java/teammates/ui/webapi/DeleteFeedbackQuestionAction.java
26,src/test/java/teammates/ui/webapi/DeleteFeedbackResponseCommentActionTest.java
22,src/test/java/teammates/ui/webapi/SendLoginEmailActionTest.java
157,src/test/java/teammates/common/datatransfer/SessionResultsBundleTest.java
85,src/main/java/teammates/ui/webapi/InstructorSearchIndexingWorkerAction.java
23,src/test/java/teammates/ui/servlets/WebApiServletTest.java
26,src/main/java/teammates/ui/webapi/GetCourseSectionNamesAction.java
81,src/test/java/teammates/ui/webapi/ResetAccountActionTest.java
127,src/main/java/teammates/common/datatransfer/InstructorPrivilegesLegacy.java
132,src/test/java/teammates/storage/api/FeedbackResponseCommentsDbTest.java
1,src/test/java/teammates/ui/webapi/DeleteFeedbackQuestionActionTest.java
5,src/main/java/teammates/ui/webapi/DeleteStudentsAction.java
85,src/main/java/teammates/ui/webapi/ActionResult.java
22,src/main/java/teammates/ui/webapi/GetOngoingSessionsAction.java
131,src/main/java/teammates/logic/external/RecaptchaService.java
81,src/test/java/teammates/ui/webapi/GetCoursesActionTest.java
86,src/test/java/teammates/logic/api/MockEmailSender.java
20,src/main/java/teammates/common/datatransfer/NotificationStyle.java
118,src/test/java/teammates/storage/search/InstructorSearchTest.java
194,src/client/java/teammates/client/scripts/GenerateUsageStatisticsObjects.java
22,src/main/java/teammates/ui/webapi/CreateNotificationAction.java
22,src/test/java/teammates/ui/webapi/GetAccountActionTest.java
4,src/test/java/teammates/ui/servlets/LegacyUrlMapperTest.java
15,src/e2e/java/teammates/e2e/util/TestNgXmlTest.java
4,src/main/java/teammates/ui/webapi/GetNotificationsAction.java
160,src/test/java/teammates/common/util/SanitizationHelperTest.java
84,src/test/java/teammates/logic/core/AccountsLogicTest.java
131,src/test/java/teammates/logic/api/LogicExtension.java
133,src/main/java/teammates/storage/api/NotificationsDb.java
20,src/test/java/teammates/common/datatransfer/attributes/BaseAttributesTest.java
175,src/main/java/teammates/common/datatransfer/attributes/DeadlineExtensionAttributes.java
131,src/main/java/teammates/logic/external/GoogleCloudLoggingService.java
186,src/e2e/java/teammates/e2e/pageobjects/InstructorCourseStudentDetailsEditPage.java
23,src/main/java/teammates/ui/webapi/GetAccountAction.java
101,src/main/java/teammates/storage/api/EntitiesDb.java
4,src/main/java/teammates/ui/output/JoinLinkData.java
20,src/main/java/teammates/common/datatransfer/logs/SourceLocation.java
1,src/test/java/teammates/logic/core/package-info.java
128,src/main/java/teammates/storage/entity/Account.java
29,src/test/java/teammates/ui/webapi/DeleteFeedbackSessionActionTest.java
123,src/main/java/teammates/storage/api/package-info.java
68,src/main/java/teammates/logic/core/InstructorsLogic.java
1,src/main/java/teammates/ui/webapi/GetDeadlineExtensionAction.java
17,src/e2e/java/teammates/e2e/util/TestNgXmlTest.java
1,src/test/java/teammates/ui/webapi/GetInstructorsActionTest.java
22,src/main/java/teammates/ui/output/FeedbackSessionData.java
22,src/main/java/teammates/ui/webapi/GetStudentAction.java
77,src/main/java/teammates/logic/core/FeedbackQuestionsLogic.java
5,src/test/java/teammates/ui/webapi/CreateFeedbackSessionLogActionTest.java
186,src/e2e/java/teammates/e2e/cases/AdminSearchPageE2ETest.java
25,src/main/java/teammates/ui/webapi/GetInstructorAction.java
7,src/main/java/teammates/ui/webapi/GetOngoingSessionsAction.java
81,src/main/java/teammates/ui/webapi/GetCoursesAction.java
176,src/test/java/teammates/logic/core/AccountRequestsLogicTest.java
197,src/client/java/teammates/client/scripts/GenerateUsageStatisticsObjects.java
123,src/test/java/teammates/storage/api/EntitiesDbTest.java
127,src/main/java/teammates/common/exception/EntityAlreadyExistsException.java
4,src/main/java/teammates/ui/request/AccountCreateRequest.java
85,src/test/java/teammates/ui/webapi/FeedbackSessionPublishedRemindersActionTest.java
77,src/main/java/teammates/logic/external/SendgridService.java
9,src/main/java/teammates/storage/entity/package-info.java
81,src/main/java/teammates/ui/output/FeedbackSessionSubmissionStatus.java
87,src/main/java/teammates/logic/core/AccountRequestsLogic.java
189,src/e2e/java/teammates/e2e/cases/FeedbackMsqQuestionE2ETest.java
25,src/main/java/teammates/ui/output/FeedbackSessionsData.java
85,src/main/java/teammates/ui/constants/ResourceEndpoints.java
1,src/main/java/teammates/ui/request/BasicRequest.java
158,src/test/java/teammates/common/util/UrlTest.java
117,src/test/java/teammates/logic/external/package-info.java
85,src/main/java/teammates/ui/webapi/UpdateInstructorAction.java
85,src/test/java/teammates/ui/webapi/GetHasResponsesActionTest.java
5,src/main/java/teammates/ui/constants/ApiConst.java
159,src/main/java/teammates/common/util/RequestTracer.java
22,src/main/java/teammates/ui/output/FeedbackSessionStatsData.java
174,src/main/java/teammates/common/datatransfer/logs/RequestLogDetails.java
23,src/main/java/teammates/ui/request/FeedbackResponseCommentBasicRequest.java
5,src/main/java/teammates/ui/request/AccountCreateRequest.java
1,src/e2e/java/teammates/e2e/cases/FeedbackSubmitPageE2ETest.java
85,src/main/java/teammates/ui/webapi/ArchiveCourseAction.java
157,src/main/java/teammates/common/datatransfer/questions/FeedbackMsqResponseDetails.java
117,src/main/java/teammates/logic/core/FeedbackQuestionsLogic.java
87,src/main/java/teammates/logic/external/MailgunService.java
22,src/main/java/teammates/ui/webapi/QueryLogsAction.java
1,src/main/java/teammates/common/datatransfer/logs/GeneralLogEntry.java
22,src/main/java/teammates/ui/webapi/DeleteFeedbackResponseCommentAction.java
97,src/main/java/teammates/ui/output/InstructorData.java
1,src/main/java/teammates/ui/request/CourseUpdateRequest.java
97,src/main/java/teammates/ui/servlets/OriginCheckFilter.java
1,src/main/java/teammates/common/util/Config.java
1,src/main/java/teammates/common/datatransfer/questions/FeedbackNumericalScaleQuestionDetails.java
16,src/e2e/java/teammates/e2e/cases/FeedbackMcqQuestionE2ETest.java
85,src/test/java/teammates/ui/webapi/GetInstructorPrivilegeActionTest.java
4,src/main/java/teammates/ui/webapi/UnpublishFeedbackSessionAction.java
197,src/client/java/teammates/client/scripts/DataMigrationForContributionQuestionDetailsIsZeroSum.java
29,src/main/java/teammates/ui/webapi/GetTimeZonesAction.java
97,src/test/java/teammates/ui/webapi/GetFeedbackQuestionRecipientsActionTest.java
25,src/main/java/teammates/ui/output/InstructorPrivilegeData.java
20,src/main/java/teammates/common/datatransfer/InstructorPermissionSet.java
15,src/e2e/java/teammates/e2e/pageobjects/InstructorCourseStudentDetailsViewPage.java
176,src/main/java/teammates/logic/external/EmptyRecaptchaService.java
186,src/e2e/java/teammates/e2e/pageobjects/StudentNotificationsPage.java
194,src/client/java/teammates/client/util/BackDoor.java
160,src/main/java/teammates/common/datatransfer/logs/FeedbackSessionAuditLogDetails.java
1,src/main/java/teammates/ui/webapi/FeedbackSessionPublishedRemindersAction.java
1,src/test/java/teammates/common/datatransfer/questions/FeedbackMcqQuestionDetailsTest.java
190,src/e2e/java/teammates/e2e/util/Retryable.java
23,src/main/java/teammates/ui/request/FeedbackSessionRemindRequest.java
87,src/test/java/teammates/logic/core/DeadlineExtensionsLogicTest.java
29,src/main/java/teammates/ui/webapi/PublishFeedbackSessionAction.java
4,src/client/java/teammates/client/scripts/statistics/package-info.java
185,src/main/java/teammates/logic/api/TaskQueuer.java
1,src/main/java/teammates/ui/output/OngoingSessionsData.java
85,src/main/java/teammates/ui/output/OngoingSession.java
194,src/client/java/teammates/client/scripts/statistics/CursorIterator.java
160,src/main/java/teammates/common/exception/AuthException.java
25,src/main/java/teammates/ui/output/NumberOfEntitiesToGiveFeedbackToSetting.java
86,src/main/java/teammates/logic/external/SendgridService.java
123,src/main/java/teammates/storage/api/DeadlineExtensionsDb.java
26,src/main/java/teammates/ui/request/FeedbackQuestionBasicRequest.java
175,src/main/java/teammates/common/datatransfer/questions/FeedbackTextResponseDetails.java
1,src/test/java/teammates/storage/api/EntitiesDbTest.java
29,src/main/java/teammates/ui/servlets/DevServerLoginServlet.java
7,src/test/java/teammates/ui/webapi/StudentSearchIndexingWorkerActionTest.java
185,src/e2e/java/teammates/e2e/cases/axe/InstructorCoursesPageAxeTest.java
155,src/test/java/teammates/common/util/FieldValidatorTest.java
85,src/main/java/teammates/logic/external/SendgridService.java
159,src/test/java/teammates/common/datatransfer/AttributesDeletionQueryTest.java
186,src/e2e/java/teammates/e2e/pageobjects/InstructorCoursesPage.java
87,src/main/java/teammates/logic/api/EmailGenerator.java
81,src/main/java/teammates/ui/webapi/PublishFeedbackSessionAction.java
79,src/test/java/teammates/logic/core/AccountRequestsLogicTest.java
157,src/main/java/teammates/common/datatransfer/AttributesDeletionQuery.java
127,src/main/java/teammates/common/datatransfer/UserInfoCookie.java
26,src/main/java/teammates/ui/webapi/GateKeeper.java
1,src/test/java/teammates/ui/servlets/package-info.java
97,src/main/java/teammates/ui/webapi/StudentCourseJoinEmailWorkerAction.java
174,src/test/java/teammates/common/datatransfer/attributes/AccountAttributesTest.java
174,src/main/java/teammates/common/datatransfer/attributes/AccountAttributes.java
81,src/main/java/teammates/ui/output/CommentVisibilityType.java
7,src/main/java/teammates/ui/webapi/DeleteCourseAction.java
22,src/test/java/teammates/ui/webapi/DeleteFeedbackSessionActionTest.java
7,src/test/java/teammates/ui/webapi/CalculateUsageStatisticsActionTest.java
129,src/test/java/teammates/logic/api/MockTaskQueuer.java
4,src/main/java/teammates/ui/request/package-info.java
26,src/test/java/teammates/ui/webapi/FeedbackSessionClosingRemindersActionTest.java
1,src/test/java/teammates/common/datatransfer/questions/FeedbackConstantSumQuestionDetailsTest.java
15,src/e2e/java/teammates/e2e/cases/AdminSearchPageE2ETest.java
1,src/main/java/teammates/ui/output/package-info.java
4,src/main/java/teammates/ui/webapi/FeedbackSessionPublishedRemindersAction.java
127,src/main/java/teammates/common/datatransfer/questions/FeedbackMsqQuestionDetails.java
1,src/main/java/teammates/ui/webapi/Action.java
10,src/test/java/teammates/test/BaseTestCaseWithDatabaseAccess.java
97,src/main/java/teammates/ui/output/FeedbackResponseCommentData.java
1,src/main/java/teammates/logic/core/LogicStarter.java
97,src/main/java/teammates/ui/request/NotificationBasicRequest.java
158,src/main/java/teammates/common/util/HttpRequest.java
7,src/main/java/teammates/ui/constants/package-info.java
15,src/e2e/java/teammates/e2e/cases/axe/InstructorCoursesPageAxeTest.java
26,src/test/java/teammates/ui/webapi/CreateFeedbackQuestionActionTest.java
189,src/e2e/java/teammates/e2e/cases/FeedbackConstSumOptionQuestionE2ETest.java
47,src/main/java/teammates/logic/core/NotificationsLogic.java
1,src/main/java/teammates/ui/webapi/UpdateNotificationAction.java
77,src/test/java/teammates/logic/api/MockUserProvision.java
25,src/main/java/teammates/ui/constants/package-info.java
87,src/main/java/teammates/logic/core/FeedbackQuestionsLogic.java
25,src/main/java/teammates/ui/webapi/GetStudentAction.java
9,src/main/java/teammates/storage/search/AccountRequestSearchDocument.java
23,src/main/java/teammates/ui/output/HasResponsesData.java
174,src/test/java/teammates/common/datatransfer/questions/FeedbackTextResponseDetailsTest.java
23,src/main/java/teammates/ui/servlets/LegacyUrlMapper.java
101,src/main/java/teammates/storage/search/SearchManager.java
174,src/main/java/teammates/common/datatransfer/CourseRoster.java
1,src/test/java/teammates/ui/webapi/SearchStudentsActionTest.java
160,src/test/java/teammates/common/datatransfer/attributes/AccountRequestAttributesTest.java
17,src/e2e/java/teammates/e2e/cases/InstructorCourseEditPageE2ETest.java
131,src/main/java/teammates/logic/external/GoogleRecaptchaService.java
81,src/main/java/teammates/ui/webapi/GetInstructorPrivilegeAction.java
86,src/test/java/teammates/logic/core/UsageStatisticsLogicTest.java
29,src/test/java/teammates/ui/webapi/SendErrorReportActionTest.java
1,src/main/java/teammates/storage/search/SearchManagerFactory.java
85,src/test/java/teammates/ui/webapi/SendJoinReminderEmailActionTest.java
23,src/test/java/teammates/ui/webapi/UpdateFeedbackResponseCommentActionTest.java
1,src/test/java/teammates/common/datatransfer/attributes/StudentAttributesTest.java
23,src/main/java/teammates/ui/webapi/FeedbackSessionOpeningRemindersAction.java
185,src/e2e/java/teammates/e2e/cases/InstructorFeedbackReportPageE2ETest.java
68,src/main/java/teammates/logic/external/EmailSenderService.java
23,src/main/java/teammates/ui/webapi/GetCourseAction.java
159,src/main/java/teammates/common/util/Const.java
15,src/e2e/java/teammates/e2e/cases/axe/AdminHomePageAxeTest.java
7,src/test/java/teammates/ui/request/StudentsEnrollRequestTest.java
1,src/test/java/teammates/common/datatransfer/UserInfoCookieTest.java
155,src/main/java/teammates/common/datatransfer/attributes/package-info.java
158,src/test/java/teammates/common/datatransfer/ErrorLogEntryTest.java
1,src/main/java/teammates/ui/webapi/UpdateInstructorPrivilegeAction.java
175,src/test/java/teammates/common/datatransfer/questions/FeedbackRankQuestionDetailsTest.java
127,src/test/java/teammates/common/datatransfer/attributes/StudentAttributesTest.java
157,src/test/java/teammates/common/datatransfer/UserInfoCookieTest.java
4,src/main/java/teammates/ui/webapi/GetAccountAction.java
8,src/main/java/teammates/logic/core/DataBundleLogic.java
88,src/test/java/teammates/storage/search/StudentSearchTest.java
186,src/e2e/java/teammates/e2e/util/AxeUtil.java
29,src/main/java/teammates/ui/webapi/RemindFeedbackSessionSubmissionAction.java
159,src/main/java/teammates/common/datatransfer/attributes/EntityAttributes.java
22,src/test/java/teammates/ui/servlets/WebPageServletTest.java
26,src/test/java/teammates/ui/webapi/StudentCourseJoinEmailWorkerActionTest.java
16,src/e2e/java/teammates/e2e/cases/InstructorFeedbackReportPageE2ETest.java
26,src/main/java/teammates/ui/webapi/UnauthorizedAccessException.java
177,src/main/java/teammates/storage/search/SearchManagerFactory.java
22,src/test/java/teammates/ui/webapi/CreateInstructorActionTest.java
194,src/client/java/teammates/client/scripts/DataMigrationEntitiesBaseScript.java
7,src/main/java/teammates/ui/request/InvalidHttpRequestBodyException.java
97,src/main/java/teammates/logic/api/TaskQueuer.java
25,src/test/java/teammates/ui/webapi/GetStudentsActionTest.java
1,src/main/java/teammates/ui/request/CourseCreateRequest.java
85,src/main/java/teammates/ui/webapi/InvalidHttpParameterException.java
29,src/main/java/teammates/ui/webapi/UpdateNotificationAction.java
85,src/test/java/teammates/ui/webapi/UpdateStudentActionTest.java
195,src/client/java/teammates/client/scripts/statistics/StatisticsPerInstitute.java
123,src/test/java/teammates/storage/api/StudentsDbTest.java
29,src/main/java/teammates/ui/webapi/SearchStudentsAction.java
29,src/main/java/teammates/ui/webapi/RestoreCourseAction.java
160,src/main/java/teammates/common/util/JsonUtils.java
23,src/test/java/teammates/ui/webapi/SearchInstructorsActionTest.java
174,src/test/java/teammates/common/util/StringHelperTest.java
5,src/main/java/teammates/ui/webapi/UpdateFeedbackQuestionAction.java
128,src/main/java/teammates/storage/api/DeadlineExtensionsDb.java
5,src/main/java/teammates/ui/output/AuthInfo.java
22,src/main/java/teammates/ui/webapi/GetStudentsAction.java
20,src/main/java/teammates/common/datatransfer/logs/ExceptionLogDetails.java
23,src/main/java/teammates/ui/output/SessionResultsData.java
25,src/test/java/teammates/ui/webapi/GetSessionResponseStatsActionTest.java
159,src/main/java/teammates/common/datatransfer/FeedbackResultFetchType.java
87,src/test/java/teammates/logic/core/AccountsLogicTest.java
77,src/test/java/teammates/logic/core/UsageStatisticsLogicTest.java
5,src/test/java/teammates/ui/webapi/DeleteFeedbackQuestionActionTest.java
187,src/e2e/java/teammates/e2e/cases/InstructorFeedbackEditPageE2ETest.java
189,src/e2e/java/teammates/e2e/cases/InstructorCourseEditPageE2ETest.java
79,src/main/java/teammates/logic/core/FeedbackSessionsLogic.java
85,src/main/java/teammates/ui/webapi/DeleteInstructorAction.java
101,src/test/java/teammates/storage/api/FeedbackResponsesDbTest.java
25,src/test/java/teammates/ui/webapi/GetUsageStatisticsActionTest.java
163,src/test/java/teammates/test/package-info.java
7,src/main/java/teammates/logic/core/StudentsLogic.java
22,src/test/java/teammates/ui/webapi/GetOngoingSessionsActionTest.java
29,src/main/java/teammates/ui/output/FeedbackResponsesData.java
185,src/e2e/java/teammates/e2e/cases/axe/InstructorFeedbackEditPageAxeTest.java
158,src/test/java/teammates/common/datatransfer/attributes/FeedbackSessionAttributesTest.java
15,src/e2e/java/teammates/e2e/cases/axe/InstructorCourseDetailsPageAxeTest.java
29,src/main/java/teammates/ui/output/InstructorsData.java
7,src/main/java/teammates/ui/webapi/BinCourseAction.java
23,src/test/java/teammates/ui/webapi/FeedbackSessionRemindEmailWorkerActionTest.java
88,src/main/java/teammates/storage/entity/Account.java
1,src/main/java/teammates/logic/external/TaskQueueService.java
1,src/main/java/teammates/ui/webapi/RestoreCourseAction.java
29,src/test/java/teammates/ui/webapi/DeleteCourseActionTest.java
128,src/test/java/teammates/storage/search/AccountRequestSearchTest.java
187,src/e2e/java/teammates/e2e/pageobjects/InstructorStudentActivityLogsPage.java
127,src/test/java/teammates/common/datatransfer/questions/FeedbackQuestionDetailsTest.java
17,src/e2e/java/teammates/e2e/pageobjects/HomePage.java
187,src/e2e/java/teammates/e2e/cases/axe/InstructorHomePageAxeTest.java
26,src/main/java/teammates/ui/webapi/RemindFeedbackSessionSubmissionAction.java
23,src/main/java/teammates/ui/output/ActionClasses.java
131,src/main/java/teammates/logic/core/AccountsLogic.java
7,src/test/java/teammates/ui/webapi/UpdateFeedbackSessionActionTest.java
159,src/main/java/teammates/common/datatransfer/logs/ExceptionLogDetails.java
15,src/e2e/java/teammates/e2e/pageobjects/InstructorStudentRecordsPage.java
160,src/main/java/teammates/common/datatransfer/attributes/InstructorAttributes.java
68,src/test/java/teammates/logic/core/package-info.java
133,src/main/java/teammates/storage/api/FeedbackQuestionsDb.java
47,src/main/java/teammates/logic/core/LogicStarter.java
131,src/main/java/teammates/logic/external/GoogleCloudTasksService.java
158,src/main/java/teammates/common/datatransfer/logs/InstanceLogDetails.java
7,src/main/java/teammates/ui/request/CourseUpdateRequest.java
160,src/main/java/teammates/common/datatransfer/package-info.java
7,src/test/java/teammates/ui/webapi/GetCourseSectionNamesActionTest.java
159,src/main/java/teammates/common/datatransfer/logs/RequestLogDetails.java
81,src/main/java/teammates/ui/webapi/ResetAccountRequestAction.java
29,src/main/java/teammates/ui/servlets/LegacyUrlMapper.java
29,src/main/java/teammates/ui/webapi/DeleteStudentAction.java
157,src/main/java/teammates/common/datatransfer/logs/package-info.java
7,src/test/java/teammates/ui/webapi/FeedbackSessionResendPublishedEmailWorkerActionTest.java
185,src/e2e/java/teammates/e2e/cases/AdminAccountsPageE2ETest.java
1,src/e2e/java/teammates/e2e/pageobjects/AdminHomePage.java
187,src/e2e/java/teammates/e2e/pageobjects/InstructorCourseStudentDetailsViewPage.java
26,src/main/java/teammates/ui/webapi/GetInstructorsAction.java
97,src/main/java/teammates/ui/webapi/BinCourseAction.java
18,src/client/java/teammates/client/scripts/statistics/package-info.java
1,src/main/java/teammates/ui/servlets/package-info.java
85,src/test/java/teammates/logic/core/StudentsLogicTest.java
1,src/e2e/java/teammates/e2e/pageobjects/AppPage.java
187,src/e2e/java/teammates/e2e/cases/axe/AdminHomePageAxeTest.java
81,src/main/java/teammates/ui/output/FeedbackSessionPublishStatus.java
8,src/test/java/teammates/logic/core/package-info.java
123,src/test/java/teammates/storage/search/BaseSearchTest.java
1,src/main/java/teammates/ui/output/JoinLinkData.java
158,src/main/java/teammates/common/util/StringHelper.java
29,src/main/java/teammates/ui/request/NotificationCreateRequest.java
16,src/e2e/java/teammates/e2e/cases/StudentCourseJoinConfirmationPageE2ETest.java
185,src/e2e/java/teammates/e2e/cases/InstructorHomePageE2ETest.java
22,src/main/java/teammates/ui/output/HasResponsesData.java
88,src/main/java/teammates/storage/entity/package-info.java
198,src/client/java/teammates/client/scripts/ListActiveInstructors.java
4,src/main/java/teammates/ui/output/MessageOutput.java
26,src/test/java/teammates/ui/webapi/SendJoinReminderEmailActionTest.java
7,src/test/java/teammates/ui/webapi/GetAccountsActionTest.java
189,src/e2e/java/teammates/e2e/cases/BaseE2ETestCase.java
25,src/main/java/teammates/ui/webapi/package-info.java
122,src/main/java/teammates/logic/core/StudentsLogic.java
7,src/main/java/teammates/ui/webapi/FeedbackSessionPublishedRemindersAction.java
20,src/main/java/teammates/common/datatransfer/logs/RequestLogUser.java
197,src/client/java/teammates/client/scripts/DataMigrationForSanitizedDataInInstructorAttributes.java
25,src/test/java/teammates/ui/webapi/GetOngoingSessionsActionTest.java
7,src/main/java/teammates/ui/request/ErrorReportRequest.java
5,src/test/java/teammates/ui/webapi/GetFeedbackSessionSubmittedGiverSetActionTest.java
155,src/test/java/teammates/common/util/SanitizationHelperTest.java
5,src/test/java/teammates/ui/webapi/GetCourseActionTest.java
85,src/main/java/teammates/ui/webapi/RestoreCourseAction.java
26,src/main/java/teammates/ui/servlets/WebSecurityHeaderFilter.java
23,src/main/java/teammates/ui/output/NotificationsData.java
23,src/main/java/teammates/ui/webapi/GetAuthInfoAction.java
157,src/main/java/teammates/common/datatransfer/DataBundle.java
1,src/test/java/teammates/ui/webapi/PublishFeedbackSessionActionTest.java
5,src/test/java/teammates/ui/webapi/MarkNotificationAsReadActionTest.java
97,src/test/java/teammates/ui/servlets/OriginCheckFilterTest.java
177,src/test/java/teammates/storage/api/DeadlineExtensionsDbTest.java
175,src/test/java/teammates/common/datatransfer/attributes/NotificationAttributesTest.java
4,src/client/java/teammates/client/scripts/DataMigrationForFeedbackSessionMismatchedTimezone.java
5,src/main/java/teammates/ui/webapi/ActionMappingException.java
23,src/test/java/teammates/ui/webapi/UnpublishFeedbackSessionActionTest.java
23,src/test/java/teammates/ui/webapi/GetHasResponsesActionTest.java
176,src/test/java/teammates/logic/api/MockAuthProxy.java
29,src/test/java/teammates/ui/servlets/OriginCheckFilterTest.java
81,src/main/java/teammates/ui/output/JoinState.java
4,src/test/java/teammates/ui/webapi/ArchiveCourseActionTest.java
88,src/main/java/teammates/storage/entity/FeedbackResponseComment.java
190,src/e2e/java/teammates/e2e/pageobjects/AdminSearchPage.java
22,src/main/java/teammates/ui/output/AccountRequestsData.java
1,src/main/java/teammates/ui/output/FeedbackQuestionsData.java
185,src/e2e/java/teammates/e2e/cases/axe/InstructorCourseEditPageAxeTest.java
26,src/main/java/teammates/ui/output/SessionLinksRecoveryResponseData.java
130,src/main/java/teammates/storage/search/SearchDocument.java
26,src/main/java/teammates/ui/output/CourseData.java
29,src/main/java/teammates/ui/webapi/AdminOnlyAction.java
22,src/main/java/teammates/ui/output/JoinState.java
17,src/e2e/java/teammates/e2e/cases/FeedbackResultsPageE2ETest.java
26,src/test/java/teammates/ui/webapi/GetFeedbackSessionSubmittedGiverSetActionTest.java
26,src/test/java/teammates/ui/webapi/GetAuthInfoActionTest.java
7,src/main/java/teammates/ui/webapi/GetDeadlineExtensionAction.java
97,src/test/java/teammates/ui/webapi/CreateFeedbackQuestionActionTest.java
196,src/client/java/teammates/client/scripts/statistics/StatisticsPerInstitute.java
97,src/main/java/teammates/ui/webapi/FeedbackSessionRemindEmailWorkerAction.java
185,src/e2e/java/teammates/e2e/cases/InstructorCourseDetailsPageE2ETest.java
5,src/main/java/teammates/ui/webapi/SessionLinksRecoveryAction.java
131,src/main/java/teammates/storage/api/OfyHelper.java
25,src/main/java/teammates/ui/webapi/SearchAccountRequestsAction.java
15,src/e2e/java/teammates/e2e/cases/FeedbackRankRecipientQuestionE2ETest.java
198,src/client/java/teammates/client/scripts/package-info.java
4,src/main/java/teammates/ui/output/CourseData.java
1,src/test/java/teammates/ui/webapi/GetStudentActionTest.java
16,src/e2e/java/teammates/e2e/cases/AdminSessionsPageE2ETest.java
130,src/main/java/teammates/storage/entity/FeedbackResponseComment.java
1,src/main/java/teammates/common/datatransfer/FeedbackResultFetchType.java
186,src/e2e/java/teammates/e2e/cases/StudentCourseJoinConfirmationPageE2ETest.java
129,src/test/java/teammates/logic/api/EmailSenderTest.java
97,src/test/java/teammates/ui/webapi/GetInstructorActionTest.java
190,src/e2e/java/teammates/e2e/cases/InstructorFeedbackEditPageE2ETest.java
26,src/main/java/teammates/ui/constants/QuestionTypeStructures.java
5,src/test/java/teammates/ui/webapi/CreateNotificationActionTest.java
85,src/main/java/teammates/ui/output/ReadNotificationsData.java
122,src/main/java/teammates/logic/external/EmptyRecaptchaService.java
159,src/main/java/teammates/common/exception/package-info.java
23,src/main/java/teammates/ui/webapi/DeleteFeedbackQuestionAction.java
29,src/main/java/teammates/ui/webapi/DeleteNotificationAction.java
119,src/test/java/teammates/logic/core/CoursesLogicTest.java
29,src/main/java/teammates/ui/webapi/FeedbackSessionPublishedRemindersAction.java
88,src/main/java/teammates/storage/search/StudentSearchDocument.java
85,src/test/java/teammates/ui/webapi/RestoreCourseActionTest.java
15,src/e2e/java/teammates/e2e/pageobjects/IanaTimezonePage.java
159,src/test/java/teammates/common/util/BuildPropertiesTest.java
1,src/main/java/teammates/common/exception/EnrollException.java
84,src/main/java/teammates/logic/core/FeedbackSessionsLogic.java
155,src/main/java/teammates/common/exception/AuthException.java
1,src/main/java/teammates/ui/webapi/AccountRequestSearchIndexingWorkerAction.java
26,src/main/java/teammates/ui/request/CourseArchiveRequest.java
25,src/test/java/teammates/ui/webapi/DeleteNotificationActionTest.java
7,src/main/java/teammates/logic/external/EmailSenderService.java
81,src/test/java/teammates/ui/webapi/GetReadNotificationsActionTest.java
47,src/main/java/teammates/logic/external/EmptyRecaptchaService.java
1,src/main/java/teammates/logic/external/EmptyEmailService.java
4,src/main/java/teammates/ui/request/StudentsEnrollRequest.java
17,src/e2e/java/teammates/e2e/util/package-info.java
158,src/main/java/teammates/common/datatransfer/questions/FeedbackMsqResponseDetails.java
47,src/main/java/teammates/logic/external/LocalLoggingService.java
119,src/main/java/teammates/logic/api/package-info.java
196,src/client/java/teammates/client/connector/package-info.java
1,src/main/java/teammates/ui/webapi/DeleteFeedbackResponseCommentAction.java
131,src/test/java/teammates/storage/search/AccountRequestSearchTest.java
26,src/main/java/teammates/ui/request/MarkNotificationAsReadRequest.java
23,src/main/java/teammates/ui/webapi/FeedbackSessionPublishedEmailWorkerAction.java
85,src/test/java/teammates/ui/webapi/InstructorSearchIndexingWorkerActionTest.java
47,src/main/java/teammates/logic/api/EmailSender.java
7,src/test/java/teammates/ui/webapi/GetCourseActionTest.java
122,src/main/java/teammates/logic/core/NotificationsLogic.java
155,src/test/java/teammates/common/util/TimeHelperExtension.java
84,src/test/java/teammates/logic/core/FeedbackQuestionsLogicTest.java
16,src/e2e/java/teammates/e2e/util/TestDataValidityTest.java
118,src/main/java/teammates/storage/entity/package-info.java
189,src/e2e/java/teammates/e2e/util/TestProperties.java
26,src/main/java/teammates/ui/output/JoinLinkData.java
158,src/main/java/teammates/common/util/EmailSendingStatus.java
97,src/main/java/teammates/ui/constants/QuestionTypeStructures.java
188,src/e2e/java/teammates/e2e/pageobjects/InstructorStudentListPage.java
85,src/main/java/teammates/ui/webapi/GetFeedbackSessionsAction.java
23,src/main/java/teammates/ui/webapi/RestoreCourseAction.java
158,src/main/java/teammates/common/datatransfer/attributes/InstructorAttributes.java
29,src/main/java/teammates/ui/webapi/FeedbackSessionClosingRemindersAction.java
22,src/main/java/teammates/ui/webapi/InstructorCourseJoinEmailWorkerAction.java
25,src/main/java/teammates/ui/output/InstructorData.java
174,src/main/java/teammates/common/datatransfer/attributes/DeadlineExtensionAttributes.java
29,src/main/java/teammates/ui/output/JoinLinkData.java
97,src/main/java/teammates/ui/webapi/RegenerateInstructorKeyAction.java
97,src/test/java/teammates/ui/webapi/SessionLinksRecoveryActionTest.java
155,src/main/java/teammates/common/datatransfer/questions/FeedbackRankOptionsResponseDetails.java
15,src/e2e/java/teammates/e2e/pageobjects/package-info.java
1,src/main/java/teammates/ui/request/CourseBasicRequest.java
15,src/e2e/java/teammates/e2e/cases/axe/InstructorStudentListPageAxeTest.java
29,src/main/java/teammates/ui/webapi/GetFeedbackSessionLogsAction.java
1,src/e2e/java/teammates/e2e/pageobjects/InstructorCoursesPage.java
81,src/main/java/teammates/ui/request/NotificationUpdateRequest.java
127,src/main/java/teammates/common/datatransfer/questions/FeedbackQuestionDetails.java
97,src/test/java/teammates/ui/webapi/package-info.java
174,src/test/java/teammates/common/datatransfer/questions/FeedbackNumericalScaleQuestionDetailsTest.java
79,src/test/java/teammates/logic/api/MockRecaptchaVerifier.java
1,src/test/java/teammates/ui/webapi/ArchiveCourseActionTest.java
23,src/test/java/teammates/ui/webapi/UpdateFeedbackSessionActionTest.java
176,src/main/java/teammates/logic/external/SendgridService.java
130,src/test/java/teammates/storage/api/EntitiesDbTest.java
177,src/main/java/teammates/storage/api/FeedbackQuestionsDb.java
25,src/main/java/teammates/ui/output/CoursesData.java
177,src/test/java/teammates/storage/search/AccountRequestSearchTest.java
156,src/main/java/teammates/common/datatransfer/questions/FeedbackMsqQuestionDetails.java
123,src/test/java/teammates/storage/api/AccountsDbTest.java
4,src/test/java/teammates/ui/webapi/CreateAccountRequestActionTest.java
176,src/main/java/teammates/logic/api/package-info.java
1,src/client/java/teammates/client/scripts/package-info.java
29,src/main/java/teammates/ui/webapi/PutDataBundleAction.java
129,src/main/java/teammates/logic/external/EmptyEmailService.java
81,src/main/java/teammates/ui/webapi/GetAuthInfoAction.java
20,src/main/java/teammates/common/datatransfer/questions/FeedbackQuestionDetails.java
4,src/test/java/teammates/ui/webapi/GetUsageStatisticsActionTest.java
132,src/test/java/teammates/storage/api/package-info.java
155,src/main/java/teammates/common/datatransfer/questions/FeedbackRankOptionsQuestionDetails.java
23,src/main/java/teammates/ui/output/DeadlineExtensionData.java
29,src/main/java/teammates/ui/webapi/Action.java
5,src/test/java/teammates/ui/webapi/UpdateFeedbackQuestionActionTest.java
5,src/main/java/teammates/ui/output/UsageStatisticsRangeData.java
22,src/test/java/teammates/logic/core/FeedbackResponseCommentsLogicTest.java
81,src/main/java/teammates/ui/output/MessageOutput.java
175,src/main/java/teammates/common/datatransfer/InstructorPrivileges.java
5,src/main/java/teammates/ui/webapi/JoinCourseAction.java
23,src/main/java/teammates/ui/output/EmailData.java
131,src/main/java/teammates/storage/api/CoursesDb.java
186,src/e2e/java/teammates/e2e/cases/axe/InstructorStudentListPageAxeTest.java
122,src/test/java/teammates/logic/core/CoursesLogicTest.java
185,src/e2e/java/teammates/e2e/pageobjects/InstructorSearchPage.java
129,src/main/java/teammates/logic/core/StudentsLogic.java
159,src/test/java/teammates/common/datatransfer/questions/FeedbackResponseDetailsTest.java
22,src/main/java/teammates/ui/webapi/UpdateFeedbackQuestionAction.java
1,src/main/java/teammates/ui/webapi/GetInstructorPrivilegeAction.java
81,src/test/java/teammates/ui/webapi/SendJoinReminderEmailActionTest.java
198,src/client/java/teammates/client/scripts/statistics/StatisticsBundle.java
186,src/e2e/java/teammates/e2e/util/package-info.java
86,src/main/java/teammates/logic/external/GoogleRecaptchaService.java
157,src/test/java/teammates/common/datatransfer/questions/FeedbackContributionQuestionDetailsTest.java
1,src/test/java/teammates/ui/webapi/package-info.java
186,src/e2e/java/teammates/e2e/pageobjects/ErrorReportingModal.java
1,src/client/java/teammates/client/scripts/DataMigrationForSanitizedDataInStudentAttributes.java
20,src/main/java/teammates/common/datatransfer/logs/QueryLogsParams.java
25,src/main/java/teammates/ui/webapi/CreateAccountAction.java
22,src/main/java/teammates/ui/servlets/package-info.java
130,src/test/java/teammates/storage/api/StudentsDbTest.java
4,src/test/java/teammates/ui/webapi/CompileLogsActionTest.java
81,src/main/java/teammates/ui/webapi/GetFeedbackSessionLogsAction.java
128,src/main/java/teammates/storage/entity/FeedbackResponse.java
1,src/test/java/teammates/ui/webapi/RestoreCourseActionTest.java
29,src/main/java/teammates/ui/output/InstructorPermissionRole.java
158,src/main/java/teammates/common/datatransfer/attributes/EntityAttributes.java
185,src/e2e/java/teammates/e2e/cases/FeedbackRubricQuestionE2ETest.java
175,src/test/java/teammates/common/datatransfer/UserInfoCookieTest.java
29,src/test/java/teammates/ui/webapi/BinCourseActionTest.java
23,src/test/java/teammates/ui/webapi/ActionFactoryTest.java
7,src/main/java/teammates/ui/webapi/FeedbackSessionOpeningSoonRemindersAction.java
79,src/test/java/teammates/logic/core/FeedbackResponsesLogicTest.java
1,src/e2e/java/teammates/e2e/cases/axe/AdminSessionsPageAxeTest.java
176,src/main/java/teammates/logic/external/FirebaseAuthService.java
29,src/test/java/teammates/ui/webapi/QueryLogsActionTest.java
122,src/main/java/teammates/logic/external/LocalTaskQueueService.java
29,src/test/java/teammates/ui/webapi/FeedbackSessionOpeningSoonRemindersActionTest.java
174,src/test/java/teammates/common/datatransfer/CourseRosterTest.java
15,src/e2e/java/teammates/e2e/cases/FeedbackMcqQuestionE2ETest.java
185,src/e2e/java/teammates/e2e/util/BackDoor.java
1,src/e2e/java/teammates/e2e/util/TestPropertiesTest.java
125,src/main/java/teammates/storage/entity/Notification.java
84,src/test/java/teammates/logic/api/package-info.java
97,src/main/java/teammates/ui/webapi/GetUsageStatisticsAction.java
26,src/test/java/teammates/ui/servlets/OriginCheckFilterTest.java
186,src/e2e/java/teammates/e2e/cases/AutomatedSessionRemindersE2ETest.java
156,src/main/java/teammates/common/datatransfer/questions/FeedbackRubricQuestionDetails.java
85,src/test/java/teammates/ui/webapi/FeedbackSessionRemindParticularUsersEmailWorkerActionTest.java
88,src/test/java/teammates/logic/external/GoogleRecaptchaServiceTest.java
85,src/main/java/teammates/ui/output/FeedbackVisibilityType.java
7,src/test/java/teammates/ui/webapi/CreateAccountActionTest.java
81,src/main/java/teammates/ui/webapi/JsonResult.java
22,src/main/java/teammates/ui/webapi/AuthType.java
163,src/test/java/teammates/test/FileHelper.java
128,src/main/java/teammates/storage/search/InstructorSearchManager.java
155,src/test/java/teammates/common/datatransfer/questions/FeedbackRankQuestionDetailsTest.java
22,src/main/java/teammates/ui/output/FeedbackQuestionsData.java
133,src/test/java/teammates/storage/api/StudentsDbTest.java
22,src/test/java/teammates/ui/webapi/DeleteInstructorActionTest.java
29,src/test/java/teammates/ui/webapi/FeedbackSessionUnpublishedEmailWorkerActionTest.java
77,src/test/java/teammates/logic/api/BaseLogicTest.java
25,src/main/java/teammates/ui/request/FeedbackSessionBasicRequest.java
129,src/main/java/teammates/logic/core/AccountRequestsLogic.java
119,src/main/java/teammates/logic/external/LogService.java
81,src/test/java/teammates/ui/webapi/GetCourseSectionNamesActionTest.java
86,src/main/java/teammates/logic/external/TaskQueueService.java
157,src/main/java/teammates/common/datatransfer/questions/FeedbackContributionResponseDetails.java
188,src/e2e/java/teammates/e2e/cases/axe/InstructorCourseDetailsPageAxeTest.java
174,src/test/java/teammates/common/datatransfer/attributes/FeedbackQuestionAttributesTest.java
29,src/test/java/teammates/ui/webapi/FeedbackSessionClosedRemindersActionTest.java
1,src/e2e/java/teammates/e2e/cases/InstructorFeedbackReportPageE2ETest.java
174,src/main/java/teammates/common/datatransfer/questions/FeedbackRubricResponseDetails.java
174,src/main/java/teammates/common/exception/InstructorUpdateException.java
97,src/main/java/teammates/ui/webapi/package-info.java
127,src/main/java/teammates/common/util/StdOutConsoleHandler.java
185,src/e2e/java/teammates/e2e/cases/axe/InstructorFeedbackSessionsPageAxeTest.java
26,src/main/java/teammates/ui/webapi/GetFeedbackQuestionsAction.java
176,src/main/java/teammates/logic/api/Logic.java
85,src/test/java/teammates/ui/webapi/DeleteFeedbackSessionActionTest.java
23,src/main/java/teammates/ui/webapi/FeedbackSessionRemindParticularUsersEmailWorkerAction.java
8,src/main/java/teammates/logic/external/GoogleCloudLoggingService.java
23,src/main/java/teammates/ui/request/AccountCreateRequest.java
5,src/main/java/teammates/ui/webapi/EntityNotFoundException.java
132,src/main/java/teammates/storage/api/FeedbackResponsesDb.java
1,src/test/java/teammates/common/datatransfer/questions/FeedbackRankQuestionDetailsTest.java
15,src/e2e/java/teammates/e2e/util/MaximumRetriesExceededException.java
7,src/test/java/teammates/ui/webapi/DeleteFeedbackResponseCommentActionTest.java
186,src/e2e/java/teammates/e2e/cases/axe/InstructorFeedbackSessionsPageAxeTest.java
1,src/main/java/teammates/ui/webapi/BasicFeedbackSubmissionAction.java
97,src/main/java/teammates/logic/external/GoogleRecaptchaService.java
5,src/main/java/teammates/ui/webapi/MarkNotificationAsReadAction.java
87,src/main/java/teammates/logic/external/LocalLoggingService.java
1,src/test/java/teammates/logic/core/CoursesLogicTest.java
20,src/main/java/teammates/common/datatransfer/InstructorPrivilegesLegacy.java
85,src/main/java/teammates/logic/core/package-info.java
7,src/test/java/teammates/logic/core/StudentsLogicTest.java
176,src/test/java/teammates/logic/api/MockEmailSender.java
22,src/main/java/teammates/ui/output/SessionVisibleSetting.java
26,src/main/java/teammates/ui/webapi/GetFeedbackResponsesAction.java
187,src/e2e/java/teammates/e2e/util/BackDoor.java
129,src/test/java/teammates/logic/core/BaseLogicTest.java
177,src/main/java/teammates/storage/entity/package-info.java
174,src/test/java/teammates/common/datatransfer/attributes/InstructorAttributesTest.java
157,src/main/java/teammates/common/datatransfer/logs/RequestLogUser.java
186,src/e2e/java/teammates/e2e/util/Retryable.java
189,src/e2e/java/teammates/e2e/cases/AdminSearchPageE2ETest.java
130,src/main/java/teammates/storage/api/EntitiesDb.java
84,src/main/java/teammates/logic/external/AuthService.java
25,src/test/java/teammates/ui/webapi/InstructorCourseJoinEmailWorkerActionTest.java
97,src/test/java/teammates/ui/webapi/EnrollStudentsActionTest.java
187,src/e2e/java/teammates/e2e/cases/AdminAccountsPageE2ETest.java
195,src/client/java/teammates/client/scripts/statistics/StatisticsBundle.java
118,src/main/java/teammates/storage/entity/FeedbackSession.java
17,src/e2e/java/teammates/e2e/cases/InstructorCourseStudentDetailsEditPageE2ETest.java
188,src/e2e/java/teammates/e2e/cases/axe/InstructorNotificationsPageAxeTest.java
7,src/main/java/teammates/ui/output/FeedbackSessionsData.java
79,src/test/java/teammates/logic/core/StudentsLogicTest.java
1,src/main/java/teammates/ui/webapi/CreateInstructorAction.java
97,src/main/java/teammates/ui/request/CourseUpdateRequest.java
127,src/test/java/teammates/common/datatransfer/attributes/NotificationAttributesTest.java
123,src/main/java/teammates/storage/entity/Course.java
129,src/main/java/teammates/logic/core/FeedbackSessionsLogic.java
29,src/main/java/teammates/ui/output/UsageStatisticsRangeData.java
22,src/test/java/teammates/ui/webapi/JsonResultTest.java
5,src/test/java/teammates/ui/webapi/UpdateInstructorPrivilegeActionTest.java
88,src/test/java/teammates/logic/api/MockAuthProxy.java
185,src/e2e/java/teammates/e2e/util/RetryManager.java
1,src/test/java/teammates/logic/api/BaseLogicTest.java
187,src/e2e/java/teammates/e2e/pageobjects/StudentHomePage.java
190,src/e2e/java/teammates/e2e/pageobjects/DevServerLoginPage.java
81,src/main/java/teammates/ui/webapi/GetAccountAction.java
16,src/e2e/java/teammates/e2e/util/EmailAccount.java
85,src/main/java/teammates/ui/output/UsageStatisticsRangeData.java
22,src/main/java/teammates/ui/output/FeedbackQuestionData.java
194,src/client/java/teammates/client/scripts/statistics/StatisticsBundle.java
5,src/main/java/teammates/ui/request/FeedbackSessionBasicRequest.java
196,src/client/java/teammates/client/scripts/DataMigrationForTextQuestionRecommendedLength.java
23,src/main/java/teammates/ui/request/FeedbackSessionCreateRequest.java
25,src/test/java/teammates/ui/servlets/LegacyUrlMapperTest.java
18,src/client/java/teammates/client/scripts/statistics/StatisticsBundle.java
77,src/main/java/teammates/logic/external/GoogleCloudLoggingService.java
86,src/test/java/teammates/logic/core/BaseLogicTest.java
177,src/main/java/teammates/storage/search/InstructorSearchManager.java
197,src/client/java/teammates/client/scripts/DataMigrationForNullCommentGiverType.java
97,src/main/java/teammates/ui/webapi/UpdateNotificationAction.java
25,src/main/java/teammates/ui/webapi/DeleteFeedbackResponseCommentAction.java
25,src/main/java/teammates/ui/output/FeedbackSessionSubmissionStatus.java
189,src/e2e/java/teammates/e2e/cases/InstructorNotificationsPageE2ETest.java
20,src/test/java/teammates/common/datatransfer/questions/FeedbackConstantSumQuestionDetailsTest.java
1,src/main/java/teammates/ui/webapi/UpdateCourseAction.java
190,src/e2e/java/teammates/e2e/cases/InstructorNotificationsPageE2ETest.java
81,src/main/java/teammates/ui/webapi/FeedbackSessionOpeningSoonRemindersAction.java
175,src/main/java/teammates/common/datatransfer/questions/FeedbackMcqResponseDetails.java
23,src/main/java/teammates/ui/webapi/BasicCommentSubmissionAction.java
81,src/test/java/teammates/ui/webapi/GetNotificationActionTest.java
155,src/main/java/teammates/common/datatransfer/UserInfoCookie.java
23,src/main/java/teammates/ui/request/NotificationBasicRequest.java
190,src/e2e/java/teammates/e2e/cases/InstructorCourseEnrollPageE2ETest.java
97,src/main/java/teammates/ui/webapi/GetInstructorPrivilegeAction.java
122,src/main/java/teammates/logic/core/CoursesLogic.java
22,src/test/java/teammates/ui/webapi/GetTimeZonesActionTest.java
132,src/main/java/teammates/storage/entity/AccountRequest.java
97,src/main/java/teammates/ui/request/FeedbackResponseCommentUpdateRequest.java
81,src/main/java/teammates/ui/request/ErrorReportRequest.java
1,src/main/java/teammates/ui/servlets/DevServerLoginServlet.java
1,src/main/java/teammates/ui/output/AccountData.java
155,src/main/java/teammates/common/util/JsonUtils.java
175,src/main/java/teammates/common/datatransfer/DataBundle.java
25,src/main/java/teammates/ui/request/AccountCreateRequest.java
8,src/test/java/teammates/logic/core/UsageStatisticsLogicTest.java
26,src/test/java/teammates/ui/webapi/GetSessionResultsActionTest.java
4,src/test/java/teammates/ui/webapi/SearchInstructorsActionTest.java
22,src/main/java/teammates/ui/output/InstructorPrivilegeData.java
29,src/test/java/teammates/ui/webapi/GetDeadlineExtensionActionTest.java
85,src/main/java/teammates/ui/output/FeedbackSessionStatsData.java
4,src/test/java/teammates/ui/webapi/DeleteFeedbackSessionActionTest.java
185,src/e2e/java/teammates/e2e/cases/axe/InstructorNotificationsPageAxeTest.java
4,src/main/java/teammates/ui/webapi/MarkNotificationAsReadAction.java
7,src/main/java/teammates/logic/external/MailjetService.java
23,src/main/java/teammates/ui/output/StudentData.java
87,src/main/java/teammates/logic/api/package-info.java
198,src/client/java/teammates/client/scripts/DataMigrationForInstructorNullIsArchivedField.java
4,src/main/java/teammates/ui/output/FeedbackSessionsData.java
185,src/e2e/java/teammates/e2e/cases/InstructorFeedbackEditPageE2ETest.java
26,src/test/java/teammates/ui/webapi/SearchAccountRequestsActionTest.java
87,src/test/java/teammates/logic/core/package-info.java
97,src/test/java/teammates/ui/webapi/RestoreCourseActionTest.java
22,src/main/java/teammates/ui/webapi/package-info.java
88,src/main/java/teammates/logic/api/AuthProxy.java
23,src/test/java/teammates/ui/webapi/GetInstructorsActionTest.java
81,src/test/java/teammates/ui/webapi/GetAccountRequestActionTest.java
1,src/e2e/java/teammates/e2e/cases/BaseFeedbackQuestionE2ETest.java
9,src/test/java/teammates/storage/api/StudentsDbTest.java
97,src/main/java/teammates/ui/webapi/CreateInstructorAction.java
127,src/main/java/teammates/common/util/StringHelper.java
17,src/e2e/java/teammates/e2e/cases/FeedbackContributionQuestionE2ETest.java
127,src/main/java/teammates/common/util/AppUrl.java
158,src/main/java/teammates/common/datatransfer/InstructorPrivileges.java
47,src/test/java/teammates/logic/core/InstructorsLogicTest.java
81,src/test/java/teammates/ui/webapi/DeleteNotificationActionTest.java
16,src/e2e/java/teammates/e2e/cases/axe/InstructorCoursesPageAxeTest.java
160,src/main/java/teammates/common/datatransfer/logs/InstanceLogDetails.java
77,src/main/java/teammates/logic/external/GoogleCloudTasksService.java
22,src/test/java/teammates/ui/webapi/BinFeedbackSessionActionTest.java
97,src/main/java/teammates/ui/output/StudentsData.java
133,src/main/java/teammates/storage/entity/CourseStudent.java
8,src/test/java/teammates/logic/external/package-info.java
174,src/main/java/teammates/common/util/JsonUtils.java
122,src/main/java/teammates/logic/core/package-info.java
133,src/main/java/teammates/storage/search/InstructorSearchManager.java
15,src/e2e/java/teammates/e2e/cases/InstructorCourseEditPageE2ETest.java
4,src/client/java/teammates/client/util/ClientProperties.java
7,src/main/java/teammates/ui/output/RegkeyValidityData.java
1,src/test/java/teammates/ui/webapi/AccountRequestSearchIndexingWorkerActionTest.java
188,src/e2e/java/teammates/e2e/cases/axe/StudentNotificationsPageAxeTest.java
4,src/main/java/teammates/ui/webapi/UpdateFeedbackQuestionAction.java
29,src/test/java/teammates/ui/webapi/DeleteAccountActionTest.java
85,src/main/java/teammates/logic/external/MailjetService.java
129,src/test/java/teammates/logic/api/MockUserProvision.java
129,src/test/java/teammates/logic/api/MockLogsProcessor.java
29,src/test/java/teammates/ui/webapi/GetCourseSectionNamesActionTest.java
29,src/test/java/teammates/ui/webapi/GetAccountActionTest.java
1,src/e2e/java/teammates/e2e/pageobjects/UserNotificationsPage.java
1,src/main/java/teammates/ui/webapi/UpdateInstructorAction.java
87,src/test/java/teammates/logic/api/MockAuthProxy.java
68,src/main/java/teammates/logic/core/DeadlineExtensionsLogic.java
4,src/main/java/teammates/ui/webapi/GetFeedbackQuestionsAction.java
117,src/main/java/teammates/logic/api/AuthProxy.java
97,src/main/java/teammates/ui/webapi/UnauthorizedAccessException.java
97,src/test/java/teammates/ui/webapi/GetCourseActionTest.java
29,src/main/java/teammates/ui/webapi/GetNotificationsAction.java
20,src/test/java/teammates/common/datatransfer/attributes/InstructorAttributesTest.java
1,src/main/java/teammates/common/datatransfer/questions/FeedbackConstantSumDistributePointsType.java
4,src/client/java/teammates/client/scripts/PopulateCourseSearchDocuments.java
97,src/main/java/teammates/ui/output/CourseSectionNamesData.java
88,src/test/java/teammates/logic/api/MockTaskQueuer.java
8,src/test/java/teammates/logic/core/FeedbackSessionsLogicTest.java
127,src/test/java/teammates/common/datatransfer/questions/FeedbackConstantSumQuestionDetailsTest.java
25,src/main/java/teammates/ui/request/InstructorCreateRequest.java
188,src/e2e/java/teammates/e2e/pageobjects/AdminSessionsPage.java
23,src/main/java/teammates/ui/webapi/GetUsageStatisticsAction.java
26,src/test/java/teammates/ui/webapi/FeedbackSessionUnpublishedEmailWorkerActionTest.java
1,src/main/java/teammates/ui/output/StudentsData.java
1,src/e2e/java/teammates/e2e/cases/FeedbackRubricQuestionE2ETest.java
81,src/main/java/teammates/ui/webapi/SendLoginEmailAction.java
23,src/main/java/teammates/ui/request/StudentUpdateRequest.java
130,src/main/java/teammates/storage/search/InstructorSearchDocument.java
4,src/test/java/teammates/ui/webapi/GetFeedbackResponseCommentActionTest.java
1,src/main/java/teammates/common/datatransfer/attributes/DeadlineExtensionAttributes.java
4,src/main/java/teammates/ui/output/StudentData.java
7,src/test/java/teammates/logic/core/CoursesLogicTest.java
23,src/main/java/teammates/ui/webapi/InvalidOperationException.java
1,src/main/java/teammates/common/datatransfer/attributes/InstructorAttributes.java
155,src/main/java/teammates/common/datatransfer/questions/FeedbackMcqResponseDetails.java
7,src/main/java/teammates/ui/output/NumberOfEntitiesToGiveFeedbackToSetting.java
163,src/test/java/teammates/test/TestPropertiesTest.java
79,src/test/java/teammates/logic/api/package-info.java
156,src/test/java/teammates/common/datatransfer/attributes/StudentAttributesTest.java
81,src/main/java/teammates/ui/output/SessionResultsData.java
160,src/main/java/teammates/common/datatransfer/questions/FeedbackMcqQuestionDetails.java
123,src/test/java/teammates/storage/api/DeadlineExtensionsDbTest.java
25,src/main/java/teammates/ui/webapi/DeleteCourseAction.java
7,src/test/java/teammates/ui/webapi/FeedbackSessionPublishedRemindersActionTest.java
1,src/test/java/teammates/ui/webapi/CreateCourseActionTest.java
77,src/main/java/teammates/logic/core/CoursesLogic.java
123,src/main/java/teammates/storage/api/UsageStatisticsDb.java
5,src/main/java/teammates/ui/webapi/ResetAccountRequestAction.java
77,src/main/java/teammates/logic/external/RecaptchaService.java
5,src/test/java/teammates/ui/webapi/UpdateFeedbackSessionActionTest.java
20,src/main/java/teammates/common/datatransfer/questions/FeedbackMcqQuestionDetails.java
85,src/main/java/teammates/ui/output/JoinStatus.java
23,src/test/java/teammates/ui/webapi/FeedbackSessionResendPublishedEmailWorkerActionTest.java
127,src/main/java/teammates/common/util/package-info.java
122,src/main/java/teammates/logic/external/GoogleCloudTasksService.java
86,src/main/java/teammates/logic/external/LocalTaskQueueService.java
20,src/main/java/teammates/common/util/JsonUtils.java
156,src/main/java/teammates/common/exception/EntityDoesNotExistException.java
160,src/test/java/teammates/common/datatransfer/questions/FeedbackRankQuestionDetailsTest.java
81,src/main/java/teammates/ui/servlets/WebApiServlet.java
5,src/main/java/teammates/ui/webapi/GetCourseAction.java
186,src/e2e/java/teammates/e2e/cases/axe/InstructorHomePageAxeTest.java
4,src/main/java/teammates/ui/webapi/GetInstructorPrivilegeAction.java
97,src/main/java/teammates/logic/api/LogsProcessor.java
5,src/main/java/teammates/ui/webapi/GetHasResponsesAction.java
97,src/test/java/teammates/logic/core/DataBundleLogicTest.java
190,src/e2e/java/teammates/e2e/cases/FeedbackTextQuestionE2ETest.java
174,src/main/java/teammates/common/datatransfer/logs/LogDetails.java
131,src/main/java/teammates/logic/core/package-info.java
175,src/main/java/teammates/common/util/EmailType.java
29,src/main/java/teammates/ui/request/FeedbackResponsesRequest.java
68,src/main/java/teammates/logic/external/GoogleRecaptchaService.java
22,src/main/java/teammates/ui/output/EnrollStudentsData.java
88,src/test/java/teammates/logic/core/CoursesLogicTest.java
7,src/main/java/teammates/ui/webapi/GetNotificationAction.java
187,src/e2e/java/teammates/e2e/pageobjects/DevServerLoginPage.java
1,src/test/java/teammates/storage/api/FeedbackResponsesDbTest.java
1,src/main/java/teammates/ui/webapi/GenerateEmailAction.java
127,src/main/java/teammates/common/datatransfer/questions/FeedbackContributionResponseDetails.java
5,src/main/java/teammates/ui/output/AccountRequestData.java
1,src/client/java/teammates/client/scripts/DataMigrationForInstructorFeedbackResponseComments.java
185,src/e2e/java/teammates/e2e/cases/axe/InstructorFeedbackReportPageAxeTest.java
22,src/test/java/teammates/logic/api/EmailSenderTest.java
85,src/main/java/teammates/ui/webapi/SendEmailWorkerAction.java
128,src/main/java/teammates/storage/api/FeedbackSessionsDb.java
176,src/main/java/teammates/logic/external/LocalLoggingService.java
22,src/main/java/teammates/ui/output/RegenerateKeyData.java
187,src/e2e/java/teammates/e2e/cases/InstructorSearchPageE2ETest.java
7,src/test/java/teammates/logic/core/NotificationsLogicTest.java
186,src/e2e/java/teammates/e2e/cases/InstructorNotificationsPageE2ETest.java
15,src/e2e/java/teammates/e2e/pageobjects/DevServerLoginPage.java
20,src/test/java/teammates/common/datatransfer/questions/FeedbackResponseDetailsTest.java
4,src/main/java/teammates/ui/output/SessionResultsData.java
186,src/e2e/java/teammates/e2e/pageobjects/package-info.java
5,src/main/java/teammates/ui/webapi/SearchInstructorsAction.java
47,src/main/java/teammates/logic/api/RecaptchaVerifier.java
156,src/test/java/teammates/common/datatransfer/questions/FeedbackNumericalScaleQuestionDetailsTest.java
174,src/test/java/teammates/common/util/FieldValidatorTest.java
4,src/test/java/teammates/ui/request/StudentsEnrollRequestTest.java
5,src/main/java/teammates/ui/webapi/BinCourseAction.java
81,src/main/java/teammates/ui/output/InstructorsData.java
25,src/main/java/teammates/ui/webapi/GetDeadlineExtensionAction.java
79,src/main/java/teammates/logic/external/RecaptchaService.java
189,src/e2e/java/teammates/e2e/cases/InstructorHomePageE2ETest.java
174,src/main/java/teammates/common/datatransfer/attributes/AccountRequestAttributes.java
4,src/main/java/teammates/ui/servlets/DevServerLoginServlet.java
29,src/main/java/teammates/ui/request/FeedbackResponseCommentCreateRequest.java
85,src/main/java/teammates/ui/webapi/GetInstructorsAction.java
23,src/main/java/teammates/ui/request/FeedbackResponsesRequest.java
185,src/e2e/java/teammates/e2e/util/TestDataValidityTest.java
188,src/e2e/java/teammates/e2e/cases/axe/InstructorCourseStudentDetailsPageAxeTest.java
7,src/main/java/teammates/ui/webapi/CompileLogsAction.java
97,src/main/java/teammates/ui/webapi/FeedbackSessionOpeningRemindersAction.java
15,src/e2e/java/teammates/e2e/cases/InstructorFeedbackEditPageE2ETest.java
29,src/main/java/teammates/ui/output/FeedbackSessionLogData.java
5,src/test/java/teammates/ui/webapi/GetStudentsActionTest.java
158,src/main/java/teammates/common/datatransfer/attributes/FeedbackQuestionAttributes.java
16,src/e2e/java/teammates/e2e/cases/InstructorCourseEnrollPageE2ETest.java
1,src/main/java/teammates/ui/webapi/GetReadNotificationsAction.java
26,src/main/java/teammates/ui/webapi/BinFeedbackSessionAction.java
22,src/test/java/teammates/ui/webapi/UpdateInstructorPrivilegeActionTest.java
20,src/test/java/teammates/common/datatransfer/ErrorLogEntryTest.java
85,src/test/java/teammates/ui/webapi/RestoreFeedbackSessionActionTest.java
26,src/main/java/teammates/ui/webapi/CreateInstructorAction.java
16,src/e2e/java/teammates/e2e/cases/AdminNotificationsPageE2ETest.java
87,src/main/java/teammates/logic/core/StudentsLogic.java
1,src/e2e/java/teammates/e2e/pageobjects/FeedbackSubmitPage.java
15,src/e2e/java/teammates/e2e/cases/AdminSessionsPageE2ETest.java
23,src/test/java/teammates/ui/webapi/RemindFeedbackSessionResultActionTest.java
185,src/test/java/teammates/logic/core/UsageStatisticsLogicTest.java
26,src/test/java/teammates/ui/webapi/GetSessionResponseStatsActionTest.java
22,src/test/java/teammates/ui/servlets/WebApiServletTest.java
7,src/main/java/teammates/ui/output/FeedbackResponsesData.java
1,src/main/java/teammates/ui/webapi/SendErrorReportAction.java
155,src/main/java/teammates/common/datatransfer/questions/FeedbackRankRecipientsQuestionDetails.java
158,src/main/java/teammates/common/util/EmailType.java
97,src/main/java/teammates/ui/output/FeedbackSessionStatsData.java
7,src/test/java/teammates/logic/api/MockEmailSender.java
189,src/e2e/java/teammates/e2e/cases/InstructorCourseJoinConfirmationPageE2ETest.java
15,src/e2e/java/teammates/e2e/pageobjects/ErrorReportingModal.java
20,src/main/java/teammates/common/datatransfer/questions/FeedbackTextQuestionDetails.java
1,src/main/java/teammates/ui/webapi/CreateAccountAction.java
23,src/test/java/teammates/ui/webapi/GetDeadlineExtensionActionTest.java
84,src/main/java/teammates/logic/external/package-info.java
1,src/main/java/teammates/ui/output/FeedbackSessionStatsData.java
26,src/main/java/teammates/ui/request/CourseUpdateRequest.java
157,src/main/java/teammates/common/exception/SearchServiceException.java
25,src/main/java/teammates/ui/webapi/RegenerateStudentKeyAction.java
26,src/main/java/teammates/ui/servlets/AuthServlet.java
1,src/main/java/teammates/ui/webapi/PublishFeedbackSessionAction.java
7,src/test/java/teammates/ui/webapi/GetSessionResponseStatsActionTest.java
1,src/test/java/teammates/ui/webapi/RestoreFeedbackSessionActionTest.java
4,src/main/java/teammates/ui/webapi/SearchAccountRequestsAction.java
119,src/main/java/teammates/logic/core/InstructorsLogic.java
158,src/test/java/teammates/common/datatransfer/attributes/AccountRequestAttributesTest.java
87,src/test/java/teammates/logic/core/FeedbackResponsesLogicTest.java
122,src/main/java/teammates/logic/external/SendgridService.java
87,src/main/java/teammates/logic/api/AuthProxy.java
86,src/test/java/teammates/logic/core/FeedbackResponsesLogicTest.java
176,src/test/java/teammates/logic/api/MockUserProvision.java
4,src/test/java/teammates/ui/webapi/RegenerateInstructorKeyActionTest.java
1,src/main/java/teammates/ui/webapi/DeleteStudentsAction.java
155,src/main/java/teammates/common/datatransfer/attributes/NotificationAttributes.java
187,src/e2e/java/teammates/e2e/cases/BaseE2ETestCase.java
17,src/e2e/java/teammates/e2e/pageobjects/IanaTimezonePage.java
23,src/main/java/teammates/ui/output/FeedbackSessionData.java
68,src/main/java/teammates/logic/core/LogicStarter.java
7,src/main/java/teammates/ui/webapi/UpdateCourseAction.java
4,src/main/java/teammates/ui/output/RegenerateKeyData.java
97,src/main/java/teammates/ui/webapi/GetAccountsAction.java
1,src/test/java/teammates/storage/api/FeedbackResponseCommentsDbTest.java
23,src/test/java/teammates/ui/webapi/GetTimeZonesActionTest.java
1,src/main/java/teammates/ui/webapi/GetOngoingSessionsAction.java
160,src/test/java/teammates/common/datatransfer/attributes/FeedbackSessionAttributesTest.java
29,src/main/java/teammates/ui/output/FeedbackSessionsData.java
5,src/test/java/teammates/ui/webapi/GetNotificationsActionTest.java
196,src/client/java/teammates/client/scripts/DataMigrationForSampleGoogleIdInStudentAttributes.java
22,src/main/java/teammates/ui/webapi/BasicFeedbackSubmissionAction.java
87,src/test/java/teammates/logic/api/EmailSenderTest.java
29,src/main/java/teammates/ui/request/FeedbackSessionRespondentRemindRequest.java
186,src/e2e/java/teammates/e2e/cases/TimezoneSyncerTest.java
125,src/main/java/teammates/storage/entity/FeedbackResponseComment.java
25,src/main/java/teammates/ui/output/FeedbackSessionLogsData.java
68,src/main/java/teammates/logic/core/FeedbackResponsesLogic.java
97,src/main/java/teammates/ui/output/TimeZonesData.java
97,src/test/java/teammates/ui/webapi/DeleteAccountRequestActionTest.java
185,src/main/java/teammates/logic/core/FeedbackResponseCommentsLogic.java
26,src/main/java/teammates/ui/webapi/UpdateCourseAction.java
1,src/test/java/teammates/logic/api/EmailSenderTest.java
123,src/test/java/teammates/storage/search/InstructorSearchTest.java
130,src/main/java/teammates/storage/entity/FeedbackSession.java
4,src/main/java/teammates/ui/servlets/LogoutServlet.java
25,src/main/java/teammates/ui/webapi/GetUserCookieAction.java
1,src/test/java/teammates/ui/webapi/DeleteAccountRequestActionTest.java
97,src/main/java/teammates/ui/webapi/BasicCommentSubmissionAction.java
22,src/test/java/teammates/ui/webapi/GetCourseJoinStatusActionTest.java
81,src/main/java/teammates/ui/request/FeedbackResponseCommentUpdateRequest.java
174,src/main/java/teammates/common/datatransfer/FeedbackResultFetchType.java
118,src/test/java/teammates/storage/api/FeedbackQuestionsDbTest.java
15,src/e2e/java/teammates/e2e/util/GmailServiceMaker.java
159,src/main/java/teammates/common/datatransfer/attributes/UsageStatisticsAttributes.java
22,src/test/java/teammates/ui/servlets/LegacyUrlMapperTest.java
7,src/test/java/teammates/ui/webapi/JsonResultTest.java
159,src/test/java/teammates/common/util/TimeHelperExtension.java
160,src/test/java/teammates/common/util/StringHelperTest.java
87,src/main/java/teammates/logic/api/Logic.java
187,src/e2e/java/teammates/e2e/pageobjects/InstructorStudentRecordsPage.java
174,src/test/java/teammates/common/datatransfer/TeamEvalResultTest.java
5,src/main/java/teammates/ui/webapi/SubmitFeedbackResponsesAction.java
155,src/main/java/teammates/common/datatransfer/DataBundle.java
130,src/main/java/teammates/storage/search/package-info.java
101,src/main/java/teammates/storage/api/NotificationsDb.java
131,src/main/java/teammates/logic/core/UsageStatisticsLogic.java
97,src/main/java/teammates/ui/webapi/GetActionClassesAction.java
1,src/main/java/teammates/common/datatransfer/attributes/FeedbackQuestionAttributes.java
156,src/test/java/teammates/common/datatransfer/attributes/package-info.java
22,src/test/java/teammates/logic/core/FeedbackResponsesLogicTest.java
122,src/test/java/teammates/logic/core/DeadlineExtensionsLogicTest.java
85,src/main/java/teammates/ui/request/FeedbackQuestionUpdateRequest.java
29,src/main/java/teammates/ui/output/JoinState.java
157,src/test/java/teammates/common/datatransfer/questions/FeedbackRubricQuestionDetailsTest.java
29,src/test/java/teammates/ui/webapi/CreateFeedbackSessionLogActionTest.java
131,src/main/java/teammates/storage/api/FeedbackResponseCommentsDb.java
127,src/test/java/teammates/common/util/FieldValidatorTest.java
129,src/main/java/teammates/logic/external/LocalTaskQueueService.java
5,src/main/java/teammates/ui/webapi/CompileLogsAction.java
1,src/main/java/teammates/ui/webapi/GetSessionResultsAction.java
5,src/main/java/teammates/ui/output/FeedbackQuestionRecipientsData.java
23,src/test/java/teammates/ui/webapi/GetSessionResultsActionTest.java
157,src/test/java/teammates/common/datatransfer/attributes/InstructorAttributesTest.java
85,src/main/java/teammates/ui/output/FeedbackSessionLogData.java
20,src/main/java/teammates/common/util/HttpRequest.java
15,src/e2e/java/teammates/e2e/util/EmailAccountTest.java
47,src/test/java/teammates/logic/core/DataBundleLogicTest.java
15,src/e2e/java/teammates/e2e/pageobjects/Browser.java
97,src/main/java/teammates/logic/external/EmptyAuthService.java
23,src/test/java/teammates/ui/webapi/GetInstructorActionTest.java
188,src/e2e/java/teammates/e2e/cases/InstructorCourseEditPageE2ETest.java
23,src/main/java/teammates/ui/webapi/FeedbackSessionClosedRemindersAction.java
23,src/main/java/teammates/ui/servlets/WebApiServlet.java
5,src/test/java/teammates/ui/servlets/WebApiServletTest.java
117,src/test/java/teammates/logic/core/package-info.java
25,src/test/java/teammates/ui/webapi/GetReadNotificationsActionTest.java
29,src/test/java/teammates/ui/webapi/PublishFeedbackSessionActionTest.java
22,src/main/java/teammates/ui/webapi/GetAccountsAction.java
128,src/main/java/teammates/storage/api/UsageStatisticsDb.java
127,src/test/java/teammates/common/datatransfer/questions/FeedbackRankOptionsQuestionDetailsTest.java
1,src/main/java/teammates/storage/search/InstructorSearchManager.java
29,src/main/java/teammates/ui/output/SessionVisibleSetting.java
117,src/main/java/teammates/logic/api/package-info.java
158,src/main/java/teammates/common/datatransfer/logs/QueryLogsParams.java
175,src/main/java/teammates/common/exception/EnrollException.java
22,src/main/java/teammates/ui/request/CourseBasicRequest.java
29,src/main/java/teammates/ui/webapi/AccountRequestSearchIndexingWorkerAction.java
158,src/test/java/teammates/common/util/FieldValidatorTest.java
101,src/test/java/teammates/storage/search/AccountRequestSearchTest.java
81,src/test/java/teammates/ui/webapi/GetFeedbackResponsesActionTest.java
1,src/main/java/teammates/ui/webapi/BasicCommentSubmissionAction.java
131,src/main/java/teammates/storage/search/StudentSearchDocument.java
97,src/main/java/teammates/logic/api/EmailGenerator.java
77,src/main/java/teammates/logic/external/FirebaseAuthService.java
1,src/test/java/teammates/ui/webapi/RegenerateStudentKeyActionTest.java
189,src/e2e/java/teammates/e2e/pageobjects/AppPage.java
26,src/main/java/teammates/ui/output/RegenerateKeyData.java
5,src/main/java/teammates/ui/webapi/ActionResult.java
4,src/main/java/teammates/ui/webapi/GetUserCookieAction.java
15,src/e2e/java/teammates/e2e/cases/FeedbackRubricQuestionE2ETest.java
198,src/client/java/teammates/client/scripts/DataMigrationEntitiesBaseScript.java
85,src/main/java/teammates/logic/core/InstructorsLogic.java
16,src/e2e/java/teammates/e2e/cases/axe/InstructorFeedbackSessionsPageAxeTest.java
25,src/main/java/teammates/ui/request/FeedbackSessionCreateRequest.java
97,src/test/java/teammates/ui/webapi/GetAccountActionTest.java
177,src/main/java/teammates/storage/search/AccountRequestSearchManager.java
130,src/main/java/teammates/storage/search/SearchManagerStarter.java
175,src/test/java/teammates/common/datatransfer/questions/FeedbackMsqQuestionDetailsTest.java
190,src/e2e/java/teammates/e2e/cases/axe/InstructorCourseStudentDetailsPageAxeTest.java
7,src/main/java/teammates/ui/output/OngoingSession.java
47,src/test/java/teammates/logic/core/NotificationsLogicTest.java
25,src/main/java/teammates/ui/request/NotificationCreateRequest.java
117,src/test/java/teammates/logic/core/NotificationsLogicTest.java
155,src/main/java/teammates/common/exception/InvalidParametersException.java
85,src/main/java/teammates/ui/webapi/DeleteStudentsAction.java
174,src/test/java/teammates/common/datatransfer/SessionResultsBundleTest.java
68,src/main/java/teammates/logic/api/LogsProcessor.java
160,src/main/java/teammates/common/datatransfer/logs/DefaultLogDetails.java
176,src/test/java/teammates/logic/core/UsageStatisticsLogicTest.java
88,src/main/java/teammates/logic/core/FeedbackSessionsLogic.java
97,src/test/java/teammates/ui/webapi/DeleteFeedbackQuestionActionTest.java
17,src/e2e/java/teammates/e2e/cases/InstructorStudentRecordsPageE2ETest.java
26,src/test/java/teammates/ui/webapi/DeleteAccountActionTest.java
131,src/main/java/teammates/storage/api/package-info.java
1,src/test/java/teammates/logic/api/UserProvisionTest.java
9,src/main/java/teammates/storage/search/SearchManagerFactory.java
119,src/main/java/teammates/logic/core/FeedbackQuestionsLogic.java
5,src/main/java/teammates/ui/output/SessionResultsData.java
97,src/test/java/teammates/logic/api/LogicExtension.java
185,src/e2e/java/teammates/e2e/pageobjects/Browser.java
118,src/main/java/teammates/storage/search/StudentSearchDocument.java
16,src/e2e/java/teammates/e2e/cases/axe/StudentNotificationsPageAxeTest.java
85,src/main/java/teammates/ui/request/BasicRequest.java
1,src/e2e/java/teammates/e2e/pageobjects/InstructorHomePage.java
26,src/test/java/teammates/ui/webapi/UpdateFeedbackSessionActionTest.java
1,src/main/java/teammates/storage/api/DeadlineExtensionsDb.java
86,src/main/java/teammates/logic/external/EmptyEmailService.java
97,src/main/java/teammates/ui/webapi/UpdateCourseAction.java
85,src/main/java/teammates/ui/webapi/GetFeedbackQuestionRecipientsAction.java
185,src/e2e/java/teammates/e2e/cases/InstructorSearchPageE2ETest.java
23,src/main/java/teammates/ui/output/AccountsData.java
18,src/client/java/teammates/client/scripts/MockCourseWithLargeResponseScript.java
132,src/test/java/teammates/storage/search/AccountRequestSearchTest.java
97,src/main/java/teammates/logic/api/Logic.java
85,src/main/java/teammates/logic/core/CoursesLogic.java
195,src/client/java/teammates/client/scripts/DataMigrationEntitiesBaseScript.java
17,src/e2e/java/teammates/e2e/pageobjects/InstructorCourseStudentDetailsViewPage.java
81,src/main/java/teammates/ui/webapi/FeedbackSessionPublishedEmailWorkerAction.java
187,src/e2e/java/teammates/e2e/cases/axe/InstructorStudentListPageAxeTest.java
86,src/main/java/teammates/logic/external/EmailSenderService.java
77,src/main/java/teammates/logic/api/TaskQueuer.java
25,src/main/java/teammates/ui/webapi/BinFeedbackSessionAction.java
7,src/main/java/teammates/ui/webapi/BinFeedbackSessionAction.java
15,src/e2e/java/teammates/e2e/cases/StudentNotificationsPageE2ETest.java
17,src/e2e/java/teammates/e2e/pageobjects/DevServerLoginPage.java
155,src/main/java/teammates/common/datatransfer/attributes/FeedbackSessionAttributes.java
77,src/test/java/teammates/logic/core/InstructorsLogicTest.java
118,src/main/java/teammates/storage/entity/Course.java
16,src/e2e/java/teammates/e2e/pageobjects/InstructorCourseStudentDetailsEditPage.java
81,src/test/java/teammates/ui/webapi/CreateFeedbackQuestionActionTest.java
20,src/main/java/teammates/common/datatransfer/FeedbackQuestionRecipient.java
117,src/test/java/teammates/logic/external/GoogleRecaptchaServiceTest.java
129,src/test/java/teammates/logic/core/CoursesLogicTest.java
17,src/e2e/java/teammates/e2e/cases/axe/InstructorStudentActivityLogsPageAxeTest.java
23,src/main/java/teammates/ui/request/NotificationUpdateRequest.java
174,src/main/java/teammates/common/datatransfer/attributes/CourseAttributes.java
97,src/main/java/teammates/ui/webapi/UpdateFeedbackResponseCommentAction.java
4,src/main/java/teammates/ui/output/FeedbackSessionData.java
1,src/main/java/teammates/ui/servlets/WebApiServlet.java
4,src/main/java/teammates/ui/output/NotificationData.java
85,src/main/java/teammates/ui/request/InvalidHttpRequestBodyException.java
163,src/test/java/teammates/test/MockHttpServletResponse.java
1,src/test/java/teammates/test/TestPropertiesTest.java
132,src/main/java/teammates/storage/entity/Instructor.java
85,src/main/java/teammates/ui/webapi/DeleteAccountRequestAction.java
97,src/main/java/teammates/ui/request/Intent.java
7,src/test/java/teammates/ui/webapi/StudentCourseJoinEmailWorkerActionTest.java
159,src/main/java/teammates/common/datatransfer/questions/FeedbackMcqQuestionDetails.java
127,src/main/java/teammates/common/util/Config.java
119,src/main/java/teammates/logic/api/RecaptchaVerifier.java
85,src/test/java/teammates/logic/api/MockEmailSender.java
1,src/test/java/teammates/common/datatransfer/attributes/FeedbackResponseAttributesTest.java
20,src/main/java/teammates/common/exception/EmailSendingException.java
4,src/main/java/teammates/ui/output/InstructorData.java
156,src/main/java/teammates/common/exception/InvalidParametersException.java
85,src/test/java/teammates/ui/webapi/RegenerateInstructorKeyActionTest.java
129,src/test/java/teammates/logic/api/MockRecaptchaVerifier.java
1,src/test/java/teammates/ui/webapi/CreateAccountRequestActionTest.java
97,src/main/java/teammates/ui/webapi/DeleteDataBundleAction.java
155,src/test/java/teammates/common/datatransfer/questions/FeedbackTextQuestionDetailsTest.java
5,src/main/java/teammates/ui/webapi/GenerateEmailAction.java
97,src/main/java/teammates/ui/output/AccountsData.java
174,src/test/java/teammates/common/datatransfer/attributes/BaseAttributesTest.java
97,src/main/java/teammates/logic/core/FeedbackQuestionsLogic.java
17,src/e2e/java/teammates/e2e/cases/axe/AdminHomePageAxeTest.java
101,src/main/java/teammates/storage/api/FeedbackResponsesDb.java
185,src/main/java/teammates/logic/external/LocalLoggingService.java
157,src/main/java/teammates/common/datatransfer/logs/SourceLocation.java
5,src/main/java/teammates/ui/request/NotificationCreateRequest.java
81,src/main/java/teammates/ui/webapi/GetCourseJoinStatusAction.java
15,src/e2e/java/teammates/e2e/util/TestProperties.java
159,src/main/java/teammates/common/exception/AuthException.java
4,src/main/java/teammates/ui/request/StudentUpdateRequest.java
129,src/test/java/teammates/logic/core/FeedbackSessionsLogicTest.java
29,src/main/java/teammates/ui/webapi/CreateCourseAction.java
5,src/main/java/teammates/ui/webapi/GetFeedbackQuestionsAction.java
9,src/main/java/teammates/storage/api/FeedbackResponseCommentsDb.java
20,src/main/java/teammates/common/util/TzdbResourceZoneRulesProvider.java
20,src/main/java/teammates/common/exception/EnrollException.java
177,src/test/java/teammates/storage/api/FeedbackSessionsDbTest.java
101,src/main/java/teammates/storage/search/SearchManagerFactory.java
117,src/main/java/teammates/logic/external/MailjetService.java
122,src/main/java/teammates/logic/external/GoogleCloudLoggingService.java
29,src/main/java/teammates/ui/webapi/CreateFeedbackResponseCommentAction.java
1,src/main/java/teammates/common/datatransfer/questions/FeedbackRubricResponseDetails.java
190,src/e2e/java/teammates/e2e/cases/axe/InstructorSearchPageAxeTest.java
130,src/main/java/teammates/storage/api/AccountsDb.java
22,src/main/java/teammates/logic/external/AuthService.java
17,src/e2e/java/teammates/e2e/pageobjects/AdminNotificationsPage.java
17,src/e2e/java/teammates/e2e/util/TestPropertiesTest.java
17,src/e2e/java/teammates/e2e/pageobjects/package-info.java
186,src/e2e/java/teammates/e2e/cases/axe/InstructorCoursesPageAxeTest.java
22,src/test/java/teammates/ui/webapi/package-info.java
25,src/main/java/teammates/ui/servlets/WebSecurityHeaderFilter.java
5,src/main/java/teammates/ui/constants/ResourceEndpoints.java
25,src/main/java/teammates/ui/webapi/GetCourseAction.java
7,src/main/java/teammates/logic/core/FeedbackResponsesLogic.java
23,src/main/java/teammates/ui/webapi/GetActionClassesAction.java
174,src/main/java/teammates/common/datatransfer/questions/package-info.java
7,src/main/java/teammates/ui/output/OngoingSessionsData.java
155,src/main/java/teammates/common/datatransfer/TeamEvalResult.java
22,src/main/java/teammates/ui/webapi/GetFeedbackResponseCommentAction.java
1,src/main/java/teammates/common/exception/EntityDoesNotExistException.java
7,src/main/java/teammates/logic/api/LogsProcessor.java
125,src/main/java/teammates/storage/api/CoursesDb.java
190,src/e2e/java/teammates/e2e/util/package-info.java
25,src/test/java/teammates/ui/webapi/ResetAccountActionTest.java
29,src/test/java/teammates/ui/webapi/GetUsageStatisticsActionTest.java
22,src/main/java/teammates/ui/request/CourseCreateRequest.java
85,src/test/java/teammates/logic/api/UserProvisionTest.java
22,src/test/java/teammates/ui/webapi/GetNotificationsActionTest.java
81,src/main/java/teammates/ui/request/FeedbackResponsesRequest.java
29,src/test/java/teammates/ui/webapi/GetAccountRequestActionTest.java
158,src/main/java/teammates/common/datatransfer/questions/FeedbackConstantSumQuestionDetails.java
185,src/e2e/java/teammates/e2e/cases/SystemErrorEmailReportE2ETest.java
97,src/main/java/teammates/logic/external/LogService.java
156,src/main/java/teammates/common/datatransfer/questions/FeedbackMsqResponseDetails.java
20,src/main/java/teammates/common/util/EmailSendingStatus.java
7,src/main/java/teammates/ui/output/FeedbackSessionSubmittedGiverSet.java
195,src/client/java/teammates/client/scripts/DataBundleRegenerator.java
22,src/test/java/teammates/logic/api/EmailGeneratorTest.java
157,src/main/java/teammates/common/util/HttpRequest.java
5,src/main/java/teammates/ui/webapi/UnpublishFeedbackSessionAction.java
8,src/test/java/teammates/logic/core/CoursesLogicTest.java
81,src/test/java/teammates/ui/webapi/CreateInstructorActionTest.java
1,src/test/java/teammates/logic/api/MockUserProvision.java
118,src/main/java/teammates/storage/entity/FeedbackResponseComment.java
8,src/main/java/teammates/logic/external/MailjetService.java
22,src/main/java/teammates/ui/request/CourseUpdateRequest.java
5,src/main/java/teammates/ui/webapi/GetStudentsAction.java
189,src/e2e/java/teammates/e2e/util/RetryManager.java
15,src/e2e/java/teammates/e2e/pageobjects/StudentCourseDetailsPage.java
22,src/main/java/teammates/ui/webapi/AdminOnlyAction.java
1,src/main/java/teammates/ui/webapi/UpdateFeedbackSessionAction.java
158,src/test/java/teammates/common/datatransfer/SessionResultsBundleTest.java
88,src/test/java/teammates/logic/core/NotificationsLogicTest.java
119,src/main/java/teammates/logic/core/StudentsLogic.java
196,src/client/java/teammates/client/scripts/DataMigrationForTeamNameInResponseGiver.java
29,src/main/java/teammates/ui/webapi/PutDataBundleDocumentsAction.java
85,src/main/java/teammates/ui/webapi/RegenerateInstructorKeyAction.java
81,src/main/java/teammates/ui/webapi/RemindFeedbackSessionSubmissionAction.java
157,src/test/java/teammates/common/datatransfer/attributes/FeedbackQuestionAttributesTest.java
188,src/e2e/java/teammates/e2e/pageobjects/CourseJoinConfirmationPage.java
131,src/main/java/teammates/storage/entity/Instructor.java
125,src/test/java/teammates/storage/api/CoursesDbTest.java
1,src/test/java/teammates/common/datatransfer/CourseRosterTest.java
7,src/main/java/teammates/ui/output/AccountsData.java
7,src/test/java/teammates/ui/webapi/CreateInstructorActionTest.java
5,src/test/java/teammates/ui/webapi/AccountRequestSearchIndexingWorkerActionTest.java
17,src/e2e/java/teammates/e2e/cases/axe/InstructorSessionIndividualExtensionPageAxeTest.java
1,src/test/java/teammates/ui/webapi/GetRegkeyValidityActionTest.java
29,src/test/java/teammates/ui/webapi/UpdateInstructorActionTest.java
88,src/test/java/teammates/storage/api/FeedbackResponseCommentsDbTest.java
97,src/test/java/teammates/ui/webapi/FeedbackSessionPublishedEmailWorkerActionTest.java
186,src/e2e/java/teammates/e2e/cases/InstructorStudentListPageE2ETest.java
125,src/main/java/teammates/storage/search/SearchDocument.java
85,src/main/java/teammates/logic/api/EmailGenerator.java
158,src/test/java/teammates/common/datatransfer/package-info.java
22,src/test/java/teammates/ui/webapi/GetAccountsActionTest.java
186,src/e2e/java/teammates/e2e/pageobjects/InstructorNotificationsPage.java
187,src/e2e/java/teammates/e2e/pageobjects/CourseJoinConfirmationPage.java
85,src/main/java/teammates/ui/request/StudentUpdateRequest.java
175,src/main/java/teammates/common/util/FileHelper.java
26,src/test/java/teammates/ui/webapi/DeleteStudentsActionTest.java
5,src/main/java/teammates/ui/webapi/CreateAccountAction.java
132,src/test/java/teammates/storage/api/NotificationsDbTest.java
160,src/main/java/teammates/common/datatransfer/questions/FeedbackNumericalScaleQuestionDetails.java
22,src/main/java/teammates/logic/external/RecaptchaService.java
81,src/main/java/teammates/ui/output/AccountData.java
79,src/main/java/teammates/logic/external/MailjetService.java
15,src/e2e/java/teammates/e2e/pageobjects/AdminHomePage.java
133,src/main/java/teammates/storage/api/AccountsDb.java
29,src/main/java/teammates/ui/servlets/RequestTraceFilter.java
119,src/main/java/teammates/logic/external/GoogleRecaptchaService.java
1,src/main/java/teammates/ui/webapi/DeleteDataBundleAction.java
127,src/test/java/teammates/common/datatransfer/attributes/AccountRequestAttributesTest.java
81,src/test/java/teammates/ui/webapi/FeedbackSessionPublishedRemindersActionTest.java
5,src/test/java/teammates/ui/webapi/BaseActionTest.java
4,src/main/java/teammates/ui/request/NotificationCreateRequest.java
97,src/test/java/teammates/ui/webapi/ResetAccountActionTest.java
122,src/test/java/teammates/logic/api/MockEmailSender.java
159,src/test/java/teammates/common/datatransfer/attributes/AccountAttributesTest.java
158,src/main/java/teammates/common/datatransfer/questions/FeedbackMcqResponseDetails.java
177,src/main/java/teammates/storage/entity/Account.java
26,src/main/java/teammates/ui/output/FeedbackQuestionRecipientData.java
155,src/test/java/teammates/common/datatransfer/attributes/FeedbackQuestionAttributesTest.java
122,src/main/java/teammates/logic/api/LogsProcessor.java
186,src/e2e/java/teammates/e2e/cases/axe/InstructorCourseStudentDetailsEditPageAxeTest.java
97,src/main/java/teammates/ui/webapi/GetUserCookieAction.java
85,src/main/java/teammates/ui/request/InstructorPrivilegeUpdateRequest.java
185,src/test/java/teammates/logic/core/FeedbackSessionsLogicTest.java
132,src/test/java/teammates/storage/api/AccountsDbTest.java
26,src/main/java/teammates/ui/output/CourseSectionNamesData.java
47,src/main/java/teammates/logic/core/UsageStatisticsLogic.java
9,src/main/java/teammates/storage/search/InstructorSearchManager.java
85,src/main/java/teammates/ui/output/UsageStatisticsData.java
23,src/test/java/teammates/ui/webapi/GetFeedbackSessionSubmittedGiverSetActionTest.java
1,src/client/java/teammates/client/scripts/GoogleIdMigrationBaseScript.java
4,src/main/java/teammates/ui/output/AuthInfo.java
1,src/main/java/teammates/ui/webapi/GetActionClassesAction.java
81,src/main/java/teammates/ui/output/NotificationsData.java
29,src/main/java/teammates/ui/output/CourseArchiveData.java
10,src/test/java/teammates/test/EmailChecker.java
129,src/main/java/teammates/logic/api/UserProvision.java
7,src/main/java/teammates/logic/core/UsageStatisticsLogic.java
175,src/main/java/teammates/common/datatransfer/questions/FeedbackContributionResponseDetails.java
127,src/main/java/teammates/common/datatransfer/logs/LogDetails.java
157,src/main/java/teammates/common/datatransfer/questions/package-info.java
4,src/test/java/teammates/ui/servlets/WebPageServletTest.java
189,src/e2e/java/teammates/e2e/pageobjects/AdminSearchPage.java
101,src/main/java/teammates/storage/api/OfyHelper.java
195,src/client/java/teammates/client/util/package-info.java
15,src/e2e/java/teammates/e2e/cases/FeedbackSubmitPageE2ETest.java
159,src/main/java/teammates/common/datatransfer/attributes/FeedbackSessionAttributes.java
26,src/test/java/teammates/ui/webapi/UnpublishFeedbackSessionActionTest.java
1,src/main/java/teammates/common/datatransfer/attributes/CourseAttributes.java
1,src/e2e/java/teammates/e2e/pageobjects/InstructorCourseStudentDetailsEditPage.java
29,src/test/java/teammates/ui/webapi/CreateFeedbackSessionActionTest.java
7,src/main/java/teammates/ui/webapi/DeleteStudentAction.java
16,src/e2e/java/teammates/e2e/cases/InstructorNotificationsPageE2ETest.java
26,src/test/java/teammates/ui/webapi/GetAccountRequestActionTest.java
86,src/main/java/teammates/logic/core/DataBundleLogic.java
1,src/main/java/teammates/ui/output/FeedbackQuestionData.java
127,src/main/java/teammates/common/util/Templates.java
189,src/e2e/java/teammates/e2e/pageobjects/InstructorNotificationsPage.java
88,src/main/java/teammates/storage/api/FeedbackQuestionsDb.java
185,src/e2e/java/teammates/e2e/cases/InstructorFeedbackSessionsPageE2ETest.java
186,src/e2e/java/teammates/e2e/cases/InstructorCoursesPageE2ETest.java
1,src/test/java/teammates/ui/webapi/SessionLinksRecoveryActionTest.java
160,src/test/java/teammates/common/util/package-info.java
29,src/main/java/teammates/ui/request/FeedbackSessionBasicRequest.java
188,src/e2e/java/teammates/e2e/cases/axe/InstructorStudentListPageAxeTest.java
4,src/main/java/teammates/ui/webapi/DeleteCourseAction.java
17,src/e2e/java/teammates/e2e/util/Retryable.java
175,src/main/java/teammates/common/datatransfer/attributes/FeedbackResponseAttributes.java
176,src/main/java/teammates/logic/api/UserProvision.java
97,src/main/java/teammates/ui/output/JoinStatus.java
18,src/client/java/teammates/client/scripts/DataBundleRegenerator.java
23,src/main/java/teammates/ui/webapi/CreateFeedbackSessionLogAction.java
119,src/main/java/teammates/logic/api/LogsProcessor.java
117,src/main/java/teammates/logic/external/LocalTaskQueueService.java
77,src/test/java/teammates/logic/core/NotificationsLogicTest.java
26,src/main/java/teammates/ui/webapi/UnpublishFeedbackSessionAction.java
84,src/main/java/teammates/logic/core/DataBundleLogic.java
8,src/main/java/teammates/logic/api/package-info.java
7,src/main/java/teammates/logic/api/TaskQueuer.java
23,src/test/java/teammates/ui/webapi/UpdateCourseActionTest.java
29,src/test/java/teammates/ui/webapi/CreateAccountActionTest.java
5,src/main/java/teammates/ui/output/UsageStatisticsData.java
188,src/e2e/java/teammates/e2e/cases/package-info.java
119,src/main/java/teammates/logic/api/UserProvision.java
88,src/main/java/teammates/storage/search/InstructorSearchManager.java
157,src/main/java/teammates/common/datatransfer/NotificationTargetUser.java
174,src/main/java/teammates/common/datatransfer/logs/InstanceLogDetails.java
101,src/test/java/teammates/storage/api/StudentsDbTest.java
160,src/main/java/teammates/common/datatransfer/attributes/package-info.java
85,src/main/java/teammates/logic/core/AccountsLogic.java
130,src/test/java/teammates/storage/api/FeedbackResponseCommentsDbTest.java
17,src/e2e/java/teammates/e2e/cases/axe/package-info.java
81,src/main/java/teammates/ui/output/UsageStatisticsRangeData.java
29,src/main/java/teammates/ui/webapi/CreateFeedbackSessionAction.java
123,src/main/java/teammates/storage/api/FeedbackQuestionsDb.java
20,src/test/java/teammates/common/util/BuildPropertiesTest.java
131,src/main/java/teammates/logic/core/InstructorsLogic.java
29,src/test/java/teammates/ui/webapi/GetCourseActionTest.java
85,src/test/java/teammates/logic/core/BaseLogicTest.java
1,src/main/java/teammates/common/datatransfer/DataBundle.java
88,src/main/java/teammates/logic/core/CoursesLogic.java
26,src/test/java/teammates/ui/webapi/EnrollStudentsActionTest.java
131,src/main/java/teammates/storage/search/SearchManagerFactory.java
23,src/main/java/teammates/ui/webapi/CreateAccountRequestAction.java
1,src/main/java/teammates/storage/api/FeedbackSessionsDb.java
189,src/e2e/java/teammates/e2e/cases/StudentHomePageE2ETest.java
97,src/test/java/teammates/ui/webapi/CreateNotificationActionTest.java
156,src/test/java/teammates/common/datatransfer/questions/FeedbackMcqQuestionDetailsTest.java
97,src/test/java/teammates/ui/webapi/SearchInstructorsActionTest.java
23,src/main/java/teammates/ui/webapi/UpdateFeedbackSessionAction.java
22,src/main/java/teammates/ui/output/JoinLinkData.java
187,src/e2e/java/teammates/e2e/pageobjects/InstructorCourseEnrollPage.java
157,src/test/java/teammates/common/datatransfer/attributes/FeedbackSessionAttributesTest.java
22,src/test/java/teammates/logic/api/MockAuthProxy.java
22,src/main/java/teammates/ui/webapi/PutDataBundleAction.java
7,src/main/java/teammates/ui/request/Intent.java
188,src/e2e/java/teammates/e2e/cases/axe/FeedbackSubmitPageAxeTest.java
25,src/main/java/teammates/ui/webapi/DeleteNotificationAction.java
22,src/test/java/teammates/ui/webapi/RemindFeedbackSessionSubmissionActionTest.java
188,src/e2e/java/teammates/e2e/pageobjects/package-info.java
1,src/e2e/java/teammates/e2e/cases/axe/AdminNotificationsPageAxeTest.java
189,src/e2e/java/teammates/e2e/cases/FeedbackRankRecipientQuestionE2ETest.java
25,src/main/java/teammates/ui/output/FeedbackSessionPublishStatus.java
22,src/test/java/teammates/logic/api/MockLogsProcessor.java
101,src/main/java/teammates/storage/entity/Notification.java
68,src/test/java/teammates/logic/core/CoursesLogicTest.java
97,src/test/java/teammates/ui/webapi/GetActionClassesActionTest.java
133,src/main/java/teammates/storage/search/AccountRequestSearchManager.java
160,src/main/java/teammates/common/datatransfer/questions/FeedbackRankOptionsQuestionDetails.java
187,src/e2e/java/teammates/e2e/cases/FeedbackContributionQuestionE2ETest.java
86,src/main/java/teammates/logic/external/MailgunService.java
18,src/client/java/teammates/client/scripts/DataMigrationForStudentsAndTeamsRecipientType.java
188,src/e2e/java/teammates/e2e/pageobjects/InstructorFeedbackEditPage.java
81,src/main/java/teammates/ui/webapi/SendErrorReportAction.java
122,src/main/java/teammates/logic/external/AuthService.java
97,src/main/java/teammates/ui/webapi/SearchStudentsAction.java
175,src/test/java/teammates/common/datatransfer/questions/FeedbackMcqQuestionDetailsTest.java
81,src/test/java/teammates/ui/webapi/RegenerateInstructorKeyActionTest.java
185,src/test/java/teammates/logic/core/BaseLogicTest.java
1,src/e2e/java/teammates/e2e/util/EmailAccount.java
85,src/main/java/teammates/ui/webapi/SendJoinReminderEmailAction.java
81,src/main/java/teammates/ui/webapi/UnpublishFeedbackSessionAction.java
29,src/main/java/teammates/ui/webapi/InstructorCourseJoinEmailWorkerAction.java
133,src/test/java/teammates/storage/api/EntitiesDbTest.java
1,src/main/java/teammates/ui/webapi/UnauthorizedAccessException.java
190,src/e2e/java/teammates/e2e/cases/AutomatedSessionRemindersE2ETest.java
157,src/test/java/teammates/common/datatransfer/questions/FeedbackResponseDetailsTest.java
97,src/main/java/teammates/ui/webapi/FeedbackSessionClosingRemindersAction.java
160,src/main/java/teammates/common/datatransfer/questions/FeedbackQuestionDetails.java
22,src/main/java/teammates/ui/webapi/StudentSearchIndexingWorkerAction.java
197,src/client/java/teammates/client/scripts/DataMigrationForInstructorNullIsArchivedField.java
23,src/test/java/teammates/ui/webapi/GetAccountRequestActionTest.java
188,src/e2e/java/teammates/e2e/pageobjects/DevServerLoginPage.java
22,src/main/java/teammates/logic/external/GoogleCloudTasksService.java
185,src/test/java/teammates/logic/core/AccountsLogicTest.java
26,src/main/java/teammates/ui/webapi/GenerateEmailAction.java
160,src/main/java/teammates/common/util/Config.java
1,src/test/java/teammates/ui/webapi/FeedbackSessionPublishedEmailWorkerActionTest.java
25,src/main/java/teammates/ui/webapi/UpdateStudentAction.java
187,src/e2e/java/teammates/e2e/cases/InstructorHomePageE2ETest.java
190,src/e2e/java/teammates/e2e/cases/axe/AdminNotificationsPageAxeTest.java
122,src/main/java/teammates/logic/api/AuthProxy.java
81,src/main/java/teammates/ui/webapi/UpdateFeedbackQuestionAction.java
15,src/e2e/java/teammates/e2e/cases/InstructorSearchPageE2ETest.java
5,src/main/java/teammates/ui/servlets/LogoutServlet.java
185,src/e2e/java/teammates/e2e/cases/axe/AdminAccountsPageAxeTest.java
157,src/test/java/teammates/common/datatransfer/attributes/AccountRequestAttributesTest.java
81,src/test/java/teammates/ui/servlets/WebPageServletTest.java
25,src/main/java/teammates/ui/webapi/InstructorCourseJoinEmailWorkerAction.java
1,src/test/java/teammates/ui/webapi/FeedbackSessionRemindEmailWorkerActionTest.java
81,src/test/java/teammates/ui/webapi/GetRegkeyValidityActionTest.java
7,src/test/java/teammates/logic/core/DataBundleLogicTest.java
127,src/test/java/teammates/common/datatransfer/questions/FeedbackTextQuestionDetailsTest.java
18,src/client/java/teammates/client/scripts/statistics/StatisticsPerInstitute.java
17,src/e2e/java/teammates/e2e/cases/axe/InstructorFeedbackSessionsPageAxeTest.java
25,src/test/java/teammates/ui/webapi/GetNotificationsActionTest.java
97,src/test/java/teammates/ui/webapi/GetStudentActionTest.java
187,src/e2e/java/teammates/e2e/cases/FeedbackConstSumOptionQuestionE2ETest.java
159,src/main/java/teammates/common/datatransfer/attributes/FeedbackResponseCommentAttributes.java
20,src/main/java/teammates/common/util/Url.java
160,src/main/java/teammates/common/datatransfer/attributes/EntityAttributes.java
85,src/main/java/teammates/ui/request/SendEmailRequest.java
185,src/test/java/teammates/logic/external/GoogleRecaptchaServiceTest.java
97,src/main/java/teammates/ui/webapi/GetAccountAction.java
97,src/main/java/teammates/ui/webapi/PutDataBundleDocumentsAction.java
156,src/test/java/teammates/common/datatransfer/questions/FeedbackRankQuestionDetailsTest.java
16,src/e2e/java/teammates/e2e/pageobjects/AdminAccountsPage.java
88,src/main/java/teammates/storage/api/DeadlineExtensionsDb.java
119,src/main/java/teammates/logic/core/UsageStatisticsLogic.java
185,src/e2e/java/teammates/e2e/cases/axe/InstructorHomePageAxeTest.java
7,src/test/java/teammates/ui/webapi/RegenerateStudentKeyActionTest.java
4,src/main/java/teammates/ui/output/FeedbackResponseData.java
5,src/main/java/teammates/ui/webapi/BasicCommentSubmissionAction.java
122,src/test/java/teammates/logic/api/MockTaskQueuer.java
25,src/test/java/teammates/ui/webapi/RegenerateStudentKeyActionTest.java
190,src/e2e/java/teammates/e2e/pageobjects/UserNotificationsPage.java
29,src/main/java/teammates/ui/request/FeedbackResponseCommentBasicRequest.java
9,src/test/java/teammates/storage/search/AccountRequestSearchTest.java
7,src/main/java/teammates/ui/servlets/package-info.java
22,src/test/java/teammates/ui/webapi/UpdateCourseActionTest.java
4,src/client/java/teammates/client/scripts/IndexFeedbackSessionFields.java
4,src/client/java/teammates/client/connector/package-info.java
176,src/test/java/teammates/logic/external/package-info.java
22,src/test/java/teammates/ui/webapi/DeleteFeedbackQuestionActionTest.java
198,src/client/java/teammates/client/scripts/DataMigrationForNullCommentGiverType.java
155,src/main/java/teammates/common/datatransfer/questions/FeedbackRubricResponseDetails.java
15,src/e2e/java/teammates/e2e/cases/StudentCourseJoinConfirmationPageE2ETest.java
81,src/main/java/teammates/ui/output/RegkeyValidityData.java
26,src/main/java/teammates/ui/request/package-info.java
22,src/main/java/teammates/logic/external/MailgunService.java
7,src/main/java/teammates/ui/webapi/UpdateInstructorPrivilegeAction.java
84,src/main/java/teammates/logic/core/NotificationsLogic.java
177,src/main/java/teammates/storage/search/StudentSearchManager.java
7,src/test/java/teammates/ui/webapi/CreateAccountRequestActionTest.java
127,src/main/java/teammates/common/datatransfer/attributes/FeedbackQuestionAttributes.java
174,src/main/java/teammates/common/util/EmailWrapper.java
187,src/e2e/java/teammates/e2e/cases/axe/InstructorFeedbackSessionsPageAxeTest.java
185,src/e2e/java/teammates/e2e/util/EmailAccount.java
16,src/e2e/java/teammates/e2e/cases/axe/InstructorCourseStudentDetailsEditPageAxeTest.java
188,src/e2e/java/teammates/e2e/cases/FeedbackRankRecipientQuestionE2ETest.java
17,src/e2e/java/teammates/e2e/pageobjects/InstructorCourseStudentDetailsEditPage.java
22,src/main/java/teammates/ui/webapi/FeedbackSessionUnpublishedEmailWorkerAction.java
26,src/test/java/teammates/ui/webapi/DeleteCourseActionTest.java
85,src/main/java/teammates/ui/webapi/GetCoursesAction.java
97,src/test/java/teammates/ui/webapi/FeedbackSessionUnpublishedEmailWorkerActionTest.java
157,src/main/java/teammates/common/datatransfer/logs/DefaultLogDetails.java
118,src/main/java/teammates/storage/api/DeadlineExtensionsDb.java
25,src/main/java/teammates/ui/output/EnrollStudentsData.java
1,src/test/java/teammates/ui/webapi/CreateFeedbackResponseCommentActionTest.java
22,src/main/java/teammates/ui/webapi/SubmitFeedbackResponsesAction.java
88,src/main/java/teammates/logic/api/EmailGenerator.java
1,src/main/java/teammates/ui/request/FeedbackSessionRespondentRemindRequest.java
122,src/test/java/teammates/logic/core/InstructorsLogicTest.java
97,src/test/java/teammates/ui/webapi/GetNotificationActionTest.java
16,src/e2e/java/teammates/e2e/cases/axe/AdminNotificationsPageAxeTest.java
47,src/test/java/teammates/logic/api/MockUserProvision.java
188,src/e2e/java/teammates/e2e/cases/AdminSearchPageE2ETest.java
15,src/e2e/java/teammates/e2e/pageobjects/FeedbackSubmitPage.java
1,src/main/java/teammates/storage/entity/UsageStatistics.java
29,src/main/java/teammates/ui/webapi/GetNotificationAction.java
22,src/main/java/teammates/ui/request/package-info.java
81,src/main/java/teammates/ui/webapi/GetTimeZonesAction.java
158,src/main/java/teammates/common/datatransfer/package-info.java
97,src/main/java/teammates/ui/webapi/GetDeadlineExtensionAction.java
20,src/main/java/teammates/common/util/SanitizationHelper.java
156,src/main/java/teammates/common/datatransfer/questions/FeedbackMcqQuestionDetails.java
5,src/main/java/teammates/ui/request/InstructorCreateRequest.java
25,src/main/java/teammates/ui/webapi/UnauthorizedAccessException.java
123,src/main/java/teammates/storage/api/FeedbackResponsesDb.java
7,src/test/java/teammates/ui/webapi/CreateFeedbackResponseCommentActionTest.java
186,src/e2e/java/teammates/e2e/cases/axe/FeedbackSubmitPageAxeTest.java
159,src/main/java/teammates/common/datatransfer/InstructorPermissionSet.java
198,src/client/java/teammates/client/connector/DatastoreClient.java
4,src/main/java/teammates/ui/request/FeedbackSessionRemindRequest.java
77,src/test/java/teammates/logic/api/LogicExtension.java
20,src/main/java/teammates/common/datatransfer/SessionResultsBundle.java
7,src/main/java/teammates/ui/webapi/GetCoursesAction.java
97,src/test/java/teammates/ui/webapi/UpdateCourseActionTest.java
25,src/test/java/teammates/ui/webapi/GetFeedbackSessionSubmittedGiverSetActionTest.java
68,src/test/java/teammates/logic/core/AccountsLogicTest.java
194,src/client/java/teammates/client/scripts/statistics/FileStore.java
85,src/main/java/teammates/ui/request/FeedbackResponseCommentCreateRequest.java
128,src/main/java/teammates/storage/api/FeedbackResponsesDb.java
187,src/e2e/java/teammates/e2e/cases/axe/FeedbackSubmitPageAxeTest.java
97,src/main/java/teammates/ui/request/InstructorPrivilegeUpdateRequest.java
194,src/client/java/teammates/client/connector/package-info.java
157,src/main/java/teammates/common/util/FieldValidator.java
88,src/test/java/teammates/logic/core/FeedbackQuestionsLogicTest.java
29,src/main/java/teammates/ui/webapi/EntityNotFoundException.java
117,src/test/java/teammates/logic/core/AccountRequestsLogicTest.java
156,src/main/java/teammates/common/exception/EntityAlreadyExistsException.java
5,src/test/java/teammates/ui/webapi/GetFeedbackSessionsActionTest.java
4,src/test/java/teammates/ui/webapi/DeleteFeedbackResponseCommentActionTest.java
79,src/main/java/teammates/logic/core/InstructorsLogic.java
125,src/test/java/teammates/storage/api/package-info.java
25,src/main/java/teammates/ui/webapi/GetCoursesAction.java
129,src/main/java/teammates/logic/api/RecaptchaVerifier.java
81,src/main/java/teammates/ui/output/FeedbackSessionLogData.java
23,src/main/java/teammates/ui/webapi/DeleteFeedbackResponseCommentAction.java
156,src/test/java/teammates/common/datatransfer/AttributesDeletionQueryTest.java
159,src/main/java/teammates/common/datatransfer/questions/FeedbackConstantSumResponseDetails.java
175,src/main/java/teammates/common/util/StringHelper.java
196,src/client/java/teammates/client/scripts/TeamEvalResultCalculations.java
159,src/test/java/teammates/common/datatransfer/SessionResultsBundleTest.java
86,src/main/java/teammates/logic/api/Logic.java
129,src/main/java/teammates/logic/core/CoursesLogic.java
68,src/main/java/teammates/logic/external/MailjetService.java
81,src/main/java/teammates/ui/servlets/OAuth2CallbackServlet.java
88,src/main/java/teammates/storage/entity/BaseEntity.java
29,src/main/java/teammates/ui/webapi/CalculateUsageStatisticsAction.java
5,src/main/java/teammates/ui/webapi/GetInstructorAction.java
5,src/main/java/teammates/ui/webapi/RemindFeedbackSessionResultAction.java
22,src/test/java/teammates/ui/webapi/GetFeedbackSessionSubmittedGiverSetActionTest.java
196,src/client/java/teammates/client/scripts/GenerateUsageStatisticsObjects.java
22,src/main/java/teammates/ui/output/FeedbackSessionSubmittedGiverSet.java
5,src/test/java/teammates/ui/webapi/CreateInstructorActionTest.java
4,src/client/java/teammates/client/scripts/statistics/StatisticsPerInstitute.java
20,src/main/java/teammates/common/datatransfer/attributes/DeadlineExtensionAttributes.java
157,src/main/java/teammates/common/datatransfer/questions/FeedbackMsqQuestionDetails.java
155,src/main/java/teammates/common/datatransfer/questions/FeedbackResponseDetails.java
47,src/main/java/teammates/logic/external/GoogleCloudTasksService.java
119,src/main/java/teammates/logic/api/Logic.java
68,src/main/java/teammates/logic/api/UserProvision.java
185,src/main/java/teammates/logic/core/InstructorsLogic.java
85,src/main/java/teammates/logic/external/RecaptchaService.java
157,src/main/java/teammates/common/datatransfer/attributes/InstructorAttributes.java
7,src/main/java/teammates/ui/webapi/GetNotificationsAction.java
22,src/test/java/teammates/ui/webapi/CalculateUsageStatisticsActionTest.java
132,src/main/java/teammates/storage/api/AccountsDb.java
1,src/client/java/teammates/client/scripts/DataMigrationForConstSumForceUnevenDistribution.java
81,src/test/java/teammates/ui/webapi/BaseActionTest.java
26,src/main/java/teammates/ui/request/FeedbackSessionBasicRequest.java
158,src/main/java/teammates/common/datatransfer/questions/FeedbackNumericalScaleResponseDetails.java
17,src/e2e/java/teammates/e2e/pageobjects/FeedbackResultsPage.java
22,src/test/java/teammates/ui/webapi/SearchInstructorsActionTest.java
88,src/main/java/teammates/storage/api/InstructorsDb.java
189,src/e2e/java/teammates/e2e/cases/AdminHomePageE2ETest.java
101,src/main/java/teammates/storage/entity/FeedbackResponseComment.java
157,src/main/java/teammates/common/datatransfer/SessionResultsBundle.java
17,src/e2e/java/teammates/e2e/cases/axe/InstructorNotificationsPageAxeTest.java
77,src/main/java/teammates/logic/api/LogsProcessor.java
130,src/main/java/teammates/storage/search/SearchManager.java
175,src/main/java/teammates/common/datatransfer/logs/QueryLogsParams.java
1,src/main/java/teammates/ui/webapi/GetCourseAction.java
5,src/main/java/teammates/ui/output/FeedbackSessionSubmittedGiverSet.java
7,src/main/java/teammates/logic/external/TaskQueueService.java
85,src/main/java/teammates/ui/webapi/CreateNotificationAction.java
122,src/main/java/teammates/logic/external/RecaptchaService.java
7,src/test/java/teammates/ui/servlets/WebApiServletTest.java
155,src/main/java/teammates/common/util/TimeHelper.java
79,src/main/java/teammates/logic/external/SendgridService.java
97,src/test/java/teammates/logic/core/InstructorsLogicTest.java
131,src/main/java/teammates/storage/entity/Notification.java
85,src/main/java/teammates/logic/external/GoogleCloudLoggingService.java
156,src/main/java/teammates/common/datatransfer/package-info.java
22,src/main/java/teammates/logic/external/TaskQueueService.java
196,src/client/java/teammates/client/scripts/DataMigrationForInstructorFeedbackResponseComments.java
23,src/test/java/teammates/ui/webapi/GetReadNotificationsActionTest.java
68,src/main/java/teammates/logic/core/DataBundleLogic.java
190,src/e2e/java/teammates/e2e/cases/FeedbackConstSumRecipientQuestionE2ETest.java
87,src/test/java/teammates/logic/api/package-info.java
97,src/test/java/teammates/ui/webapi/DeleteNotificationActionTest.java
190,src/e2e/java/teammates/e2e/cases/InstructorCourseJoinConfirmationPageE2ETest.java
185,src/e2e/java/teammates/e2e/cases/axe/StudentCourseDetailsPageAxeTest.java
186,src/e2e/java/teammates/e2e/pageobjects/StudentCourseDetailsPage.java
189,src/e2e/java/teammates/e2e/cases/InstructorFeedbackSessionsPageE2ETest.java
158,src/main/java/teammates/common/util/JsonUtils.java
5,src/main/java/teammates/ui/output/EmailData.java
127,src/main/java/teammates/common/exception/InvalidParametersException.java
23,src/main/java/teammates/ui/webapi/GateKeeper.java
77,src/test/java/teammates/logic/core/FeedbackSessionsLogicTest.java
97,src/test/java/teammates/ui/webapi/UpdateFeedbackQuestionActionTest.java
97,src/main/java/teammates/ui/request/FeedbackQuestionUpdateRequest.java
15,src/e2e/java/teammates/e2e/cases/axe/StudentCourseJoinConfirmationPageAxeTest.java
130,src/main/java/teammates/storage/entity/AccountRequest.java
155,src/main/java/teammates/common/datatransfer/logs/RequestLogUser.java
118,src/test/java/teammates/storage/search/package-info.java
25,src/main/java/teammates/ui/output/package-info.java
1,src/main/java/teammates/storage/entity/DeadlineExtension.java
17,src/e2e/java/teammates/e2e/cases/axe/InstructorCourseEnrollPageAxeTest.java
127,src/main/java/teammates/common/datatransfer/FeedbackQuestionRecipient.java
23,src/main/java/teammates/ui/webapi/GetFeedbackResponsesAction.java
81,src/main/java/teammates/ui/webapi/GetDeadlineExtensionAction.java
23,src/main/java/teammates/ui/webapi/GetFeedbackSessionAction.java
189,src/e2e/java/teammates/e2e/cases/FeedbackRubricQuestionE2ETest.java
97,src/main/java/teammates/ui/output/FeedbackQuestionsData.java
29,src/main/java/teammates/ui/webapi/BinFeedbackSessionAction.java
127,src/test/java/teammates/common/datatransfer/questions/FeedbackResponseDetailsTest.java
17,src/e2e/java/teammates/e2e/cases/StudentCourseDetailsPageE2ETest.java
17,src/e2e/java/teammates/e2e/cases/FeedbackRubricQuestionE2ETest.java
68,src/test/java/teammates/logic/api/MockAuthProxy.java
16,src/e2e/java/teammates/e2e/pageobjects/InstructorStudentListPage.java
4,src/test/java/teammates/ui/webapi/GetCoursesActionTest.java
23,src/main/java/teammates/ui/webapi/GetAccountRequestAction.java
123,src/main/java/teammates/storage/api/OfyHelper.java
29,src/main/java/teammates/ui/webapi/DeleteAccountAction.java
84,src/main/java/teammates/logic/external/EmailSenderService.java
119,src/main/java/teammates/logic/external/package-info.java
158,src/main/java/teammates/common/util/TimeHelper.java
81,src/main/java/teammates/ui/webapi/GetInstructorAction.java
25,src/main/java/teammates/ui/webapi/EnrollStudentsAction.java
1,src/main/java/teammates/ui/webapi/CreateCourseAction.java
122,src/main/java/teammates/logic/core/UsageStatisticsLogic.java
22,src/main/java/teammates/ui/webapi/DeleteNotificationAction.java
155,src/test/java/teammates/common/datatransfer/attributes/AccountRequestAttributesTest.java
7,src/test/java/teammates/ui/webapi/GetFeedbackQuestionRecipientsActionTest.java
130,src/main/java/teammates/storage/entity/FeedbackResponse.java
85,src/main/java/teammates/ui/webapi/GetNotificationAction.java
97,src/test/java/teammates/logic/core/FeedbackResponseCommentsLogicTest.java
188,src/e2e/java/teammates/e2e/cases/axe/InstructorFeedbackReportPageAxeTest.java
85,src/main/java/teammates/ui/request/package-info.java
187,src/e2e/java/teammates/e2e/pageobjects/IanaTimezonePage.java
85,src/main/java/teammates/ui/output/DeadlineExtensionData.java
1,src/main/java/teammates/ui/output/FeedbackQuestionRecipientData.java
123,src/main/java/teammates/storage/entity/DeadlineExtension.java
88,src/test/java/teammates/storage/api/EntitiesDbTest.java
22,src/main/java/teammates/ui/output/FeedbackSessionSubmissionStatus.java
25,src/main/java/teammates/ui/webapi/EntityNotFoundException.java
29,src/main/java/teammates/ui/webapi/ActionFactory.java
5,src/main/java/teammates/ui/webapi/PutDataBundleAction.java
97,src/main/java/teammates/ui/output/InstructorPrivilegeData.java
1,src/main/java/teammates/common/datatransfer/TeamEvalResult.java
127,src/main/java/teammates/common/datatransfer/questions/FeedbackRankOptionsQuestionDetails.java
190,src/e2e/java/teammates/e2e/util/EmailAccount.java
156,src/main/java/teammates/common/datatransfer/questions/FeedbackRankRecipientsQuestionDetails.java
25,src/main/java/teammates/ui/webapi/CompileLogsAction.java
1,src/main/java/teammates/ui/output/InstructorsData.java
188,src/e2e/java/teammates/e2e/cases/FeedbackResultsPageE2ETest.java
81,src/main/java/teammates/ui/webapi/GetNotificationsAction.java
29,src/main/java/teammates/ui/output/AuthInfo.java
190,src/e2e/java/teammates/e2e/cases/StudentNotificationsPageE2ETest.java
81,src/main/java/teammates/ui/webapi/InvalidOperationException.java
174,src/test/java/teammates/common/datatransfer/questions/package-info.java
85,src/test/java/teammates/ui/webapi/GetSessionResponseStatsActionTest.java
7,src/main/java/teammates/ui/output/SendLoginEmailResponseData.java
186,src/e2e/java/teammates/e2e/pageobjects/AdminNotificationsPage.java
1,src/main/java/teammates/common/exception/SearchServiceException.java
20,src/main/java/teammates/common/exception/HttpRequestFailedException.java
22,src/main/java/teammates/ui/webapi/FeedbackSessionRemindParticularUsersEmailWorkerAction.java
23,src/main/java/teammates/ui/webapi/GetFeedbackSessionLogsAction.java
88,src/test/java/teammates/logic/api/LogicExtension.java
5,src/main/java/teammates/ui/webapi/CreateFeedbackSessionLogAction.java
7,src/main/java/teammates/ui/webapi/SubmitFeedbackResponsesAction.java
186,src/e2e/java/teammates/e2e/pageobjects/InstructorCourseStudentDetailsViewPage.java
119,src/main/java/teammates/logic/external/GoogleCloudTasksService.java
155,src/test/java/teammates/common/datatransfer/questions/FeedbackResponseDetailsTest.java
190,src/e2e/java/teammates/e2e/cases/InstructorCourseStudentDetailsEditPageE2ETest.java
85,src/main/java/teammates/ui/output/SessionLinksRecoveryResponseData.java
25,src/main/java/teammates/ui/output/InstructorPermissionRole.java
7,src/test/java/teammates/logic/core/UsageStatisticsLogicTest.java
86,src/test/java/teammates/logic/core/AccountRequestsLogicTest.java
188,src/e2e/java/teammates/e2e/cases/AdminSessionsPageE2ETest.java
155,src/main/java/teammates/common/exception/EmailSendingException.java
25,src/main/java/teammates/ui/output/FeedbackSessionLogEntryData.java
160,src/main/java/teammates/common/datatransfer/logs/LogEvent.java
25,src/main/java/teammates/ui/output/ActionClasses.java
79,src/test/java/teammates/logic/core/DataBundleLogicTest.java
9,src/main/java/teammates/storage/search/SearchManagerStarter.java
15,src/e2e/java/teammates/e2e/cases/FeedbackRankOptionQuestionE2ETest.java
85,src/main/java/teammates/ui/webapi/GetFeedbackResponsesAction.java
85,src/main/java/teammates/ui/webapi/FeedbackSessionClosedRemindersAction.java
131,src/main/java/teammates/storage/entity/BaseEntity.java
4,src/main/java/teammates/ui/webapi/GetActionClassesAction.java
125,src/main/java/teammates/storage/search/AccountRequestSearchDocument.java
173,src/test/java/teammates/test/EmailChecker.java
22,src/main/java/teammates/ui/webapi/SendEmailWorkerAction.java
4,src/main/java/teammates/ui/output/OngoingSessionsData.java
122,src/main/java/teammates/logic/core/FeedbackSessionsLogic.java
131,src/main/java/teammates/logic/core/FeedbackQuestionsLogic.java
86,src/main/java/teammates/logic/core/FeedbackResponseCommentsLogic.java
77,src/main/java/teammates/logic/api/Logic.java
26,src/main/java/teammates/ui/request/NotificationBasicRequest.java
25,src/main/java/teammates/ui/servlets/WebPageServlet.java
25,src/main/java/teammates/ui/webapi/GetSessionResultsAction.java
84,src/test/java/teammates/logic/api/UserProvisionTest.java
127,src/main/java/teammates/common/datatransfer/logs/GeneralLogEntry.java
7,src/main/java/teammates/ui/output/InstructorsData.java
85,src/main/java/teammates/ui/output/CoursesData.java
22,src/test/java/teammates/logic/core/package-info.java
7,src/main/java/teammates/ui/output/FeedbackQuestionRecipientData.java
81,src/main/java/teammates/ui/webapi/RestoreFeedbackSessionAction.java
5,src/main/java/teammates/ui/webapi/EnrollStudentsAction.java
9,src/main/java/teammates/storage/api/package-info.java
1,src/e2e/java/teammates/e2e/cases/InstructorFeedbackSessionsPageE2ETest.java
22,src/test/java/teammates/ui/webapi/DeleteStudentActionTest.java
26,src/main/java/teammates/ui/request/InstructorPrivilegeUpdateRequest.java
118,src/main/java/teammates/storage/api/CoursesDb.java
26,src/main/java/teammates/ui/output/JoinStatus.java
26,src/test/java/teammates/ui/webapi/BinFeedbackSessionActionTest.java
29,src/main/java/teammates/ui/output/TimeZonesData.java
7,src/test/java/teammates/ui/webapi/UpdateInstructorPrivilegeActionTest.java
85,src/main/java/teammates/ui/webapi/SearchAccountRequestsAction.java
81,src/main/java/teammates/ui/webapi/FeedbackSessionOpeningRemindersAction.java
1,src/main/java/teammates/storage/search/StudentSearchDocument.java
156,src/main/java/teammates/common/datatransfer/logs/package-info.java
174,src/test/java/teammates/common/util/SanitizationHelperTest.java
26,src/main/java/teammates/ui/request/Intent.java
85,src/main/java/teammates/logic/core/DeadlineExtensionsLogic.java
1,src/main/java/teammates/ui/output/GeneralLogsData.java
5,src/main/java/teammates/ui/output/CommentVisibilityType.java
81,src/main/java/teammates/ui/webapi/ArchiveCourseAction.java
189,src/e2e/java/teammates/e2e/pageobjects/Browser.java
117,src/main/java/teammates/logic/external/MailgunService.java
118,src/main/java/teammates/storage/entity/CourseStudent.java
175,src/main/java/teammates/common/datatransfer/questions/FeedbackResponseDetails.java
85,src/main/java/teammates/logic/api/RecaptchaVerifier.java
97,src/main/java/teammates/ui/servlets/LoginServlet.java
158,src/test/java/teammates/common/datatransfer/attributes/BaseAttributesTest.java
131,src/main/java/teammates/logic/external/LocalTaskQueueService.java
77,src/test/java/teammates/logic/core/package-info.java
177,src/main/java/teammates/storage/api/OfyHelper.java
97,src/main/java/teammates/ui/webapi/EntityNotFoundException.java
156,src/main/java/teammates/common/datatransfer/FeedbackResultFetchType.java
175,src/test/java/teammates/common/datatransfer/questions/FeedbackContributionQuestionDetailsTest.java
22,src/main/java/teammates/ui/output/AuthInfo.java
175,src/main/java/teammates/common/datatransfer/logs/package-info.java
195,src/client/java/teammates/client/scripts/DataMigrationForInstructorFeedbackResponseComments.java
87,src/test/java/teammates/logic/core/DataBundleLogicTest.java
29,src/main/java/teammates/ui/webapi/DeleteStudentsAction.java
190,src/e2e/java/teammates/e2e/cases/axe/InstructorStudentActivityLogsPageAxeTest.java
5,src/test/java/teammates/ui/webapi/UpdateCourseActionTest.java
129,src/test/java/teammates/logic/core/UsageStatisticsLogicTest.java
1,src/e2e/java/teammates/e2e/pageobjects/InstructorCourseEnrollPage.java
22,src/main/java/teammates/ui/output/FeedbackSessionsData.java
4,src/main/java/teammates/ui/output/FeedbackQuestionsData.java
186,src/e2e/java/teammates/e2e/pageobjects/InstructorStudentActivityLogsPage.java
157,src/test/java/teammates/common/datatransfer/attributes/NotificationAttributesTest.java
7,src/main/java/teammates/ui/webapi/FeedbackSessionRemindParticularUsersEmailWorkerAction.java
8,src/test/java/teammates/logic/api/MockEmailSender.java
158,src/test/java/teammates/common/util/TimeHelperTest.java
16,src/e2e/java/teammates/e2e/cases/InstructorCourseJoinConfirmationPageE2ETest.java
15,src/e2e/java/teammates/e2e/pageobjects/InstructorFeedbackSessionsPage.java
1,src/e2e/java/teammates/e2e/cases/StudentCourseJoinConfirmationPageE2ETest.java
175,src/main/java/teammates/common/util/Templates.java
85,src/test/java/teammates/ui/webapi/GetStudentActionTest.java
22,src/main/java/teammates/ui/servlets/RequestTraceFilter.java
84,src/main/java/teammates/logic/external/EmptyRecaptchaService.java
131,src/main/java/teammates/storage/search/InstructorSearchDocument.java
29,src/main/java/teammates/ui/output/FeedbackResponseData.java
22,src/main/java/teammates/ui/webapi/InvalidHttpParameterException.java
97,src/main/java/teammates/logic/external/package-info.java
29,src/main/java/teammates/ui/webapi/DeleteDataBundleAction.java
25,src/main/java/teammates/ui/servlets/LogoutServlet.java
97,src/test/java/teammates/ui/webapi/GetSessionResponseStatsActionTest.java
4,src/main/java/teammates/ui/webapi/GetOngoingSessionsAction.java
186,src/e2e/java/teammates/e2e/pageobjects/InstructorStudentListPage.java
7,src/main/java/teammates/ui/webapi/GetAccountAction.java
81,src/test/java/teammates/ui/webapi/FeedbackSessionResendPublishedEmailWorkerActionTest.java
81,src/main/java/teammates/ui/constants/QuestionTypeStructures.java
4,src/main/java/teammates/ui/webapi/FeedbackSessionUnpublishedEmailWorkerAction.java
18,src/client/java/teammates/client/scripts/DataMigrationForTextQuestionRecommendedLength.java
159,src/test/java/teammates/common/datatransfer/questions/FeedbackNumericalScaleQuestionDetailsTest.java
157,src/main/java/teammates/common/datatransfer/UserInfo.java
25,src/test/java/teammates/ui/webapi/FeedbackSessionOpeningRemindersActionTest.java
10,src/test/java/teammates/test/ThreadHelper.java
185,src/e2e/java/teammates/e2e/cases/axe/package-info.java
